Id,Response
1,1
3,7
4,5
9,7
12,8
13,7
21,6
28,8
30,4
36,8
38,8
43,6
45,2
48,8
50,5
51,8
54,7
55,7
59,8
62,2
63,8
66,8
69,8
82,8
83,6
84,5
86,8
89,8
90,3
92,8
98,6
100,1
105,5
115,8
119,3
124,2
127,8
133,7
140,5
141,8
143,1
151,3
154,8
157,8
163,4
166,2
168,8
170,3
173,8
180,6
182,8
184,5
185,8
195,8
196,4
197,7
212,5
213,8
219,8
225,3
227,3
232,3
239,6
247,3
251,4
254,4
261,7
264,7
267,8
272,7
275,8
277,2
283,7
284,2
287,7
291,8
293,5
294,3
305,6
307,5
309,8
311,3
322,3
323,3
326,5
330,2
335,8
337,8
338,5
341,1
346,5
348,7
352,3
356,8
358,1
366,7
369,3
373,6
375,2
381,6
384,8
386,4
396,6
397,2
399,8
405,8
412,7
417,1
421,3
425,8
427,7
430,3
432,5
433,7
436,8
438,8
441,8
442,6
444,5
446,7
448,7
450,6
454,8
465,7
470,8
472,3
475,7
484,8
495,8
497,8
498,8
501,5
502,5
505,8
515,3
516,6
527,8
529,3
531,6
533,4
537,1
541,8
546,8
548,6
549,8
550,7
553,7
559,6
561,4
564,1
574,5
578,6
579,6
580,8
582,5
584,8
588,5
596,3
602,3
603,3
613,8
614,1
619,8
620,7
624,6
625,8
628,4
630,6
635,7
636,5
637,8
641,8
644,8
648,8
654,8
658,4
664,8
666,6
667,8
670,8
672,6
674,8
676,8
684,8
685,3
693,6
694,7
700,2
702,6
703,6
705,6
711,8
718,2
722,7
726,3
727,3
732,8
735,8
740,4
748,7
750,5
751,8
756,7
762,6
766,8
770,7
771,5
779,7
782,4
784,8
793,5
798,3
800,6
801,8
805,7
807,1
813,8
819,8
820,7
822,8
823,8
833,8
834,6
842,2
845,7
856,8
860,5
864,2
869,8
872,6
877,3
878,7
893,6
894,8
896,5
899,4
900,7
911,1
914,8
917,1
919,8
923,1
925,3
926,3
934,6
938,7
940,3
955,6
956,6
971,7
973,8
978,7
979,8
981,7
988,8
990,8
992,3
996,8
997,6
999,3
1000,8
1006,5
1009,3
1018,5
1025,4
1038,8
1042,8
1045,6
1046,8
1047,4
1050,5
1052,7
1054,8
1057,7
1061,3
1069,6
1071,7
1073,6
1074,8
1075,3
1083,6
1084,1
1089,5
1099,5
1103,3
1110,8
1123,8
1130,7
1135,6
1137,8
1145,8
1147,3
1152,8
1153,2
1154,8
1158,8
1166,5
1170,7
1172,7
1178,6
1179,8
1181,3
1182,8
1183,8
1191,6
1192,1
1200,2
1205,6
1207,8
1208,2
1209,3
1217,3
1223,8
1225,8
1226,2
1228,1
1230,5
1232,8
1235,8
1237,8
1257,7
1266,1
1267,6
1274,8
1277,8
1278,6
1280,8
1282,8
1293,6
1294,2
1305,8
1306,7
1311,7
1318,6
1320,8
1323,7
1325,3
1328,6
1336,4
1340,6
1341,8
1344,5
1345,6
1348,3
1358,1
1361,8
1364,6
1373,7
1377,5
1378,7
1380,6
1382,7
1383,5
1386,8
1387,1
1390,2
1395,8
1398,4
1402,4
1403,8
1405,8
1407,7
1410,1
1412,1
1419,5
1426,7
1428,8
1436,6
1437,3
1438,3
1441,8
1444,2
1448,3
1454,5
1457,6
1459,8
1463,8
1467,2
1471,7
1475,5
1476,6
1480,7
1481,3
1482,7
1489,6
1491,7
1494,8
1496,8
1500,8
1501,8
1503,7
1504,4
1505,3
1515,3
1517,7
1520,5
1521,3
1523,8
1526,7
1529,3
1530,7
1543,4
1544,8
1547,7
1550,8
1552,6
1554,6
1563,6
1574,5
1575,1
1576,6
1579,5
1582,3
1584,8
1585,8
1589,6
1596,7
1598,2
1611,8
1613,1
1615,6
1618,5
1627,7
1630,2
1638,8
1639,8
1640,8
1642,8
1645,7
1648,5
1654,5
1661,7
1662,7
1663,8
1666,6
1668,3
1670,3
1672,6
1681,6
1682,6
1683,1
1687,8
1688,8
1693,8
1694,7
1700,8
1704,5
1712,8
1716,8
1717,7
1722,5
1724,3
1738,1
1739,1
1740,8
1761,8
1763,5
1765,7
1766,7
1767,7
1771,5
1772,4
1777,8
1784,1
1799,6
1806,7
1810,1
1812,6
1814,3
1818,7
1819,8
1822,5
1823,7
1824,3
1834,5
1835,6
1844,6
1848,6
1849,8
1850,7
1851,2
1856,2
1862,1
1863,6
1872,7
1874,5
1875,8
1877,6
1900,7
1902,6
1904,6
1905,1
1908,8
1914,8
1916,2
1922,3
1933,6
1934,5
1939,7
1942,7
1947,8
1957,8
1971,8
1973,4
1974,6
1977,6
1981,6
1985,8
1987,7
1989,8
2001,2
2002,3
2007,1
2008,8
2011,6
2021,6
2034,7
2040,8
2044,7
2045,8
2048,8
2051,7
2062,8
2066,2
2068,3
2069,3
2074,8
2075,7
2078,8
2079,1
2080,1
2081,3
2084,1
2085,7
2087,8
2096,3
2102,8
2103,4
2107,8
2117,4
2118,1
2120,6
2121,3
2122,3
2130,7
2136,3
2138,8
2140,7
2143,7
2144,4
2145,6
2147,7
2150,3
2154,8
2155,1
2166,6
2169,2
2173,6
2176,1
2178,6
2179,2
2180,8
2184,8
2185,8
2188,6
2190,7
2194,8
2195,8
2198,3
2205,8
2206,7
2207,3
2212,6
2213,7
2216,8
2218,1
2224,8
2225,7
2228,8
2236,6
2242,8
2246,4
2250,8
2255,6
2256,1
2267,3
2268,7
2269,7
2272,5
2275,1
2280,8
2282,8
2287,6
2289,8
2293,8
2296,7
2307,6
2309,4
2313,5
2325,6
2327,8
2336,2
2339,7
2342,8
2347,8
2350,4
2360,6
2364,8
2369,1
2379,1
2394,7
2395,5
2399,8
2402,7
2410,8
2416,7
2420,8
2427,5
2434,8
2435,8
2441,8
2447,6
2452,6
2463,7
2467,5
2468,8
2470,7
2476,7
2483,1
2487,3
2492,8
2502,7
2504,5
2510,8
2511,1
2512,8
2517,8
2520,8
2521,8
2523,7
2524,7
2525,6
2526,3
2528,8
2530,4
2532,3
2536,4
2540,6
2541,3
2543,6
2549,8
2550,1
2556,3
2557,8
2559,7
2565,8
2566,8
2567,1
2568,5
2570,8
2573,8
2577,7
2578,7
2583,2
2586,5
2587,3
2588,8
2591,8
2597,8
2606,7
2607,8
2608,7
2611,1
2612,7
2613,7
2616,7
2621,8
2622,7
2634,8
2639,8
2642,2
2644,6
2650,1
2655,8
2664,7
2667,7
2670,5
2679,3
2681,7
2683,7
2685,8
2687,8
2696,5
2699,7
2712,1
2716,8
2720,7
2725,7
2726,8
2731,6
2733,5
2740,8
2742,6
2748,5
2749,8
2763,7
2771,8
2772,4
2773,6
2783,8
2784,8
2789,1
2796,5
2798,5
2799,8
2800,6
2802,8
2805,5
2809,6
2816,7
2817,6
2821,7
2822,8
2829,6
2832,3
2842,6
2844,7
2846,6
2851,6
2852,5
2853,8
2856,7
2862,1
2866,7
2868,6
2886,8
2892,6
2893,3
2898,8
2917,3
2923,1
2927,6
2930,8
2931,1
2935,7
2936,5
2961,1
2964,8
2967,8
2968,8
2970,7
2977,3
2978,6
2979,8
2985,2
2986,1
2989,7
2997,6
2999,8
3004,5
3008,8
3010,3
3020,8
3022,7
3024,7
3027,8
3032,8
3033,8
3048,3
3053,7
3056,8
3070,8
3071,1
3073,8
3080,7
3098,8
3099,6
3109,8
3110,8
3115,1
3121,8
3128,7
3132,2
3133,1
3141,8
3144,5
3145,5
3154,7
3159,7
3164,3
3168,1
3172,1
3176,8
3186,7
3193,5
3196,8
3199,3
3200,6
3209,8
3210,7
3214,6
3229,6
3230,6
3233,8
3242,3
3244,2
3249,6
3251,3
3253,2
3264,3
3271,1
3272,8
3274,7
3276,2
3280,5
3282,5
3285,7
3297,6
3298,8
3307,4
3309,8
3310,8
3312,5
3314,8
3315,3
3316,6
3319,5
3322,8
3327,5
3332,7
3334,8
3336,1
3338,7
3340,6
3343,2
3352,7
3353,7
3356,8
3357,8
3360,7
3365,8
3366,8
3367,8
3369,7
3374,4
3376,6
3381,8
3385,5
3386,8
3397,7
3403,4
3409,3
3414,8
3415,8
3423,8
3427,7
3428,8
3439,6
3441,8
3442,2
3447,6
3453,7
3456,6
3458,4
3459,6
3462,6
3464,8
3477,8
3480,4
3483,8
3490,7
3497,7
3498,8
3500,5
3504,6
3509,1
3510,8
3511,7
3525,4
3528,6
3529,1
3531,4
3532,8
3536,8
3537,3
3538,6
3547,3
3557,5
3572,8
3573,7
3588,8
3590,6
3597,5
3601,4
3602,7
3608,8
3611,5
3616,7
3619,6
3623,5
3638,4
3641,3
3643,8
3647,3
3648,7
3662,5
3663,8
3665,6
3679,7
3683,6
3692,6
3700,7
3705,5
3706,8
3711,8
3712,4
3716,2
3725,5
3727,8
3739,6
3740,5
3743,6
3744,1
3750,8
3751,5
3752,1
3753,6
3754,2
3761,8
3762,8
3764,1
3773,8
3774,5
3775,8
3776,8
3785,4
3788,8
3791,6
3792,8
3794,4
3797,6
3798,8
3807,3
3808,8
3810,6
3813,8
3815,8
3818,6
3820,1
3824,8
3832,8
3836,8
3837,6
3849,7
3853,5
3861,3
3862,6
3863,4
3867,3
3868,7
3871,8
3873,5
3874,7
3879,6
3881,7
3883,8
3887,6
3888,5
3889,3
3898,1
3901,8
3904,2
3905,5
3907,6
3911,2
3915,7
3917,6
3923,6
3925,3
3931,7
3934,8
3943,7
3946,4
3947,5
3949,4
3958,3
3959,8
3960,3
3969,7
3971,8
3973,8
3976,8
3979,8
3982,8
3992,8
3993,6
3995,8
3997,4
4002,8
4003,8
4006,8
4010,8
4011,6
4012,8
4019,8
4020,2
4026,5
4030,3
4033,4
4034,8
4038,2
4045,7
4046,7
4047,1
4048,8
4055,7
4061,8
4063,1
4066,8
4069,8
4076,7
4081,8
4086,8
4087,8
4094,8
4096,2
4105,5
4107,5
4110,3
4115,7
4128,3
4131,8
4136,1
4140,4
4141,5
4142,8
4146,7
4156,6
4159,8
4171,8
4174,1
4175,3
4180,8
4187,8
4191,4
4193,8
4197,8
4201,6
4203,2
4205,5
4206,3
4209,8
4213,8
4215,6
4220,8
4223,8
4225,8
4234,1
4241,5
4244,4
4247,6
4254,6
4255,3
4262,3
4263,8
4266,2
4269,8
4270,2
4271,2
4274,8
4279,8
4286,1
4287,5
4288,7
4290,1
4294,8
4296,6
4299,5
4302,8
4316,8
4320,5
4321,3
4324,3
4325,1
4326,8
4332,8
4334,8
4343,8
4348,6
4350,7
4353,6
4356,7
4361,7
4367,3
4369,7
4371,7
4373,6
4374,1
4376,8
4393,2
4394,5
4397,1
4398,5
4404,8
4410,4
4411,2
4412,8
4414,3
4415,8
4418,1
4420,8
4426,6
4427,8
4430,1
4431,4
4435,7
4437,3
4438,8
4458,4
4461,6
4462,4
4464,5
4482,8
4484,7
4489,4
4494,8
4496,7
4503,5
4508,3
4515,3
4516,8
4517,8
4518,7
4524,4
4525,2
4527,8
4529,8
4535,5
4538,1
4544,5
4545,3
4550,5
4551,7
4554,7
4563,8
4565,8
4573,6
4576,8
4578,7
4587,7
4590,3
4597,2
4600,8
4608,8
4612,3
4615,8
4616,7
4618,8
4620,3
4622,6
4624,6
4628,4
4631,8
4633,8
4646,4
4648,1
4655,7
4669,8
4673,6
4677,7
4680,8
4683,3
4691,2
4694,8
4697,8
4698,2
4704,6
4711,6
4713,5
4716,3
4724,5
4727,8
4730,6
4731,7
4732,5
4741,2
4742,8
4743,6
4753,7
4758,8
4762,1
4765,4
4782,1
4787,8
4788,8
4789,1
4790,8
4792,8
4797,6
4805,5
4806,7
4809,7
4814,8
4823,8
4825,2
4830,6
4832,5
4833,2
4840,3
4841,7
4844,8
4845,8
4849,6
4858,6
4870,7
4875,8
4877,8
4882,6
4891,5
4900,6
4905,8
4907,6
4908,8
4923,7
4924,7
4925,8
4927,3
4933,8
4935,8
4941,1
4944,7
4946,6
4953,6
4956,1
4968,3
4985,1
4989,8
4995,1
5005,6
5010,1
5016,8
5018,8
5029,3
5031,4
5037,6
5039,7
5041,4
5043,6
5052,8
5055,6
5059,3
5063,8
5067,8
5070,6
5072,5
5073,6
5079,8
5086,5
5093,7
5094,1
5098,8
5101,8
5108,3
5112,8
5113,8
5119,8
5120,3
5121,6
5126,8
5127,8
5128,8
5131,5
5137,3
5146,7
5148,6
5150,6
5159,8
5160,6
5163,3
5170,6
5177,3
5179,6
5185,6
5188,8
5190,7
5191,6
5192,5
5195,4
5198,6
5208,4
5214,8
5215,8
5219,3
5220,8
5223,2
5224,2
5225,8
5227,4
5229,8
5231,1
5236,4
5237,5
5238,6
5240,5
5248,8
5252,8
5256,5
5269,8
5270,3
5272,8
5275,8
5276,6
5279,8
5280,3
5281,8
5291,5
5292,8
5294,3
5296,8
5302,7
5307,8
5312,8
5313,6
5314,8
5315,4
5316,7
5317,8
5318,6
5321,5
5322,8
5323,5
5324,8
5334,7
5343,2
5344,1
5345,7
5355,1
5364,7
5369,8
5371,8
5380,8
5385,1
5392,3
5395,8
5396,8
5398,8
5400,7
5402,8
5411,8
5412,3
5414,6
5417,4
5424,8
5427,7
5428,5
5430,6
5432,4
5438,1
5448,7
5459,1
5460,7
5461,5
5463,2
5477,6
5479,7
5481,8
5482,7
5491,5
5493,7
5506,6
5507,1
5517,7
5532,4
5533,7
5534,8
5541,8
5542,3
5548,1
5551,1
5553,5
5554,7
5565,6
5574,7
5575,8
5576,1
5583,5
5584,2
5586,1
5587,1
5588,8
5596,7
5597,8
5601,8
5603,7
5613,7
5614,8
5618,7
5619,8
5621,8
5622,8
5627,8
5628,5
5630,8
5633,3
5639,3
5643,7
5649,8
5653,7
5655,6
5664,1
5667,4
5670,8
5674,1
5678,7
5680,3
5687,4
5692,7
5694,7
5697,8
5701,4
5704,8
5710,5
5711,3
5716,3
5724,8
5725,3
5726,3
5727,8
5731,7
5749,3
5751,8
5755,5
5756,6
5761,8
5767,3
5768,4
5770,8
5772,2
5773,6
5775,8
5776,6
5784,1
5792,1
5793,7
5794,8
5797,8
5799,8
5800,8
5805,4
5809,8
5813,2
5817,8
5824,6
5829,2
5832,1
5835,3
5837,1
5847,8
5854,6
5857,5
5860,8
5872,1
5874,8
5876,3
5880,8
5882,7
5891,4
5892,1
5906,7
5922,8
5923,6
5927,6
5929,7
5941,3
5942,3
5945,8
5947,7
5950,8
5951,8
5952,3
5960,8
5965,6
5967,7
5974,8
5977,1
5984,3
5987,8
5991,5
5996,2
5997,8
6002,1
6005,4
6008,8
6009,3
6014,6
6027,7
6030,1
6033,8
6034,3
6035,8
6043,8
6046,6
6047,5
6048,7
6070,3
6071,5
6085,1
6090,7
6091,7
6092,6
6098,7
6106,8
6108,8
6111,1
6115,8
6117,1
6121,4
6124,6
6126,8
6129,7
6131,7
6141,7
6142,1
6143,3
6144,3
6147,6
6148,3
6155,7
6158,1
6159,2
6162,5
6166,8
6172,3
6177,1
6178,8
6181,6
6182,8
6185,6
6191,8
6195,8
6204,7
6205,8
6211,7
6212,8
6219,8
6220,7
6223,3
6226,8
6239,6
6243,8
6249,1
6252,8
6255,4
6260,3
6261,7
6263,3
6264,5
6270,1
6271,7
6272,7
6274,8
6277,2
6280,7
6284,3
6286,3
6288,5
6290,8
6293,6
6299,7
6301,8
6304,1
6306,4
6308,8
6309,6
6312,8
6321,5
6322,3
6331,3
6335,8
6340,8
6343,8
6344,3
6347,3
6348,4
6349,8
6350,8
6354,8
6355,4
6362,2
6367,7
6372,7
6375,8
6379,1
6384,2
6386,8
6390,7
6396,4
6401,3
6403,6
6408,3
6410,3
6420,7
6430,8
6436,8
6440,8
6442,8
6443,8
6444,3
6459,7
6466,6
6469,6
6474,8
6475,3
6476,1
6490,4
6491,3
6496,1
6497,7
6498,6
6499,7
6501,3
6514,1
6515,4
6524,8
6526,2
6532,7
6537,4
6538,7
6541,4
6546,6
6551,1
6554,4
6557,4
6560,7
6565,6
6566,6
6578,4
6582,8
6587,8
6593,7
6596,6
6611,8
6615,7
6620,8
6626,6
6627,6
6628,7
6635,6
6639,7
6641,3
6645,6
6660,8
6663,7
6669,7
6674,3
6682,7
6685,5
6687,8
6692,5
6695,8
6696,3
6699,6
6700,6
6701,7
6705,3
6707,5
6709,8
6711,8
6714,3
6722,3
6723,8
6724,7
6726,5
6733,8
6734,8
6735,8
6736,5
6738,5
6741,8
6746,7
6754,7
6758,1
6763,2
6764,3
6768,6
6778,1
6784,8
6785,6
6787,8
6806,6
6825,3
6830,1
6831,7
6832,6
6833,3
6835,2
6842,8
6843,1
6853,6
6859,4
6860,2
6862,6
6867,3
6868,8
6885,8
6888,1
6889,7
6897,1
6898,1
6900,7
6902,3
6903,3
6907,1
6909,1
6911,1
6925,8
6930,3
6931,1
6933,3
6937,6
6941,1
6948,7
6950,8
6956,8
6957,8
6960,8
6962,4
6969,2
6971,3
6973,1
6980,6
6983,3
6985,6
6999,8
7005,8
7006,8
7007,6
7012,3
7013,6
7016,4
7017,8
7020,5
7024,6
7026,1
7027,1
7029,5
7032,3
7034,8
7044,8
7054,3
7057,7
7058,5
7060,6
7065,7
7069,6
7071,8
7076,1
7077,6
7081,1
7082,3
7093,8
7095,1
7098,3
7099,1
7105,1
7106,4
7122,6
7129,8
7130,7
7135,5
7136,1
7137,1
7138,8
7141,6
7143,6
7159,8
7162,8
7165,3
7169,2
7171,2
7172,8
7175,7
7178,5
7182,6
7190,8
7194,2
7196,7
7205,8
7207,5
7210,8
7211,6
7216,8
7219,2
7222,5
7224,8
7234,5
7237,5
7242,6
7246,8
7247,1
7251,4
7252,3
7257,3
7276,5
7281,4
7286,8
7287,7
7295,6
7297,6
7300,7
7307,8
7308,1
7310,4
7315,1
7317,7
7318,6
7322,6
7325,7
7326,8
7332,6
7342,8
7345,8
7347,6
7349,7
7352,6
7353,1
7354,8
7370,8
7392,8
7394,7
7396,5
7397,6
7400,7
7402,1
7406,8
7409,8
7410,8
7412,6
7414,1
7419,8
7420,6
7421,8
7424,6
7428,1
7431,8
7435,8
7437,8
7445,5
7449,6
7456,6
7458,8
7459,4
7463,1
7464,7
7465,8
7467,8
7471,1
7472,5
7485,4
7494,1
7505,7
7511,8
7512,7
7513,2
7514,1
7515,5
7523,1
7530,7
7531,8
7536,8
7538,8
7542,2
7543,8
7549,4
7557,6
7559,6
7560,8
7563,5
7564,8
7567,8
7572,7
7575,2
7588,5
7595,4
7596,7
7602,7
7609,6
7612,7
7613,3
7621,8
7622,7
7624,8
7625,7
7629,8
7632,7
7634,6
7636,8
7637,1
7638,3
7640,3
7643,8
7648,7
7653,2
7654,8
7662,6
7671,8
7674,7
7682,4
7683,8
7686,7
7690,3
7692,7
7694,3
7695,2
7700,5
7714,4
7715,7
7721,8
7728,8
7737,4
7739,2
7745,3
7747,4
7761,8
7762,8
7763,7
7770,2
7771,6
7774,8
7776,3
7779,6
7793,6
7795,8
7796,8
7800,8
7803,7
7808,7
7811,8
7812,5
7813,4
7814,7
7818,1
7826,8
7827,8
7831,8
7834,7
7837,3
7841,8
7842,8
7843,2
7844,8
7851,8
7854,8
7856,7
7859,8
7866,4
7869,8
7870,5
7872,1
7886,6
7892,7
7893,8
7908,8
7910,8
7914,8
7919,5
7922,5
7930,3
7932,3
7947,1
7949,5
7950,8
7952,6
7953,6
7955,8
7960,5
7961,3
7962,7
7963,8
7967,1
7968,7
7975,3
7977,4
7980,8
7985,5
7987,6
7994,1
7995,8
7999,7
8005,8
8007,7
8009,8
8014,6
8017,4
8018,5
8024,7
8025,5
8026,6
8029,1
8031,8
8035,5
8049,7
8058,2
8060,7
8061,3
8070,6
8071,8
8072,5
8073,4
8075,6
8076,4
8081,6
8082,5
8090,6
8094,7
8097,3
8107,6
8112,5
8115,3
8120,3
8123,3
8128,5
8129,8
8133,7
8138,8
8142,4
8143,6
8145,6
8146,7
8147,5
8151,3
8153,8
8163,1
8167,8
8168,5
8169,8
8172,3
8178,1
8184,6
8185,6
8186,4
8187,6
8191,4
8196,5
8205,4
8206,8
8216,1
8218,7
8219,8
8227,7
8228,8
8230,8
8231,5
8234,8
8241,8
8242,7
8245,8
8246,7
8251,6
8254,6
8262,3
8269,8
8277,8
8286,6
8287,3
8288,7
8289,6
8292,3
8293,4
8294,2
8296,7
8306,5
8307,1
8314,7
8317,1
8320,8
8326,8
8329,5
8330,4
8331,4
8343,3
8350,2
8352,1
8354,4
8355,2
8356,6
8357,1
8364,7
8370,3
8381,2
8382,5
8383,7
8386,5
8389,8
8390,6
8393,7
8399,8
8400,6
8403,5
8404,1
8405,8
8409,5
8413,6
8417,6
8418,3
8423,7
8427,6
8431,8
8432,8
8434,7
8437,8
8447,6
8449,8
8457,3
8459,6
8461,3
8466,4
8467,8
8469,8
8479,5
8481,8
8493,7
8496,7
8501,7
8502,6
8508,6
8509,8
8514,7
8518,5
8519,7
8527,8
8530,7
8537,5
8539,8
8542,7
8547,8
8550,6
8554,7
8556,6
8560,8
8566,7
8569,7
8571,8
8572,7
8575,4
8580,3
8584,4
8585,8
8587,4
8593,5
8595,6
8597,5
8598,8
8599,5
8601,8
8607,2
8612,7
8621,8
8625,6
8630,8
8631,6
8633,6
8644,7
8650,1
8652,8
8656,8
8657,8
8659,7
8660,8
8665,6
8667,1
8668,2
8670,3
8682,8
8690,6
8692,7
8698,5
8702,3
8710,4
8713,8
8714,8
8715,8
8718,5
8719,3
8722,8
8737,6
8738,8
8739,8
8740,1
8745,8
8750,8
8754,1
8757,8
8762,1
8769,8
8773,8
8782,7
8790,6
8804,1
8815,8
8818,5
8819,7
8828,5
8831,6
8838,8
8841,3
8847,5
8849,1
8857,1
8860,1
8861,7
8875,7
8884,6
8889,7
8891,8
8893,7
8894,5
8897,8
8909,2
8928,8
8932,5
8933,3
8934,8
8938,8
8943,5
8946,6
8951,1
8953,4
8959,1
8960,3
8963,5
8968,8
8972,7
8973,3
8977,1
8978,3
8980,8
8984,1
8987,7
8989,8
8995,8
8996,8
9001,3
9003,2
9005,3
9007,5
9009,6
9012,8
9015,8
9024,4
9031,7
9032,6
9035,8
9053,8
9060,5
9067,7
9068,8
9077,6
9080,8
9084,8
9087,3
9090,5
9095,6
9098,3
9101,7
9108,7
9112,1
9113,7
9117,5
9123,8
9124,8
9127,5
9130,5
9132,5
9136,6
9138,8
9142,8
9143,6
9145,8
9146,6
9148,7
9151,1
9154,7
9158,5
9163,5
9169,5
9171,8
9176,4
9181,7
9185,8
9187,8
9188,8
9190,8
9204,8
9205,5
9207,4
9213,8
9220,5
9221,6
9224,5
9225,8
9227,8
9232,7
9234,8
9237,6
9238,8
9240,1
9248,6
9253,8
9254,7
9257,6
9264,2
9267,3
9269,8
9271,5
9272,6
9276,7
9278,4
9280,7
9281,8
9286,1
9288,5
9290,6
9291,8
9293,7
9294,8
9295,8
9298,8
9303,1
9304,8
9307,8
9309,8
9314,3
9315,5
9317,7
9318,7
9319,3
9320,8
9326,6
9331,3
9339,4
9342,5
9349,1
9353,1
9359,8
9362,2
9366,8
9376,3
9384,6
9386,8
9390,5
9396,6
9399,5
9402,6
9415,6
9420,6
9421,8
9422,6
9425,5
9428,8
9440,5
9441,4
9443,7
9451,8
9456,3
9457,2
9459,7
9465,2
9475,7
9483,1
9485,8
9488,7
9492,3
9494,3
9495,3
9498,4
9502,5
9506,4
9509,5
9512,8
9516,8
9520,8
9524,5
9531,1
9532,8
9538,6
9547,5
9549,3
9550,2
9552,8
9555,8
9563,8
9565,8
9574,7
9586,2
9587,8
9593,8
9594,5
9597,8
9600,1
9603,8
9607,7
9608,4
9609,3
9610,8
9612,8
9613,6
9618,6
9619,8
9621,5
9625,3
9638,8
9644,6
9650,1
9652,2
9654,8
9660,8
9665,7
9666,6
9668,6
9672,8
9674,8
9677,1
9683,5
9689,8
9690,7
9691,2
9701,8
9709,7
9712,8
9713,6
9714,6
9717,8
9720,8
9726,8
9729,6
9730,6
9741,8
9747,6
9763,8
9765,6
9771,8
9774,8
9777,4
9779,4
9783,3
9784,7
9791,7
9802,4
9810,6
9818,8
9820,8
9822,8
9825,3
9829,8
9832,6
9839,8
9846,8
9847,6
9852,4
9854,7
9855,1
9857,6
9860,4
9863,7
9866,4
9867,8
9869,8
9875,6
9879,1
9880,8
9885,4
9889,7
9890,5
9898,8
9900,1
9901,3
9917,8
9927,1
9928,5
9933,4
9937,3
9939,8
9940,1
9942,1
9945,8
9946,7
9950,8
9953,2
9954,3
9961,5
9975,7
9980,5
9983,8
9988,2
9989,4
9990,3
9991,8
9993,4
10000,6
10007,8
10010,8
10013,8
10019,6
10024,8
10026,3
10034,8
10037,6
10038,1
10045,5
10046,8
10056,7
10060,8
10062,8
10067,6
10070,2
10073,3
10074,8
10082,4
10086,8
10092,8
10096,8
10110,7
10111,6
10113,8
10115,5
10116,8
10117,7
10132,8
10135,4
10136,6
10144,3
10147,7
10154,6
10162,7
10164,6
10166,2
10167,6
10179,8
10184,8
10192,1
10203,4
10206,3
10215,8
10217,8
10222,7
10227,4
10231,8
10232,4
10236,3
10238,6
10248,5
10252,1
10262,7
10273,6
10288,8
10289,7
10290,6
10291,7
10292,6
10296,7
10302,7
10304,4
10311,5
10312,2
10313,2
10316,5
10318,6
10319,3
10320,7
10324,1
10325,8
10329,2
10330,7
10332,2
10333,6
10344,8
10348,8
10349,5
10352,4
10353,6
10354,7
10356,8
10357,7
10360,5
10362,8
10367,3
10369,8
10370,7
10372,2
10376,8
10377,8
10379,8
10384,7
10388,5
10391,8
10395,8
10403,6
10405,8
10407,6
10411,7
10417,8
10418,7
10420,8
10422,1
10426,3
10447,8
10449,4
10450,3
10453,8
10455,2
10457,2
10458,2
10461,3
10463,2
10467,8
10470,6
10475,4
10482,8
10485,3
10495,7
10501,8
10504,6
10510,8
10513,1
10517,5
10525,3
10530,6
10536,8
10537,6
10540,5
10550,8
10551,4
10552,8
10557,8
10560,2
10562,1
10563,4
10566,1
10568,8
10578,6
10580,1
10587,8
10597,2
10599,7
10606,5
10608,7
10610,4
10614,1
10615,8
10617,7
10625,2
10629,7
10633,2
10636,5
10637,7
10640,8
10649,7
10653,8
10654,8
10656,1
10660,8
10662,6
10667,3
10669,8
10671,6
10672,6
10676,5
10677,8
10680,8
10681,1
10690,6
10702,3
10703,2
10706,8
10708,3
10710,7
10713,8
10718,3
10720,6
10724,1
10726,8
10732,8
10735,6
10739,6
10742,7
10746,3
10747,6
10748,8
10752,8
10754,8
10758,7
10766,8
10768,8
10771,8
10772,8
10781,1
10782,3
10786,7
10788,7
10789,3
10796,1
10798,8
10802,3
10804,7
10812,7
10824,3
10826,7
10833,8
10837,1
10840,1
10841,6
10842,8
10846,3
10848,8
10849,6
10850,8
10853,6
10855,8
10856,7
10858,8
10861,8
10867,5
10883,1
10890,6
10892,7
10893,8
10896,2
10897,1
10901,7
10907,6
10909,8
10910,1
10913,8
10921,8
10926,8
10929,8
10933,1
10936,8
10938,6
10940,4
10941,8
10942,5
10947,3
10949,5
10951,4
10952,4
10955,4
10977,8
10978,3
10979,5
10980,1
10993,1
10995,8
11000,5
11002,8
11008,3
11009,1
11017,8
11023,8
11026,3
11027,2
11036,6
11041,6
11050,7
11075,8
11077,2
11088,5
11090,6
11092,8
11097,1
11101,8
11110,6
11112,1
11113,5
11123,7
11124,2
11126,1
11135,5
11136,1
11139,7
11146,8
11159,7
11166,5
11173,1
11174,3
11177,6
11178,2
11180,8
11188,4
11189,6
11190,3
11192,8
11203,5
11206,1
11209,6
11215,8
11224,8
11225,1
11227,5
11231,5
11242,7
11245,6
11246,4
11249,4
11251,8
11253,8
11255,8
11257,3
11258,7
11265,2
11268,1
11270,8
11272,2
11277,3
11278,8
11282,5
11285,2
11288,8
11293,3
11295,5
11296,1
11301,8
11311,5
11317,3
11320,6
11323,8
11325,4
11331,8
11332,3
11342,3
11345,6
11350,6
11356,1
11357,6
11383,6
11386,8
11387,6
11388,7
11390,3
11392,7
11394,3
11406,6
11410,5
11412,8
11417,7
11418,4
11423,4
11424,2
11430,8
11431,8
11432,8
11433,3
11435,8
11437,5
11439,7
11441,4
11444,7
11447,7
11458,2
11461,8
11464,6
11467,7
11471,8
11476,3
11477,1
11480,7
11485,3
11487,8
11489,8
11500,1
11502,5
11509,7
11518,1
11521,2
11523,7
11526,1
11528,6
11534,6
11542,5
11548,3
11550,6
11551,3
11552,5
11565,1
11566,3
11570,7
11572,8
11584,7
11588,6
11592,6
11598,5
11604,8
11606,1
11607,8
11609,8
11613,3
11615,8
11616,7
11617,3
11619,8
11621,8
11622,8
11623,5
11625,2
11629,7
11634,7
11637,7
11642,1
11657,3
11663,8
11666,4
11671,6
11681,1
11683,6
11694,8
11697,8
11700,7
11703,8
11713,1
11721,6
11725,4
11729,8
11736,8
11739,2
11740,7
11744,4
11750,7
11752,6
11753,6
11754,5
11759,7
11760,7
11767,8
11772,2
11776,1
11780,7
11783,3
11786,7
11790,8
11792,6
11797,3
11799,7
11801,8
11807,6
11813,5
11818,7
11835,3
11842,1
11843,6
11850,8
11861,8
11868,5
11871,3
11877,7
11887,6
11891,6
11897,8
11900,8
11906,6
11911,8
11913,1
11914,8
11915,7
11921,1
11925,1
11926,7
11932,8
11933,8
11936,1
11939,8
11941,6
11946,1
11947,5
11953,6
11958,8
11959,6
11960,8
11961,6
11962,3
11977,8
11978,8
11985,8
11986,7
11992,4
11997,6
12001,7
12006,4
12010,8
12017,8
12019,8
12041,5
12044,8
12050,2
12055,6
12062,8
12064,8
12068,6
12072,8
12073,6
12077,3
12080,1
12082,1
12088,8
12090,1
12092,7
12093,7
12094,8
12099,1
12106,6
12115,8
12124,7
12128,7
12132,7
12139,2
12147,8
12154,5
12162,3
12167,1
12169,8
12170,8
12171,6
12173,6
12178,8
12180,7
12182,1
12185,6
12195,4
12198,7
12204,8
12205,7
12206,2
12207,4
12209,4
12212,6
12215,5
12230,8
12236,3
12241,8
12244,6
12246,2
12261,8
12262,8
12265,1
12267,3
12268,7
12276,1
12279,6
12292,2
12295,3
12297,7
12308,8
12312,8
12317,6
12318,3
12321,8
12326,8
12328,8
12331,2
12336,3
12341,7
12343,3
12345,8
12349,8
12350,3
12353,7
12354,8
12361,3
12366,8
12380,8
12381,8
12386,5
12393,7
12396,7
12397,2
12401,3
12404,5
12410,1
12413,7
12417,6
12423,8
12428,8
12431,6
12433,8
12436,7
12440,6
12441,5
12448,2
12450,5
12452,4
12454,3
12457,8
12458,5
12459,6
12460,3
12472,8
12481,8
12483,8
12485,5
12486,4
12490,6
12499,3
12501,8
12506,6
12507,8
12512,6
12513,3
12515,8
12521,8
12526,8
12538,8
12542,3
12547,7
12548,3
12549,7
12553,5
12554,7
12556,1
12561,6
12562,4
12563,7
12565,5
12568,7
12569,8
12570,6
12577,5
12578,4
12582,3
12583,8
12597,6
12601,8
12606,5
12607,7
12619,3
12622,6
12625,5
12631,8
12635,6
12636,8
12641,2
12643,8
12651,8
12655,7
12660,8
12664,8
12677,8
12681,6
12683,5
12688,8
12689,3
12693,8
12694,8
12696,3
12707,1
12716,8
12720,3
12734,3
12735,7
12738,8
12741,4
12746,3
12753,6
12758,8
12760,8
12768,5
12771,5
12776,5
12780,6
12790,6
12792,2
12793,6
12795,8
12796,8
12797,4
12800,3
12803,7
12807,6
12809,3
12812,4
12816,7
12818,6
12819,1
12823,8
12825,5
12827,8
12829,3
12830,7
12838,8
12839,8
12843,6
12847,4
12848,4
12871,1
12873,5
12874,6
12875,6
12883,8
12890,6
12895,8
12900,6
12901,8
12902,6
12903,7
12904,3
12905,1
12908,3
12911,8
12912,6
12924,7
12930,1
12941,8
12950,8
12951,8
12956,7
12958,8
12967,4
12968,6
12980,8
12982,8
12983,3
12988,4
12996,8
12999,8
13005,4
13008,2
13009,8
13011,6
13012,3
13013,6
13015,7
13016,8
13018,4
13021,8
13024,6
13026,8
13031,5
13032,3
13034,8
13036,7
13039,6
13040,3
13043,5
13044,6
13060,1
13065,4
13075,8
13080,7
13088,3
13095,6
13102,5
13105,3
13107,3
13111,6
13112,1
13120,8
13122,8
13123,8
13124,8
13130,3
13132,6
13140,8
13142,6
13143,6
13144,3
13148,8
13151,8
13154,6
13166,8
13169,1
13175,7
13177,1
13178,8
13179,3
13182,6
13186,7
13188,6
13193,6
13199,3
13206,5
13216,8
13218,8
13228,8
13231,8
13235,2
13246,8
13253,7
13256,8
13259,8
13262,3
13266,3
13269,7
13271,5
13273,8
13274,7
13283,2
13288,7
13296,3
13297,7
13305,7
13312,8
13316,8
13319,8
13320,5
13328,6
13329,7
13335,5
13338,1
13340,6
13344,4
13345,3
13347,3
13350,2
13352,7
13354,1
13362,1
13368,6
13371,7
13374,8
13376,2
13377,4
13381,8
13385,8
13387,6
13395,3
13399,6
13406,8
13407,8
13411,8
13412,8
13422,8
13425,6
13427,3
13431,7
13438,8
13444,7
13445,8
13451,4
13454,1
13459,6
13465,1
13466,3
13472,6
13474,1
13478,6
13480,8
13483,7
13486,5
13499,8
13507,2
13511,7
13521,6
13522,3
13539,4
13541,7
13552,5
13556,5
13557,8
13561,3
13564,4
13573,6
13580,3
13583,2
13584,6
13585,1
13589,8
13590,6
13599,8
13601,3
13604,1
13611,8
13623,2
13629,5
13630,6
13632,8
13633,6
13636,8
13637,7
13644,2
13649,8
13652,8
13657,5
13661,8
13662,8
13664,1
13666,7
13680,6
13681,8
13684,6
13687,2
13689,1
13691,1
13692,5
13697,8
13701,5
13703,4
13709,5
13710,6
13712,8
13720,7
13721,1
13725,4
13728,6
13732,8
13736,5
13740,7
13744,8
13746,6
13750,3
13751,8
13754,8
13756,5
13764,6
13767,8
13776,8
13778,7
13784,8
13788,4
13789,4
13794,4
13798,3
13804,8
13806,1
13807,7
13808,8
13811,8
13831,3
13836,6
13840,8
13841,6
13843,7
13848,6
13851,8
13858,7
13865,1
13869,6
13871,6
13872,7
13873,8
13874,2
13876,3
13884,8
13893,7
13897,8
13907,6
13912,8
13917,5
13932,6
13933,3
13939,5
13942,8
13943,6
13954,5
13956,8
13960,6
13964,5
13965,1
13967,3
13971,4
13972,6
13973,6
13974,8
13976,8
13979,5
13990,7
13994,7
14008,6
14016,8
14023,7
14032,6
14035,6
14038,8
14040,8
14045,1
14052,8
14054,7
14056,6
14076,6
14078,6
14080,8
14085,8
14089,5
14090,8
14091,8
14096,1
14105,8
14108,6
14110,8
14117,1
14118,4
14119,1
14120,8
14122,1
14123,2
14124,5
14125,3
14135,5
14136,7
14138,8
14144,4
14146,2
14151,7
14163,8
14179,8
14181,2
14186,4
14190,3
14197,6
14198,5
14202,7
14203,5
14205,6
14208,3
14211,8
14220,8
14223,8
14227,8
14228,3
14237,5
14238,6
14240,1
14252,8
14254,5
14257,4
14260,5
14264,6
14266,7
14272,8
14273,3
14276,8
14277,4
14278,5
14279,5
14305,7
14313,6
14316,7
14318,3
14322,6
14334,1
14342,8
14346,8
14348,5
14350,8
14357,8
14359,2
14361,6
14363,8
14366,4
14371,6
14372,3
14375,3
14378,8
14380,8
14382,3
14384,8
14385,5
14388,8
14389,7
14391,3
14392,6
14402,6
14412,8
14414,7
14427,1
14428,8
14443,5
14449,2
14453,3
14460,5
14462,1
14465,4
14468,8
14472,8
14474,8
14475,4
14477,8
14479,5
14482,8
14489,8
14497,6
14500,8
14508,8
14509,8
14522,8
14525,8
14538,8
14539,1
14541,8
14543,4
14544,6
14549,5
14550,1
14552,8
14556,6
14563,6
14564,5
14566,3
14572,1
14574,7
14575,6
14579,1
14582,4
14585,3
14591,3
14592,8
14595,8
14604,4
14607,8
14612,8
14616,1
14618,3
14632,6
14633,7
14634,5
14635,5
14650,7
14657,2
14661,7
14662,8
14664,8
14672,3
14677,8
14681,7
14684,8
14689,8
14697,7
14700,6
14701,6
14717,8
14721,8
14733,8
14735,1
14737,5
14739,2
14740,8
14748,8
14750,7
14752,7
14754,4
14755,8
14763,5
14765,3
14779,6
14782,3
14785,4
14790,5
14792,8
14801,8
14812,3
14813,6
14816,8
14817,2
14819,7
14823,7
14831,8
14836,6
14838,6
14840,6
14844,8
14849,3
14851,8
14852,8
14858,6
14859,4
14862,3
14863,3
14869,7
14879,8
14882,6
14885,8
14890,8
14893,1
14897,8
14898,8
14901,1
14902,8
14917,3
14922,8
14924,7
14934,8
14940,6
14941,5
14945,6
14948,3
14956,3
14962,1
14963,8
14966,8
14972,8
14974,6
14977,8
14980,8
14990,7
14991,5
14998,3
15000,8
15014,8
15021,5
15025,8
15031,3
15036,8
15042,7
15047,1
15049,8
15055,7
15058,8
15059,8
15061,3
15069,7
15070,1
15072,8
15077,4
15085,8
15101,4
15105,3
15107,1
15108,2
15109,8
15111,1
15112,8
15113,3
15122,8
15128,4
15129,5
15131,8
15135,3
15136,6
15138,7
15140,7
15151,1
15160,8
15170,5
15171,1
15177,1
15184,3
15187,6
15195,8
15196,4
15202,3
15203,8
15205,2
15220,7
15222,7
15224,8
15226,3
15229,8
15232,8
15234,8
15250,8
15254,8
15258,1
15260,6
15261,8
15272,3
15276,8
15278,8
15282,8
15289,5
15290,8
15294,3
15298,7
15300,1
15304,5
15307,8
15308,5
15314,8
15322,5
15323,6
15330,8
15333,3
15334,3
15335,8
15341,5
15342,3
15343,4
15345,6
15346,8
15355,6
15356,8
15360,3
15364,6
15368,8
15389,4
15398,7
15400,1
15401,3
15405,2
15406,5
15408,8
15414,3
15416,5
15417,8
15428,5
15431,8
15434,7
15436,6
15437,7
15438,1
15440,6
15448,8
15449,3
15450,5
15451,8
15454,8
15459,8
15466,7
15468,5
15475,7
15478,3
15482,6
15483,8
15485,8
15494,8
15497,8
15504,6
15507,7
15519,8
15520,2
15521,7
15524,6
15534,8
15539,7
15540,6
15541,7
15543,8
15547,7
15548,7
15551,8
15563,6
15565,6
15569,8
15570,8
15572,6
15575,3
15584,7
15585,7
15587,7
15588,5
15592,8
15593,7
15599,4
15603,5
15605,8
15606,7
15607,3
15622,8
15623,2
15628,8
15630,1
15632,8
15635,8
15642,8
15643,8
15647,4
15648,3
15651,2
15652,7
15655,5
15656,5
15657,7
15659,5
15663,5
15664,3
15665,8
15666,8
15667,6
15672,6
15676,8
15685,3
15697,8
15705,6
15706,7
15715,7
15720,7
15724,3
15725,5
15726,7
15729,7
15731,6
15745,5
15753,2
15754,4
15760,7
15763,5
15764,3
15767,6
15770,6
15772,4
15777,4
15781,6
15784,8
15785,8
15799,3
15803,6
15805,1
15806,8
15808,8
15810,3
15816,7
15818,7
15824,4
15825,5
15827,8
15834,2
15835,7
15837,8
15839,8
15843,3
15845,5
15850,4
15852,8
15853,1
15864,5
15866,3
15868,1
15869,6
15876,8
15877,6
15882,3
15891,2
15900,6
15905,8
15913,7
15918,6
15925,3
15933,2
15936,3
15939,4
15940,8
15944,4
15945,8
15950,8
15951,5
15958,3
15971,5
15972,3
15976,5
15979,1
15980,2
15984,8
15985,2
15986,7
15987,4
15988,7
15990,8
15991,7
15993,4
16008,7
16009,8
16011,6
16016,2
16022,5
16024,4
16025,4
16031,4
16032,5
16036,8
16039,6
16043,6
16044,2
16046,2
16051,6
16052,7
16056,1
16057,8
16061,2
16067,5
16070,5
16073,3
16075,8
16076,6
16079,8
16081,6
16082,8
16083,6
16086,8
16088,6
16094,4
16097,5
16099,6
16102,6
16107,7
16112,8
16115,3
16119,8
16120,6
16123,1
16128,8
16134,3
16138,6
16141,8
16142,8
16144,5
16154,7
16155,4
16159,2
16161,8
16163,4
16168,6
16169,6
16170,4
16173,5
16175,6
16176,8
16177,5
16182,1
16183,6
16186,6
16188,8
16194,6
16201,2
16204,7
16205,7
16208,4
16212,8
16213,6
16221,7
16227,6
16231,1
16233,8
16234,1
16235,8
16238,5
16239,5
16245,3
16247,7
16248,1
16252,6
16257,8
16259,7
16260,3
16262,8
16264,5
16268,8
16273,6
16277,7
16284,6
16290,8
16291,8
16304,8
16307,8
16309,6
16310,4
16317,6
16319,5
16323,6
16329,7
16340,3
16345,7
16348,7
16350,7
16353,8
16363,8
16364,8
16366,3
16379,1
16387,8
16390,4
16392,4
16393,8
16396,6
16398,7
16400,7
16403,8
16409,6
16414,8
16417,5
16418,8
16420,4
16421,8
16422,8
16430,2
16432,6
16433,5
16434,7
16435,5
16436,5
16444,5
16451,7
16458,8
16463,8
16466,3
16469,6
16471,6
16475,3
16480,4
16481,4
16486,1
16489,8
16493,1
16499,3
16507,8
16509,5
16514,4
16515,8
16518,8
16520,4
16525,8
16531,3
16532,3
16534,6
16537,6
16538,3
16539,4
16540,5
16549,7
16558,4
16560,6
16569,1
16571,7
16574,8
16581,7
16583,8
16590,7
16594,8
16616,3
16617,1
16619,8
16623,8
16629,1
16634,8
16640,2
16641,1
16642,8
16650,1
16656,2
16658,5
16664,3
16671,8
16676,8
16678,6
16685,5
16693,8
16695,8
16698,8
16702,8
16708,8
16713,6
16727,8
16728,5
16736,8
16743,4
16746,7
16751,7
16752,8
16754,8
16775,5
16782,4
16783,7
16785,8
16796,2
16797,4
16804,6
16814,8
16816,8
16819,1
16828,2
16834,3
16836,1
16840,7
16841,8
16844,3
16845,1
16860,6
16867,8
16869,8
16878,5
16879,5
16885,1
16897,7
16904,2
16905,7
16911,6
16912,3
16916,8
16918,6
16923,8
16927,8
16932,8
16938,1
16939,8
16944,5
16948,8
16956,8
16961,5
16964,2
16966,6
16971,7
16972,8
16978,8
16983,8
16989,7
16990,7
16992,3
16994,7
16997,6
17002,6
17008,7
17015,8
17018,1
17019,6
17026,1
17029,2
17035,1
17038,5
17044,2
17047,6
17051,3
17054,3
17055,8
17070,7
17073,7
17075,7
17078,7
17079,8
17080,7
17081,3
17082,7
17084,1
17090,8
17091,1
17103,8
17120,1
17128,8
17129,5
17130,6
17133,7
17135,6
17136,3
17138,3
17164,3
17165,1
17175,8
17176,1
17189,8
17191,2
17193,8
17194,6
17201,8
17203,4
17208,3
17212,8
17213,5
17214,6
17215,7
17219,6
17225,8
17226,2
17227,7
17233,5
17235,3
17245,8
17254,8
17258,8
17261,3
17262,7
17263,6
17265,3
17273,6
17276,7
17278,5
17281,6
17284,4
17287,8
17290,6
17292,6
17298,6
17299,8
17300,7
17301,6
17302,3
17311,5
17314,6
17321,8
17322,8
17324,6
17328,2
17331,8
17332,7
17337,3
17343,7
17344,2
17345,8
17348,8
17354,3
17362,7
17363,8
17365,8
17376,8
17383,8
17385,5
17391,1
17394,6
17395,8
17396,7
17401,4
17404,7
17405,8
17407,4
17411,8
17424,3
17427,7
17435,6
17438,3
17440,8
17444,8
17445,7
17449,8
17456,8
17458,5
17459,8
17468,8
17470,2
17472,7
17477,2
17479,6
17483,4
17485,7
17492,6
17493,6
17496,4
17499,8
17506,8
17507,2
17513,8
17516,5
17520,2
17524,7
17528,7
17538,8
17541,1
17545,3
17546,3
17552,8
17553,1
17555,5
17565,3
17567,5
17571,5
17573,8
17574,7
17580,1
17582,5
17598,8
17602,6
17606,1
17607,8
17623,8
17632,7
17633,8
17643,3
17646,8
17647,8
17648,8
17657,8
17658,8
17659,8
17667,6
17670,7
17677,6
17678,4
17680,5
17683,3
17684,8
17688,5
17689,6
17693,8
17694,8
17701,7
17702,6
17703,5
17704,8
17708,8
17710,3
17711,6
17712,8
17714,3
17715,6
17716,8
17718,8
17720,2
17724,4
17729,7
17731,8
17734,6
17741,6
17742,2
17744,4
17746,5
17749,6
17752,1
17753,8
17756,6
17757,1
17758,5
17766,3
17769,6
17778,8
17780,6
17781,7
17794,1
17801,4
17805,8
17811,4
17820,8
17824,4
17827,5
17830,7
17832,3
17838,3
17839,6
17840,7
17850,8
17856,8
17859,6
17861,6
17864,6
17868,4
17869,1
17871,1
17872,6
17874,8
17884,5
17885,8
17886,5
17887,6
17892,7
17893,1
17894,6
17897,7
17905,3
17908,6
17913,4
17915,1
17918,3
17922,7
17923,2
17924,1
17925,3
17929,7
17938,8
17940,5
17941,2
17944,3
17953,3
17956,3
17960,5
17965,8
17969,4
17973,2
17977,8
17979,8
17981,6
17982,8
17984,2
17986,4
17989,2
17997,7
17998,4
18000,8
18004,4
18010,3
18012,8
18013,3
18015,1
18027,4
18029,8
18034,5
18043,7
18049,4
18050,8
18053,8
18058,6
18061,1
18063,1
18065,7
18066,5
18071,8
18077,7
18078,6
18083,8
18086,6
18089,8
18096,6
18105,8
18106,8
18107,1
18109,7
18111,6
18115,5
18123,8
18124,5
18125,8
18126,6
18127,8
18132,7
18133,5
18136,8
18145,8
18146,8
18161,8
18166,8
18168,7
18176,8
18177,6
18178,7
18183,8
18184,7
18186,8
18192,7
18193,3
18197,6
18198,3
18204,6
18206,6
18207,4
18211,8
18212,7
18216,1
18223,7
18225,4
18227,6
18228,5
18229,8
18233,4
18244,3
18248,8
18251,5
18253,6
18256,1
18262,6
18269,5
18270,5
18274,7
18275,8
18283,5
18285,8
18291,4
18292,3
18293,8
18294,8
18297,4
18299,5
18302,8
18309,3
18311,8
18313,5
18326,8
18331,4
18335,7
18336,7
18337,7
18342,7
18351,6
18358,8
18359,3
18361,3
18362,8
18367,1
18369,4
18370,8
18374,5
18376,8
18377,3
18378,7
18380,8
18381,8
18383,8
18389,7
18390,3
18393,6
18394,5
18398,5
18400,7
18404,8
18406,1
18407,7
18410,1
18411,1
18412,4
18413,7
18416,8
18422,6
18427,8
18428,7
18430,5
18437,1
18438,6
18443,8
18445,3
18446,1
18453,6
18457,8
18459,6
18460,8
18462,4
18464,3
18469,3
18473,3
18474,7
18479,1
18480,5
18481,8
18484,6
18487,5
18492,3
18502,1
18504,3
18509,4
18512,8
18515,5
18517,1
18521,2
18537,8
18538,4
18542,6
18543,6
18546,6
18549,4
18552,8
18558,6
18560,6
18562,8
18566,8
18568,6
18569,7
18570,1
18571,8
18575,5
18576,3
18585,4
18587,7
18588,7
18589,6
18590,7
18596,8
18597,8
18600,6
18612,7
18615,6
18620,8
18624,3
18629,8
18632,3
18636,3
18637,4
18638,4
18639,8
18640,6
18643,3
18645,8
18646,8
18653,6
18656,7
18662,1
18666,6
18668,2
18671,3
18672,8
18673,8
18677,3
18680,1
18681,2
18683,7
18687,1
18689,7
18691,8
18703,8
18706,4
18715,2
18720,6
18722,1
18737,8
18738,6
18742,8
18744,3
18774,6
18784,7
18785,5
18787,8
18788,4
18798,8
18799,1
18802,8
18810,4
18811,6
18813,4
18816,8
18819,6
18821,8
18823,8
18828,5
18831,4
18833,7
18835,5
18840,4
18843,4
18846,4
18852,8
18867,8
18871,3
18872,7
18879,1
18880,8
18886,3
18888,8
18889,3
18897,6
18898,8
18900,2
18901,4
18908,4
18921,2
18923,6
18932,8
18939,6
18949,1
18951,6
18957,2
18958,1
18975,8
18982,8
18987,3
18990,8
18991,1
18999,1
19008,6
19010,8
19012,7
19014,5
19016,1
19017,7
19018,8
19024,3
19025,8
19030,7
19032,3
19034,5
19041,7
19042,1
19043,6
19045,7
19047,3
19048,8
19050,8
19051,8
19057,8
19060,3
19063,3
19069,8
19073,1
19074,6
19078,3
19080,5
19082,6
19096,1
19104,5
19105,1
19108,8
19112,8
19114,1
19127,2
19128,4
19129,8
19130,1
19131,8
19140,6
19145,6
19147,7
19148,6
19151,3
19160,3
19163,5
19164,8
19168,4
19171,8
19175,4
19180,2
19181,8
19189,7
19191,6
19193,1
19200,1
19202,1
19203,4
19205,4
19206,6
19207,8
19209,5
19213,8
19240,3
19241,8
19243,1
19247,7
19248,7
19252,1
19254,1
19272,1
19273,3
19285,2
19289,7
19295,6
19298,3
19301,8
19304,8
19315,6
19316,5
19317,6
19318,8
19321,3
19322,8
19325,5
19333,6
19341,8
19342,6
19346,5
19348,5
19351,7
19354,8
19356,1
19374,6
19375,6
19376,1
19380,4
19386,5
19388,8
19389,5
19393,5
19398,8
19399,6
19403,4
19406,3
19410,6
19416,8
19417,8
19422,3
19427,1
19436,8
19440,6
19442,2
19443,8
19446,3
19447,7
19456,8
19460,2
19468,7
19469,6
19470,8
19475,1
19478,8
19481,1
19482,5
19488,8
19490,6
19491,2
19497,8
19502,6
19504,2
19508,5
19511,3
19518,8
19520,8
19522,8
19530,8
19542,7
19544,1
19546,1
19547,8
19549,6
19552,4
19556,7
19559,8
19562,6
19564,3
19567,8
19568,3
19580,3
19581,8
19582,8
19585,6
19591,6
19594,4
19598,7
19602,8
19612,8
19613,5
19618,5
19623,2
19624,6
19628,2
19629,5
19631,8
19633,6
19636,5
19637,1
19641,7
19642,1
19655,8
19656,5
19658,8
19664,8
19665,8
19667,6
19668,8
19669,6
19673,8
19675,8
19676,5
19678,4
19680,2
19683,8
19684,8
19692,4
19698,1
19700,3
19702,5
19705,1
19706,8
19707,6
19711,8
19714,8
19718,6
19720,6
19735,2
19736,3
19741,6
19744,8
19745,6
19748,5
19750,8
19763,8
19767,2
19775,8
19778,8
19779,1
19782,7
19784,8
19785,3
19786,7
19788,8
19789,8
19791,1
19792,6
19794,2
19796,6
19802,3
19803,8
19804,3
19806,8
19812,8
19816,7
19818,8
19819,8
19820,6
19821,2
19823,4
19830,8
19834,2
19838,8
19841,8
19843,7
19847,4
19848,8
19850,3
19854,6
19861,3
19865,8
19866,8
19869,1
19871,7
19877,1
19885,8
19886,5
19888,8
19889,7
19895,8
19896,7
19899,5
19901,7
19907,2
19909,1
19910,4
19911,6
19918,6
19919,8
19928,1
19931,8
19944,1
19948,8
19956,8
19957,6
19961,5
19964,8
19965,3
19969,6
19978,6
19982,8
19983,7
19987,3
19988,3
19989,8
19992,8
19995,7
19996,7
20009,1
20017,8
20025,8
20032,7
20034,6
20039,3
20042,2
20044,6
20048,3
20051,6
20056,7
20064,8
20065,7
20069,4
20073,4
20087,7
20088,6
20097,6
20098,8
20106,8
20108,6
20113,1
20117,8
20119,7
20120,2
20122,1
20125,5
20126,6
20127,7
20131,6
20133,3
20136,1
20137,6
20144,4
20146,8
20147,3
20149,8
20158,3
20164,5
20170,3
20172,4
20175,3
20182,1
20187,4
20197,6
20199,6
20201,8
20204,8
20216,8
20221,3
20224,8
20226,5
20227,3
20230,3
20232,6
20235,5
20237,1
20240,8
20243,8
20245,5
20246,3
20250,8
20256,7
20261,3
20274,8
20280,7
20281,6
20282,4
20283,4
20291,6
20294,8
20300,3
20301,7
20306,6
20307,5
20311,4
20318,1
20319,8
20321,3
20324,3
20327,8
20328,3
20330,8
20332,7
20333,5
20334,8
20343,8
20354,7
20358,8
20368,8
20369,4
20371,7
20374,7
20379,8
20380,7
20385,3
20391,4
20392,7
20393,7
20394,6
20404,6
20413,1
20414,2
20418,2
20422,6
20428,3
20431,8
20435,1
20439,1
20454,6
20460,8
20462,3
20464,8
20477,8
20482,7
20484,1
20487,5
20505,5
20506,6
20507,7
20512,5
20514,1
20515,3
20517,8
20522,6
20523,8
20524,7
20525,7
20530,2
20544,8
20545,8
20552,7
20554,4
20557,6
20564,5
20568,5
20570,3
20579,1
20586,5
20591,7
20597,8
20602,8
20608,1
20609,6
20618,6
20619,8
20636,8
20640,7
20646,5
20654,8
20656,5
20661,7
20664,8
20665,8
20666,5
20671,8
20694,6
20695,5
20704,4
20705,4
20707,7
20710,7
20711,1
20712,8
20714,3
20722,2
20732,8
20738,1
20745,8
20746,7
20747,5
20751,8
20755,6
20762,8
20763,7
20769,8
20774,7
20780,8
20782,8
20783,4
20784,1
20811,3
20812,6
20814,8
20825,6
20827,1
20828,1
20830,6
20833,3
20835,8
20843,1
20846,3
20847,3
20849,3
20851,1
20858,8
20863,8
20870,1
20875,6
20879,8
20881,6
20887,3
20892,8
20895,8
20903,1
20905,1
20907,4
20908,7
20912,3
20915,8
20917,5
20918,4
20923,8
20924,6
20925,7
20927,8
20935,1
20937,6
20943,3
20945,8
20949,6
20950,8
20964,8
20970,8
20980,8
20990,2
20991,7
20996,8
21000,7
21002,7
21004,3
21011,8
21014,8
21015,3
21022,3
21026,1
21037,1
21038,3
21039,8
21061,8
21063,8
21065,5
21069,2
21071,6
21084,8
21086,2
21087,3
21089,7
21094,8
21095,8
21098,7
21103,5
21105,7
21106,8
21108,8
21109,6
21111,6
21112,7
21120,8
21125,7
21141,8
21142,8
21144,7
21146,7
21150,6
21159,8
21165,1
21166,3
21180,7
21183,3
21186,7
21187,8
21189,8
21193,8
21194,8
21205,8
21208,8
21209,6
21210,1
21211,3
21214,6
21221,1
21228,6
21235,6
21239,8
21242,7
21244,4
21245,4
21251,8
21260,4
21267,1
21269,8
21275,4
21281,8
21282,6
21286,1
21287,7
21292,1
21294,6
21305,1
21323,6
21329,7
21331,5
21332,7
21334,5
21340,3
21344,8
21346,8
21347,5
21348,1
21354,8
21365,4
21367,6
21368,6
21369,3
21371,8
21377,5
21379,8
21381,7
21382,1
21383,7
21387,3
21390,8
21394,3
21395,4
21397,5
21399,8
21400,6
21401,6
21402,7
21405,4
21406,8
21409,7
21411,8
21412,6
21416,6
21421,5
21422,6
21425,8
21428,8
21431,7
21434,4
21436,6
21444,3
21448,8
21453,8
21457,6
21461,8
21476,1
21480,3
21484,2
21489,2
21490,6
21494,6
21496,7
21506,1
21508,1
21515,3
21516,2
21517,8
21524,4
21543,8
21558,6
21559,3
21566,7
21572,6
21575,7
21578,6
21589,2
21595,3
21596,7
21605,4
21621,5
21628,8
21630,6
21632,8
21643,6
21645,7
21652,1
21660,8
21661,5
21664,1
21665,3
21666,2
21669,7
21673,8
21674,5
21675,5
21676,6
21680,6
21688,3
21693,4
21695,3
21697,2
21699,8
21705,8
21706,3
21707,3
21709,5
21711,1
21712,6
21717,7
21722,8
21726,3
21731,3
21732,3
21744,6
21745,6
21752,8
21759,6
21763,6
21765,2
21772,3
21779,4
21787,4
21790,4
21793,8
21794,5
21799,8
21809,3
21816,5
21819,5
21822,4
21837,1
21838,4
21839,4
21846,5
21848,4
21849,7
21856,5
21858,5
21866,8
21870,8
21873,8
21878,6
21881,8
21887,7
21890,8
21897,8
21902,8
21909,1
21915,6
21918,6
21920,8
21923,4
21924,4
21929,8
21933,3
21944,2
21946,1
21947,2
21953,8
21959,8
21969,1
21972,3
21975,5
21978,7
21979,4
21996,8
22001,7
22016,6
22017,5
22022,1
22028,7
22029,1
22033,8
22034,4
22037,3
22040,8
22042,8
22044,3
22045,7
22048,6
22054,1
22056,2
22057,8
22058,7
22065,3
22069,6
22073,3
22075,6
22077,2
22080,4
22082,3
22084,8
22085,7
22087,6
22089,7
22092,5
22093,7
22097,7
22099,7
22100,6
22101,8
22109,7
22111,8
22113,8
22114,3
22115,8
22117,2
22118,1
22128,8
22131,8
22132,6
22139,8
22140,5
22144,6
22158,1
22161,2
22162,8
22163,3
22164,5
22172,7
22176,6
22179,7
22181,8
22182,8
22184,8
22185,5
22187,3
22188,3
22196,4
22197,7
22213,5
22221,1
22222,8
22223,8
22225,2
22226,4
22227,6
22236,8
22238,3
22239,8
22241,7
22243,3
22244,2
22248,3
22253,8
22255,6
22257,1
22259,8
22267,2
22269,6
22271,7
22272,6
22273,6
22276,3
22279,2
22281,2
22286,8
22288,8
22292,7
22300,8
22301,2
22308,1
22317,8
22318,6
22321,6
22322,7
22328,5
22329,5
22331,7
22333,8
22334,8
22337,5
22338,7
22342,5
22346,1
22348,6
22354,8
22358,6
22359,4
22361,8
22368,1
22369,4
22370,8
22372,7
22375,7
22376,8
22378,8
22379,8
22381,2
22382,3
22394,8
22404,7
22405,6
22406,5
22410,4
22413,5
22420,1
22423,6
22425,4
22428,1
22431,4
22434,6
22440,1
22449,7
22452,7
22453,8
22458,5
22459,6
22464,2
22466,7
22475,6
22480,6
22482,6
22486,7
22487,1
22489,7
22490,4
22493,1
22494,3
22496,8
22500,4
22506,6
22516,7
22520,3
22527,8
22530,6
22534,1
22535,6
22544,3
22546,4
22547,8
22557,8
22559,4
22561,3
22566,1
22567,8
22570,4
22574,6
22584,8
22588,6
22589,7
22590,1
22591,6
22592,7
22596,2
22598,3
22600,1
22602,6
22603,7
22604,2
22610,4
22616,7
22617,8
22620,8
22623,3
22625,8
22629,6
22630,8
22631,1
22634,4
22635,3
22636,6
22638,4
22647,7
22653,1
22655,8
22663,7
22666,7
22683,7
22684,5
22686,6
22696,4
22698,8
22703,1
22705,4
22709,3
22719,5
22731,6
22734,6
22738,4
22741,3
22742,4
22744,6
22750,8
22753,2
22756,3
22760,6
22765,5
22766,8
22770,8
22771,6
22781,8
22788,3
22789,8
22793,1
22795,3
22802,8
22803,8
22805,8
22806,4
22815,8
22819,8
22822,1
22831,6
22832,6
22835,8
22836,3
22837,8
22842,8
22850,8
22852,7
22855,8
22859,5
22862,1
22863,5
22869,8
22871,8
22879,6
22882,8
22885,6
22889,8
22890,8
22891,6
22894,7
22902,8
22903,6
22907,7
22913,3
22917,8
22919,6
22920,4
22921,8
22927,5
22929,8
22931,5
22934,8
22941,8
22947,7
22956,6
22959,8
22960,8
22964,1
22965,8
22970,8
22973,8
22975,3
22979,1
22981,3
22990,8
22991,4
23003,3
23008,8
23022,8
23024,7
23026,4
23035,6
23041,4
23047,6
23048,8
23060,6
23064,1
23067,6
23073,1
23087,8
23093,8
23100,4
23101,2
23105,4
23108,7
23111,6
23112,7
23115,3
23118,1
23119,6
23120,4
23121,1
23126,7
23129,6
23131,4
23133,7
23135,3
23139,1
23140,8
23141,1
23142,3
23148,8
23149,5
23152,4
23154,5
23156,3
23159,8
23160,1
23164,3
23178,5
23183,2
23184,3
23186,5
23189,5
23191,4
23193,8
23194,6
23196,4
23209,1
23210,8
23211,3
23212,8
23213,4
23216,8
23222,5
23224,7
23226,6
23229,3
23234,6
23239,7
23247,5
23252,8
23259,7
23261,7
23267,5
23270,1
23278,8
23279,6
23280,8
23285,1
23294,8
23301,8
23306,7
23317,3
23319,4
23323,7
23327,3
23329,7
23330,7
23335,7
23365,6
23366,3
23372,5
23376,8
23378,1
23381,8
23383,4
23387,2
23391,6
23397,5
23403,5
23404,5
23405,4
23411,6
23412,4
23414,8
23424,8
23429,7
23436,8
23438,3
23439,8
23448,8
23455,8
23460,7
23462,4
23463,1
23471,6
23473,3
23475,7
23481,8
23482,8
23488,7
23489,6
23494,8
23495,5
23504,6
23509,6
23514,7
23516,6
23517,8
23522,8
23523,6
23528,5
23529,6
23537,7
23548,3
23549,8
23551,5
23557,6
23558,8
23560,7
23565,3
23566,3
23571,7
23572,7
23574,3
23581,3
23583,6
23585,3
23588,1
23595,1
23597,5
23601,5
23605,1
23606,6
23607,2
23608,5
23610,7
23612,8
23614,6
23616,8
23624,3
23628,1
23634,1
23635,8
23639,4
23640,8
23643,1
23644,8
23649,4
23654,3
23663,3
23669,8
23679,1
23680,4
23681,3
23683,4
23684,3
23687,1
23688,4
23690,4
23695,7
23696,8
23698,6
23702,6
23703,4
23704,1
23716,7
23717,7
23724,7
23728,6
23738,6
23745,8
23746,8
23754,1
23755,8
23758,5
23761,7
23768,7
23769,7
23775,8
23781,1
23783,3
23788,6
23789,6
23794,8
23797,5
23805,8
23806,7
23816,1
23822,1
23826,7
23840,2
23848,3
23850,7
23851,1
23852,5
23859,2
23878,5
23888,8
23897,8
23901,7
23905,3
23909,5
23913,6
23915,1
23919,8
23923,3
23926,8
23930,8
23935,7
23937,7
23938,1
23939,6
23944,8
23945,6
23946,8
23948,7
23953,1
23955,5
23957,5
23961,1
23965,6
23967,5
23969,4
23972,8
23973,8
23980,8
23982,8
23983,7
23984,7
23986,8
24003,8
24006,7
24010,2
24011,8
24014,6
24019,8
24028,3
24033,1
24035,3
24041,8
24042,3
24043,8
24045,8
24048,8
24050,8
24057,4
24062,8
24065,3
24066,8
24067,8
24072,8
24076,7
24083,2
24085,8
24089,6
24090,7
24092,8
24096,6
24100,6
24103,5
24121,6
24125,7
24129,8
24145,5
24149,4
24159,3
24160,6
24161,8
24164,6
24165,8
24175,7
24180,8
24183,7
24184,8
24187,6
24190,6
24191,7
24198,6
24199,8
24200,8
24204,6
24205,7
24207,6
24208,4
24212,8
24213,7
24214,1
24219,3
24221,8
24222,6
24223,8
24225,6
24231,3
24237,3
24239,8
24241,5
24248,2
24249,8
24253,4
24257,8
24259,8
24262,8
24263,1
24265,7
24284,1
24286,3
24290,7
24293,7
24294,6
24296,3
24298,4
24299,8
24310,8
24314,5
24316,7
24320,8
24322,5
24328,8
24329,6
24330,8
24333,6
24334,3
24335,1
24336,1
24340,3
24344,2
24345,7
24347,1
24357,8
24359,8
24360,8
24361,7
24362,1
24368,1
24370,4
24374,1
24377,8
24380,1
24383,8
24387,6
24390,8
24391,2
24392,4
24394,1
24404,8
24406,8
24409,2
24411,5
24414,5
24416,7
24420,8
24427,3
24431,8
24432,7
24435,8
24436,3
24437,6
24441,8
24448,7
24450,3
24452,8
24458,7
24461,5
24462,3
24468,4
24472,1
24476,5
24477,6
24484,4
24486,8
24488,4
24490,6
24491,1
24493,8
24500,3
24502,3
24504,8
24512,8
24518,6
24520,7
24529,6
24531,5
24532,8
24535,3
24538,1
24541,7
24544,3
24549,8
24550,2
24560,7
24561,8
24575,1
24576,1
24580,5
24581,1
24587,8
24590,6
24593,7
24595,8
24602,7
24604,8
24607,8
24613,8
24614,7
24620,6
24627,8
24631,8
24638,6
24639,6
24642,8
24643,3
24653,1
24670,7
24673,8
24678,5
24681,1
24682,3
24697,5
24698,8
24702,5
24703,6
24706,8
24707,6
24709,8
24715,6
24719,7
24726,4
24728,3
24729,3
24734,1
24736,2
24737,7
24744,8
24753,8
24754,1
24755,8
24757,8
24764,5
24765,7
24766,4
24767,8
24775,7
24776,6
24782,6
24785,3
24786,8
24787,7
24791,8
24793,8
24801,8
24808,7
24813,6
24817,8
24825,6
24826,6
24830,8
24837,5
24841,1
24849,2
24850,8
24853,8
24857,6
24858,6
24859,6
24860,8
24862,8
24864,5
24867,5
24869,6
24875,6
24876,6
24879,6
24882,8
24883,6
24896,6
24899,8
24901,8
24902,1
24906,5
24909,6
24912,6
24914,7
24916,4
24926,4
24929,8
24930,1
24937,8
24939,5
24940,4
24962,8
24971,2
24974,7
24976,7
24981,8
24988,8
24993,6
24995,7
24996,6
25012,8
25021,7
25031,4
25033,8
25036,8
25037,8
25042,8
25046,1
25047,7
25055,8
25060,3
25063,8
25071,3
25078,8
25082,6
25090,8
25092,5
25093,3
25094,7
25097,5
25099,8
25101,2
25102,6
25103,5
25110,5
25119,8
25120,5
25124,8
25125,6
25127,1
25128,8
25131,3
25136,4
25146,8
25156,8
25163,3
25165,8
25166,2
25172,5
25175,8
25178,7
25180,5
25184,3
25185,7
25194,8
25195,1
25197,7
25200,6
25202,7
25203,5
25207,2
25209,8
25211,8
25216,6
25217,8
25218,8
25219,8
25220,8
25221,5
25228,4
25231,5
25232,3
25242,7
25246,8
25247,4
25256,7
25260,8
25261,1
25262,8
25265,6
25268,8
25269,3
25279,6
25283,4
25286,5
25291,4
25293,5
25307,7
25311,6
25314,3
25316,6
25325,6
25341,7
25343,7
25347,8
25358,7
25360,1
25373,7
25375,6
25393,3
25395,6
25398,4
25405,8
25411,3
25416,8
25418,1
25427,5
25429,7
25433,8
25435,8
25436,6
25437,6
25441,2
25442,5
25448,7
25449,2
25450,8
25451,8
25454,8
25471,7
25491,8
25493,7
25494,8
25496,6
25498,7
25501,7
25502,3
25508,6
25509,1
25512,7
25515,8
25517,8
25525,5
25526,6
25536,8
25540,8
25542,8
25549,7
25551,6
25555,7
25559,6
25563,6
25564,6
25566,8
25568,6
25576,6
25581,7
25586,8
25591,8
25593,4
25598,8
25606,3
25608,8
25609,6
25613,3
25616,8
25620,8
25627,3
25632,7
25635,8
25642,4
25646,6
25647,5
25653,8
25658,3
25661,5
25665,2
25677,7
25680,3
25681,8
25682,8
25684,8
25686,8
25694,6
25697,8
25700,3
25703,8
25704,3
25707,7
25710,3
25715,8
25717,8
25724,8
25726,6
25733,8
25741,8
25742,8
25744,6
25747,6
25757,3
25760,8
25762,7
25765,8
25770,7
25775,8
25777,8
25783,7
25786,8
25789,1
25801,8
25803,1
25804,5
25805,7
25808,1
25812,6
25814,8
25817,1
25820,6
25825,7
25827,5
25831,7
25835,7
25836,8
25838,8
25852,2
25857,8
25866,7
25867,6
25869,4
25873,2
25874,8
25876,7
25877,1
25884,8
25886,8
25888,7
25889,8
25892,3
25893,8
25894,8
25899,7
25913,8
25915,7
25916,5
25919,5
25921,5
25924,1
25926,6
25931,8
25944,6
25945,8
25950,8
25951,8
25956,8
25963,8
25969,7
25974,8
25976,6
25980,7
25984,5
25985,7
25986,8
25997,8
25999,1
26001,7
26011,8
26018,8
26019,2
26027,8
26031,5
26037,3
26038,6
26039,6
26043,3
26044,3
26046,8
26049,8
26056,8
26060,8
26063,7
26065,2
26069,8
26073,1
26078,2
26082,3
26087,6
26094,7
26095,8
26096,5
26097,2
26102,5
26114,8
26117,4
26118,8
26124,1
26131,8
26137,8
26143,3
26150,8
26167,7
26169,5
26171,1
26178,8
26179,7
26183,6
26187,8
26189,7
26193,3
26196,8
26201,8
26204,1
26206,7
26214,8
26216,8
26221,8
26227,6
26236,7
26240,4
26241,8
26258,8
26267,3
26270,7
26274,4
26280,8
26284,3
26299,6
26307,7
26310,8
26313,7
26314,8
26316,8
26322,7
26326,1
26327,7
26329,6
26330,6
26331,3
26337,5
26344,3
26346,4
26354,8
26356,7
26389,3
26403,2
26405,8
26415,1
26421,6
26427,8
26428,7
26434,7
26435,7
26442,2
26445,6
26447,8
26449,5
26451,4
26454,6
26462,7
26465,6
26469,3
26476,6
26479,8
26480,6
26495,8
26497,1
26498,8
26503,8
26509,8
26512,7
26518,8
26519,6
26521,5
26524,6
26527,6
26535,3
26539,4
26542,4
26549,4
26554,1
26559,8
26561,4
26562,6
26567,7
26570,1
26584,7
26588,6
26593,6
26596,1
26597,7
26598,7
26599,8
26609,4
26611,5
26617,7
26618,5
26621,6
26626,8
26628,4
26631,3
26640,6
26642,5
26644,1
26649,8
26656,7
26664,1
26673,8
26685,5
26687,8
26689,7
26690,8
26698,6
26699,8
26701,8
26711,1
26720,1
26724,8
26726,8
26727,6
26732,3
26734,5
26735,8
26738,1
26739,7
26740,7
26749,2
26757,8
26759,3
26766,6
26768,6
26769,6
26770,6
26776,8
26782,6
26786,6
26788,7
26791,1
26792,7
26793,6
26796,8
26798,5
26817,3
26818,8
26821,7
26824,6
26832,1
26833,1
26848,6
26853,4
26854,1
26859,7
26861,2
26865,3
26866,6
26868,6
26873,7
26876,7
26882,8
26884,7
26890,7
26891,2
26893,8
26894,8
26896,6
26904,6
26908,6
26909,1
26910,5
26919,8
26929,8
26931,6
26933,8
26936,7
26937,7
26938,7
26940,3
26942,8
26943,3
26946,6
26948,6
26950,7
26964,3
26965,7
26966,8
26968,8
26969,1
26977,7
26980,8
26982,8
26985,1
26991,7
26992,6
26996,3
27004,5
27005,1
27009,7
27014,6
27015,3
27022,5
27024,8
27033,3
27040,1
27041,3
27042,3
27044,3
27051,6
27054,4
27056,1
27060,1
27062,8
27067,5
27069,6
27072,8
27082,8
27083,5
27088,6
27089,8
27096,1
27102,5
27105,3
27107,8
27111,6
27114,1
27125,7
27132,2
27135,2
27136,4
27139,8
27146,8
27147,2
27148,6
27161,7
27163,3
27164,7
27166,8
27174,8
27176,8
27181,5
27183,5
27191,5
27202,2
27203,8
27205,3
27206,1
27209,1
27210,8
27212,8
27214,6
27223,8
27225,6
27227,4
27229,8
27233,2
27234,8
27235,6
27236,7
27237,6
27240,7
27241,6
27248,7
27261,8
27266,7
27276,6
27281,8
27282,1
27288,1
27289,2
27290,5
27292,6
27294,7
27301,5
27310,8
27312,4
27318,6
27319,1
27341,1
27356,8
27358,5
27361,7
27369,3
27372,5
27374,3
27378,2
27379,6
27383,3
27388,8
27395,8
27406,6
27408,8
27409,6
27413,6
27416,4
27430,5
27431,7
27435,6
27444,7
27468,5
27475,8
27477,6
27487,6
27489,6
27494,6
27499,8
27501,7
27504,7
27506,4
27507,8
27508,1
27511,3
27515,5
27519,8
27520,8
27527,8
27528,5
27535,1
27536,2
27543,7
27546,8
27548,6
27551,6
27553,2
27561,8
27563,7
27565,8
27566,1
27567,8
27573,7
27575,8
27576,6
27577,7
27583,7
27587,5
27589,6
27592,8
27597,8
27599,6
27600,7
27602,5
27605,3
27606,3
27621,8
27624,3
27625,7
27630,7
27631,1
27633,6
27634,7
27639,2
27640,6
27645,4
27646,3
27647,3
27649,3
27660,6
27664,8
27666,8
27667,8
27669,3
27671,7
27673,7
27681,8
27684,7
27685,4
27686,7
27688,3
27701,6
27704,7
27712,7
27713,1
27716,8
27719,6
27720,2
27724,8
27730,1
27733,1
27734,7
27738,8
27739,7
27742,8
27759,5
27768,8
27771,5
27772,8
27773,5
27780,2
27788,8
27793,7
27795,6
27796,8
27799,8
27802,6
27809,4
27816,8
27817,8
27826,7
27827,7
27833,7
27835,8
27839,1
27846,7
27847,8
27851,8
27854,5
27855,3
27856,1
27859,8
27861,7
27864,8
27877,8
27885,3
27889,3
27890,7
27893,8
27901,1
27904,7
27906,7
27908,3
27909,8
27915,4
27921,8
27923,6
27927,6
27934,8
27936,8
27937,8
27938,8
27939,4
27941,8
27942,2
27953,7
27955,8
27960,6
27962,7
27963,3
27965,7
27968,3
27969,3
27977,3
27979,3
27980,8
27990,8
27994,1
28001,7
28003,8
28006,5
28009,7
28021,8
28025,7
28030,5
28031,1
28037,8
28038,8
28041,2
28043,8
28049,8
28055,8
28056,8
28075,7
28082,8
28085,1
28086,8
28091,8
28097,3
28098,4
28103,8
28112,3
28113,6
28121,8
28123,8
28124,8
28126,5
28127,8
28128,3
28130,8
28135,8
28136,6
28138,8
28144,5
28145,4
28150,8
28151,4
28152,3
28162,8
28164,6
28165,5
28173,7
28181,4
28189,8
28190,6
28193,6
28197,5
28201,7
28204,3
28222,8
28237,6
28239,3
28242,8
28247,1
28251,8
28259,8
28268,8
28271,1
28272,8
28280,7
28282,7
28285,8
28286,8
28288,2
28289,8
28297,4
28310,6
28311,4
28314,4
28315,6
28325,8
28328,8
28331,8
28337,8
28343,7
28346,8
28350,7
28355,5
28358,8
28362,5
28363,8
28365,8
28369,2
28373,3
28378,7
28381,8
28389,7
28391,7
28401,2
28405,2
28408,8
28420,2
28423,6
28425,7
28429,5
28432,1
28435,4
28437,7
28443,8
28444,3
28454,1
28459,1
28464,6
28470,1
28475,1
28484,8
28485,3
28491,5
28496,2
28499,7
28501,1
28502,4
28506,7
28510,6
28511,3
28513,8
28521,8
28533,7
28535,7
28537,8
28538,6
28540,6
28541,5
28546,1
28551,5
28559,7
28570,7
28571,6
28572,1
28573,8
28575,4
28585,3
28595,1
28600,3
28611,4
28614,3
28615,6
28617,5
28618,7
28629,6
28632,1
28633,8
28636,1
28638,4
28642,7
28647,6
28654,6
28657,6
28658,7
28659,8
28660,3
28661,7
28663,8
28665,4
28667,8
28669,8
28673,6
28687,2
28688,5
28689,4
28692,2
28701,3
28703,7
28705,7
28707,8
28709,2
28716,1
28724,6
28728,4
28729,1
28730,6
28736,8
28741,4
28743,8
28746,2
28752,4
28759,8
28761,8
28762,5
28763,7
28765,6
28768,6
28769,1
28771,4
28785,8
28786,5
28790,8
28791,8
28796,1
28797,3
28807,2
28808,6
28813,7
28815,6
28821,8
28822,8
28824,7
28827,7
28835,8
28837,3
28841,5
28845,7
28857,7
28864,3
28866,3
28867,7
28870,8
28880,3
28889,3
28897,3
28902,6
28903,3
28906,8
28907,8
28908,8
28910,8
28921,3
28923,7
28928,2
28929,3
28954,8
28961,8
28964,8
28968,8
28974,8
28977,8
28979,8
28987,4
28989,6
28994,1
28996,3
28999,5
29004,5
29007,8
29008,6
29014,8
29016,4
29019,1
29024,8
29028,4
29034,1
29039,8
29040,8
29045,1
29054,8
29056,8
29068,3
29071,8
29075,1
29076,5
29080,3
29094,8
29096,7
29097,8
29099,5
29100,5
29106,6
29111,8
29123,1
29124,6
29125,2
29126,8
29127,7
29131,5
29136,5
29138,6
29143,8
29145,3
29146,3
29147,3
29148,4
29152,8
29153,2
29155,6
29160,6
29163,1
29165,1
29166,2
29167,5
29168,7
29169,2
29171,8
29176,6
29185,6
29188,7
29190,5
29193,3
29194,5
29196,7
29198,3
29214,1
29215,6
29217,8
29221,8
29223,1
29232,8
29233,5
29234,6
29235,8
29238,3
29241,7
29243,4
29255,4
29261,1
29263,4
29264,4
29265,3
29268,8
29269,6
29276,3
29281,4
29285,7
29287,7
29288,5
29293,8
29298,8
29301,3
29310,8
29311,7
29314,5
29316,8
29331,1
29335,1
29336,8
29342,5
29344,4
29345,6
29349,1
29352,5
29356,3
29361,3
29369,3
29374,8
29381,8
29382,1
29383,8
29392,6
29395,1
29396,4
29398,8
29400,7
29403,8
29410,5
29412,7
29415,8
29421,4
29426,5
29429,5
29430,4
29435,8
29441,3
29444,7
29455,6
29456,1
29457,6
29458,8
29459,6
29463,8
29471,3
29474,8
29477,4
29485,8
29491,3
29494,6
29495,8
29498,6
29499,8
29504,5
29510,4
29512,8
29519,7
29522,1
29528,6
29529,7
29532,8
29538,8
29539,1
29541,3
29550,1
29558,5
29566,8
29567,6
29572,3
29577,6
29578,3
29579,6
29586,2
29587,5
29598,2
29606,4
29608,4
29610,8
29611,7
29613,8
29615,4
29621,8
29623,7
29629,1
29630,8
29631,7
29635,3
29639,8
29642,5
29650,4
29653,8
29654,3
29656,8
29664,8
29667,1
29673,8
29674,6
29686,1
29690,4
29692,8
29700,4
29711,3
29712,8
29715,3
29716,5
29720,4
29727,8
29729,8
29742,1
29744,8
29747,6
29748,6
29749,5
29752,1
29757,2
29765,8
29768,7
29777,8
29779,7
29794,4
29796,6
29803,8
29810,5
29811,4
29813,5
29821,5
29824,5
29830,8
29832,8
29834,7
29837,5
29843,3
29844,6
29848,6
29851,3
29854,6
29859,4
29860,3
29861,3
29864,5
29868,8
29870,8
29872,3
29874,8
29875,8
29876,3
29881,8
29886,8
29891,6
29892,8
29894,4
29902,5
29904,7
29906,6
29913,4
29914,4
29915,4
29919,1
29925,3
29934,3
29936,8
29938,5
29939,6
29943,6
29945,6
29947,2
29951,6
29952,5
29956,1
29960,5
29962,3
29969,5
29971,7
29981,7
29982,8
29983,3
29986,7
29987,4
29991,2
29993,7
29996,3
30000,1
30002,4
30003,1
30010,8
30015,1
30017,3
30021,6
30025,7
30030,4
30032,3
30035,6
30038,5
30041,7
30042,3
30045,8
30053,1
30055,3
30057,1
30059,6
30061,8
30062,8
30063,7
30067,4
30071,4
30072,4
30075,8
30076,2
30077,3
30081,8
30087,8
30090,6
30093,3
30094,8
30096,8
30097,1
30106,7
30108,6
30116,3
30117,1
30121,3
30124,7
30125,7
30140,7
30141,7
30142,6
30146,6
30152,3
30153,3
30154,5
30155,6
30157,5
30159,7
30163,1
30164,8
30167,7
30168,8
30169,5
30170,8
30171,3
30179,7
30181,8
30182,8
30183,7
30187,5
30189,8
30192,8
30198,7
30202,8
30203,4
30205,6
30207,3
30209,8
30213,2
30217,5
30223,8
30224,3
30231,6
30234,6
30236,3
30239,6
30240,8
30247,4
30252,8
30254,7
30256,5
30267,8
30270,5
30277,3
30281,8
30284,8
30287,2
30290,8
30294,8
30295,8
30301,1
30304,6
30308,7
30309,7
30310,6
30313,7
30315,7
30316,6
30318,6
30320,4
30333,8
30335,6
30337,8
30340,8
30345,8
30346,3
30353,7
30358,1
30362,5
30365,6
30366,4
30372,8
30377,7
30386,6
30398,4
30408,8
30410,6
30411,5
30414,6
30420,6
30423,4
30425,7
30431,3
30436,8
30437,6
30442,7
30443,3
30444,3
30446,1
30447,3
30449,8
30451,8
30452,5
30455,7
30464,8
30475,8
30481,6
30490,8
30492,7
30497,8
30503,8
30504,3
30505,8
30506,8
30509,7
30512,8
30515,4
30516,8
30522,6
30526,7
30531,8
30536,2
30540,7
30542,8
30546,5
30550,5
30552,7
30555,8
30557,6
30558,3
30559,7
30564,8
30565,8
30578,6
30582,7
30585,5
30586,3
30595,3
30596,8
30598,3
30605,8
30606,8
30612,8
30613,7
30614,6
30620,8
30624,8
30630,8
30639,3
30640,8
30643,7
30651,4
30654,8
30657,8
30665,2
30666,5
30671,4
30678,3
30679,3
30689,6
30692,8
30698,7
30702,3
30703,5
30709,6
30721,5
30723,8
30724,4
30734,2
30742,4
30745,7
30751,8
30764,8
30765,7
30786,8
30788,6
30790,4
30791,8
30794,8
30803,7
30805,8
30811,6
30812,4
30815,3
30818,3
30823,3
30827,3
30829,6
30830,1
30835,1
30837,6
30838,3
30847,7
30851,3
30859,3
30861,8
30866,7
30867,8
30874,4
30875,4
30877,3
30879,7
30885,8
30886,8
30887,1
30890,1
30893,8
30903,1
30906,5
30909,5
30914,8
30917,7
30918,6
30920,1
30933,7
30934,5
30936,8
30938,7
30944,1
30946,6
30949,5
30950,8
30952,3
30958,6
30965,3
30967,8
30971,3
30973,7
30984,5
30985,6
30987,8
30997,1
31001,3
31004,4
31006,4
31007,5
31008,1
31009,1
31012,6
31014,8
31020,7
31029,8
31030,5
31031,3
31036,7
31039,6
31040,6
31044,1
31048,6
31050,5
31051,5
31059,1
31060,8
31065,3
31067,8
31070,8
31077,5
31082,8
31083,7
31089,6
31093,6
31096,6
31100,8
31103,4
31121,4
31135,8
31137,8
31139,6
31144,6
31147,6
31155,8
31158,5
31160,5
31161,3
31162,1
31168,8
31172,8
31174,8
31176,8
31180,3
31184,1
31185,7
31188,7
31193,3
31202,8
31207,8
31210,8
31212,8
31213,1
31217,8
31218,2
31223,3
31231,8
31238,8
31240,7
31249,3
31250,5
31255,8
31260,1
31261,3
31273,8
31276,5
31277,8
31284,8
31286,8
31290,3
31295,8
31300,6
31302,6
31303,8
31304,8
31306,8
31307,4
31308,6
31321,3
31323,6
31324,8
31326,5
31336,8
31337,7
31339,6
31342,2
31343,2
31344,3
31348,6
31349,8
31354,7
31356,8
31361,7
31362,2
31365,6
31371,1
31373,8
31375,7
31377,8
31379,7
31382,3
31384,2
31389,8
31390,6
31393,8
31398,2
31399,7
31407,7
31408,5
31412,7
31413,4
31416,8
31418,7
31419,4
31421,8
31426,7
31427,6
31433,4
31434,8
31441,8
31446,3
31451,8
31452,8
31453,8
31454,8
31456,5
31458,7
31461,8
31462,6
31464,7
31467,7
31468,6
31471,8
31474,1
31475,6
31477,7
31479,7
31492,6
31494,7
31499,6
31510,8
31512,7
31517,8
31520,6
31531,4
31532,6
31534,6
31535,1
31537,8
31540,2
31541,5
31542,3
31549,7
31555,7
31566,6
31567,5
31570,5
31576,2
31583,2
31589,1
31594,6
31597,6
31599,3
31601,6
31605,8
31608,5
31609,3
31616,6
31620,4
31622,7
31624,3
31627,8
31630,5
31632,2
31635,8
31639,6
31643,8
31655,7
31659,6
31661,5
31666,1
31669,7
31670,8
31674,3
31681,3
31686,4
31689,5
31690,6
31693,5
31696,8
31697,7
31699,8
31701,5
31704,7
31709,6
31712,7
31716,8
31719,8
31720,8
31721,4
31722,7
31727,3
31728,8
31730,3
31733,3
31748,6
31753,8
31759,5
31769,3
31772,8
31778,5
31782,7
31800,3
31804,8
31815,6
31818,6
31819,6
31821,5
31826,4
31831,8
31832,7
31835,8
31836,8
31838,1
31840,8
31841,6
31844,2
31861,6
31863,1
31864,5
31868,8
31871,7
31876,8
31877,3
31880,3
31881,8
31890,3
31892,8
31896,1
31897,3
31899,7
31905,7
31908,5
31912,6
31920,8
31921,5
31927,8
31928,6
31932,8
31933,6
31934,6
31938,2
31943,3
31947,8
31952,7
31959,8
31966,8
31980,8
31981,7
31990,8
31994,2
32010,7
32013,6
32014,8
32024,8
32026,5
32031,6
32033,6
32037,2
32040,4
32042,4
32046,8
32048,7
32058,8
32059,8
32071,8
32074,8
32077,8
32084,8
32085,7
32086,8
32100,7
32105,8
32106,8
32107,1
32108,7
32110,7
32116,8
32120,3
32130,6
32134,1
32143,3
32144,6
32151,8
32153,8
32158,8
32165,6
32167,4
32169,7
32173,7
32174,6
32175,8
32178,3
32179,6
32181,8
32183,6
32190,8
32197,4
32201,8
32207,8
32208,7
32215,8
32217,8
32227,8
32232,2
32238,6
32239,6
32241,8
32246,8
32247,8
32248,2
32250,8
32253,6
32259,1
32265,3
32270,6
32271,6
32286,8
32291,7
32300,6
32309,8
32311,8
32328,8
32330,6
32341,8
32343,4
32361,7
32362,8
32365,8
32368,8
32374,3
32376,8
32379,8
32382,8
32385,6
32393,2
32396,1
32403,5
32407,8
32408,7
32410,7
32412,6
32418,8
32423,3
32424,8
32431,7
32434,8
32435,6
32443,8
32445,8
32447,2
32453,8
32456,8
32457,6
32462,6
32463,7
32465,1
32467,8
32470,5
32472,5
32474,6
32479,2
32488,4
32489,7
32492,4
32493,3
32496,6
32513,3
32516,7
32517,7
32518,6
32519,6
32520,8
32526,2
32532,6
32536,2
32542,7
32546,1
32548,7
32552,8
32554,8
32557,7
32561,8
32564,6
32565,6
32568,8
32582,5
32593,7
32594,8
32598,5
32600,3
32601,8
32609,7
32611,8
32614,7
32615,8
32617,3
32621,8
32624,8
32630,8
32631,3
32633,6
32634,4
32635,2
32642,8
32646,7
32647,1
32654,8
32657,7
32660,8
32663,7
32684,7
32686,8
32687,5
32692,8
32693,3
32694,3
32701,8
32702,3
32710,8
32712,6
32721,5
32723,7
32726,8
32728,7
32734,8
32745,8
32747,5
32754,8
32771,5
32772,8
32777,6
32782,6
32793,7
32794,7
32798,8
32802,5
32804,8
32805,2
32809,8
32814,4
32815,6
32820,8
32831,8
32832,6
32838,1
32840,6
32847,7
32848,8
32855,6
32858,8
32862,3
32877,7
32880,6
32882,7
32899,6
32904,5
32905,8
32917,1
32921,6
32923,8
32931,3
32933,1
32937,6
32939,8
32940,4
32948,8
32955,8
32958,1
32964,8
32966,5
32967,2
32972,6
32977,6
32981,3
32989,8
32990,3
32994,6
32995,6
33000,6
33007,8
33011,8
33012,8
33014,6
33020,6
33023,1
33034,5
33038,6
33042,8
33044,3
33047,4
33048,7
33055,2
33056,4
33062,7
33065,3
33068,4
33071,1
33075,5
33077,8
33084,4
33087,2
33112,5
33117,8
33119,6
33120,1
33129,8
33131,7
33139,4
33141,7
33148,8
33153,6
33164,5
33166,8
33167,1
33171,8
33180,8
33182,7
33185,1
33189,7
33191,6
33199,2
33203,2
33204,6
33209,2
33210,4
33211,6
33217,7
33231,8
33234,3
33236,8
33242,3
33246,8
33251,7
33253,1
33256,2
33258,1
33265,3
33268,5
33272,8
33273,5
33282,6
33285,1
33293,6
33298,8
33302,6
33303,8
33307,6
33314,6
33321,3
33336,3
33339,3
33342,7
33345,8
33354,3
33355,6
33364,4
33366,5
33372,4
33373,8
33374,8
33379,8
33393,6
33395,8
33402,8
33408,8
33409,7
33413,5
33414,8
33419,6
33425,7
33426,2
33430,7
33431,5
33445,8
33454,8
33456,1
33462,8
33465,3
33472,7
33476,8
33477,2
33479,8
33486,8
33487,5
33488,6
33491,8
33497,1
33501,8
33503,8
33506,6
33508,6
33512,8
33517,1
33518,8
33522,8
33523,5
33525,6
33526,5
33529,7
33541,8
33543,8
33549,6
33552,1
33560,1
33566,8
33567,7
33568,6
33569,4
33574,5
33585,7
33588,1
33589,3
33592,5
33594,8
33605,5
33606,8
33615,8
33620,6
33623,6
33629,8
33632,8
33635,4
33637,1
33639,5
33644,8
33646,1
33649,3
33654,1
33655,3
33659,8
33660,4
33661,7
33665,8
33668,6
33683,4
33684,3
33692,1
33696,7
33699,3
33701,8
33702,6
33707,7
33717,3
33724,1
33729,8
33739,8
33741,3
33747,3
33749,6
33751,5
33768,8
33771,5
33780,8
33785,7
33789,8
33793,8
33795,3
33802,3
33804,4
33809,8
33811,4
33815,8
33816,8
33821,7
33824,6
33826,2
33834,5
33835,3
33837,8
33838,8
33841,8
33842,8
33847,8
33849,6
33850,8
33851,6
33853,6
33862,3
33864,3
33867,3
33868,6
33870,7
33874,1
33877,1
33887,8
33889,8
33892,2
33902,8
33908,3
33917,3
33928,1
33939,1
33943,3
33944,5
33953,8
33954,4
33956,8
33958,6
33960,7
33963,2
33965,5
33966,4
33967,8
33969,1
33973,7
33984,5
33986,8
33987,8
33993,7
34003,8
34008,4
34012,7
34014,6
34019,3
34026,8
34038,4
34047,8
34050,5
34051,1
34058,5
34059,3
34061,8
34063,8
34064,8
34066,2
34077,2
34080,6
34081,5
34082,2
34088,4
34091,4
34093,6
34095,1
34096,5
34100,2
34102,8
34103,7
34108,5
34109,6
34121,5
34122,7
34124,6
34127,8
34130,4
34132,6
34136,8
34160,8
34163,6
34166,8
34174,7
34175,7
34183,3
34186,6
34191,5
34193,8
34194,1
34199,3
34203,8
34205,1
34207,5
34209,7
34210,3
34212,6
34214,6
34220,6
34222,8
34223,3
34231,7
34235,6
34238,8
34241,8
34243,7
34255,8
34256,2
34258,6
34262,7
34265,8
34268,8
34273,5
34279,6
34282,8
34286,2
34301,4
34303,7
34312,6
34315,8
34316,8
34317,8
34322,8
34325,4
34329,7
34330,2
34333,5
34337,5
34340,8
34341,8
34343,6
34353,7
34355,1
34357,8
34362,5
34365,4
34379,8
34382,8
34384,6
34385,7
34390,8
34404,8
34407,1
34408,8
34409,8
34415,6
34416,5
34418,8
34420,6
34422,6
34423,8
34427,1
34436,8
34439,5
34443,8
34448,7
34449,5
34450,8
34453,4
34470,4
34473,3
34475,7
34476,1
34483,8
34485,8
34494,7
34503,6
34505,5
34507,6
34512,4
34513,8
34514,8
34516,6
34517,6
34524,6
34526,4
34533,1
34535,8
34538,1
34543,8
34545,7
34548,4
34549,4
34558,6
34561,8
34573,8
34578,1
34582,2
34583,8
34584,3
34594,1
34600,6
34612,1
34613,5
34616,6
34619,6
34621,2
34627,8
34633,1
34634,8
34642,7
34644,8
34658,8
34668,6
34671,1
34675,4
34676,5
34686,8
34687,8
34692,2
34693,6
34711,8
34712,3
34722,3
34729,1
34731,1
34733,8
34735,8
34737,2
34738,7
34742,6
34746,1
34747,5
34750,8
34753,8
34755,5
34756,3
34759,8
34761,7
34773,7
34774,7
34783,2
34785,6
34793,3
34794,8
34796,8
34797,8
34806,8
34814,7
34817,7
34826,8
34828,8
34829,6
34832,5
34833,8
34836,6
34837,7
34838,3
34845,8
34846,3
34847,5
34859,1
34862,6
34865,8
34868,8
34878,1
34881,8
34885,6
34888,8
34892,8
34903,1
34904,3
34905,8
34907,8
34909,6
34912,8
34916,3
34923,3
34928,8
34931,6
34934,2
34935,8
34941,3
34944,8
34949,8
34953,5
34959,8
34962,8
34965,7
34975,1
34976,6
34978,4
34984,8
34986,8
34988,2
34990,6
34992,3
34993,1
34994,8
34997,6
34998,8
35000,7
35001,6
35003,3
35005,6
35010,8
35011,8
35014,7
35017,6
35025,8
35031,4
35034,3
35036,2
35038,8
35039,1
35040,6
35043,7
35045,8
35048,5
35054,5
35056,7
35058,8
35065,4
35066,6
35067,8
35069,3
35072,3
35074,6
35085,8
35086,6
35087,6
35089,5
35090,8
35095,3
35097,3
35101,8
35102,4
35103,8
35105,8
35106,8
35111,8
35118,3
35121,7
35135,8
35141,7
35142,8
35150,6
35152,8
35156,6
35160,4
35162,6
35163,8
35166,8
35169,4
35170,8
35171,5
35172,8
35175,8
35176,8
35182,6
35183,6
35187,6
35191,5
35195,2
35200,7
35201,6
35202,1
35205,4
35208,2
35210,1
35218,8
35227,6
35235,6
35236,8
35241,8
35251,8
35257,8
35260,8
35264,8
35271,8
35272,8
35277,8
35278,7
35279,7
35282,3
35289,7
35290,8
35292,8
35293,6
35294,8
35299,7
35311,6
35313,8
35321,7
35324,8
35325,3
35327,1
35329,8
35330,8
35337,1
35338,8
35342,4
35347,2
35349,7
35350,5
35353,8
35359,8
35361,3
35366,8
35367,3
35370,2
35375,8
35376,5
35385,7
35395,6
35397,7
35398,7
35401,8
35408,5
35413,6
35415,8
35417,5
35419,6
35427,5
35428,8
35437,5
35443,4
35444,2
35446,6
35448,8
35449,8
35450,8
35457,8
35462,8
35464,8
35467,8
35469,1
35473,5
35476,8
35480,4
35483,8
35484,7
35489,8
35492,8
35493,8
35494,2
35503,1
35506,8
35507,5
35518,6
35519,7
35523,5
35534,7
35542,5
35544,7
35554,7
35555,4
35556,1
35558,8
35560,3
35565,7
35566,6
35567,3
35569,6
35577,1
35582,4
35583,7
35586,3
35599,4
35608,4
35613,6
35623,8
35627,2
35630,8
35635,1
35638,7
35647,3
35649,7
35654,5
35657,8
35661,1
35662,7
35666,1
35676,8
35682,6
35692,5
35696,8
35697,4
35701,8
35718,5
35722,1
35724,1
35730,4
35738,4
35741,7
35744,6
35746,3
35749,5
35751,3
35757,1
35758,8
35762,5
35763,8
35764,8
35770,8
35778,5
35780,3
35787,6
35790,3
35796,5
35798,2
35800,8
35803,7
35809,4
35814,1
35817,6
35820,4
35826,7
35827,7
35833,7
35836,3
35841,6
35843,4
35844,8
35853,6
35854,4
35856,6
35857,8
35862,5
35869,1
35873,7
35875,7
35877,4
35880,8
35885,7
35888,8
35889,3
35890,6
35898,3
35903,1
35905,6
35911,8
35917,3
35923,7
35929,8
35936,8
35937,8
35939,6
35941,6
35942,8
35947,4
35949,8
35950,3
35952,5
35961,3
35968,8
35975,8
35988,6
35995,8
35996,5
36000,6
36004,8
36005,6
36028,5
36029,8
36030,8
36035,8
36040,6
36046,6
36048,1
36049,1
36051,6
36056,6
36065,8
36066,8
36068,8
36071,8
36080,7
36082,8
36084,1
36088,1
36089,8
36093,8
36094,1
36097,4
36102,1
36105,1
36108,1
36109,8
36119,2
36121,5
36124,2
36127,7
36133,8
36135,5
36141,8
36142,8
36147,1
36156,7
36158,8
36161,1
36162,5
36166,8
36170,1
36171,7
36172,1
36174,4
36182,8
36190,5
36191,1
36192,7
36199,8
36207,4
36211,8
36214,8
36222,4
36223,1
36225,8
36227,5
36235,8
36237,8
36238,7
36240,6
36242,8
36255,8
36256,7
36257,7
36260,4
36264,8
36265,6
36269,2
36272,6
36273,6
36277,2
36278,7
36283,4
36284,8
36287,8
36288,6
36292,8
36294,2
36297,8
36299,4
36300,3
36305,3
36306,3
36310,8
36312,7
36313,6
36319,6
36323,5
36330,8
36332,7
36333,3
36336,4
36340,5
36342,8
36343,8
36344,7
36350,6
36353,8
36356,8
36360,1
36366,8
36373,8
36376,8
36391,1
36397,4
36401,8
36418,3
36420,8
36424,3
36433,6
36434,6
36438,6
36439,7
36441,5
36445,8
36447,2
36449,5
36451,7
36459,4
36466,8
36468,6
36485,3
36498,8
36499,6
36506,6
36507,8
36508,8
36516,3
36517,6
36525,7
36527,1
36530,5
36531,8
36532,8
36557,2
36560,1
36570,8
36573,1
36574,7
36578,8
36582,3
36584,8
36585,8
36588,5
36589,6
36604,7
36623,7
36626,1
36634,2
36635,3
36644,1
36647,8
36657,8
36659,8
36660,5
36666,5
36668,5
36673,6
36674,7
36675,3
36681,8
36685,8
36690,8
36697,8
36706,7
36708,6
36720,6
36721,8
36727,6
36729,2
36730,6
36731,6
36735,8
36736,7
36740,5
36745,7
36747,6
36748,7
36753,5
36757,7
36758,8
36763,5
36764,8
36766,7
36771,8
36773,5
36788,1
36791,4
36799,8
36802,7
36805,5
36806,8
36809,1
36811,8
36815,8
36817,8
36822,8
36826,8
36829,5
36840,2
36841,8
36850,8
36851,7
36864,6
36865,8
36867,7
36869,6
36872,6
36889,4
36893,5
36896,8
36897,1
36900,8
36918,1
36921,8
36923,6
36925,1
36926,8
36927,6
36928,8
36929,5
36932,3
36933,8
36936,6
36937,4
36945,8
36948,5
36949,7
36952,5
36953,8
36956,3
36960,6
36974,6
36976,7
36977,7
36978,8
36979,8
36984,8
36986,7
36992,1
36993,4
37011,3
37014,8
37015,8
37016,8
37020,6
37021,3
37025,8
37034,8
37035,8
37045,7
37046,2
37047,3
37050,8
37055,8
37056,7
37061,7
37062,7
37077,4
37078,1
37079,8
37083,7
37091,8
37104,1
37109,6
37112,7
37114,7
37115,3
37117,8
37119,4
37120,1
37124,8
37126,1
37127,7
37129,8
37133,4
37134,8
37135,8
37136,8
37137,8
37149,3
37154,8
37165,7
37170,5
37174,6
37188,1
37194,3
37199,2
37202,4
37206,8
37215,8
37229,8
37230,4
37239,7
37242,8
37251,2
37258,3
37265,3
37267,8
37268,8
37271,5
37277,8
37282,1
37287,1
37288,7
37298,8
37304,1
37312,7
37314,1
37316,3
37318,6
37320,6
37321,3
37324,2
37325,8
37327,3
37334,8
37343,6
37347,8
37359,7
37363,8
37367,8
37368,6
37371,3
37373,8
37378,8
37386,8
37389,1
37392,8
37393,1
37397,5
37399,4
37401,1
37414,6
37417,3
37422,1
37423,8
37429,6
37430,8
37433,8
37437,6
37453,8
37454,8
37459,5
37462,8
37468,6
37469,4
37472,8
37473,2
37474,5
37477,5
37480,5
37481,6
37485,8
37488,8
37491,6
37494,8
37497,5
37501,3
37514,6
37519,7
37521,4
37528,7
37538,5
37543,6
37545,5
37551,3
37553,1
37557,3
37563,8
37566,3
37567,7
37568,7
37576,3
37577,8
37578,6
37580,8
37596,1
37597,3
37598,8
37602,8
37603,6
37606,1
37614,5
37619,8
37625,7
37626,1
37631,2
37634,1
37640,4
37643,7
37644,5
37646,7
37648,4
37653,6
37654,4
37662,3
37663,4
37665,8
37668,3
37670,2
37673,3
37674,7
37675,5
37681,8
37685,5
37687,8
37696,8
37704,6
37713,8
37714,7
37720,3
37723,1
37724,6
37733,8
37738,7
37746,8
37754,6
37755,8
37757,6
37768,6
37770,8
37782,7
37791,3
37802,8
37805,8
37810,8
37812,3
37819,8
37821,1
37823,8
37826,8
37830,7
37836,8
37843,3
37846,7
37847,8
37850,8
37855,6
37856,7
37861,4
37865,8
37866,7
37867,8
37869,3
37874,1
37877,7
37885,2
37886,5
37887,8
37892,7
37895,5
37896,8
37897,1
37899,3
37901,6
37903,8
37909,6
37912,6
37913,1
37920,6
37931,5
37936,8
37941,7
37944,8
37945,8
37949,8
37951,4
37952,3
37962,1
37964,2
37967,3
37970,7
37975,8
37976,3
37988,8
37990,8
37991,8
37993,6
37994,1
37995,8
37996,2
37999,6
38008,6
38011,5
38015,5
38016,8
38018,5
38021,6
38028,8
38029,3
38036,8
38037,4
38041,6
38046,8
38051,7
38054,8
38057,7
38060,8
38062,8
38067,8
38068,5
38073,6
38074,8
38076,6
38077,8
38079,7
38081,7
38083,3
38086,4
38089,5
38092,6
38097,8
38100,8
38103,6
38114,8
38117,5
38119,8
38121,1
38124,4
38129,7
38130,4
38132,8
38137,5
38141,8
38153,5
38154,8
38161,8
38163,2
38168,8
38177,8
38182,5
38183,6
38196,8
38201,3
38214,6
38215,6
38222,8
38236,5
38237,4
38238,8
38251,3
38252,6
38253,4
38255,3
38264,7
38266,8
38267,6
38269,3
38271,5
38272,7
38275,6
38277,2
38282,3
38283,1
38284,5
38288,7
38289,8
38300,8
38302,6
38304,8
38306,2
38307,8
38317,6
38319,3
38328,8
38342,7
38348,8
38354,2
38355,4
38356,7
38358,1
38368,3
38369,3
38396,8
38397,8
38399,7
38403,6
38407,7
38409,1
38412,7
38428,3
38429,7
38433,6
38434,8
38438,3
38465,7
38466,7
38470,8
38471,5
38474,3
38475,1
38484,5
38490,7
38499,5
38503,3
38505,8
38514,7
38516,6
38518,6
38522,1
38523,3
38526,8
38528,8
38530,6
38533,8
38537,8
38538,8
38544,6
38546,5
38555,5
38558,5
38560,7
38566,1
38573,8
38574,3
38576,7
38577,8
38583,7
38586,5
38593,8
38598,6
38601,7
38625,4
38626,8
38637,8
38642,8
38646,6
38649,6
38652,8
38653,8
38654,1
38656,7
38666,3
38667,5
38675,8
38678,7
38681,8
38703,8
38712,5
38715,7
38717,7
38732,8
38733,7
38735,7
38741,2
38746,7
38750,6
38767,3
38773,8
38775,6
38778,7
38779,6
38781,4
38784,7
38792,7
38801,8
38802,3
38811,6
38816,3
38818,3
38820,6
38822,2
38826,8
38838,8
38839,6
38844,1
38845,2
38848,4
38850,8
38851,6
38853,3
38867,8
38871,3
38878,7
38881,6
38883,3
38887,8
38893,8
38895,8
38901,8
38904,3
38917,5
38918,6
38919,4
38922,4
38927,7
38929,7
38942,3
38945,8
38946,6
38951,7
38958,6
38968,3
38971,7
38976,8
38978,8
38987,8
38988,3
38990,4
38991,7
38997,8
38998,8
39002,6
39015,6
39030,4
39031,1
39040,8
39042,8
39047,8
39049,2
39053,6
39060,6
39061,6
39066,7
39071,5
39073,8
39075,4
39076,6
39079,8
39082,4
39084,8
39086,8
39087,1
39090,4
39091,1
39096,8
39099,7
39102,8
39106,4
39108,5
39111,8
39114,6
39115,4
39117,8
39119,4
39123,1
39131,8
39146,4
39148,7
39149,1
39157,8
39160,7
39161,1
39163,8
39164,6
39177,4
39181,7
39186,3
39202,6
39205,8
39207,6
39208,7
39213,4
39217,8
39220,8
39228,3
39229,3
39233,3
39240,4
39244,3
39246,8
39249,8
39255,7
39256,5
39269,5
39274,8
39277,1
39288,7
39289,7
39290,5
39291,3
39293,6
39299,6
39307,6
39308,3
39316,7
39318,8
39319,4
39327,2
39337,3
39339,8
39342,7
39345,8
39353,7
39371,3
39373,3
39375,6
39382,7
39384,1
39387,8
39392,6
39395,1
39396,1
39402,7
39403,1
39406,7
39414,6
39418,2
39426,6
39428,4
39429,4
39432,3
39436,3
39439,7
39449,8
39452,5
39458,6
39460,3
39464,8
39466,5
39467,2
39470,3
39475,6
39476,8
39477,1
39481,7
39486,6
39489,5
39494,8
39496,6
39504,2
39506,3
39507,8
39508,7
39509,5
39514,4
39529,3
39532,8
39536,3
39539,4
39542,1
39545,6
39547,6
39548,3
39552,7
39555,8
39556,3
39557,7
39559,8
39586,3
39589,4
39595,6
39596,7
39597,3
39599,8
39605,1
39612,5
39615,8
39624,6
39626,5
39627,5
39633,7
39638,4
39643,6
39657,6
39659,8
39664,3
39665,8
39669,8
39691,3
39693,5
39698,8
39700,7
39709,8
39712,7
39713,1
39726,1
39730,8
39732,8
39740,8
39742,8
39755,7
39756,5
39759,5
39761,5
39763,7
39764,8
39769,7
39784,4
39786,4
39789,1
39790,3
39796,8
39797,5
39799,8
39802,4
39818,7
39825,7
39826,8
39830,5
39832,8
39833,6
39852,8
39853,6
39860,4
39865,7
39866,6
39867,8
39874,7
39882,7
39889,5
39893,7
39895,3
39898,8
39901,1
39907,8
39908,3
39910,5
39911,1
39924,8
39928,5
39929,7
39937,6
39939,1
39944,5
39948,8
39951,6
39958,5
39959,1
39967,8
39972,8
39975,7
39978,8
40004,6
40016,6
40026,4
40028,8
40036,5
40040,5
40041,7
40042,7
40043,6
40050,5
40052,8
40053,3
40061,8
40063,8
40078,2
40084,8
40085,7
40087,1
40090,6
40091,5
40093,1
40098,2
40099,5
40102,7
40104,7
40109,2
40113,7
40118,7
40122,6
40124,8
40125,1
40127,5
40129,8
40130,5
40131,8
40136,7
40146,5
40150,8
40151,5
40160,8
40162,8
40163,5
40171,6
40173,5
40181,1
40182,1
40184,8
40195,1
40197,5
40198,8
40209,6
40211,5
40212,8
40213,8
40224,7
40228,6
40237,8
40244,8
40250,4
40252,7
40257,6
40258,2
40262,8
40268,3
40273,3
40282,8
40285,3
40286,8
40298,8
40299,8
40311,8
40313,8
40314,8
40316,8
40317,5
40320,2
40327,7
40345,8
40346,6
40348,2
40357,8
40364,8
40367,4
40368,1
40376,5
40377,8
40378,4
40386,8
40388,8
40393,3
40405,2
40406,6
40413,8
40414,6
40415,8
40418,7
40423,1
40427,7
40428,6
40429,4
40432,2
40434,6
40435,3
40442,3
40447,3
40457,8
40458,8
40470,6
40471,6
40472,3
40477,6
40479,7
40483,3
40484,7
40486,5
40488,8
40492,3
40496,7
40498,6
40499,5
40504,1
40513,8
40514,1
40520,6
40523,4
40527,6
40537,8
40538,1
40540,1
40541,3
40548,8
40562,8
40563,8
40569,7
40570,6
40573,5
40574,1
40576,3
40577,7
40579,8
40589,5
40593,8
40599,8
40601,8
40610,7
40616,8
40624,5
40626,8
40630,3
40633,8
40644,7
40658,8
40663,8
40666,3
40673,3
40677,8
40680,8
40684,5
40690,8
40693,8
40702,2
40703,6
40704,7
40707,1
40709,6
40713,5
40723,2
40735,7
40742,6
40745,8
40749,8
40755,1
40762,8
40771,8
40773,8
40779,6
40783,6
40789,6
40791,7
40793,5
40795,8
40801,6
40815,1
40817,8
40822,5
40823,8
40825,6
40828,6
40833,8
40834,7
40847,8
40848,8
40854,8
40858,8
40859,8
40861,1
40864,8
40865,3
40866,7
40867,5
40871,8
40873,1
40881,6
40887,8
40898,5
40902,3
40905,8
40907,5
40908,6
40915,6
40923,3
40928,7
40929,4
40942,7
40947,8
40952,3
40958,6
40959,7
40960,4
40971,6
40979,8
40988,7
40989,8
40991,3
40993,4
41003,4
41006,7
41007,8
41008,6
41009,8
41015,7
41022,4
41023,5
41025,7
41026,7
41029,8
41030,7
41032,8
41036,5
41037,1
41038,8
41046,5
41053,8
41067,1
41069,7
41084,6
41089,5
41091,4
41095,5
41100,7
41102,4
41104,1
41109,1
41113,6
41119,3
41120,2
41126,6
41129,7
41141,3
41142,3
41147,5
41151,8
41155,3
41162,8
41169,6
41170,8
41175,8
41187,6
41190,8
41202,7
41207,8
41208,5
41214,4
41216,7
41218,6
41225,8
41226,8
41233,8
41240,6
41241,8
41242,3
41249,3
41251,8
41253,5
41254,8
41256,4
41259,7
41260,8
41261,5
41265,8
41274,5
41284,8
41296,6
41298,8
41300,8
41302,8
41311,5
41313,8
41314,6
41318,8
41320,8
41333,6
41353,8
41357,6
41360,8
41365,3
41370,7
41372,2
41375,5
41378,3
41379,5
41381,8
41382,6
41385,3
41392,4
41396,7
41406,8
41410,8
41419,6
41420,4
41421,3
41426,1
41429,6
41430,7
41444,6
41450,6
41451,2
41452,8
41454,5
41459,8
41463,7
41464,8
41465,1
41466,7
41467,1
41474,4
41478,8
41485,5
41488,4
41491,4
41503,8
41512,3
41516,2
41521,3
41525,5
41527,8
41531,7
41534,3
41535,6
41538,6
41542,1
41547,6
41548,5
41552,8
41560,4
41561,1
41567,4
41569,7
41578,8
41584,6
41587,3
41590,5
41592,3
41603,2
41608,8
41610,7
41617,7
41621,6
41622,3
41623,8
41626,8
41627,7
41630,8
41631,7
41632,8
41635,6
41647,2
41649,5
41651,8
41652,8
41653,5
41663,6
41670,8
41672,8
41673,8
41676,8
41677,4
41681,3
41685,3
41692,8
41695,6
41699,6
41702,8
41707,7
41708,8
41710,8
41713,8
41716,8
41718,1
41731,6
41735,4
41744,8
41746,7
41753,4
41754,8
41758,8
41759,7
41780,8
41785,2
41787,8
41803,7
41810,6
41812,7
41817,8
41824,8
41829,8
41844,7
41854,3
41855,1
41856,6
41860,8
41868,7
41870,7
41882,6
41885,8
41900,8
41901,3
41906,8
41909,6
41915,1
41923,6
41931,8
41935,6
41939,1
41942,8
41948,8
41950,8
41962,5
41969,7
41974,1
41977,7
41978,1
41980,4
41983,3
41988,4
41992,8
41994,3
41998,3
42003,1
42006,8
42008,3
42009,6
42015,8
42019,7
42020,3
42031,5
42035,5
42036,8
42042,1
42045,5
42049,8
42051,7
42052,8
42054,8
42057,4
42058,5
42059,6
42061,8
42067,1
42070,8
42071,5
42072,6
42076,6
42079,6
42080,8
42084,8
42085,3
42088,8
42089,3
42093,8
42096,4
42102,6
42119,7
42120,8
42121,7
42125,4
42135,8
42138,1
42143,4
42151,8
42156,8
42157,3
42164,3
42166,7
42168,3
42170,8
42175,6
42176,5
42178,8
42187,8
42200,4
42201,3
42204,8
42205,5
42206,8
42210,8
42212,3
42215,6
42219,8
42227,8
42229,6
42231,1
42238,8
42248,3
42250,8
42251,7
42252,1
42256,5
42257,7
42261,8
42278,4
42286,8
42292,8
42297,8
42299,5
42302,8
42307,3
42320,8
42322,5
42324,7
42326,4
42328,5
42329,1
42330,6
42331,1
42333,3
42334,8
42336,4
42340,2
42341,8
42345,3
42347,1
42349,7
42350,6
42354,8
42364,3
42366,5
42372,7
42392,3
42395,3
42400,5
42403,6
42417,5
42422,5
42429,8
42431,2
42432,6
42433,1
42437,7
42440,2
42443,6
42445,8
42447,7
42466,5
42471,4
42476,4
42488,6
42494,6
42502,8
42510,8
42513,8
42514,7
42516,5
42517,8
42521,8
42526,6
42530,7
42539,3
42541,2
42548,8
42549,8
42551,1
42552,3
42577,2
42580,8
42582,7
42589,8
42590,1
42591,6
42596,6
42597,8
42598,8
42600,8
42602,6
42612,2
42615,6
42618,1
42619,8
42620,6
42624,2
42629,5
42630,8
42637,8
42638,5
42642,8
42648,7
42650,5
42655,8
42670,8
42676,4
42679,7
42680,7
42681,8
42686,1
42688,3
42697,5
42700,3
42712,3
42726,5
42729,8
42731,8
42732,6
42735,7
42736,8
42742,8
42744,3
42746,7
42751,8
42756,8
42776,5
42785,2
42786,8
42794,8
42802,4
42806,4
42829,5
42831,3
42833,7
42834,4
42835,3
42837,3
42845,8
42847,3
42848,7
42849,2
42861,4
42864,8
42867,7
42869,8
42877,8
42881,3
42883,7
42886,8
42887,8
42890,1
42892,7
42898,8
42906,7
42908,3
42910,3
42913,3
42915,8
42918,4
42920,8
42921,8
42925,4
42930,2
42936,3
42937,7
42938,7
42940,8
42941,5
42942,5
42946,1
42950,1
42955,8
42957,8
42959,5
42960,1
42962,3
42963,6
42964,1
42965,8
42993,5
43002,8
43003,6
43006,8
43010,8
43012,8
43014,7
43016,1
43023,5
43030,8
43031,5
43032,3
43033,5
43034,8
43035,3
43042,8
43046,5
43048,5
43050,1
43052,5
43059,5
43061,6
43063,3
43066,6
43070,8
43078,5
43080,7
43084,5
43085,8
43087,8
43091,8
43102,2
43103,1
43105,1
43114,3
43117,1
43118,7
43121,7
43125,3
43132,2
43136,5
43138,5
43142,7
43148,3
43155,3
43167,8
43173,8
43186,6
43188,6
43190,3
43191,1
43194,3
43195,8
43196,5
43198,7
43203,8
43207,8
43218,8
43222,8
43226,7
43229,3
43238,6
43248,8
43252,3
43254,3
43257,5
43262,8
43263,8
43271,6
43273,8
43281,8
43285,8
43286,8
43288,8
43298,8
43301,6
43303,3
43306,5
43308,8
43309,7
43312,1
43314,8
43316,5
43320,8
43322,7
43323,8
43332,6
43334,6
43342,8
43343,7
43344,6
43350,4
43352,1
43353,6
43360,5
43361,8
43380,8
43391,8
43398,3
43399,6
43403,4
43407,1
43408,4
43413,3
43424,8
43425,6
43428,8
43429,8
43431,5
43432,8
43437,4
43444,6
43445,8
43446,8
43447,1
43452,8
43459,8
43465,8
43466,8
43470,8
43473,4
43475,8
43476,8
43477,1
43484,1
43488,8
43493,8
43497,5
43498,8
43500,8
43502,4
43504,5
43509,5
43510,8
43515,5
43517,4
43519,1
43520,8
43524,3
43532,1
43534,8
43535,7
43539,8
43540,8
43542,4
43546,8
43552,8
43554,8
43558,8
43570,6
43571,5
43577,7
43579,4
43580,5
43584,8
43595,8
43596,8
43599,3
43600,3
43602,8
43603,8
43605,8
43611,8
43612,5
43613,3
43619,3
43624,6
43626,7
43627,8
43629,7
43633,8
43635,7
43636,8
43641,8
43646,3
43655,8
43656,8
43663,8
43665,6
43668,8
43674,1
43677,7
43680,8
43685,2
43689,6
43692,7
43693,6
43694,6
43701,8
43705,8
43706,8
43710,6
43712,1
43720,8
43723,8
43724,8
43725,5
43736,1
43737,8
43738,3
43741,5
43744,7
43745,6
43751,2
43754,1
43756,8
43760,5
43762,8
43763,8
43765,8
43770,5
43774,8
43777,3
43786,8
43788,7
43790,7
43791,8
43794,8
43807,6
43808,8
43811,8
43813,7
43822,2
43825,8
43826,8
43830,5
43837,7
43839,5
43842,8
43844,4
43845,8
43852,6
43855,8
43866,6
43867,3
43873,8
43874,2
43879,5
43880,8
43890,7
43892,4
43894,1
43897,8
43904,7
43906,8
43908,5
43925,1
43929,3
43936,3
43943,6
43946,4
43948,8
43949,8
43953,7
43955,8
43956,8
43962,6
43963,5
43967,7
43970,6
43971,4
43972,4
43979,3
43981,7
43986,7
43988,4
43989,1
43993,6
43994,8
43996,5
43998,6
43999,8
44002,5
44003,8
44006,8
44007,5
44012,5
44013,8
44014,7
44031,8
44034,7
44038,1
44040,8
44041,8
44044,3
44047,7
44050,1
44056,8
44067,6
44071,5
44075,5
44081,5
44085,3
44087,6
44102,2
44103,7
44106,8
44109,8
44114,6
44119,6
44120,8
44126,8
44132,6
44133,7
44136,3
44137,6
44138,8
44140,2
44145,2
44146,6
44150,6
44159,6
44165,3
44166,8
44168,8
44178,2
44180,5
44183,6
44184,5
44188,8
44200,5
44211,7
44212,4
44213,6
44216,8
44217,6
44221,6
44226,6
44227,8
44230,8
44231,4
44236,1
44241,3
44243,3
44245,8
44252,4
44254,2
44255,8
44256,5
44264,7
44270,5
44272,8
44277,8
44283,8
44286,7
44287,3
44294,5
44297,2
44306,1
44317,8
44319,6
44320,6
44334,8
44337,7
44342,8
44346,7
44348,5
44349,4
44350,3
44352,3
44358,6
44359,4
44361,4
44368,6
44375,1
44381,8
44387,6
44389,7
44398,8
44400,1
44405,8
44413,8
44415,4
44428,6
44429,8
44431,1
44437,7
44439,8
44441,3
44443,6
44454,7
44457,8
44459,3
44466,1
44467,8
44469,8
44471,8
44475,2
44484,8
44494,4
44496,6
44499,8
44500,6
44504,7
44505,8
44506,1
44510,8
44513,5
44515,3
44522,6
44526,8
44531,1
44535,8
44537,3
44538,8
44559,7
44566,2
44569,8
44570,3
44580,8
44582,8
44592,8
44597,4
44599,8
44600,8
44606,1
44609,3
44611,8
44616,1
44620,6
44626,8
44627,4
44629,5
44630,6
44633,3
44635,6
44636,7
44639,8
44644,3
44653,6
44654,3
44655,6
44666,8
44667,1
44669,4
44671,6
44685,8
44687,7
44692,5
44698,3
44707,3
44717,4
44718,5
44722,8
44725,1
44727,5
44728,6
44731,3
44732,5
44736,8
44737,8
44743,8
44747,7
44749,6
44754,6
44756,8
44757,7
44761,8
44764,5
44766,8
44769,8
44771,6
44772,6
44776,5
44790,5
44794,1
44797,8
44798,8
44810,7
44811,4
44818,2
44819,6
44820,1
44827,8
44830,8
44835,5
44839,8
44840,8
44844,6
44856,5
44858,1
44869,8
44870,6
44875,3
44876,5
44877,3
44878,4
44881,6
44895,8
44909,8
44913,3
44915,8
44916,5
44917,3
44918,6
44919,8
44923,8
44933,8
44934,8
44937,6
44938,6
44939,8
44942,8
44943,2
44947,1
44950,6
44968,5
44970,6
44974,6
44982,8
44990,1
44992,7
44994,8
44995,7
44999,4
45003,8
45005,6
45006,6
45008,8
45010,8
45012,3
45013,8
45018,8
45019,1
45025,5
45026,4
45028,5
45029,5
45030,7
45032,8
45038,4
45039,2
45041,1
45045,1
45054,8
45057,5
45061,5
45064,4
45071,2
45076,7
45079,3
45083,3
45084,8
45085,1
45093,7
45095,3
45097,8
45099,6
45101,7
45102,8
45115,6
45119,3
45127,3
45128,2
45138,1
45141,6
45146,8
45151,6
45152,8
45155,7
45158,8
45169,7
45175,2
45183,6
45196,6
45198,7
45199,8
45200,8
45211,3
45213,4
45214,7
45216,8
45227,1
45234,8
45239,3
45240,3
45244,6
45246,7
45248,6
45251,3
45259,8
45263,3
45272,6
45282,6
45291,7
45294,5
45295,4
45301,4
45303,4
45305,6
45319,7
45321,5
45325,3
45333,3
45342,1
45343,6
45344,1
45345,8
45349,8
45350,7
45352,7
45355,6
45356,8
45357,8
45372,7
45373,5
45377,3
45378,6
45381,6
45383,8
45384,8
45389,8
45393,8
45395,7
45399,8
45400,8
45402,8
45408,8
45415,4
45419,8
45422,8
45423,4
45429,8
45431,8
45447,5
45448,3
45449,3
45450,6
45454,6
45456,3
45459,8
45460,4
45464,3
45465,8
45466,8
45467,7
45468,8
45472,1
45479,8
45480,8
45481,4
45496,2
45506,6
45512,8
45516,7
45521,8
45532,8
45534,6
45535,8
45540,8
45542,8
45544,2
45545,4
45550,6
45559,7
45560,6
45568,8
45573,5
45574,4
45575,3
45576,3
45577,8
45585,4
45590,4
45591,8
45593,5
45596,3
45597,4
45600,8
45601,7
45608,3
45611,6
45621,8
45622,1
45624,8
45625,4
45626,6
45630,3
45633,7
45635,8
45638,6
45647,8
45653,8
45654,7
45655,1
45656,6
45658,5
45659,1
45662,3
45663,5
45664,1
45668,6
45677,3
45688,8
45696,8
45701,6
45702,6
45704,7
45705,6
45711,7
45712,8
45713,1
45715,7
45718,7
45727,2
45737,8
45741,8
45744,5
45746,8
45747,5
45748,8
45757,8
45766,5
45768,6
45771,8
45772,1
45774,6
45775,1
45777,8
45778,8
45787,8
45790,8
45791,5
45797,3
45802,8
45804,8
45814,5
45815,7
45816,3
45820,8
45821,5
45823,8
45824,5
45825,3
45826,8
45828,3
45830,5
45834,6
45841,5
45846,6
45847,4
45852,4
45853,8
45859,6
45860,7
45861,8
45862,5
45864,2
45865,7
45866,4
45869,2
45879,5
45880,8
45883,3
45884,5
45890,8
45892,8
45895,6
45897,8
45898,7
45900,5
45903,5
45904,3
45910,8
45922,6
45923,5
45928,8
45936,5
45938,7
45944,2
45945,6
45948,6
45951,1
45952,8
45957,7
45968,5
45970,6
45972,8
45975,8
45976,6
45977,7
45985,5
45986,8
45987,6
45988,1
46003,3
46006,6
46008,8
46011,6
46021,2
46039,7
46041,3
46044,8
46047,8
46050,6
46063,3
46064,1
46075,6
46076,7
46083,8
46084,8
46086,5
46087,1
46089,2
46093,7
46094,8
46095,7
46101,5
46106,8
46110,7
46112,8
46117,6
46122,3
46125,2
46128,6
46132,8
46134,5
46155,3
46159,1
46164,7
46165,8
46168,8
46176,2
46177,7
46181,5
46182,4
46187,5
46188,7
46192,1
46193,8
46194,8
46196,7
46202,7
46204,3
46208,8
46210,3
46211,5
46212,5
46215,7
46218,3
46223,3
46226,5
46228,1
46232,4
46233,8
46235,6
46236,3
46243,6
46244,3
46247,8
46256,3
46259,1
46260,5
46265,8
46266,3
46269,7
46272,6
46276,7
46295,2
46305,8
46308,3
46322,6
46325,3
46329,1
46335,7
46337,8
46343,6
46351,3
46352,8
46353,8
46358,6
46363,5
46371,6
46372,5
46373,3
46379,1
46381,6
46386,3
46388,6
46389,6
46391,8
46398,5
46404,3
46406,8
46420,7
46422,8
46429,1
46432,8
46436,8
46437,2
46439,8
46440,3
46445,8
46455,8
46460,5
46466,1
46467,8
46478,8
46480,1
46494,8
46502,4
46504,5
46513,8
46517,8
46519,7
46520,5
46521,5
46524,7
46525,7
46527,5
46532,1
46534,8
46541,8
46544,6
46547,8
46549,8
46550,6
46558,3
46560,4
46562,8
46563,6
46564,1
46580,5
46583,8
46586,8
46593,5
46594,5
46595,5
46601,6
46604,8
46611,8
46613,4
46621,4
46626,5
46631,6
46633,3
46644,8
46646,8
46650,7
46658,4
46660,3
46663,7
46664,8
46666,6
46668,6
46669,7
46672,8
46673,6
46674,8
46678,3
46683,8
46686,5
46692,8
46694,8
46699,6
46701,8
46707,8
46711,7
46719,5
46722,1
46727,2
46731,4
46733,5
46736,4
46744,5
46753,8
46765,8
46767,8
46773,6
46782,1
46794,8
46795,5
46797,1
46808,6
46809,5
46813,8
46821,8
46826,3
46830,3
46838,4
46840,7
46841,7
46842,5
46844,8
46847,6
46848,4
46849,8
46852,7
46861,7
46864,3
46870,4
46874,6
46876,7
46881,5
46884,3
46887,5
46891,8
46892,7
46893,8
46897,7
46901,5
46903,1
46907,6
46910,3
46913,1
46914,7
46918,8
46919,7
46920,8
46923,8
46928,7
46931,2
46934,8
46938,8
46941,4
46949,8
46957,5
46965,2
46970,7
46972,7
46973,8
46974,8
46982,3
46983,8
46984,8
46985,7
46994,5
46996,2
46997,1
47021,5
47029,5
47034,7
47039,2
47043,2
47044,7
47050,7
47064,5
47070,8
47075,8
47080,8
47082,7
47083,7
47091,4
47096,6
47102,3
47105,6
47109,6
47110,7
47111,5
47115,8
47118,2
47119,8
47126,5
47128,5
47129,8
47133,7
47136,3
47158,6
47160,3
47166,3
47177,8
47186,4
47200,4
47203,6
47210,4
47212,4
47213,7
47217,8
47218,7
47219,5
47222,8
47231,8
47235,6
47239,7
47243,8
47244,8
47250,3
47257,6
47264,8
47265,3
47268,7
47270,7
47274,4
47275,7
47277,7
47282,8
47286,7
47295,1
47296,8
47303,8
47304,8
47305,3
47310,7
47312,6
47315,8
47320,6
47326,7
47332,6
47333,8
47334,3
47337,6
47340,3
47360,8
47362,7
47364,2
47365,6
47366,5
47367,5
47369,7
47381,4
47382,6
47383,4
47384,6
47388,3
47390,8
47392,7
47393,4
47395,8
47397,6
47402,5
47405,5
47411,8
47413,8
47414,8
47417,4
47421,8
47429,5
47432,7
47433,6
47465,1
47469,5
47472,8
47473,2
47474,3
47486,3
47495,1
47503,7
47509,5
47513,8
47517,8
47520,8
47525,8
47531,7
47536,7
47543,8
47549,2
47560,8
47563,5
47564,6
47565,7
47566,8
47568,8
47569,6
47573,4
47580,4
47584,7
47585,8
47586,2
47587,5
47588,7
47590,8
47593,1
47595,5
47596,7
47597,6
47599,6
47601,1
47603,6
47611,7
47628,3
47629,7
47633,7
47636,4
47641,1
47642,6
47643,6
47647,2
47651,8
47657,6
47660,8
47669,7
47671,1
47673,8
47674,6
47678,7
47680,6
47682,4
47689,1
47692,7
47693,1
47694,5
47697,8
47699,5
47704,4
47708,7
47721,6
47725,8
47727,8
47729,8
47737,8
47739,2
47740,7
47741,5
47745,4
47747,6
47754,5
47757,7
47771,8
47774,1
47781,8
47783,1
47788,8
47789,8
47798,3
47802,6
47803,1
47808,8
47810,8
47811,7
47813,2
47814,8
47819,3
47822,8
47823,8
47828,8
47832,3
47836,7
47844,5
47847,8
47853,5
47858,4
47862,2
47863,8
47864,7
47867,7
47874,8
47876,3
47881,2
47886,4
47890,6
47891,5
47892,8
47894,6
47903,6
47906,6
47913,8
47914,8
47920,8
47925,8
47926,5
47934,8
47938,2
47939,8
47942,8
47947,6
47948,1
47953,5
47957,8
47958,5
47959,6
47962,2
47964,4
47968,8
47969,4
47992,6
47998,6
48011,6
48016,4
48017,6
48021,5
48022,6
48023,2
48025,8
48031,1
48032,8
48033,3
48037,6
48039,6
48054,4
48057,2
48063,1
48065,8
48066,5
48068,6
48072,5
48075,8
48078,6
48079,3
48081,1
48082,2
48084,7
48085,8
48086,8
48089,8
48092,4
48095,6
48096,8
48097,7
48103,4
48112,8
48113,5
48120,6
48121,8
48125,1
48131,1
48133,8
48136,5
48141,1
48144,8
48149,3
48156,6
48161,6
48162,7
48169,7
48170,3
48171,3
48172,7
48174,7
48178,7
48181,1
48184,6
48185,8
48190,1
48192,5
48197,2
48206,8
48216,8
48217,8
48222,8
48223,8
48226,1
48228,5
48231,3
48240,7
48241,8
48243,3
48254,3
48258,1
48264,6
48265,7
48267,8
48269,6
48273,7
48279,6
48288,1
48293,8
48294,8
48296,8
48300,3
48305,5
48307,5
48310,4
48311,8
48316,8
48320,3
48330,4
48331,8
48332,5
48335,7
48336,3
48342,5
48360,8
48362,7
48365,8
48368,3
48372,3
48380,5
48381,4
48382,6
48383,8
48391,6
48392,8
48401,7
48403,8
48405,6
48418,3
48419,8
48420,6
48424,1
48425,8
48426,8
48427,1
48428,8
48430,3
48433,7
48441,8
48445,8
48457,6
48458,8
48461,1
48464,6
48472,6
48480,7
48483,3
48491,1
48496,7
48498,3
48506,7
48507,3
48518,4
48520,6
48522,8
48526,1
48527,8
48537,4
48543,2
48549,7
48555,8
48556,5
48563,7
48564,5
48570,8
48571,3
48575,7
48582,4
48595,2
48600,1
48603,3
48604,8
48611,8
48613,7
48621,1
48622,3
48625,7
48627,8
48640,5
48646,6
48648,6
48649,6
48651,8
48654,6
48655,8
48657,2
48661,6
48668,8
48669,5
48677,6
48680,1
48681,5
48683,8
48684,8
48686,8
48693,8
48696,8
48700,1
48706,7
48710,2
48712,5
48716,1
48717,5
48719,8
48720,6
48723,8
48725,5
48727,6
48736,7
48744,4
48750,8
48751,7
48753,3
48756,8
48757,6
48759,2
48760,7
48774,1
48778,8
48779,3
48782,4
48789,2
48790,8
48794,8
48801,5
48802,8
48807,5
48808,4
48810,6
48814,8
48817,5
48818,5
48820,8
48821,7
48832,6
48839,2
48849,4
48853,8
48860,7
48865,1
48866,8
48879,5
48880,8
48890,8
48892,8
48895,8
48897,5
48900,8
48902,8
48907,5
48909,7
48911,8
48923,8
48925,1
48927,6
48936,8
48947,2
48950,8
48955,6
48962,4
48976,6
48977,1
48986,3
48999,8
49005,8
49007,3
49010,8
49011,7
49012,8
49014,1
49015,8
49016,5
49023,8
49024,6
49032,8
49036,5
49037,8
49045,6
49051,5
49052,8
49057,3
49059,5
49062,7
49072,5
49078,8
49084,8
49088,2
49093,8
49094,3
49100,7
49104,6
49109,3
49120,6
49123,3
49124,8
49128,8
49131,3
49140,1
49142,8
49146,3
49148,7
49153,8
49155,8
49166,7
49167,1
49170,8
49174,3
49178,6
49183,6
49185,8
49187,8
49191,8
49206,7
49210,8
49213,8
49215,7
49218,8
49229,7
49232,5
49235,8
49241,4
49247,1
49253,8
49255,6
49257,5
49259,1
49261,8
49263,8
49275,8
49276,5
49277,4
49283,7
49290,5
49293,8
49295,8
49296,3
49297,5
49303,6
49305,3
49307,8
49313,8
49315,8
49317,8
49319,8
49321,6
49326,7
49331,8
49332,8
49333,5
49340,7
49347,6
49349,3
49350,8
49352,6
49356,1
49357,3
49359,7
49360,8
49365,7
49368,1
49371,6
49372,1
49378,8
49385,8
49392,3
49393,8
49395,8
49396,1
49398,8
49400,8
49404,6
49411,5
49414,6
49415,5
49424,1
49430,5
49432,8
49433,6
49435,5
49439,8
49441,8
49444,6
49447,8
49448,8
49449,8
49455,7
49457,7
49460,8
49469,6
49472,8
49473,5
49483,6
49486,5
49491,7
49504,8
49509,4
49515,5
49519,8
49531,7
49539,6
49545,8
49548,3
49552,3
49560,8
49561,2
49564,5
49565,7
49573,8
49574,6
49577,6
49578,7
49579,6
49582,3
49583,8
49589,3
49590,5
49591,8
49592,8
49604,7
49611,7
49626,8
49629,1
49631,8
49635,8
49636,2
49641,4
49645,8
49647,8
49662,8
49664,1
49670,1
49676,8
49679,4
49682,3
49685,4
49698,5
49703,4
49704,8
49708,5
49712,7
49715,5
49718,8
49725,7
49727,6
49730,8
49735,7
49745,3
49749,7
49761,8
49766,2
49767,8
49771,8
49780,6
49785,8
49789,3
49791,3
49795,7
49800,3
49817,8
49824,8
49825,8
49829,6
49830,7
49831,1
49834,8
49839,7
49840,6
49843,2
49854,3
49855,8
49856,4
49857,6
49859,5
49861,3
49864,6
49867,8
49873,8
49874,8
49880,6
49881,1
49893,3
49898,8
49912,8
49916,7
49925,1
49929,7
49938,1
49945,7
49948,6
49953,6
49958,7
49960,8
49963,6
49964,3
49966,4
49969,8
49970,8
49973,2
49974,3
49975,1
49977,4
49978,7
49981,4
49982,3
49988,3
49993,8
50000,6
50001,6
50002,5
50005,5
50011,5
50024,3
50025,6
50027,6
50034,1
50036,1
50040,8
50041,8
50053,8
50063,5
50064,8
50065,5
50068,4
50069,8
50071,3
50072,2
50076,5
50078,8
50079,8
50090,3
50097,8
50104,6
50105,8
50106,7
50108,1
50109,7
50110,3
50114,1
50119,3
50121,8
50124,8
50126,6
50128,7
50132,3
50136,3
50138,8
50139,3
50140,5
50141,7
50145,8
50151,8
50152,2
50153,6
50154,5
50156,6
50157,3
50158,6
50168,8
50173,7
50174,8
50176,8
50181,6
50192,8
50198,8
50199,4
50201,1
50202,8
50204,6
50220,5
50221,3
50231,8
50236,1
50239,7
50240,4
50241,3
50245,3
50247,5
50249,6
50250,8
50261,6
50264,7
50280,6
50286,3
50293,3
50302,8
50305,6
50318,3
50320,8
50325,8
50326,8
50331,1
50333,8
50341,3
50344,8
50345,3
50346,7
50347,7
50348,2
50350,6
50352,1
50361,7
50364,7
50367,1
50371,7
50375,8
50377,8
50402,8
50405,1
50406,3
50409,3
50413,3
50416,8
50418,2
50437,1
50451,3
50454,7
50457,4
50460,2
50461,3
50463,1
50467,7
50471,7
50476,8
50480,5
50491,8
50496,3
50502,8
50507,1
50509,1
50512,8
50514,6
50519,7
50521,3
50524,6
50532,8
50546,8
50547,6
50548,1
50550,5
50552,4
50562,3
50575,6
50577,8
50580,5
50584,7
50591,3
50594,2
50604,5
50607,8
50610,2
50619,7
50624,8
50628,8
50629,5
50633,5
50635,8
50636,3
50639,8
50643,7
50644,8
50646,6
50647,6
50649,7
50654,5
50658,3
50664,8
50667,8
50671,3
50673,8
50675,7
50676,8
50678,2
50681,8
50684,3
50690,5
50692,3
50697,2
50699,8
50700,3
50701,6
50704,6
50705,8
50708,5
50710,4
50713,8
50722,4
50724,8
50730,8
50733,8
50746,6
50747,5
50750,8
50755,3
50760,7
50766,6
50770,1
50773,8
50777,4
50793,6
50803,1
50804,8
50806,3
50807,3
50809,6
50814,3
50820,8
50826,7
50835,2
50838,7
50840,7
50849,1
50852,1
50855,2
50859,7
50860,5
50861,1
50866,7
50867,7
50870,6
50872,7
50876,8
50882,8
50883,8
50887,6
50893,8
50896,7
50900,8
50903,7
50905,7
50907,5
50911,2
50913,1
50920,8
50924,8
50927,8
50931,1
50939,4
50940,6
50941,3
50943,2
50946,6
50949,1
50952,8
50966,5
50967,4
50971,8
50984,4
50988,7
50992,7
50994,8
50995,3
50998,3
51004,8
51005,3
51007,6
51009,8
51014,8
51018,7
51020,4
51024,8
51030,6
51033,1
51036,8
51037,8
51044,8
51049,6
51050,1
51058,7
51059,6
51060,2
51062,6
51070,6
51071,8
51072,7
51083,6
51085,3
51086,7
51091,6
51100,5
51101,7
51105,5
51108,8
51109,8
51114,2
51116,3
51134,3
51135,8
51136,8
51137,8
51142,8
51158,7
51159,6
51162,4
51168,8
51169,5
51172,6
51174,3
51177,6
51179,4
51184,4
51186,8
51191,3
51192,8
51193,8
51201,7
51202,8
51207,2
51208,6
51210,4
51215,6
51217,8
51219,3
51220,8
51227,3
51229,8
51231,7
51240,7
51244,8
51246,8
51248,8
51251,5
51254,8
51256,8
51262,5
51274,3
51282,6
51283,5
51284,1
51286,1
51295,2
51296,8
51298,6
51299,6
51301,8
51302,8
51303,6
51305,8
51313,7
51319,5
51323,8
51329,8
51336,7
51342,6
51345,7
51357,6
51362,8
51365,5
51371,8
51373,6
51382,8
51386,2
51388,8
51389,1
51390,6
51396,3
51398,8
51401,2
51422,7
51428,7
51440,8
51441,7
51447,7
51448,8
51449,8
51464,8
51469,1
51479,7
51480,8
51483,1
51494,6
51496,8
51498,7
51504,1
51506,3
51507,6
51509,8
51511,5
51512,6
51513,3
51517,3
51521,7
51523,7
51525,8
51537,8
51541,5
51547,7
51551,6
51557,5
51559,1
51563,7
51569,3
51572,5
51577,5
51578,8
51580,6
51586,4
51595,4
51598,3
51599,1
51609,3
51613,6
51615,2
51616,6
51634,8
51635,8
51639,8
51640,5
51645,2
51650,8
51659,2
51661,1
51663,8
51666,3
51673,6
51677,8
51678,6
51681,1
51684,3
51685,7
51688,8
51695,8
51696,6
51698,6
51702,7
51704,4
51707,8
51709,5
51710,1
51717,2
51726,8
51727,4
51733,1
51735,4
51736,8
51742,8
51751,3
51764,8
51766,8
51769,8
51772,8
51774,3
51779,8
51787,7
51789,3
51790,7
51795,3
51801,6
51802,2
51806,8
51808,4
51815,5
51816,6
51817,2
51819,8
51825,5
51827,1
51838,7
51840,3
51842,2
51843,7
51844,3
51848,7
51850,4
51852,6
51853,8
51854,8
51857,1
51862,3
51863,3
51865,8
51866,7
51867,6
51868,2
51874,5
51875,8
51876,8
51880,3
51884,8
51891,7
51893,8
51902,6
51904,1
51908,6
51910,3
51912,6
51936,6
51941,6
51943,8
51945,4
51949,7
51954,5
51956,5
51959,8
51964,5
51970,6
51973,4
51977,5
51984,4
51986,5
51987,1
51992,5
51994,2
51996,1
51997,4
51999,4
52005,8
52009,8
52015,5
52018,6
52027,8
52031,8
52032,6
52036,4
52037,8
52045,1
52047,5
52053,8
52054,7
52058,7
52060,8
52062,7
52063,7
52064,4
52066,8
52071,8
52074,7
52076,8
52093,8
52095,6
52103,5
52106,7
52119,6
52127,8
52143,7
52148,8
52155,7
52164,1
52167,1
52168,7
52176,8
52179,3
52181,1
52182,5
52184,6
52187,7
52189,6
52195,3
52199,7
52201,5
52204,8
52206,5
52207,5
52219,7
52222,8
52225,8
52226,7
52237,8
52238,1
52239,6
52241,3
52245,8
52246,8
52249,8
52252,1
52255,4
52257,3
52259,5
52264,8
52268,3
52272,8
52274,1
52279,8
52282,7
52283,7
52285,1
52286,8
52299,2
52303,6
52310,8
52321,7
52322,6
52326,5
52331,8
52332,7
52338,6
52340,5
52351,8
52357,6
52360,1
52371,8
52372,7
52373,3
52374,3
52380,3
52387,7
52388,8
52401,7
52408,1
52411,8
52412,8
52414,8
52418,8
52420,7
52424,8
52437,8
52441,2
52443,8
52446,1
52447,6
52454,6
52455,8
52456,3
52459,8
52478,6
52480,7
52489,4
52490,8
52491,7
52500,7
52504,8
52506,8
52508,3
52511,8
52512,6
52514,8
52515,7
52516,2
52518,3
52519,5
52523,6
52531,6
52533,7
52534,1
52535,6
52536,5
52539,8
52544,8
52547,8
52548,6
52550,8
52554,3
52557,8
52559,6
52561,3
52565,2
52567,5
52571,8
52574,5
52575,1
52582,4
52589,8
52590,4
52597,8
52599,6
52600,1
52601,5
52603,4
52606,1
52608,2
52609,7
52610,8
52611,8
52618,8
52623,6
52626,8
52630,5
52634,3
52635,8
52639,8
52650,4
52653,1
52655,6
52659,7
52662,7
52672,6
52673,5
52679,8
52680,8
52689,6
52699,5
52701,7
52704,8
52706,3
52709,7
52713,5
52720,8
52723,6
52725,8
52732,5
52734,6
52735,5
52747,8
52748,3
52750,2
52751,8
52758,8
52760,3
52768,8
52769,6
52771,3
52776,8
52778,7
52779,8
52781,7
52784,6
52788,8
52791,6
52793,5
52800,3
52801,3
52802,4
52803,7
52804,3
52805,8
52806,7
52812,7
52816,7
52818,8
52826,8
52836,1
52837,8
52839,5
52840,4
52841,6
52843,7
52844,3
52854,3
52856,8
52857,7
52860,7
52878,7
52879,8
52880,2
52883,4
52885,6
52888,6
52889,8
52894,2
52898,6
52905,3
52908,6
52913,7
52915,8
52916,6
52917,6
52921,8
52922,7
52932,6
52937,8
52938,2
52940,6
52951,7
52953,8
52956,5
52961,6
52969,8
52976,8
52982,6
52984,7
52985,6
52992,8
53004,8
53008,7
53012,8
53022,8
53025,3
53028,3
53029,1
53030,4
53031,8
53032,4
53044,8
53046,8
53059,8
53060,3
53062,4
53066,8
53071,8
53072,5
53076,3
53081,7
53084,6
53089,7
53090,1
53092,3
53095,8
53096,7
53097,6
53104,5
53113,1
53116,7
53117,8
53119,8
53123,6
53128,6
53132,3
53137,6
53138,6
53143,8
53144,8
53152,8
53154,7
53158,7
53159,7
53166,5
53170,7
53172,4
53177,7
53178,1
53179,5
53187,8
53189,8
53190,4
53196,6
53199,3
53202,6
53210,8
53214,4
53224,5
53226,1
53238,4
53245,4
53247,4
53253,5
53255,8
53257,1
53261,8
53263,8
53265,3
53267,4
53279,3
53288,3
53289,6
53293,5
53294,8
53300,4
53301,8
53312,8
53316,2
53318,2
53320,7
53322,3
53323,8
53324,8
53332,2
53334,4
53336,6
53340,1
53342,3
53344,5
53346,3
53347,3
53354,5
53369,3
53379,8
53380,1
53384,3
53387,8
53388,8
53394,8
53397,2
53400,8
53403,8
53408,5
53410,8
53412,6
53419,7
53420,7
53427,7
53432,8
53433,8
53436,8
53438,6
53443,8
53450,5
53452,3
53457,5
53465,3
53467,7
53468,8
53478,6
53480,8
53484,5
53485,5
53490,6
53497,8
53505,6
53508,8
53511,6
53513,3
53517,6
53518,7
53520,6
53521,3
53522,7
53523,3
53529,4
53533,6
53537,6
53538,8
53545,8
53546,8
53549,5
53553,8
53554,3
53561,8
53564,1
53573,2
53575,6
53582,4
53584,1
53586,8
53589,8
53595,8
53601,8
53602,8
53614,1
53620,7
53621,2
53622,5
53626,2
53627,6
53628,8
53635,8
53643,6
53647,5
53649,5
53658,3
53659,7
53660,8
53663,8
53666,8
53672,6
53675,3
53676,6
53680,6
53681,7
53686,5
53692,8
53695,8
53703,2
53705,7
53706,3
53710,2
53711,1
53716,1
53727,1
53734,2
53735,8
53736,3
53738,7
53740,3
53743,7
53744,8
53745,8
53752,5
53753,6
53757,8
53766,8
53779,6
53780,8
53785,7
53787,7
53789,6
53792,8
53794,8
53795,5
53796,8
53797,8
53809,7
53816,6
53820,4
53826,7
53827,1
53838,1
53839,7
53842,7
53850,8
53852,4
53856,3
53857,7
53860,8
53861,7
53862,3
53869,1
53872,1
53879,6
53884,1
53888,8
53890,7
53891,3
53893,6
53895,8
53898,8
53899,5
53902,7
53904,7
53911,3
53912,1
53917,6
53921,2
53924,8
53926,3
53933,8
53935,2
53936,8
53939,5
53943,8
53948,6
53949,7
53955,7
53957,5
53958,3
53959,8
53963,5
53964,3
53973,3
53974,3
53977,3
53979,5
53982,4
53985,7
53992,8
53995,8
53996,7
53998,3
54004,8
54008,8
54009,5
54021,7
54026,8
54028,7
54029,3
54047,6
54048,5
54052,8
54053,4
54059,6
54062,6
54065,7
54071,6
54079,7
54080,2
54084,1
54085,6
54087,6
54088,7
54094,5
54095,8
54106,5
54113,8
54114,8
54115,7
54118,7
54125,8
54128,6
54129,3
54139,4
54146,8
54149,5
54157,1
54159,5
54160,2
54162,5
54163,8
54166,3
54169,7
54170,6
54172,8
54174,3
54177,6
54178,2
54180,6
54191,8
54194,3
54196,4
54198,3
54205,2
54206,7
54213,5
54216,8
54227,8
54231,8
54235,3
54236,3
54239,6
54240,8
54245,3
54247,8
54250,4
54258,8
54260,2
54261,8
54262,5
54263,8
54268,8
54269,3
54270,8
54272,8
54279,3
54280,1
54287,1
54291,8
54298,8
54301,1
54302,5
54313,8
54315,6
54320,3
54328,8
54332,8
54333,3
54334,8
54341,8
54352,7
54356,7
54377,6
54387,6
54390,7
54391,5
54393,8
54398,7
54406,7
54408,8
54409,3
54411,8
54413,5
54426,6
54428,2
54430,1
54434,8
54437,4
54438,2
54439,1
54440,8
54441,4
54447,8
54451,8
54454,7
54458,8
54466,4
54467,8
54473,2
54474,8
54477,5
54478,1
54481,3
54485,3
54491,8
54492,8
54498,7
54502,4
54505,3
54508,7
54509,6
54517,6
54518,1
54524,8
54525,7
54530,6
54536,5
54537,7
54544,7
54551,3
54553,8
54557,8
54558,2
54560,8
54563,4
54564,7
54571,7
54578,6
54582,3
54595,1
54596,8
54598,3
54600,8
54604,6
54609,5
54611,4
54612,6
54618,8
54619,8
54621,7
54623,8
54626,8
54628,5
54637,8
54639,6
54641,2
54643,6
54654,5
54656,7
54657,5
54658,2
54666,4
54678,8
54683,8
54691,8
54694,5
54695,5
54701,8
54705,8
54711,1
54714,5
54722,6
54726,7
54732,6
54733,8
54737,7
54738,7
54739,5
54745,1
54746,8
54750,3
54752,7
54756,8
54757,7
54758,1
54761,2
54763,5
54773,7
54782,8
54783,1
54796,7
54800,7
54810,8
54813,8
54815,3
54822,5
54830,7
54831,4
54832,8
54833,8
54835,8
54846,8
54849,5
54850,8
54866,8
54878,8
54879,1
54888,7
54889,2
54890,3
54892,8
54907,4
54913,8
54923,5
54924,1
54925,3
54927,8
54928,5
54931,6
54937,1
54945,7
54947,5
54948,8
54951,8
54952,8
54955,8
54957,8
54967,6
54970,8
54972,1
54974,3
54975,5
54985,5
54989,5
54992,5
54997,7
54999,5
55000,3
55004,8
55007,5
55014,7
55019,8
55020,6
55024,6
55026,5
55029,2
55030,6
55042,6
55046,6
55049,8
55051,8
55053,8
55057,6
55060,4
55065,8
55066,2
55079,4
55081,4
55085,7
55087,6
55088,8
55106,8
55108,7
55112,7
55115,8
55119,8
55120,8
55121,7
55123,5
55126,6
55127,3
55128,5
55129,6
55130,7
55132,4
55136,5
55137,7
55138,8
55143,8
55144,8
55147,3
55153,6
55158,7
55159,3
55162,8
55173,8
55176,8
55177,6
55179,8
55185,2
55190,8
55196,6
55199,3
55200,8
55206,2
55208,7
55209,5
55220,8
55221,8
55224,6
55229,5
55232,8
55246,7
55252,6
55263,8
55270,8
55275,8
55276,8
55279,6
55280,5
55287,8
55295,5
55296,6
55301,5
55302,1
55315,5
55318,3
55322,1
55325,1
55333,4
55337,5
55339,1
55340,1
55343,4
55347,1
55358,7
55361,7
55367,1
55372,5
55381,6
55382,1
55383,1
55392,2
55395,3
55398,8
55401,7
55404,5
55406,8
55416,3
55417,4
55420,8
55439,3
55442,6
55445,6
55452,1
55453,7
55455,8
55458,8
55461,8
55475,3
55478,6
55484,6
55488,8
55490,7
55491,3
55493,3
55499,6
55501,8
55502,6
55513,5
55525,6
55529,4
55531,2
55545,5
55551,7
55562,7
55569,8
55577,8
55580,1
55586,3
55593,6
55596,4
55599,8
55601,6
55602,8
55604,8
55608,5
55610,6
55611,8
55616,6
55618,7
55622,7
55623,8
55625,8
55636,8
55643,7
55650,2
55657,7
55658,6
55661,4
55665,3
55668,3
55673,1
55675,5
55677,8
55678,8
55688,6
55692,3
55695,8
55701,7
55703,3
55704,7
55706,5
55707,8
55709,3
55710,7
55713,6
55717,4
55725,4
55731,8
55735,6
55742,8
55744,8
55745,3
55746,8
55747,8
55748,7
55753,1
55754,7
55759,5
55763,8
55771,6
55776,5
55780,7
55784,8
55785,7
55790,5
55791,8
55792,8
55798,5
55800,7
55801,3
55806,8
55808,1
55810,7
55812,8
55818,8
55823,6
55834,8
55835,5
55838,3
55842,8
55843,8
55850,8
55853,8
55854,4
55855,7
55856,3
55857,8
55859,1
55860,3
55863,6
55865,7
55867,5
55872,5
55877,8
55879,5
55880,6
55884,3
55891,8
55892,6
55893,8
55906,5
55911,2
55912,6
55921,8
55929,8
55930,7
55931,8
55932,8
55942,8
55943,8
55944,7
55948,6
55951,5
55954,7
55957,5
55967,2
55968,1
55969,2
55976,3
55978,4
55982,1
55988,8
55993,7
55997,4
56001,6
56003,8
56004,6
56012,8
56015,1
56020,4
56022,8
56025,6
56026,6
56030,1
56035,1
56036,8
56044,7
56048,5
56050,3
56052,8
56053,7
56055,8
56057,7
56058,8
56064,8
56067,8
56068,8
56089,6
56091,5
56096,5
56104,8
56107,8
56111,6
56115,8
56118,7
56120,8
56126,8
56128,6
56130,7
56132,6
56133,1
56138,4
56146,6
56151,8
56155,1
56158,3
56159,8
56160,1
56161,2
56162,8
56164,6
56165,5
56168,8
56171,8
56176,8
56182,3
56183,8
56185,7
56186,8
56188,8
56189,6
56199,7
56201,4
56202,1
56207,1
56216,3
56218,2
56224,1
56227,6
56230,6
56233,8
56236,8
56238,6
56241,8
56242,6
56248,7
56253,7
56254,7
56257,8
56259,7
56260,8
56262,7
56264,5
56266,5
56268,7
56271,3
56278,7
56280,8
56281,8
56284,1
56285,3
56286,3
56287,5
56288,2
56289,6
56290,8
56300,7
56304,2
56311,7
56316,8
56328,6
56330,8
56332,8
56339,2
56343,1
56347,6
56348,6
56349,3
56354,7
56357,6
56368,6
56370,3
56371,8
56387,4
56392,7
56395,1
56397,6
56399,7
56404,1
56408,1
56410,6
56420,8
56423,8
56424,8
56428,6
56431,8
56433,5
56441,6
56442,7
56443,1
56447,7
56450,8
56451,8
56454,2
56457,1
56459,8
56461,8
56462,1
56463,8
56471,3
56480,1
56485,8
56489,6
56496,3
56497,4
56501,4
56512,6
56520,5
56522,8
56523,4
56527,8
56528,8
56529,1
56542,8
56543,5
56544,8
56545,4
56557,4
56561,1
56565,2
56567,5
56570,8
56577,8
56579,5
56581,8
56582,5
56586,2
56593,3
56594,8
56601,5
56604,6
56605,8
56611,6
56614,5
56619,6
56620,2
56624,6
56626,3
56627,4
56631,3
56632,6
56639,8
56642,5
56649,3
56658,7
56661,5
56662,7
56664,8
56665,7
56668,1
56680,8
56682,7
56684,2
56685,6
56686,6
56688,5
56692,6
56702,6
56709,6
56711,8
56712,1
56719,5
56722,5
56723,1
56724,4
56725,1
56731,2
56735,8
56750,4
56755,7
56762,3
56765,7
56767,4
56770,8
56771,7
56772,7
56773,3
56775,7
56785,6
56786,5
56788,8
56790,4
56793,1
56795,8
56797,8
56804,8
56809,8
56810,2
56819,7
56822,8
56823,8
56829,5
56833,2
56836,6
56842,3
56845,7
56846,8
56851,7
56853,8
56854,8
56857,5
56859,3
56866,5
56867,6
56868,1
56869,8
56872,7
56877,8
56880,8
56892,7
56899,5
56900,7
56910,8
56911,3
56915,4
56916,4
56918,8
56925,8
56929,1
56931,7
56932,8
56937,3
56945,2
56947,8
56948,6
56950,7
56954,1
56956,8
56959,6
56963,8
56965,5
56973,3
56975,8
56976,5
56977,3
56991,2
56995,1
57000,1
57004,1
57007,6
57011,6
57017,3
57018,8
57028,6
57038,7
57044,3
57050,8
57057,6
57058,8
57061,5
57064,7
57066,3
57069,8
57071,6
57072,5
57078,7
57080,6
57084,8
57091,8
57092,6
57095,5
57097,8
57108,5
57110,8
57112,5
57114,5
57116,7
57117,2
57118,8
57123,6
57124,8
57125,2
57126,3
57128,5
57130,3
57139,7
57140,8
57143,4
57149,6
57156,3
57157,6
57162,3
57163,2
57169,8
57170,8
57173,7
57177,8
57178,3
57184,5
57188,3
57193,5
57198,1
57201,8
57202,8
57218,1
57234,6
57243,8
57244,8
57246,6
57248,2
57256,8
57258,8
57279,3
57283,5
57293,5
57297,2
57312,8
57316,6
57319,3
57322,4
57323,1
57327,2
57332,6
57344,6
57345,8
57347,6
57352,8
57353,6
57356,3
57363,5
57366,5
57368,2
57369,6
57377,1
57379,4
57381,6
57388,7
57390,8
57399,1
57403,4
57405,3
57406,3
57411,8
57416,6
57422,6
57431,3
57435,3
57440,8
57442,6
57446,3
57450,8
57452,8
57453,5
57455,7
57458,1
57465,8
57468,8
57471,7
57474,3
57483,1
57485,1
57488,6
57489,3
57494,1
57497,8
57498,3
57500,3
57504,7
57510,7
57512,1
57515,8
57517,7
57519,8
57529,7
57530,7
57549,7
57552,8
57556,7
57559,2
57560,3
57562,8
57566,8
57577,8
57578,7
57579,8
57584,6
57588,3
57591,5
57592,3
57601,8
57603,8
57605,7
57606,7
57608,8
57611,6
57615,1
57618,7
57623,2
57627,6
57629,5
57630,7
57632,8
57635,2
57641,7
57642,5
57643,8
57645,5
57646,7
57653,6
57656,8
57669,7
57672,8
57675,8
57681,8
57692,8
57698,7
57699,8
57702,8
57703,4
57704,6
57706,3
57713,3
57714,1
57723,1
57725,7
57730,5
57737,8
57744,6
57745,8
57747,1
57750,8
57751,6
57752,6
57755,7
57760,6
57761,8
57764,2
57769,4
57770,8
57772,1
57774,7
57775,6
57776,6
57792,6
57795,6
57798,8
57799,4
57800,4
57801,6
57803,6
57811,8
57812,4
57813,4
57816,6
57822,8
57825,7
57828,1
57833,6
57838,1
57850,7
57854,8
57859,4
57869,4
57873,4
57878,8
57889,3
57891,8
57896,3
57898,8
57900,3
57904,8
57905,1
57914,1
57918,1
57921,8
57927,5
57930,3
57938,8
57939,8
57951,7
57958,3
57962,3
57963,8
57966,8
57975,7
57976,6
57982,8
57986,6
57987,7
57989,6
57993,6
57994,4
58003,6
58012,1
58016,3
58022,4
58026,8
58030,8
58037,7
58039,8
58045,3
58048,8
58051,8
58052,6
58054,8
58057,8
58058,7
58059,5
58060,8
58064,7
58074,1
58077,5
58083,7
58086,4
58090,3
58094,7
58101,7
58103,2
58104,6
58111,7
58112,8
58116,8
58117,8
58118,8
58124,7
58132,8
58136,8
58137,7
58142,1
58151,2
58156,3
58160,7
58162,8
58166,8
58170,3
58172,8
58176,5
58180,6
58185,8
58189,2
58192,1
58194,5
58196,3
58197,3
58198,8
58200,8
58202,8
58203,5
58217,8
58218,3
58219,4
58228,8
58238,2
58239,7
58241,3
58243,1
58251,8
58263,8
58264,6
58265,7
58266,8
58267,2
58270,7
58282,5
58283,4
58284,1
58285,7
58287,6
58291,2
58293,7
58294,1
58297,1
58300,1
58302,6
58304,4
58307,8
58308,6
58309,6
58312,8
58313,8
58314,6
58316,8
58322,8
58324,8
58325,8
58326,3
58328,6
58333,1
58334,5
58335,8
58338,8
58348,6
58351,5
58353,8
58354,3
58355,3
58357,8
58364,8
58368,3
58369,8
58380,7
58386,7
58389,7
58399,8
58401,6
58402,1
58407,8
58410,8
58411,5
58415,2
58416,5
58421,1
58433,6
58435,5
58436,8
58443,1
58446,5
58450,8
58451,6
58467,5
58469,6
58472,1
58485,5
58486,7
58487,8
58497,3
58507,6
58515,3
58526,6
58531,8
58533,7
58541,1
58542,5
58549,8
58551,8
58556,8
58557,6
58560,7
58565,8
58571,3
58576,6
58581,4
58583,8
58589,4
58591,5
58598,3
58605,7
58609,8
58611,6
58614,6
58615,8
58624,5
58628,8
58629,6
58633,8
58634,3
58641,6
58646,3
58649,2
58650,7
58654,8
58655,1
58658,8
58660,8
58664,1
58669,6
58672,1
58678,7
58680,7
58682,8
58683,3
58690,7
58693,7
58698,3
58702,8
58703,4
58705,8
58707,3
58709,6
58721,8
58723,6
58728,3
58729,3
58730,1
58731,7
58732,8
58733,7
58736,2
58739,7
58750,6
58752,8
58754,1
58756,4
58765,7
58774,8
58777,7
58780,6
58790,5
58795,2
58801,7
58802,5
58806,5
58810,8
58812,6
58814,1
58817,5
58818,4
58828,6
58841,7
58843,5
58845,3
58848,8
58854,6
58858,8
58861,8
58863,8
58864,6
58866,8
58879,8
58882,8
58892,3
58894,5
58899,1
58904,8
58906,3
58921,6
58925,3
58928,6
58934,7
58940,8
58943,7
58947,8
58952,7
58953,8
58955,8
58956,1
58965,3
58966,4
58969,8
58986,4
58992,6
59002,7
59006,8
59009,3
59010,8
59012,3
59016,8
59021,4
59029,8
59030,1
59034,8
59039,2
59040,8
59042,7
59045,8
59050,2
59052,6
59062,8
59063,2
59069,8
59071,5
59073,6
59081,8
59082,1
59084,1
59091,8
59092,2
59094,8
59098,8
59099,7
59103,8
59112,7
59114,8
59115,3
59122,8
59123,1
59124,6
59127,6
59128,3
59131,7
59132,6
59135,8
59147,6
59154,3
59163,3
59164,1
59173,8
59182,7
59186,8
59188,4
59189,3
59195,2
59198,7
59200,3
59203,8
59204,8
59209,8
59217,3
59227,3
59231,3
59233,5
59234,1
59241,1
59242,5
59244,6
59246,6
59252,3
59254,4
59256,6
59258,8
59260,4
59266,1
59268,5
59273,8
59276,4
59277,1
59290,6
59298,6
59299,8
59301,8
59302,8
59308,7
59309,2
59310,5
59313,8
59315,7
59323,8
59328,7
59340,8
59343,1
59346,6
59350,5
59358,6
59359,8
59362,5
59363,2
59371,5
59376,8
59378,3
59383,3
59385,5
59388,1
59400,3
59401,7
59405,7
59406,8
59410,6
59411,8
59413,2
59420,7
59421,8
59423,8
59432,6
59435,7
59438,4
59444,8
59445,8
59446,4
59448,7
59450,3
59453,8
59455,8
59459,6
59463,6
59464,8
59466,4
59475,8
59478,8
59483,5
59484,5
59485,7
59490,6
59493,7
59499,4
59501,7
59508,7
59517,3
59523,8
59524,7
59525,8
59531,6
59534,8
59537,8
59541,7
59551,8
59552,7
59554,6
59555,8
59557,7
59558,3
59559,7
59560,8
59568,3
59570,7
59571,5
59572,8
59587,8
59591,1
59592,8
59593,1
59601,3
59605,7
59607,5
59608,6
59610,8
59613,8
59614,7
59618,7
59620,8
59621,5
59627,5
59629,4
59636,6
59645,8
59650,7
59653,3
59655,1
59656,3
59660,6
59670,5
59671,6
59676,8
59684,4
59687,1
59690,8
59694,5
59695,8
59696,7
59702,3
59705,6
59708,4
59710,1
59716,8
59722,4
59723,4
59725,7
59729,4
59739,5
59741,6
59745,8
59746,8
59747,7
59749,6
59751,1
59754,3
59758,4
59764,4
59765,6
59768,8
59770,5
59773,8
59775,8
59776,7
59778,6
59782,5
59785,5
59787,8
59788,7
59790,6
59793,5
59795,8
59798,6
59800,1
59805,8
59817,7
59821,8
59825,7
59829,7
59833,6
59835,7
59836,8
59838,5
59846,6
59851,1
59852,5
59859,3
59862,5
59866,6
59869,8
59874,6
59881,2
59887,1
59888,1
59890,6
59899,6
59908,7
59910,7
59916,8
59924,7
59926,1
59934,6
59940,5
59941,8
59951,7
59952,8
59966,8
59969,6
59973,3
59983,7
59986,3
59988,6
59992,3
60001,6
60006,8
60009,2
60010,6
60016,4
60021,2
60023,8
60024,8
60025,8
60032,2
60033,7
60041,5
60044,8
60046,3
60047,5
60048,7
60049,6
60052,7
60056,8
60061,1
60064,8
60069,4
60072,7
60073,3
60074,7
60079,2
60080,6
60084,7
60094,6
60098,2
60102,8
60108,6
60112,8
60116,6
60117,7
60121,8
60124,6
60126,5
60128,6
60138,8
60139,6
60140,6
60143,6
60147,4
60149,7
60153,6
60157,6
60162,7
60163,5
60166,7
60185,6
60197,7
60200,1
60201,3
60202,6
60204,3
60205,6
60207,8
60219,5
60223,3
60227,7
60230,3
60238,4
60245,8
60257,7
60261,5
60263,6
60266,7
60270,4
60271,1
60278,5
60282,8
60285,8
60289,8
60291,2
60292,5
60295,1
60300,2
60302,8
60305,6
60309,8
60311,3
60314,8
60322,5
60326,6
60328,4
60329,3
60331,8
60332,8
60333,6
60338,7
60344,8
60347,5
60355,6
60356,6
60358,3
60359,5
60360,7
60361,1
60363,8
60365,1
60368,8
60371,7
60373,7
60377,3
60380,6
60381,3
60382,7
60389,8
60392,8
60393,1
60395,8
60399,8
60403,3
60410,4
60411,4
60413,6
60419,7
60421,6
60424,8
60432,3
60436,6
60437,7
60446,6
60450,8
60454,6
60461,3
60462,8
60464,6
60465,2
60469,1
60473,8
60474,7
60484,5
60485,3
60493,2
60494,5
60495,1
60497,4
60498,6
60499,6
60500,3
60501,8
60509,8
60513,1
60514,3
60516,8
60517,5
60521,8
60525,7
60530,5
60532,5
60537,8
60539,7
60540,3
60546,8
60549,5
60552,4
60553,8
60559,1
60564,6
60568,8
60581,8
60587,6
60588,8
60589,1
60596,3
60597,7
60600,1
60609,8
60615,4
60621,7
60627,6
60646,1
60647,8
60649,4
60654,4
60656,8
60660,8
60662,3
60666,8
60667,3
60673,7
60682,5
60689,6
60697,8
60699,8
60700,3
60706,6
60709,8
60710,8
60720,8
60721,3
60723,5
60728,8
60735,8
60738,8
60739,7
60742,8
60743,5
60746,8
60747,6
60748,8
60752,6
60756,6
60758,6
60759,8
60760,8
60761,5
60773,8
60775,8
60778,8
60779,3
60780,6
60786,4
60798,5
60802,6
60803,3
60810,8
60816,1
60824,3
60828,7
60829,8
60831,5
60834,7
60842,1
60843,2
60849,4
60859,1
60863,8
60864,5
60867,7
60869,8
60871,5
60872,5
60877,8
60878,8
60883,3
60886,7
60888,3
60892,4
60893,8
60894,6
60896,8
60900,4
60912,5
60913,4
60921,8
60926,1
60928,5
60935,7
60938,8
60944,3
60945,3
60946,3
60947,5
60949,5
60957,5
60960,7
60961,8
60967,8
60975,6
60983,5
60989,3
60992,6
60994,8
60999,8
61000,7
61002,8
61010,7
61014,6
61018,8
61020,7
61021,4
61025,8
61027,7
61028,2
61031,4
61033,7
61036,4
61037,1
61040,5
61044,4
61050,7
61051,8
61052,5
61053,7
61060,1
61065,8
61066,6
61072,7
61074,1
61077,3
61081,8
61082,8
61091,7
61092,5
61094,4
61095,2
61099,2
61107,8
61115,6
61123,3
61140,8
61142,4
61147,8
61154,3
61156,8
61159,7
61161,8
61166,3
61174,6
61175,6
61181,8
61183,4
61184,7
61190,1
61194,8
61196,7
61198,8
61200,6
61204,8
61219,1
61220,8
61221,8
61224,3
61227,7
61229,8
61230,8
61234,1
61235,1
61242,8
61243,5
61244,7
61246,7
61248,5
61258,5
61264,3
61274,5
61277,1
61280,1
61300,3
61306,8
61308,8
61312,8
61315,8
61319,8
61330,1
61338,5
61339,7
61347,7
61348,8
61349,8
61357,8
61358,7
61373,8
61374,1
61376,3
61378,7
61380,8
61385,6
61388,5
61397,7
61398,8
61409,5
61420,1
61424,6
61436,2
61437,8
61440,7
61443,6
61445,2
61446,8
61448,8
61450,5
61455,1
61456,7
61462,8
61463,7
61464,7
61472,8
61479,6
61485,4
61506,1
61507,8
61510,8
61511,4
61517,3
61519,3
61522,6
61523,5
61524,1
61534,5
61535,5
61542,5
61546,8
61548,8
61551,4
61555,7
61557,4
61560,7
61563,5
61567,8
61568,3
61569,7
61570,8
61576,2
61579,6
61580,8
61581,8
61583,4
61585,3
61586,6
61588,8
61606,6
61608,8
61612,3
61614,8
61618,2
61621,1
61628,1
61634,8
61638,3
61640,5
61646,8
61652,6
61653,6
61660,3
61665,1
61666,1
61669,4
61676,5
61693,3
61695,1
61696,3
61699,3
61700,3
61702,7
61716,2
61721,5
61725,2
61729,6
61733,7
61739,3
61740,6
61741,8
61743,8
61748,7
61749,1
61750,4
61753,7
61755,5
61757,4
61758,4
61762,5
61764,5
61765,5
61766,1
61769,8
61771,2
61775,8
61776,3
61779,8
61781,6
61792,8
61793,4
61795,7
61797,5
61799,6
61801,6
61810,3
61811,8
61814,8
61815,8
61816,8
61817,4
61818,1
61821,7
61825,1
61827,8
61833,8
61834,6
61839,8
61848,2
61850,4
61852,8
61858,6
61862,5
61874,6
61881,5
61897,6
61902,8
61904,1
61906,8
61912,3
61915,3
61917,8
61925,4
61926,8
61929,5
61932,6
61933,7
61934,3
61945,5
61947,8
61948,1
61952,4
61960,7
61963,4
61966,6
61969,3
61970,4
61971,7
61972,7
61974,6
61979,8
61985,6
61987,8
61989,8
61992,7
61998,2
61999,7
62003,4
62004,7
62005,8
62010,4
62012,4
62014,8
62018,8
62024,6
62030,1
62032,3
62034,8
62049,8
62052,6
62054,4
62055,8
62057,1
62059,5
62061,7
62065,1
62066,3
62067,3
62069,3
62077,8
62078,8
62087,3
62089,8
62091,4
62096,6
62102,8
62103,8
62104,8
62106,4
62107,4
62109,3
62110,5
62113,8
62114,3
62119,4
62120,8
62122,8
62123,8
62124,8
62125,7
62127,1
62142,1
62145,6
62148,8
62155,5
62158,3
62162,1
62165,4
62168,6
62172,8
62174,8
62178,8
62181,8
62193,8
62198,1
62209,7
62211,3
62212,8
62223,6
62233,8
62242,6
62244,5
62247,8
62248,6
62252,8
62254,6
62258,7
62265,6
62270,1
62271,4
62274,6
62283,8
62290,6
62293,5
62295,3
62297,8
62301,7
62304,4
62309,3
62312,5
62313,7
62319,7
62321,3
62330,8
62336,5
62337,4
62339,8
62343,3
62346,8
62350,7
62351,3
62353,8
62368,8
62370,6
62375,5
62381,2
62386,5
62389,8
62396,5
62400,7
62403,8
62408,6
62412,8
62413,7
62419,3
62427,8
62435,5
62436,8
62440,3
62443,7
62449,8
62451,8
62457,8
62458,8
62459,6
62460,7
62461,7
62462,3
62474,3
62478,1
62481,8
62484,7
62487,8
62492,8
62494,8
62495,8
62496,5
62505,4
62507,8
62511,4
62514,7
62518,4
62519,3
62521,2
62530,3
62531,5
62534,8
62539,1
62542,8
62544,8
62546,8
62547,7
62551,5
62555,4
62556,8
62557,8
62566,7
62567,1
62568,8
62572,5
62574,7
62575,5
62576,8
62577,3
62579,8
62580,6
62582,2
62584,3
62587,8
62594,8
62596,3
62597,7
62598,6
62604,7
62606,8
62607,8
62608,7
62612,8
62613,3
62614,7
62615,8
62623,7
62625,5
62626,5
62627,8
62628,8
62630,2
62631,7
62634,4
62635,8
62638,6
62639,7
62641,8
62645,8
62653,3
62657,4
62659,5
62660,2
62665,5
62668,7
62669,1
62671,6
62676,8
62677,8
62685,6
62689,8
62701,4
62705,4
62706,7
62708,5
62712,6
62716,1
62719,6
62723,8
62729,7
62731,6
62738,1
62741,1
62742,1
62743,7
62748,3
62751,5
62755,4
62756,6
62760,7
62761,3
62768,2
62769,1
62773,1
62780,1
62785,3
62788,6
62795,8
62798,5
62802,6
62803,8
62805,8
62812,6
62825,7
62828,8
62830,5
62832,8
62834,6
62840,1
62843,7
62846,8
62848,8
62851,1
62852,3
62853,7
62858,6
62859,5
62860,3
62862,8
62866,8
62869,8
62874,6
62876,8
62878,3
62883,8
62887,3
62893,1
62894,8
62899,8
62903,8
62909,8
62916,8
62919,4
62932,8
62936,5
62938,8
62940,8
62946,8
62947,1
62956,3
62959,8
62965,4
62968,8
62971,2
62976,8
62989,8
62997,7
62999,8
63002,1
63007,8
63008,8
63030,6
63033,5
63034,4
63039,5
63044,4
63049,4
63051,7
63052,8
63056,8
63057,2
63063,8
63064,5
63066,8
63075,8
63078,8
63084,6
63093,6
63094,8
63095,5
63099,8
63105,8
63107,8
63108,7
63109,4
63113,8
63120,4
63122,3
63123,8
63125,5
63126,3
63135,8
63139,8
63145,7
63146,1
63149,8
63151,7
63160,1
63165,1
63168,8
63170,8
63171,1
63174,5
63177,7
63186,3
63190,1
63191,8
63192,8
63195,7
63198,8
63206,4
63209,3
63214,8
63218,8
63220,7
63221,6
63222,1
63223,8
63224,5
63228,3
63231,3
63235,8
63238,3
63242,3
63246,8
63252,6
63253,8
63259,6
63260,3
63261,6
63262,7
63265,8
63268,7
63269,5
63270,8
63275,8
63276,5
63280,3
63285,4
63291,7
63293,8
63295,7
63298,7
63299,4
63308,7
63309,6
63310,5
63312,3
63319,2
63320,6
63327,1
63328,7
63336,7
63337,8
63338,3
63341,8
63344,8
63356,8
63361,4
63365,5
63367,4
63370,8
63375,6
63376,8
63379,8
63380,8
63386,8
63396,5
63402,7
63405,8
63406,5
63409,5
63413,8
63415,3
63419,8
63423,7
63425,5
63426,6
63427,5
63428,5
63434,7
63436,8
63437,8
63441,4
63442,8
63443,8
63448,8
63449,4
63450,6
63452,4
63458,7
63463,1
63465,1
63471,3
63473,2
63478,7
63482,7
63485,1
63489,6
63491,8
63492,8
63497,8
63498,1
63500,5
63502,5
63505,8
63512,8
63515,1
63519,8
63527,2
63533,5
63543,6
63544,3
63547,8
63553,7
63555,2
63556,8
63557,5
63562,8
63567,3
63568,6
63570,2
63571,5
63574,6
63576,5
63586,4
63590,8
63595,8
63596,7
63600,8
63603,5
63610,7
63617,2
63630,6
63633,8
63641,8
63646,4
63658,3
63663,8
63665,6
63666,8
63667,8
63668,8
63670,8
63674,8
63677,7
63686,7
63689,7
63691,2
63695,5
63710,5
63713,8
63714,5
63715,6
63722,7
63724,1
63725,7
63731,5
63732,7
63734,8
63736,5
63737,5
63739,8
63755,7
63756,8
63763,3
63767,6
63772,3
63781,8
63783,8
63788,1
63797,1
63801,4
63804,6
63807,5
63811,8
63812,1
63815,8
63816,4
63830,1
63834,3
63837,3
63845,2
63847,8
63848,5
63849,5
63855,5
63857,5
63860,2
63869,7
63874,8
63875,5
63878,7
63879,3
63880,7
63890,8
63892,3
63893,7
63897,7
63901,5
63902,6
63912,7
63918,7
63927,7
63930,5
63935,6
63936,6
63939,8
63941,7
63945,6
63960,4
63961,6
63963,2
63970,3
63972,2
63974,5
63989,8
63996,8
63999,2
64006,8
64008,7
64009,8
64017,8
64027,6
64028,3
64033,2
64036,6
64037,6
64041,8
64042,8
64045,8
64050,7
64052,6
64055,3
64058,1
64059,6
64066,8
64070,6
64077,8
64083,8
64084,8
64088,8
64091,8
64093,3
64095,7
64096,1
64098,8
64099,3
64100,1
64102,1
64103,1
64107,3
64110,8
64113,7
64118,5
64127,1
64134,8
64144,8
64147,6
64149,7
64153,1
64157,2
64158,4
64168,8
64169,7
64173,8
64178,7
64181,7
64186,4
64196,5
64197,4
64198,5
64208,8
64209,8
64211,8
64218,7
64219,5
64229,4
64230,3
64243,1
64246,8
64252,8
64257,8
64258,3
64261,7
64265,1
64274,6
64276,8
64279,8
64281,8
64296,3
64297,5
64302,5
64303,7
64307,7
64309,3
64310,8
64312,3
64313,4
64314,3
64322,8
64331,3
64337,8
64341,8
64353,8
64354,8
64357,8
64366,1
64377,1
64379,1
64382,8
64388,5
64394,8
64399,4
64400,8
64403,6
64404,4
64407,5
64412,5
64414,3
64415,6
64418,6
64419,3
64421,1
64426,8
64429,7
64438,7
64440,8
64454,7
64455,4
64459,5
64461,4
64467,6
64471,7
64473,8
64477,6
64479,8
64487,8
64497,7
64498,8
64500,1
64504,1
64507,8
64513,6
64514,8
64518,4
64519,6
64521,7
64524,8
64528,5
64533,8
64534,8
64536,8
64547,6
64549,7
64564,8
64565,7
64569,8
64576,8
64581,8
64582,3
64590,8
64600,7
64602,6
64606,1
64609,8
64610,3
64615,5
64617,8
64618,7
64622,6
64625,5
64627,5
64628,6
64630,5
64648,7
64650,2
64651,8
64653,6
64658,4
64664,5
64670,4
64676,3
64679,6
64686,3
64689,7
64696,5
64705,8
64706,1
64720,8
64722,8
64723,8
64729,8
64739,1
64749,7
64751,7
64757,1
64758,1
64767,8
64768,7
64779,7
64781,5
64782,7
64783,6
64784,8
64785,8
64788,3
64793,7
64796,6
64800,3
64801,3
64802,6
64816,8
64817,7
64823,2
64827,5
64832,4
64841,3
64843,6
64848,6
64849,8
64850,3
64853,3
64857,8
64864,7
64865,6
64866,7
64875,7
64880,4
64881,1
64884,5
64887,3
64893,5
64894,1
64901,1
64902,8
64905,7
64908,8
64918,6
64923,8
64925,8
64932,3
64934,5
64936,7
64938,8
64939,7
64941,5
64944,3
64951,5
64955,5
64957,4
64961,3
64965,5
64966,5
64970,8
64971,7
64975,8
64982,8
64985,1
64986,3
64987,5
64988,8
64997,7
64999,6
65000,8
65002,7
65003,7
65004,7
65008,2
65009,7
65011,8
65028,5
65032,5
65035,1
65036,3
65038,5
65043,3
65047,1
65051,8
65055,8
65061,5
65063,5
65067,3
65068,8
65071,1
65073,3
65074,7
65076,8
65077,7
65082,5
65084,5
65086,8
65087,3
65096,8
65103,4
65105,8
65107,6
65109,8
65111,6
65113,7
65114,8
65117,8
65123,1
65124,8
65131,3
65135,8
65137,3
65143,8
65144,7
65149,6
65151,8
65152,8
65154,6
65157,8
65158,5
65162,7
65168,8
65169,8
65170,8
65172,7
65177,4
65178,8
65180,3
65188,8
65189,8
65191,5
65193,7
65194,8
65197,6
65202,8
65204,8
65220,2
65221,5
65222,6
65225,1
65229,7
65230,7
65231,4
65234,8
65242,3
65250,3
65255,4
65258,5
65269,8
65273,5
65276,8
65288,5
65294,4
65298,6
65303,8
65308,5
65317,8
65319,1
65320,7
65323,3
65324,6
65327,7
65329,3
65331,7
65332,8
65333,7
65336,6
65339,7
65341,8
65342,7
65346,8
65352,1
65356,7
65357,8
65359,6
65360,6
65363,2
65365,1
65374,6
65378,8
65381,8
65391,6
65394,8
65395,7
65400,8
65402,5
65409,7
65411,7
65417,1
65422,4
65423,6
65430,4
65434,5
65437,1
65438,3
65439,4
65441,8
65442,6
65443,7
65452,5
65455,6
65456,7
65459,2
65461,2
65463,6
65465,1
65477,7
65481,8
65482,1
65484,8
65486,7
65488,3
65489,8
65491,6
65495,8
65503,8
65509,3
65510,8
65511,7
65516,5
65519,1
65530,8
65546,7
65549,5
65550,8
65556,8
65559,4
65563,5
65564,7
65568,3
65570,1
65573,1
65582,3
65589,6
65594,8
65596,5
65602,6
65604,6
65615,8
65618,7
65621,6
65626,8
65627,5
65629,8
65631,3
65641,7
65648,8
65651,3
65652,8
65654,6
65664,8
65666,1
65672,5
65675,1
65676,7
65683,8
65686,6
65690,6
65691,8
65699,6
65703,4
65704,3
65705,3
65713,3
65724,6
65725,8
65733,5
65738,8
65739,5
65741,7
65749,8
65751,7
65752,6
65759,8
65765,7
65768,7
65770,1
65772,7
65782,3
65783,4
65789,8
65792,6
65796,8
65807,5
65815,7
65818,7
65819,3
65822,7
65829,1
65830,8
65831,5
65832,8
65837,1
65838,1
65840,5
65842,8
65844,2
65851,8
65856,6
65862,2
65866,5
65868,7
65869,1
65877,8
65880,8
65884,4
65886,7
65888,1
65892,8
65893,8
65897,8
65903,1
65904,7
65906,8
65908,5
65910,3
65914,3
65916,7
65923,2
65936,6
65945,2
65950,5
65953,7
65954,5
65955,8
65957,8
65967,8
65973,8
65976,1
65977,7
65980,6
65985,3
65987,5
65992,5
65997,8
65998,3
66006,4
66007,6
66011,5
66012,8
66014,6
66017,3
66018,1
66019,5
66020,3
66023,7
66024,8
66025,1
66030,1
66033,7
66040,7
66047,6
66050,4
66052,8
66058,5
66062,7
66067,8
66070,1
66074,6
66075,1
66078,8
66082,5
66086,6
66091,8
66096,5
66100,5
66109,6
66112,4
66113,8
66114,7
66118,8
66123,5
66130,8
66141,5
66142,6
66149,8
66151,8
66152,5
66155,1
66162,8
66164,8
66166,6
66167,8
66168,5
66170,8
66173,7
66179,8
66183,8
66188,8
66193,8
66194,8
66195,8
66196,1
66198,1
66205,1
66210,3
66220,7
66221,3
66222,8
66228,6
66231,6
66233,3
66234,2
66235,3
66237,2
66242,6
66245,7
66246,8
66248,6
66251,6
66255,4
66261,3
66262,3
66263,7
66266,1
66279,8
66292,4
66293,8
66295,6
66298,6
66302,4
66303,1
66307,3
66318,8
66319,6
66349,8
66352,4
66357,3
66358,1
66359,4
66360,7
66364,6
66365,5
66368,6
66376,7
66380,8
66384,7
66393,1
66394,6
66404,8
66406,8
66408,3
66409,6
66410,8
66412,8
66428,5
66434,5
66435,5
66442,4
66445,7
66451,7
66453,7
66455,8
66457,8
66461,4
66465,8
66470,6
66474,8
66484,7
66489,6
66492,1
66496,7
66498,5
66504,8
66506,8
66508,8
66514,8
66519,6
66523,8
66527,1
66533,8
66535,7
66539,8
66547,1
66552,6
66560,2
66564,8
66571,4
66574,5
66576,3
66578,2
66579,4
66580,8
66582,8
66586,3
66596,2
66600,7
66604,8
66617,8
66620,8
66622,6
66624,6
66630,7
66631,7
66633,3
66636,1
66639,7
66643,5
66657,2
66658,6
66663,5
66665,8
66666,1
66671,1
66675,8
66679,3
66680,6
66697,6
66704,7
66705,8
66708,5
66734,7
66735,8
66738,5
66741,8
66747,8
66748,6
66749,3
66750,6
66751,8
66754,1
66756,3
66764,6
66766,1
66767,8
66769,6
66771,7
66773,4
66778,4
66782,3
66794,8
66801,8
66808,5
66815,5
66825,5
66829,6
66832,1
66845,6
66848,8
66853,4
66860,4
66866,5
66875,6
66879,7
66882,6
66887,8
66889,8
66896,8
66903,3
66906,3
66911,6
66912,3
66913,3
66914,8
66915,5
66918,6
66924,7
66925,8
66932,7
66936,6
66939,8
66940,6
66944,8
66957,8
66958,5
66961,7
66969,8
66970,8
66973,8
66975,1
66976,6
66980,1
66985,8
66986,8
66992,8
66995,7
66996,3
66999,8
67000,8
67009,8
67011,8
67012,3
67022,7
67026,5
67029,7
67035,7
67046,8
67047,7
67050,7
67053,5
67062,3
67063,8
67065,6
67066,1
67072,6
67076,8
67081,3
67083,8
67085,8
67086,8
67090,7
67097,3
67099,7
67100,5
67102,7
67110,3
67120,8
67121,4
67122,8
67132,1
67144,8
67147,8
67155,5
67161,6
67162,6
67167,3
67169,3
67172,2
67174,3
67177,5
67185,7
67187,8
67197,3
67210,8
67212,8
67215,3
67218,8
67220,1
67222,8
67223,8
67234,5
67239,6
67240,7
67241,7
67246,8
67249,1
67252,4
67253,8
67257,6
67258,3
67261,4
67267,6
67274,7
67280,4
67282,6
67286,6
67288,1
67292,8
67300,7
67301,8
67304,7
67316,7
67320,7
67323,8
67329,7
67330,8
67332,8
67334,8
67335,6
67338,7
67344,6
67346,4
67348,7
67351,7
67352,8
67360,7
67373,1
67374,8
67377,8
67379,6
67380,8
67385,8
67387,2
67397,8
67398,6
67401,8
67404,8
67408,5
67419,8
67430,8
67437,7
67440,8
67444,6
67453,8
67455,7
67465,4
67468,4
67472,7
67478,8
67479,4
67497,2
67507,2
67530,8
67532,6
67537,7
67540,7
67541,8
67550,1
67560,8
67564,1
67570,6
67572,8
67576,3
67585,7
67587,8
67594,8
67597,8
67598,3
67600,6
67601,8
67608,8
67614,6
67615,7
67617,1
67618,5
67620,1
67622,8
67625,3
67628,3
67629,8
67638,7
67641,8
67644,5
67650,3
67652,1
67653,8
67660,8
67661,8
67666,5
67667,5
67669,1
67670,5
67671,2
67682,5
67684,7
67690,6
67701,7
67704,8
67705,3
67714,8
67716,2
67720,5
67723,3
67724,8
67725,5
67727,6
67736,7
67738,1
67741,3
67744,7
67746,7
67748,8
67751,7
67758,5
67769,3
67778,8
67781,6
67797,3
67798,7
67801,1
67803,5
67805,7
67810,2
67811,8
67813,8
67820,8
67823,6
67824,7
67827,1
67834,4
67835,8
67838,8
67839,3
67840,8
67841,8
67843,7
67845,5
67847,8
67853,8
67855,5
67861,8
67862,5
67863,8
67866,7
67868,6
67878,4
67885,5
67887,7
67890,1
67891,6
67896,8
67899,5
67910,8
67914,2
67915,8
67919,3
67922,1
67925,5
67926,1
67929,6
67931,4
67932,2
67933,8
67934,1
67940,1
67941,5
67942,8
67943,8
67945,8
67946,7
67948,8
67956,4
67958,4
67960,6
67963,6
67964,8
67965,5
67966,1
67967,3
67977,2
67983,4
67985,1
68007,8
68009,1
68011,5
68012,8
68017,5
68018,1
68019,7
68022,6
68023,6
68028,8
68033,7
68034,6
68041,7
68044,3
68051,8
68062,5
68065,6
68069,8
68070,3
68074,8
68078,2
68085,7
68087,6
68090,8
68092,7
68099,7
68101,2
68110,2
68112,5
68113,3
68115,8
68125,8
68126,5
68129,8
68136,6
68139,8
68141,8
68146,1
68152,3
68160,8
68161,6
68162,3
68163,6
68168,7
68174,7
68176,8
68186,6
68189,4
68195,7
68196,2
68200,8
68202,8
68207,8
68213,8
68219,8
68221,5
68231,8
68234,6
68235,6
68239,7
68241,6
68244,2
68249,5
68252,8
68260,6
68264,7
68267,5
68273,3
68276,5
68279,7
68281,8
68289,8
68290,8
68294,5
68298,2
68307,7
68311,3
68315,6
68318,1
68320,7
68322,8
68324,8
68327,7
68333,6
68334,8
68336,8
68337,5
68347,6
68356,2
68360,8
68363,6
68364,6
68374,7
68377,4
68380,7
68382,8
68383,6
68386,4
68388,2
68389,7
68396,4
68405,8
68412,3
68422,4
68423,4
68429,2
68437,8
68445,5
68449,5
68455,3
68458,6
68466,2
68469,6
68479,8
68480,6
68485,4
68494,6
68496,7
68499,8
68509,1
68513,6
68521,5
68524,5
68533,3
68536,5
68537,3
68542,8
68544,3
68546,7
68549,8
68556,3
68557,8
68559,8
68562,8
68563,3
68567,8
68571,8
68572,8
68575,8
68576,8
68577,6
68580,8
68581,2
68587,2
68590,6
68597,8
68603,5
68605,7
68611,6
68614,3
68618,7
68630,1
68636,8
68637,1
68639,7
68646,1
68648,3
68653,6
68655,7
68657,8
68676,8
68679,8
68684,5
68701,5
68703,2
68704,5
68711,3
68716,8
68718,3
68723,8
68729,8
68731,8
68732,1
68740,3
68753,4
68754,1
68762,5
68770,6
68771,7
68773,6
68781,5
68782,8
68785,8
68789,8
68791,6
68792,7
68796,8
68808,5
68810,5
68812,7
68820,8
68821,6
68824,7
68825,2
68832,6
68838,6
68839,5
68840,1
68841,7
68848,4
68849,1
68852,6
68854,1
68855,6
68857,7
68858,6
68863,8
68864,8
68865,8
68867,7
68871,8
68874,5
68875,6
68878,8
68881,8
68894,3
68895,1
68902,8
68908,8
68911,8
68914,6
68916,7
68918,3
68919,5
68920,2
68940,3
68947,6
68948,8
68961,3
68962,7
68969,7
68973,7
68976,4
68985,8
68986,8
68987,5
68993,8
68996,8
69004,4
69005,8
69010,8
69011,3
69012,5
69013,7
69015,6
69024,3
69029,8
69030,8
69031,3
69033,8
69037,7
69039,3
69040,5
69045,4
69046,6
69048,6
69052,1
69060,8
69062,8
69064,6
69065,1
69071,1
69078,8
69080,1
69089,6
69094,3
69095,3
69097,4
69100,6
69108,7
69116,5
69119,7
69122,5
69128,4
69130,7
69135,8
69139,7
69143,5
69146,2
69151,8
69161,8
69163,1
69167,6
69168,8
69170,3
69173,8
69181,8
69184,5
69191,4
69194,5
69195,8
69197,8
69201,4
69204,6
69213,6
69217,8
69219,7
69242,7
69251,8
69254,5
69255,7
69268,5
69270,7
69273,8
69279,8
69280,8
69281,8
69289,7
69293,6
69294,3
69295,8
69297,8
69307,6
69308,8
69315,6
69316,8
69319,8
69323,8
69337,6
69338,7
69343,4
69344,8
69346,8
69350,8
69361,6
69368,7
69376,8
69378,8
69379,6
69382,8
69383,4
69384,7
69385,8
69386,7
69392,4
69393,6
69394,3
69402,3
69404,5
69407,1
69408,6
69410,4
69419,7
69422,8
69423,5
69425,6
69430,8
69434,3
69448,7
69452,8
69462,1
69467,8
69476,7
69481,8
69486,8
69488,7
69493,3
69494,7
69495,6
69514,7
69517,7
69518,5
69521,6
69524,5
69526,4
69528,4
69538,6
69539,7
69542,8
69544,8
69546,3
69547,8
69560,6
69565,6
69566,8
69567,8
69571,8
69575,6
69587,7
69590,2
69591,4
69595,5
69596,7
69598,7
69599,7
69603,8
69605,8
69615,8
69617,8
69623,8
69624,7
69636,8
69640,8
69645,1
69649,1
69653,5
69656,5
69661,6
69663,6
69670,5
69674,8
69676,6
69677,8
69684,4
69692,6
69702,3
69704,8
69706,4
69713,8
69715,5
69717,8
69720,1
69722,2
69724,1
69736,8
69738,8
69740,8
69744,8
69748,3
69751,6
69756,7
69758,8
69766,1
69768,8
69769,8
69777,7
69779,8
69781,8
69789,7
69795,8
69809,8
69810,8
69813,8
69814,6
69820,6
69826,8
69827,8
69829,8
69830,3
69832,6
69844,7
69845,7
69847,8
69853,8
69855,3
69861,2
69867,6
69868,8
69870,2
69872,2
69875,3
69879,8
69890,6
69895,4
69900,5
69903,6
69904,6
69905,7
69907,8
69910,3
69912,1
69913,3
69914,7
69915,7
69918,8
69921,8
69925,8
69929,6
69932,2
69933,7
69934,5
69937,6
69938,8
69941,8
69947,1
69954,3
69957,5
69958,6
69975,3
69982,7
69985,8
69990,8
69992,2
69993,8
69996,8
69997,8
70013,1
70015,2
70016,2
70018,5
70024,4
70025,3
70032,8
70034,3
70045,7
70048,3
70051,6
70065,4
70066,4
70070,6
70075,5
70085,7
70093,8
70098,2
70102,4
70104,3
70112,6
70118,3
70123,3
70127,7
70133,8
70137,7
70140,3
70141,6
70146,3
70151,8
70156,8
70161,6
70162,3
70166,1
70180,6
70182,7
70187,5
70192,5
70211,1
70219,8
70220,6
70228,8
70231,5
70234,5
70238,1
70241,2
70247,8
70251,8
70252,7
70256,8
70257,8
70260,1
70265,8
70267,8
70268,8
70269,8
70274,6
70277,6
70283,2
70294,6
70304,8
70306,4
70309,8
70312,7
70313,8
70327,1
70331,4
70333,1
70334,8
70337,7
70341,8
70342,7
70343,1
70345,6
70346,3
70347,4
70348,7
70349,7
70350,8
70353,8
70354,6
70355,7
70356,7
70360,1
70362,8
70364,6
70372,5
70377,8
70378,1
70381,8
70382,5
70384,6
70392,5
70393,8
70400,8
70408,8
70410,5
70414,8
70415,1
70416,5
70418,2
70432,3
70434,8
70437,8
70439,6
70445,1
70448,4
70452,8
70454,7
70456,7
70457,5
70461,8
70468,8
70469,7
70475,5
70481,6
70483,8
70489,2
70490,6
70491,6
70492,7
70496,6
70499,8
70502,8
70506,4
70507,2
70511,7
70512,8
70513,3
70523,1
70528,7
70530,8
70537,2
70540,8
70541,6
70542,5
70545,8
70547,5
70548,8
70555,1
70559,7
70566,2
70570,8
70571,8
70581,5
70582,8
70583,1
70586,8
70587,3
70594,3
70596,8
70606,4
70607,7
70608,8
70614,2
70619,6
70620,5
70625,7
70628,3
70631,7
70640,1
70641,8
70642,6
70643,8
70649,6
70650,3
70652,7
70655,7
70661,8
70664,3
70666,8
70671,2
70688,8
70689,4
70690,8
70696,5
70697,7
70701,3
70709,8
70713,7
70714,7
70715,8
70721,1
70722,8
70726,6
70732,2
70733,7
70737,7
70745,6
70755,8
70758,3
70765,8
70768,3
70770,4
70772,5
70774,7
70777,3
70783,8
70787,3
70795,4
70796,8
70808,1
70810,1
70811,6
70812,6
70814,7
70816,4
70822,8
70830,3
70839,7
70841,2
70844,7
70855,1
70856,4
70861,5
70863,5
70866,5
70869,7
70871,8
70879,2
70880,4
70887,3
70888,8
70901,4
70902,7
70903,8
70911,5
70912,8
70917,5
70919,3
70923,4
70925,8
70942,7
70945,3
70949,8
70951,8
70959,4
70960,8
70966,1
70969,7
70970,8
70975,8
70983,7
70984,8
70995,2
70997,1
70998,8
71004,4
71012,5
71016,7
71021,1
71022,8
71024,5
71025,1
71027,1
71040,6
71047,6
71048,3
71052,7
71057,5
71058,1
71059,3
71065,8
71066,8
71069,3
71077,8
71078,7
71079,8
71082,1
71083,4
71089,8
71093,6
71113,8
71114,8
71116,6
71119,1
71121,2
71124,8
71127,7
71131,4
71137,8
71147,8
71149,2
71151,5
71163,8
71167,4
71173,6
71175,3
71177,4
71178,3
71180,8
71186,8
71189,8
71190,8
71194,7
71202,8
71204,6
71209,7
71211,5
71216,8
71222,8
71223,1
71224,4
71232,6
71235,4
71243,8
71245,5
71248,5
71253,4
71256,5
71267,7
71270,8
71275,8
71281,7
71284,6
71292,8
71296,8
71297,8
71300,5
71301,8
71304,8
71305,1
71308,8
71312,7
71313,4
71319,8
71320,7
71321,5
71324,1
71333,3
71337,6
71339,1
71342,8
71344,8
71346,5
71356,6
71371,7
71372,1
71381,1
71382,2
71384,8
71394,7
71396,2
71407,7
71409,4
71411,8
71414,3
71415,8
71420,8
71425,8
71430,3
71441,6
71449,7
71457,8
71458,7
71460,3
71461,5
71463,5
71465,8
71466,8
71468,8
71470,1
71472,4
71473,8
71477,7
71485,7
71490,7
71494,8
71505,1
71510,8
71513,8
71515,8
71520,2
71527,8
71530,8
71533,7
71534,3
71537,8
71539,6
71550,6
71556,8
71558,3
71574,6
71579,7
71588,4
71589,1
71592,4
71595,5
71599,2
71604,8
71605,7
71606,1
71609,3
71616,8
71617,8
71620,5
71622,3
71625,3
71626,7
71629,1
71634,6
71636,7
71641,7
71644,6
71648,7
71651,3
71653,6
71654,3
71657,8
71660,8
71661,8
71662,4
71664,5
71665,7
71671,1
71674,3
71687,2
71689,8
71690,1
71691,8
71692,7
71697,8
71704,6
71707,1
71709,3
71710,6
71712,6
71719,8
71723,5
71726,7
71727,5
71731,5
71733,6
71744,4
71746,4
71749,2
71753,8
71754,6
71755,1
71759,8
71760,8
71772,3
71773,8
71775,8
71778,8
71779,8
71782,3
71790,4
71793,7
71797,2
71798,4
71799,7
71818,3
71819,5
71825,5
71831,3
71832,7
71833,1
71836,5
71837,8
71838,6
71844,2
71846,3
71847,8
71852,8
71855,8
71858,8
71862,8
71864,4
71867,2
71877,7
71878,3
71882,8
71885,8
71886,3
71888,8
71890,8
71891,3
71892,5
71897,6
71898,5
71902,4
71911,8
71920,5
71926,6
71928,5
71946,5
71956,5
71958,6
71959,8
71960,5
71968,3
71972,7
71977,1
71982,1
71983,5
71984,7
71997,5
71998,3
72001,8
72004,8
72005,7
72008,8
72015,7
72021,6
72022,6
72025,8
72026,8
72031,6
72037,3
72040,7
72041,8
72043,8
72046,8
72049,8
72053,8
72055,8
72057,8
72068,4
72071,1
72075,3
72084,8
72088,7
72089,1
72094,8
72095,4
72101,6
72105,6
72106,5
72110,5
72111,6
72112,7
72120,5
72121,8
72122,7
72134,7
72143,7
72144,8
72145,6
72146,7
72152,7
72154,2
72159,7
72160,8
72162,2
72164,4
72167,6
72171,5
72176,5
72178,4
72182,8
72186,5
72187,1
72190,4
72194,4
72196,8
72202,1
72206,4
72217,6
72220,3
72221,3
72222,6
72223,8
72225,5
72230,7
72234,8
72236,8
72239,8
72243,5
72244,8
72245,8
72247,1
72249,8
72256,7
72257,2
72258,2
72259,5
72260,8
72263,1
72268,6
72271,5
72276,8
72279,3
72280,8
72284,1
72287,8
72290,5
72310,1
72311,7
72320,7
72321,3
72336,6
72344,8
72346,3
72350,7
72355,1
72357,6
72359,8
72360,8
72366,8
72368,2
72369,5
72374,4
72379,5
72380,6
72385,5
72386,3
72390,2
72391,3
72392,7
72399,6
72401,8
72404,6
72412,3
72420,5
72422,1
72425,3
72429,2
72432,5
72442,8
72445,6
72455,6
72456,7
72457,1
72462,5
72464,7
72469,1
72474,5
72485,5
72489,5
72493,6
72504,8
72505,8
72506,8
72510,5
72515,8
72516,2
72518,2
72519,7
72520,8
72524,8
72536,6
72548,8
72552,8
72554,2
72557,1
72558,4
72559,4
72566,1
72570,3
72571,2
72590,8
72595,3
72608,1
72619,7
72622,8
72623,8
72625,8
72628,4
72629,6
72630,8
72631,7
72633,3
72636,8
72645,8
72647,7
72650,8
72651,8
72657,6
72659,8
72665,1
72667,3
72670,3
72673,4
72674,8
72675,2
72677,7
72683,3
72684,1
72693,8
72706,3
72711,8
72714,7
72716,5
72721,4
72723,6
72725,8
72728,2
72732,8
72734,5
72739,7
72744,8
72747,8
72751,5
72752,7
72757,3
72759,1
72761,7
72770,5
72771,2
72777,7
72780,8
72781,2
72784,8
72791,5
72797,6
72800,8
72823,3
72827,6
72828,8
72830,5
72832,8
72833,4
72843,2
72848,7
72849,3
72850,8
72856,8
72860,1
72863,1
72867,7
72876,3
72879,5
72897,6
72900,8
72902,5
72905,4
72906,6
72908,7
72909,8
72914,5
72915,3
72917,8
72920,7
72922,4
72925,4
72936,6
72938,1
72942,1
72943,8
72947,6
72949,5
72952,3
72956,5
72960,4
72964,6
72969,8
72971,1
72972,6
72975,8
72979,8
72982,3
72985,8
72993,8
72997,3
73000,2
73005,8
73008,8
73018,6
73022,7
73029,6
73032,8
73034,8
73039,3
73042,6
73043,8
73045,8
73047,8
73050,6
73052,3
73053,1
73056,5
73059,6
73060,5
73063,5
73065,6
73069,5
73074,5
73079,3
73081,1
73084,4
73086,2
73087,6
73090,8
73091,8
73092,5
73095,8
73100,5
73101,1
73107,3
73110,5
73111,3
73113,6
73119,3
73120,3
73125,7
73126,7
73130,7
73137,5
73138,6
73140,8
73143,3
73145,3
73148,7
73154,1
73167,6
73169,4
73172,5
73182,8
73183,6
73184,8
73190,8
73191,1
73193,8
73196,8
73201,5
73202,6
73204,8
73215,6
73218,4
73220,4
73221,2
73234,8
73239,6
73241,3
73244,2
73245,8
73248,8
73250,6
73253,1
73254,3
73255,7
73258,8
73259,4
73264,8
73265,5
73275,8
73277,6
73281,8
73282,8
73283,6
73286,6
73287,5
73292,8
73299,7
73302,8
73314,7
73316,8
73322,8
73326,1
73330,8
73331,3
73339,6
73348,8
73349,8
73352,7
73356,1
73364,3
73365,7
73370,8
73371,7
73383,8
73387,7
73389,5
73392,2
73394,4
73401,6
73412,8
73415,3
73417,5
73422,5
73427,5
73440,5
73443,4
73454,3
73457,7
73462,6
73465,5
73472,8
73475,8
73478,7
73485,2
73490,3
73497,8
73499,8
73505,8
73511,3
73517,8
73529,8
73531,7
73533,7
73540,7
73541,6
73550,3
73556,8
73560,7
73568,7
73572,8
73577,5
73584,1
73585,5
73591,8
73595,7
73596,3
73597,7
73599,6
73605,8
73610,5
73611,7
73613,7
73622,7
73628,8
73634,1
73646,8
73649,4
73651,6
73661,1
73662,6
73667,7
73675,8
73677,8
73682,7
73683,6
73684,8
73688,4
73691,6
73696,7
73701,4
73705,8
73709,4
73711,3
73712,5
73718,8
73719,5
73720,8
73722,3
73723,6
73724,7
73725,7
73728,5
73729,6
73730,3
73731,8
73733,8
73735,8
73743,5
73744,4
73750,8
73751,1
73753,1
73754,2
73756,2
73759,5
73761,8
73767,7
73768,8
73771,1
73773,6
73778,8
73781,8
73782,3
73786,1
73793,4
73796,7
73805,3
73807,7
73808,8
73811,4
73816,8
73818,3
73820,7
73827,6
73831,1
73840,5
73841,8
73854,7
73857,8
73860,8
73864,1
73865,6
73868,4
73869,5
73874,5
73876,3
73877,7
73879,8
73881,8
73889,7
73892,8
73893,7
73897,8
73900,6
73901,4
73902,1
73905,7
73909,3
73912,4
73913,4
73915,7
73916,3
73926,7
73928,3
73929,3
73930,8
73931,4
73932,8
73934,8
73941,8
73948,7
73953,6
73954,1
73955,6
73968,5
73970,6
73972,1
73978,8
73979,8
73982,3
73990,4
74000,8
74003,8
74006,8
74013,8
74018,3
74024,6
74032,1
74037,4
74043,2
74044,8
74046,8
74048,4
74051,3
74052,8
74057,8
74058,2
74059,8
74062,3
74065,8
74069,3
74070,5
74073,8
74074,2
74075,3
74081,8
74082,7
74083,7
74089,6
74091,8
74097,8
74114,7
74116,4
74119,4
74123,7
74125,3
74129,4
74131,6
74135,8
74136,6
74139,1
74141,8
74142,8
74153,6
74158,3
74159,6
74161,3
74162,2
74168,5
74175,2
74185,5
74188,3
74192,1
74194,3
74195,3
74196,5
74207,8
74215,1
74222,8
74225,3
74226,6
74228,5
74229,8
74231,8
74240,8
74245,8
74248,8
74249,7
74251,8
74253,3
74254,1
74265,8
74266,7
74271,2
74277,5
74280,8
74281,7
74283,6
74285,7
74287,8
74288,7
74289,3
74295,1
74302,6
74303,8
74304,8
74305,5
74309,8
74321,1
74322,7
74332,1
74333,6
74334,6
74346,5
74351,1
74352,8
74356,1
74357,7
74363,8
74364,6
74367,8
74378,8
74379,7
74380,1
74381,8
74386,7
74387,8
74391,8
74399,8
74405,6
74406,3
74408,4
74419,5
74421,7
74423,5
74424,8
74427,3
74429,4
74436,4
74443,4
74455,7
74456,6
74469,8
74471,4
74475,6
74476,8
74488,8
74491,1
74496,3
74502,6
74504,8
74506,5
74513,3
74515,8
74516,8
74517,7
74522,7
74529,8
74530,4
74537,8
74539,6
74541,8
74544,3
74549,8
74551,6
74555,2
74556,7
74558,3
74560,4
74561,6
74565,8
74569,5
74574,1
74580,8
74586,7
74588,4
74590,5
74597,1
74604,6
74612,8
74615,4
74618,8
74621,5
74623,6
74625,8
74628,8
74631,8
74642,8
74647,7
74648,3
74650,8
74655,8
74662,6
74664,6
74665,5
74667,6
74673,6
74676,6
74678,5
74682,8
74683,5
74684,7
74688,8
74689,8
74691,4
74696,6
74697,7
74700,6
74709,3
74710,6
74712,5
74713,8
74714,6
74715,8
74718,8
74719,3
74720,8
74722,6
74723,8
74731,8
74736,8
74737,8
74738,6
74741,8
74748,6
74750,7
74754,5
74757,4
74758,8
74766,6
74772,3
74778,5
74779,6
74780,8
74781,8
74782,8
74783,8
74793,3
74795,7
74799,2
74800,8
74808,6
74811,5
74813,1
74818,6
74830,6
74839,6
74840,6
74850,4
74851,4
74852,7
74853,1
74854,4
74861,5
74862,8
74866,8
74868,2
74871,8
74874,8
74879,8
74887,6
74888,3
74890,7
74893,4
74894,3
74895,7
74896,4
74897,6
74902,2
74906,4
74908,6
74910,8
74912,3
74921,8
74928,6
74936,1
74938,6
74964,8
74969,2
74971,2
74975,6
74985,8
74998,8
75001,8
75002,8
75003,8
75004,3
75006,4
75009,6
75012,8
75013,3
75014,1
75017,8
75021,1
75022,8
75032,8
75034,8
75042,8
75045,7
75057,8
75061,3
75065,5
75066,6
75070,4
75074,3
75076,3
75081,6
75086,6
75088,8
75093,8
75098,6
75101,6
75102,3
75103,7
75104,3
75114,3
75116,4
75121,8
75122,7
75130,4
75133,5
75134,4
75135,3
75136,3
75137,6
75144,5
75151,7
75152,6
75157,8
75160,2
75164,8
75165,1
75166,6
75169,1
75175,6
75180,5
75181,8
75183,7
75185,8
75189,6
75190,3
75191,5
75202,8
75208,8
75211,5
75213,1
75218,8
75219,1
75232,3
75234,8
75236,5
75241,5
75246,8
75255,8
75261,5
75272,4
75280,3
75282,8
75285,8
75292,5
75298,8
75299,8
75301,8
75303,8
75310,8
75312,8
75327,8
75332,7
75334,6
75336,7
75337,8
75338,5
75344,7
75348,8
75349,8
75353,8
75354,1
75358,8
75359,8
75361,5
75367,5
75375,6
75384,8
75392,8
75393,1
75396,8
75401,5
75402,8
75404,4
75409,3
75419,8
75423,2
75428,5
75436,5
75437,8
75439,7
75440,3
75443,8
75446,8
75452,1
75460,7
75463,5
75468,6
75469,8
75474,3
75477,1
75478,2
75485,8
75486,3
75488,6
75495,4
75497,1
75499,8
75500,1
75528,7
75529,8
75530,6
75531,8
75534,6
75537,8
75538,1
75541,8
75542,8
75543,5
75547,8
75549,6
75552,8
75554,3
75555,6
75557,8
75562,3
75563,8
75566,8
75568,8
75569,2
75579,6
75580,7
75583,8
75585,8
75589,8
75592,6
75613,2
75615,6
75618,7
75619,4
75621,8
75632,5
75637,7
75638,8
75643,1
75650,8
75654,5
75656,1
75663,1
75668,4
75669,7
75672,8
75677,2
75678,8
75686,8
75694,4
75699,7
75707,6
75715,8
75718,8
75719,2
75723,8
75725,4
75730,8
75732,7
75744,8
75747,3
75761,8
75772,1
75777,8
75780,1
75781,7
75790,7
75792,8
75799,1
75801,6
75802,1
75804,8
75809,7
75810,3
75815,4
75816,7
75819,8
75825,8
75827,1
75831,6
75833,8
75834,2
75838,5
75840,5
75842,7
75844,8
75846,8
75849,3
75853,5
75860,6
75863,7
75865,8
75868,8
75890,6
75891,3
75895,7
75896,5
75901,1
75903,4
75910,6
75911,7
75916,8
75923,1
75924,8
75925,3
75927,8
75935,1
75937,3
75939,8
75940,5
75942,8
75943,5
75946,6
75952,5
75954,8
75958,5
75963,7
75964,5
75966,6
75967,6
75969,4
75976,8
75983,7
75987,3
75992,8
76012,6
76018,5
76019,1
76024,6
76027,4
76029,5
76030,8
76032,6
76035,1
76045,8
76053,5
76058,8
76073,5
76076,3
76077,8
76090,6
76091,7
76092,2
76095,6
76097,8
76098,2
76102,6
76103,8
76105,7
76108,8
76110,4
76116,1
76117,7
76118,8
76122,8
76127,3
76141,6
76145,6
76150,3
76152,5
76153,8
76157,8
76164,8
76170,2
76175,8
76183,6
76188,1
76189,4
76191,8
76192,6
76195,7
76211,3
76212,8
76217,8
76219,8
76222,3
76224,8
76229,8
76232,8
76234,7
76235,4
76238,8
76239,4
76241,8
76242,8
76245,8
76247,8
76252,5
76259,4
76260,8
76263,5
76266,7
76270,3
76272,7
76306,3
76309,8
76313,7
76315,1
76316,4
76317,8
76325,8
76326,5
76328,8
76333,1
76336,8
76343,8
76357,5
76363,5
76364,3
76371,8
76372,7
76373,7
76378,8
76383,6
76395,8
76397,6
76402,2
76411,7
76423,8
76429,8
76430,4
76435,5
76437,6
76438,3
76440,8
76442,8
76445,8
76453,8
76456,6
76460,8
76473,8
76475,8
76482,8
76483,7
76484,5
76490,3
76492,5
76495,8
76498,8
76500,7
76506,8
76509,6
76511,6
76513,8
76515,4
76519,8
76526,4
76530,8
76532,3
76533,6
76539,2
76540,8
76542,3
76543,3
76548,8
76552,7
76553,2
76557,2
76558,5
76559,8
76560,8
76571,8
76572,8
76574,3
76575,8
76576,3
76580,8
76581,6
76583,1
76586,5
76587,8
76588,8
76590,4
76595,3
76598,8
76599,7
76612,8
76613,8
76620,8
76623,8
76629,1
76630,3
76632,3
76633,8
76638,8
76646,7
76650,3
76657,5
76659,4
76663,6
76665,7
76668,8
76669,8
76676,3
76680,2
76681,5
76683,7
76684,2
76693,3
76700,6
76707,6
76709,5
76716,6
76717,7
76718,5
76720,8
76724,7
76726,8
76727,5
76728,8
76729,6
76734,5
76735,3
76738,2
76747,1
76752,5
76753,8
76756,1
76758,8
76759,3
76772,8
76774,1
76779,8
76783,5
76784,8
76789,6
76790,1
76791,3
76796,1
76798,8
76817,5
76819,8
76823,8
76831,8
76843,6
76844,8
76845,6
76846,1
76848,7
76850,8
76860,1
76865,3
76866,6
76878,7
76879,5
76883,8
76891,3
76893,6
76898,8
76900,8
76902,8
76903,8
76919,3
76920,8
76922,8
76927,6
76932,6
76938,6
76939,1
76941,6
76945,5
76946,8
76949,6
76952,7
76956,2
76959,8
76970,1
76981,8
76982,7
76987,1
76989,1
76992,6
76993,4
76994,8
76995,8
76997,1
76999,7
77003,2
77007,1
77010,8
77014,1
77015,1
77017,2
77018,8
77027,6
77029,5
77039,4
77045,4
77048,7
77053,7
77054,3
77055,8
77062,8
77072,7
77074,8
77075,7
77077,8
77078,7
77082,8
77083,7
77093,7
77096,3
77100,7
77101,5
77123,8
77130,2
77131,7
77132,7
77133,2
77136,8
77144,5
77145,6
77146,5
77147,1
77150,3
77152,8
77154,5
77163,3
77172,8
77176,8
77180,8
77185,4
77187,6
77193,1
77194,8
77197,6
77201,8
77207,6
77208,8
77212,5
77213,1
77215,7
77217,1
77221,8
77227,3
77229,5
77231,6
77237,4
77244,7
77245,6
77248,5
77251,8
77253,5
77254,1
77255,8
77259,8
77261,4
77266,6
77269,7
77272,7
77276,1
77280,5
77283,6
77286,5
77291,1
77293,8
77298,1
77299,3
77304,8
77305,7
77306,7
77308,3
77310,7
77312,7
77314,7
77319,6
77320,4
77323,8
77328,5
77329,7
77334,2
77335,5
77338,5
77341,8
77345,1
77348,8
77353,8
77356,2
77357,7
77362,8
77363,6
77365,8
77366,5
77367,8
77368,7
77372,8
77376,4
77383,6
77389,8
77393,6
77400,3
77403,3
77405,7
77406,5
77411,8
77431,1
77433,7
77434,6
77437,3
77441,7
77444,8
77446,8
77448,5
77452,8
77455,6
77456,8
77458,1
77463,5
77470,8
77472,8
77476,3
77481,8
77483,4
77484,8
77486,1
77487,6
77488,5
77489,8
77492,8
77494,3
77495,3
77508,1
77509,6
77511,8
77512,6
77513,6
77515,6
77516,8
77520,8
77522,3
77524,8
77531,8
77543,8
77547,8
77551,8
77552,2
77554,5
77556,4
77565,8
77567,4
77568,6
77572,1
77581,8
77582,7
77588,8
77590,3
77594,8
77595,5
77602,8
77608,6
77612,3
77614,6
77618,2
77624,5
77628,6
77629,7
77635,6
77636,7
77637,2
77638,5
77647,4
77649,1
77650,6
77651,4
77659,5
77663,8
77668,1
77669,1
77670,3
77678,4
77682,7
77684,5
77694,6
77702,8
77704,5
77708,8
77711,7
77713,5
77714,5
77717,6
77720,7
77723,6
77724,7
77726,6
77729,8
77731,8
77734,6
77736,7
77740,8
77741,4
77748,8
77749,5
77750,6
77751,6
77759,8
77771,5
77775,1
77779,8
77783,8
77794,2
77795,7
77803,7
77806,8
77809,7
77810,5
77811,8
77815,6
77819,7
77825,5
77830,8
77833,1
77834,1
77837,6
77842,6
77847,8
77849,8
77851,8
77852,8
77855,4
77861,1
77862,6
77863,2
77865,8
77866,3
77870,3
77874,4
77879,8
77883,8
77884,2
77889,6
77892,7
77894,8
77895,6
77902,4
77903,4
77904,7
77905,8
77908,3
77909,1
77913,8
77917,1
77921,1
77927,5
77928,1
77942,7
77947,8
77948,6
77949,8
77951,5
77953,7
77959,8
77963,1
77965,1
77971,6
77978,8
77983,8
77986,8
77997,3
77998,8
78002,8
78006,5
78012,8
78016,6
78021,6
78024,8
78026,5
78033,4
78034,2
78040,8
78043,6
78055,5
78059,8
78060,6
78063,6
78070,7
78072,8
78079,7
78093,1
78094,8
78096,2
78097,4
78101,3
78111,6
78113,7
78118,6
78120,6
78124,7
78133,8
78136,7
78138,1
78144,6
78145,8
78147,1
78148,8
78150,5
78152,8
78155,4
78157,8
78159,8
78160,8
78161,7
78166,6
78167,7
78170,4
78177,8
78183,3
78192,6
78193,6
78197,2
78203,1
78204,5
78205,5
78208,8
78210,1
78217,5
78219,3
78220,8
78221,1
78225,2
78228,5
78234,4
78235,8
78238,8
78245,4
78246,7
78248,7
78254,8
78256,8
78257,8
78260,8
78262,3
78265,7
78269,6
78286,8
78287,8
78290,8
78291,8
78293,1
78296,3
78300,7
78304,5
78310,3
78316,5
78318,2
78319,6
78321,8
78326,8
78328,1
78332,8
78340,7
78342,2
78343,8
78345,8
78352,7
78353,5
78358,3
78366,3
78376,6
78378,6
78382,6
78383,3
78389,3
78390,5
78394,6
78398,4
78400,4
78406,8
78408,1
78410,6
78411,7
78416,8
78418,8
78423,6
78424,8
78426,1
78429,8
78431,2
78439,8
78444,8
78449,6
78450,8
78452,8
78453,8
78454,8
78456,8
78459,8
78473,6
78482,3
78497,3
78504,3
78510,2
78516,8
78521,8
78522,6
78523,5
78527,8
78531,8
78534,3
78535,3
78537,8
78538,8
78541,8
78543,3
78544,6
78545,6
78551,8
78558,6
78563,7
78564,3
78566,5
78567,4
78577,4
78584,1
78586,6
78587,8
78589,2
78590,4
78595,5
78600,8
78607,3
78612,7
78618,8
78620,5
78625,6
78630,6
78631,6
78638,7
78639,8
78640,1
78641,6
78648,3
78651,8
78652,2
78665,8
78666,6
78667,7
78668,3
78669,5
78672,1
78674,8
78678,7
78682,6
78685,8
78687,4
78698,4
78699,5
78704,8
78707,1
78713,8
78715,8
78717,3
78721,7
78725,8
78726,6
78727,5
78733,7
78735,4
78738,8
78745,6
78749,8
78754,7
78757,5
78758,8
78764,8
78768,8
78777,4
78781,8
78795,1
78796,8
78804,4
78808,7
78809,7
78830,8
78833,7
78836,8
78840,8
78847,7
78848,5
78855,8
78857,8
78867,6
78868,1
78869,5
78881,7
78888,3
78889,5
78896,5
78898,5
78908,7
78909,3
78914,8
78924,6
78925,1
78949,6
78950,8
78952,5
78958,5
78959,6
78975,7
78977,3
78978,1
78986,8
78992,3
79004,7
79007,6
79020,3
79022,5
79027,1
79028,8
79031,7
79035,1
79038,8
79047,3
79048,6
79051,4
79054,3
79060,5
79064,1
79065,3
79067,8
79071,1
79072,1
79073,8
79080,4
79083,1
79084,8
79085,6
79089,8
79093,7
79099,8
79102,3
79125,2
79129,3
