Id,Response
1,2
3,6
4,4
9,5
12,7
13,7
21,5
28,7
30,4
36,6
38,8
43,6
45,3
48,7
50,5
51,7
54,7
55,7
59,8
62,4
63,7
66,7
69,8
82,7
83,6
84,6
86,7
89,8
90,4
92,8
98,6
100,2
105,5
115,7
119,3
124,3
127,8
133,7
140,4
141,8
143,2
151,4
154,8
157,6
163,4
166,2
168,8
170,4
173,7
180,5
182,7
184,5
185,7
195,7
196,5
197,6
212,5
213,7
219,8
225,4
227,5
232,3
239,5
247,4
251,4
254,5
261,6
264,6
267,6
272,6
275,7
277,4
283,6
284,3
287,6
291,8
293,6
294,4
305,5
307,3
309,7
311,4
322,4
323,3
326,5
330,3
335,7
337,7
338,4
341,2
346,6
348,5
352,4
356,7
358,2
366,6
369,3
373,5
375,3
381,5
384,8
386,4
396,5
397,2
399,5
405,8
412,7
417,2
421,5
425,7
427,6
430,3
432,6
433,6
436,8
438,6
441,7
442,5
444,5
446,7
448,6
450,6
454,7
465,7
470,5
472,4
475,6
484,8
495,7
497,8
498,7
501,4
502,4
505,8
515,3
516,5
527,7
529,3
531,6
533,5
537,2
541,7
546,8
548,4
549,8
550,6
553,6
559,7
561,4
564,2
574,5
578,6
579,5
580,8
582,5
584,8
588,5
596,4
602,5
603,3
613,7
614,1
619,7
620,6
624,6
625,7
628,5
630,6
635,5
636,4
637,8
641,6
644,7
648,8
654,7
658,4
664,6
666,6
667,7
670,8
672,5
674,8
676,7
684,8
685,4
693,3
694,6
700,2
702,5
703,4
705,6
711,8
718,2
722,7
726,5
727,4
732,8
735,6
740,4
748,6
750,5
751,8
756,7
762,6
766,7
770,6
771,6
779,6
782,4
784,7
793,6
798,4
800,6
801,7
805,6
807,4
813,7
819,7
820,6
822,8
823,7
833,8
834,5
842,2
845,7
856,7
860,5
864,2
869,7
872,7
877,4
878,7
893,5
894,7
896,5
899,4
900,6
911,1
914,7
917,1
919,7
923,2
925,5
926,4
934,6
938,7
940,3
955,5
956,6
971,6
973,7
978,7
979,8
981,6
988,7
990,7
992,4
996,8
997,5
999,3
1000,7
1006,5
1009,3
1018,5
1025,3
1038,7
1042,7
1045,4
1046,8
1047,5
1050,5
1052,7
1054,7
1057,6
1061,2
1069,5
1071,5
1073,5
1074,8
1075,3
1083,5
1084,2
1089,5
1099,5
1103,4
1110,8
1123,7
1130,6
1135,6
1137,8
1145,8
1147,3
1152,8
1153,2
1154,8
1158,7
1166,4
1170,7
1172,6
1178,4
1179,7
1181,3
1182,7
1183,8
1191,5
1192,2
1200,3
1205,6
1207,7
1208,3
1209,4
1217,2
1223,7
1225,8
1226,2
1228,2
1230,5
1232,7
1235,8
1237,5
1257,7
1266,1
1267,6
1274,8
1277,7
1278,4
1280,8
1282,7
1293,3
1294,3
1305,7
1306,7
1311,7
1318,5
1320,7
1323,7
1325,3
1328,5
1336,4
1340,6
1341,8
1344,4
1345,4
1348,4
1358,1
1361,8
1364,6
1373,6
1377,4
1378,6
1380,5
1382,6
1383,4
1386,7
1387,1
1390,3
1395,7
1398,7
1402,3
1403,8
1405,7
1407,7
1410,1
1412,3
1419,3
1426,5
1428,8
1436,7
1437,3
1438,4
1441,8
1444,4
1448,5
1454,5
1457,5
1459,8
1463,7
1467,3
1471,6
1475,4
1476,6
1480,7
1481,3
1482,6
1489,5
1491,7
1494,7
1496,7
1500,8
1501,7
1503,6
1504,4
1505,5
1515,4
1517,6
1520,6
1521,4
1523,7
1526,7
1529,4
1530,6
1543,4
1544,8
1547,6
1550,8
1552,6
1554,6
1563,5
1574,5
1575,2
1576,4
1579,5
1582,5
1584,7
1585,7
1589,5
1596,7
1598,2
1611,7
1613,3
1615,6
1618,5
1627,7
1630,3
1638,7
1639,7
1640,8
1642,6
1645,6
1648,5
1654,4
1661,7
1662,6
1663,8
1666,7
1668,3
1670,3
1672,6
1681,5
1682,6
1683,3
1687,8
1688,8
1693,7
1694,6
1700,8
1704,6
1712,7
1716,8
1717,6
1722,6
1724,3
1738,1
1739,2
1740,8
1761,7
1763,5
1765,7
1766,6
1767,7
1771,6
1772,5
1777,6
1784,2
1799,4
1806,7
1810,3
1812,5
1814,3
1818,6
1819,7
1822,5
1823,7
1824,3
1834,4
1835,6
1844,4
1848,4
1849,8
1850,5
1851,2
1856,2
1862,3
1863,5
1872,5
1874,6
1875,7
1877,5
1900,6
1902,6
1904,5
1905,2
1908,7
1914,7
1916,3
1922,5
1933,6
1934,5
1939,7
1942,5
1947,8
1957,7
1971,7
1973,4
1974,5
1977,6
1981,6
1985,8
1987,6
1989,6
2001,3
2002,2
2007,3
2008,7
2011,6
2021,6
2034,6
2040,6
2044,5
2045,8
2048,7
2051,7
2062,8
2066,3
2068,4
2069,3
2074,7
2075,6
2078,7
2079,1
2080,1
2081,3
2084,2
2085,7
2087,7
2096,3
2102,7
2103,4
2107,7
2117,4
2118,1
2120,6
2121,2
2122,4
2130,6
2136,4
2138,8
2140,6
2143,7
2144,4
2145,4
2147,6
2150,3
2154,8
2155,3
2166,6
2169,3
2173,5
2176,1
2178,6
2179,4
2180,6
2184,8
2185,8
2188,5
2190,7
2194,6
2195,6
2198,3
2205,8
2206,6
2207,6
2212,6
2213,7
2216,8
2218,2
2224,7
2225,7
2228,7
2236,5
2242,8
2246,5
2250,8
2255,6
2256,1
2267,3
2268,6
2269,6
2272,4
2275,3
2280,8
2282,8
2287,6
2289,8
2293,8
2296,6
2307,5
2309,5
2313,5
2325,5
2327,8
2336,4
2339,6
2342,7
2347,8
2350,5
2360,6
2364,6
2369,2
2379,2
2394,6
2395,5
2399,7
2402,7
2410,8
2416,6
2420,8
2427,4
2434,8
2435,7
2441,8
2447,5
2452,5
2463,6
2467,4
2468,7
2470,4
2476,6
2483,2
2487,4
2492,7
2502,7
2504,4
2510,8
2511,2
2512,7
2517,7
2520,7
2521,8
2523,6
2524,6
2525,6
2526,3
2528,8
2530,4
2532,3
2536,4
2540,6
2541,5
2543,4
2549,7
2550,1
2556,4
2557,5
2559,6
2565,8
2566,8
2567,1
2568,4
2570,8
2573,7
2577,6
2578,5
2583,3
2586,5
2587,4
2588,8
2591,8
2597,7
2606,6
2607,7
2608,7
2611,3
2612,6
2613,7
2616,7
2621,7
2622,7
2634,7
2639,7
2642,3
2644,5
2650,2
2655,7
2664,7
2667,6
2670,6
2679,4
2681,7
2683,6
2685,8
2687,8
2696,6
2699,8
2712,2
2716,7
2720,6
2725,7
2726,7
2731,5
2733,6
2740,8
2742,7
2748,6
2749,8
2763,7
2771,8
2772,5
2773,6
2783,8
2784,7
2789,2
2796,3
2798,5
2799,7
2800,4
2802,7
2805,5
2809,6
2816,7
2817,5
2821,7
2822,8
2829,7
2832,4
2842,4
2844,6
2846,6
2851,6
2852,5
2853,6
2856,6
2862,3
2866,4
2868,5
2886,8
2892,5
2893,4
2898,7
2917,3
2923,2
2927,6
2930,6
2931,2
2935,7
2936,4
2961,2
2964,7
2967,7
2968,6
2970,7
2977,4
2978,6
2979,7
2985,3
2986,2
2989,7
2997,4
2999,7
3004,7
3008,6
3010,3
3020,8
3022,6
3024,6
3027,8
3032,8
3033,8
3048,3
3053,6
3056,7
3070,8
3071,2
3073,7
3080,6
3098,8
3099,4
3109,5
3110,6
3115,2
3121,8
3128,6
3132,1
3133,3
3141,7
3144,5
3145,4
3154,7
3159,6
3164,4
3168,1
3172,2
3176,5
3186,6
3193,5
3196,7
3199,4
3200,6
3209,7
3210,7
3214,6
3229,6
3230,6
3233,8
3242,3
3244,2
3249,6
3251,4
3253,3
3264,3
3271,2
3272,8
3274,6
3276,3
3280,4
3282,5
3285,6
3297,6
3298,7
3307,5
3309,7
3310,7
3312,4
3314,8
3315,3
3316,5
3319,5
3322,8
3327,5
3332,6
3334,8
3336,1
3338,7
3340,6
3343,3
3352,6
3353,6
3356,8
3357,8
3360,6
3365,7
3366,6
3367,8
3369,7
3374,4
3376,6
3381,8
3385,4
3386,7
3397,6
3403,5
3409,3
3414,7
3415,6
3423,8
3427,6
3428,7
3439,6
3441,5
3442,3
3447,5
3453,6
3456,4
3458,3
3459,6
3462,6
3464,6
3477,8
3480,5
3483,7
3490,6
3497,7
3498,7
3500,5
3504,6
3509,1
3510,6
3511,8
3525,5
3528,6
3529,2
3531,5
3532,8
3536,6
3537,3
3538,5
3547,3
3557,5
3572,7
3573,7
3588,7
3590,6
3597,5
3601,5
3602,6
3608,8
3611,5
3616,7
3619,7
3623,6
3638,6
3641,4
3643,8
3647,4
3648,7
3662,5
3663,8
3665,3
3679,6
3683,5
3692,6
3700,7
3705,6
3706,8
3711,7
3712,3
3716,4
3725,4
3727,7
3739,5
3740,4
3743,5
3744,3
3750,8
3751,6
3752,2
3753,5
3754,3
3761,6
3762,7
3764,2
3773,7
3774,4
3775,7
3776,7
3785,5
3788,7
3791,6
3792,7
3794,6
3797,7
3798,8
3807,4
3808,6
3810,6
3813,6
3815,7
3818,6
3820,2
3824,7
3832,7
3836,8
3837,6
3849,7
3853,4
3861,3
3862,4
3863,4
3867,4
3868,6
3871,7
3873,5
3874,6
3879,5
3881,6
3883,7
3887,6
3888,5
3889,3
3898,2
3901,6
3904,3
3905,4
3907,6
3911,3
3915,7
3917,5
3923,6
3925,5
3931,6
3934,7
3943,8
3946,5
3947,6
3949,5
3958,4
3959,6
3960,4
3969,5
3971,8
3973,8
3976,7
3979,6
3982,7
3992,6
3993,7
3995,7
3997,5
4002,7
4003,8
4006,8
4010,8
4011,5
4012,8
4019,8
4020,3
4026,6
4030,4
4033,4
4034,7
4038,3
4045,7
4046,7
4047,1
4048,8
4055,5
4061,7
4063,3
4066,6
4069,8
4076,7
4081,7
4086,7
4087,7
4094,8
4096,3
4105,5
4107,4
4110,4
4115,7
4128,4
4131,8
4136,1
4140,4
4141,5
4142,8
4146,7
4156,6
4159,8
4171,6
4174,1
4175,4
4180,7
4187,7
4191,3
4193,8
4197,8
4201,4
4203,3
4205,5
4206,3
4209,6
4213,8
4215,6
4220,8
4223,8
4225,6
4234,1
4241,5
4244,5
4247,4
4254,6
4255,4
4262,4
4263,6
4266,2
4269,7
4270,2
4271,4
4274,7
4279,6
4286,2
4287,5
4288,8
4290,1
4294,7
4296,5
4299,5
4302,8
4316,7
4320,5
4321,3
4324,3
4325,2
4326,7
4332,7
4334,7
4343,8
4348,5
4350,7
4353,6
4356,6
4361,7
4367,4
4369,7
4371,6
4373,6
4374,2
4376,8
4393,4
4394,5
4397,1
4398,5
4404,6
4410,5
4411,2
4412,6
4414,3
4415,7
4418,2
4420,6
4426,6
4427,8
4430,2
4431,3
4435,7
4437,5
4438,6
4458,5
4461,5
4462,3
4464,5
4482,7
4484,6
4489,4
4494,6
4496,6
4503,6
4508,4
4515,3
4516,8
4517,7
4518,6
4524,4
4525,2
4527,8
4529,8
4535,5
4538,2
4544,5
4545,2
4550,5
4551,6
4554,7
4563,6
4565,6
4573,5
4576,8
4578,6
4587,7
4590,5
4597,1
4600,6
4608,6
4612,4
4615,5
4616,7
4618,5
4620,4
4622,4
4624,6
4628,5
4631,8
4633,8
4646,5
4648,1
4655,6
4669,8
4673,6
4677,7
4680,7
4683,6
4691,2
4694,7
4697,8
4698,2
4704,5
4711,5
4713,5
4716,3
4724,5
4727,7
4730,6
4731,6
4732,5
4741,3
4742,7
4743,6
4753,7
4758,8
4762,1
4765,4
4782,2
4787,7
4788,8
4789,2
4790,8
4792,8
4797,5
4805,4
4806,7
4809,6
4814,8
4823,6
4825,4
4830,6
4832,4
4833,1
4840,5
4841,6
4844,8
4845,8
4849,6
4858,6
4870,6
4875,8
4877,5
4882,6
4891,6
4900,4
4905,7
4907,6
4908,7
4923,6
4924,7
4925,8
4927,3
4933,7
4935,8
4941,2
4944,7
4946,6
4953,6
4956,2
4968,4
4985,1
4989,7
4995,1
5005,5
5010,2
5016,8
5018,7
5029,4
5031,5
5037,6
5039,7
5041,4
5043,6
5052,8
5055,4
5059,3
5063,7
5067,8
5070,5
5072,4
5073,5
5079,7
5086,6
5093,6
5094,1
5098,7
5101,7
5108,3
5112,7
5113,7
5119,8
5120,4
5121,5
5126,8
5127,7
5128,8
5131,4
5137,3
5146,7
5148,5
5150,6
5159,8
5160,6
5163,3
5170,5
5177,4
5179,6
5185,6
5188,6
5190,6
5191,6
5192,3
5195,3
5198,5
5208,4
5214,8
5215,8
5219,4
5220,7
5223,2
5224,2
5225,8
5227,4
5229,7
5231,2
5236,4
5237,5
5238,6
5240,5
5248,8
5252,7
5256,4
5269,8
5270,3
5272,8
5275,6
5276,6
5279,8
5280,4
5281,7
5291,5
5292,6
5294,2
5296,8
5302,6
5307,7
5312,7
5313,6
5314,7
5315,5
5316,6
5317,5
5318,6
5321,4
5322,8
5323,4
5324,7
5334,5
5343,3
5344,2
5345,7
5355,2
5364,6
5369,8
5371,7
5380,7
5385,1
5392,4
5395,6
5396,7
5398,8
5400,7
5402,8
5411,7
5412,2
5414,5
5417,5
5424,8
5427,7
5428,5
5430,5
5432,5
5438,3
5448,7
5459,2
5460,7
5461,4
5463,3
5477,3
5479,6
5481,7
5482,7
5491,5
5493,7
5506,6
5507,1
5517,7
5532,5
5533,6
5534,7
5541,7
5542,3
5548,2
5551,1
5553,4
5554,7
5565,6
5574,6
5575,8
5576,2
5583,4
5584,1
5586,3
5587,3
5588,7
5596,7
5597,8
5601,7
5603,5
5613,5
5614,8
5618,7
5619,7
5621,8
5622,8
5627,8
5628,4
5630,7
5633,3
5639,3
5643,7
5649,7
5653,6
5655,6
5664,2
5667,4
5670,7
5674,3
5678,7
5680,4
5687,3
5692,7
5694,6
5697,8
5701,4
5704,7
5710,5
5711,5
5716,3
5724,8
5725,3
5726,4
5727,6
5731,6
5749,4
5751,6
5755,5
5756,5
5761,8
5767,2
5768,4
5770,7
5772,2
5773,6
5775,7
5776,6
5784,1
5792,1
5793,6
5794,8
5797,7
5799,7
5800,7
5805,4
5809,7
5813,2
5817,7
5824,5
5829,3
5832,2
5835,2
5837,2
5847,7
5854,5
5857,6
5860,7
5872,2
5874,8
5876,4
5880,8
5882,5
5891,6
5892,2
5906,7
5922,8
5923,5
5927,5
5929,4
5941,3
5942,4
5945,7
5947,6
5950,7
5951,7
5952,4
5960,7
5965,7
5967,7
5974,7
5977,1
5984,4
5987,7
5991,5
5996,3
5997,8
6002,2
6005,4
6008,7
6009,3
6014,5
6027,6
6030,3
6033,7
6034,3
6035,5
6043,8
6046,4
6047,5
6048,6
6070,4
6071,5
6085,2
6090,6
6091,7
6092,5
6098,7
6106,7
6108,8
6111,2
6115,7
6117,2
6121,4
6124,6
6126,6
6129,6
6131,6
6141,6
6142,3
6143,3
6144,3
6147,5
6148,3
6155,6
6158,3
6159,3
6162,5
6166,8
6172,2
6177,2
6178,8
6181,6
6182,8
6185,5
6191,7
6195,7
6204,6
6205,7
6211,7
6212,7
6219,7
6220,7
6223,3
6226,6
6239,5
6243,8
6249,2
6252,7
6255,4
6260,2
6261,6
6263,4
6264,4
6270,1
6271,7
6272,5
6274,8
6277,3
6280,6
6284,5
6286,4
6288,4
6290,8
6293,5
6299,5
6301,6
6304,2
6306,5
6308,8
6309,6
6312,8
6321,6
6322,3
6331,3
6335,7
6340,6
6343,8
6344,3
6347,4
6348,4
6349,8
6350,6
6354,8
6355,5
6362,3
6367,7
6372,6
6375,7
6379,2
6384,3
6386,8
6390,4
6396,4
6401,3
6403,6
6408,4
6410,4
6420,7
6430,7
6436,8
6440,6
6442,8
6443,8
6444,2
6459,7
6466,6
6469,5
6474,8
6475,3
6476,2
6490,4
6491,4
6496,2
6497,7
6498,6
6499,8
6501,3
6514,3
6515,4
6524,8
6526,3
6532,6
6537,4
6538,5
6541,5
6546,5
6551,2
6554,4
6557,4
6560,4
6565,6
6566,6
6578,4
6582,7
6587,6
6593,4
6596,5
6611,7
6615,6
6620,8
6626,5
6627,5
6628,7
6635,6
6639,5
6641,4
6645,4
6660,7
6663,6
6669,6
6674,3
6682,7
6685,5
6687,8
6692,5
6695,8
6696,3
6699,5
6700,6
6701,6
6705,2
6707,5
6709,8
6711,8
6714,2
6722,4
6723,7
6724,6
6726,5
6733,7
6734,7
6735,7
6736,5
6738,5
6741,8
6746,6
6754,7
6758,1
6763,2
6764,5
6768,6
6778,2
6784,6
6785,5
6787,6
6806,5
6825,4
6830,1
6831,6
6832,5
6833,4
6835,2
6842,7
6843,3
6853,5
6859,4
6860,3
6862,6
6867,2
6868,7
6885,6
6888,2
6889,6
6897,1
6898,1
6900,6
6902,5
6903,4
6907,3
6909,1
6911,1
6925,7
6930,4
6931,3
6933,3
6937,5
6941,2
6948,6
6950,6
6956,7
6957,7
6960,7
6962,5
6969,1
6971,3
6973,2
6980,6
6983,3
6985,6
6999,8
7005,8
7006,7
7007,6
7012,5
7013,6
7016,3
7017,7
7020,5
7024,5
7026,1
7027,2
7029,5
7032,3
7034,7
7044,7
7054,2
7057,7
7058,6
7060,6
7065,6
7069,6
7071,7
7076,2
7077,5
7081,3
7082,4
7093,7
7095,3
7098,3
7099,2
7105,3
7106,4
7122,6
7129,7
7130,6
7135,5
7136,1
7137,2
7138,8
7141,8
7143,6
7159,7
7162,7
7165,3
7169,3
7171,4
7172,6
7175,7
7178,5
7182,5
7190,7
7194,3
7196,7
7205,7
7207,6
7210,6
7211,5
7216,6
7219,3
7222,5
7224,7
7234,4
7237,5
7242,5
7246,7
7247,1
7251,4
7252,3
7257,4
7276,5
7281,6
7286,7
7287,7
7295,5
7297,6
7300,7
7307,7
7308,2
7310,4
7315,1
7317,6
7318,5
7322,5
7325,6
7326,7
7332,5
7342,8
7345,7
7347,4
7349,7
7352,5
7353,1
7354,8
7370,7
7392,7
7394,7
7396,5
7397,7
7400,7
7402,1
7406,7
7409,7
7410,8
7412,6
7414,3
7419,7
7420,6
7421,7
7424,7
7428,2
7431,7
7435,6
7437,6
7445,5
7449,6
7456,6
7458,8
7459,4
7463,2
7464,7
7465,7
7467,7
7471,2
7472,5
7485,4
7494,1
7505,5
7511,7
7512,5
7513,5
7514,1
7515,5
7523,2
7530,7
7531,7
7536,7
7538,6
7542,4
7543,6
7549,4
7557,7
7559,6
7560,8
7563,5
7564,7
7567,8
7572,7
7575,2
7588,5
7595,4
7596,5
7602,6
7609,4
7612,5
7613,2
7621,6
7622,5
7624,7
7625,7
7629,7
7632,6
7634,7
7636,8
7637,1
7638,3
7640,3
7643,8
7648,6
7653,2
7654,7
7662,5
7671,7
7674,6
7682,4
7683,6
7686,5
7690,3
7692,7
7694,4
7695,3
7700,5
7714,4
7715,7
7721,7
7728,7
7737,5
7739,3
7745,3
7747,5
7761,8
7762,6
7763,6
7770,4
7771,6
7774,8
7776,3
7779,6
7793,6
7795,7
7796,7
7800,8
7803,7
7808,7
7811,6
7812,5
7813,3
7814,5
7818,1
7826,7
7827,8
7831,7
7834,6
7837,2
7841,8
7842,7
7843,3
7844,7
7851,8
7854,7
7856,6
7859,6
7866,5
7869,7
7870,5
7872,2
7886,5
7892,6
7893,5
7908,8
7910,8
7914,8
7919,5
7922,4
7930,2
7932,3
7947,1
7949,3
7950,7
7952,5
7953,4
7955,6
7960,6
7961,2
7962,7
7963,7
7967,1
7968,7
7975,3
7977,3
7980,7
7985,5
7987,6
7994,2
7995,8
7999,6
8005,8
8007,5
8009,7
8014,7
8017,4
8018,5
8024,7
8025,4
8026,6
8029,2
8031,7
8035,5
8049,5
8058,4
8060,7
8061,4
8070,6
8071,7
8072,5
8073,5
8075,5
8076,3
8081,6
8082,4
8090,6
8094,5
8097,4
8107,5
8112,5
8115,4
8120,4
8123,3
8128,6
8129,7
8133,6
8138,7
8142,4
8143,6
8145,4
8146,7
8147,5
8151,4
8153,8
8163,1
8167,7
8168,5
8169,5
8172,3
8178,1
8184,6
8185,5
8186,3
8187,6
8191,4
8196,5
8205,5
8206,7
8216,2
8218,6
8219,6
8227,6
8228,7
8230,8
8231,4
8234,7
8241,7
8242,6
8245,8
8246,6
8251,5
8254,6
8262,4
8269,7
8277,8
8286,6
8287,3
8288,6
8289,6
8292,5
8293,4
8294,4
8296,6
8306,3
8307,1
8314,7
8317,3
8320,7
8326,4
8329,5
8330,4
8331,5
8343,5
8350,5
8352,1
8354,5
8355,3
8356,5
8357,1
8364,6
8370,4
8381,4
8382,5
8383,5
8386,3
8389,6
8390,4
8393,6
8399,8
8400,4
8403,6
8404,2
8405,8
8409,7
8413,5
8417,6
8418,4
8423,6
8427,8
8431,7
8432,8
8434,4
8437,8
8447,7
8449,7
8457,3
8459,5
8461,2
8466,5
8467,8
8469,7
8479,4
8481,7
8493,6
8496,6
8501,7
8502,6
8508,4
8509,7
8514,6
8518,4
8519,5
8527,8
8530,7
8537,5
8539,6
8542,6
8547,7
8550,6
8554,8
8556,5
8560,7
8566,6
8569,6
8571,7
8572,6
8575,5
8580,3
8584,5
8585,7
8587,4
8593,6
8595,5
8597,5
8598,7
8599,4
8601,8
8607,3
8612,5
8621,7
8625,6
8630,7
8631,6
8633,6
8644,7
8650,2
8652,7
8656,7
8657,7
8659,7
8660,7
8665,6
8667,2
8668,3
8670,4
8682,7
8690,5
8692,7
8698,5
8702,3
8710,5
8713,7
8714,6
8715,6
8718,5
8719,4
8722,7
8737,5
8738,7
8739,7
8740,2
8745,6
8750,8
8754,1
8757,6
8762,4
8769,8
8773,8
8782,8
8790,6
8804,4
8815,6
8818,5
8819,7
8828,4
8831,5
8838,7
8841,4
8847,5
8849,2
8857,2
8860,2
8861,7
8875,6
8884,6
8889,6
8891,8
8893,7
8894,5
8897,7
8909,3
8928,6
8932,4
8933,3
8934,8
8938,8
8943,3
8946,6
8951,3
8953,4
8959,2
8960,4
8963,5
8968,7
8972,6
8973,3
8977,1
8978,2
8980,8
8984,1
8987,5
8989,7
8995,7
8996,7
9001,4
9003,3
9005,4
9007,6
9009,6
9012,7
9015,7
9024,4
9031,7
9032,6
9035,7
9053,7
9060,6
9067,7
9068,7
9077,7
9080,8
9084,7
9087,3
9090,3
9095,7
9098,4
9101,7
9108,6
9112,2
9113,6
9117,5
9123,8
9124,8
9127,5
9130,5
9132,5
9136,5
9138,8
9142,7
9143,5
9145,8
9146,4
9148,6
9151,3
9154,6
9158,4
9163,4
9169,4
9171,6
9176,4
9181,6
9185,7
9187,7
9188,7
9190,8
9204,8
9205,4
9207,4
9213,7
9220,6
9221,6
9224,5
9225,6
9227,8
9232,7
9234,8
9237,5
9238,7
9240,2
9248,6
9253,7
9254,6
9257,5
9264,2
9267,4
9269,7
9271,6
9272,6
9276,7
9278,5
9280,6
9281,8
9286,1
9288,5
9290,6
9291,7
9293,6
9294,8
9295,7
9298,7
9303,4
9304,7
9307,8
9309,7
9314,3
9315,6
9317,6
9318,7
9319,3
9320,6
9326,6
9331,3
9339,4
9342,5
9349,2
9353,3
9359,7
9362,3
9366,7
9376,3
9384,6
9386,7
9390,5
9396,5
9399,4
9402,4
9415,6
9420,7
9421,6
9422,6
9425,5
9428,7
9440,5
9441,3
9443,5
9451,7
9456,2
9457,2
9459,7
9465,4
9475,7
9483,2
9485,8
9488,7
9492,3
9494,4
9495,4
9498,5
9502,7
9506,3
9509,5
9512,8
9516,8
9520,8
9524,4
9531,2
9532,8
9538,4
9547,4
9549,4
9550,3
9552,6
9555,8
9563,7
9565,8
9574,7
9586,3
9587,6
9593,8
9594,5
9597,7
9600,2
9603,7
9607,7
9608,4
9609,3
9610,8
9612,6
9613,6
9618,5
9619,7
9621,4
9625,4
9638,8
9644,6
9650,3
9652,2
9654,8
9660,7
9665,6
9666,5
9668,5
9672,7
9674,6
9677,3
9683,6
9689,8
9690,6
9691,3
9701,8
9709,6
9712,8
9713,6
9714,6
9717,8
9720,7
9726,8
9729,4
9730,6
9741,8
9747,5
9763,8
9765,5
9771,7
9774,8
9777,4
9779,5
9783,4
9784,7
9791,7
9802,3
9810,5
9818,6
9820,7
9822,8
9825,4
9829,8
9832,5
9839,6
9846,7
9847,6
9852,4
9854,5
9855,2
9857,6
9860,4
9863,7
9866,4
9867,8
9869,8
9875,5
9879,1
9880,7
9885,4
9889,6
9890,7
9898,6
9900,3
9901,4
9917,7
9927,3
9928,5
9933,5
9937,4
9939,8
9940,2
9942,2
9945,8
9946,7
9950,8
9953,3
9954,5
9961,6
9975,7
9980,4
9983,8
9988,2
9989,5
9990,2
9991,4
9993,4
10000,5
10007,8
10010,8
10013,5
10019,6
10024,7
10026,3
10034,7
10037,6
10038,2
10045,5
10046,6
10056,6
10060,8
10062,7
10067,4
10070,3
10073,4
10074,7
10082,3
10086,8
10092,8
10096,8
10110,6
10111,5
10113,5
10115,5
10116,7
10117,7
10132,7
10135,4
10136,7
10144,4
10147,7
10154,7
10162,7
10164,6
10166,3
10167,6
10179,8
10184,8
10192,3
10203,3
10206,2
10215,6
10217,7
10222,6
10227,4
10231,7
10232,4
10236,4
10238,5
10248,5
10252,2
10262,7
10273,6
10288,4
10289,6
10290,6
10291,7
10292,6
10296,3
10302,7
10304,3
10311,4
10312,2
10313,2
10316,4
10318,5
10319,4
10320,7
10324,2
10325,7
10329,2
10330,6
10332,3
10333,6
10344,6
10348,7
10349,5
10352,6
10353,5
10354,5
10356,8
10357,7
10360,6
10362,7
10367,3
10369,8
10370,7
10372,2
10376,7
10377,7
10379,7
10384,7
10388,4
10391,8
10395,8
10403,5
10405,6
10407,5
10411,6
10417,8
10418,6
10420,8
10422,2
10426,4
10447,7
10449,4
10450,4
10453,7
10455,3
10457,3
10458,3
10461,3
10463,3
10467,8
10470,6
10475,5
10482,7
10485,4
10495,5
10501,6
10504,6
10510,8
10513,2
10517,6
10525,4
10530,7
10536,7
10537,6
10540,5
10550,7
10551,4
10552,7
10557,7
10560,3
10562,3
10563,6
10566,1
10568,8
10578,6
10580,2
10587,8
10597,2
10599,7
10606,4
10608,5
10610,4
10614,2
10615,8
10617,6
10625,3
10629,6
10633,2
10636,5
10637,7
10640,8
10649,5
10653,6
10654,8
10656,1
10660,6
10662,6
10667,4
10669,7
10671,6
10672,6
10676,5
10677,7
10680,7
10681,2
10690,5
10702,3
10703,2
10706,8
10708,4
10710,6
10713,7
10718,3
10720,5
10724,1
10726,7
10732,8
10735,5
10739,6
10742,6
10746,3
10747,6
10748,6
10752,8
10754,6
10758,7
10766,7
10768,8
10771,7
10772,7
10781,4
10782,3
10786,6
10788,6
10789,5
10796,1
10798,7
10802,5
10804,6
10812,7
10824,3
10826,5
10833,7
10837,1
10840,2
10841,5
10842,7
10846,4
10848,7
10849,6
10850,8
10853,6
10855,7
10856,6
10858,7
10861,7
10867,4
10883,2
10890,5
10892,5
10893,6
10896,3
10897,1
10901,7
10907,7
10909,7
10910,1
10913,7
10921,7
10926,8
10929,7
10933,2
10936,8
10938,4
10940,4
10941,7
10942,4
10947,4
10949,5
10951,3
10952,3
10955,4
10977,7
10978,4
10979,4
10980,1
10993,1
10995,8
11000,4
11002,6
11008,4
11009,1
11017,7
11023,8
11026,4
11027,3
11036,5
11041,6
11050,6
11075,7
11077,3
11088,6
11090,6
11092,8
11097,2
11101,6
11110,6
11112,2
11113,6
11123,6
11124,2
11126,1
11135,5
11136,4
11139,7
11146,6
11159,6
11166,6
11173,2
11174,3
11177,7
11178,5
11180,7
11188,5
11189,6
11190,3
11192,6
11203,5
11206,1
11209,5
11215,8
11224,8
11225,3
11227,4
11231,5
11242,7
11245,5
11246,5
11249,5
11251,8
11253,7
11255,7
11257,3
11258,6
11265,4
11268,1
11270,8
11272,3
11277,5
11278,7
11282,5
11285,3
11288,6
11293,3
11295,5
11296,2
11301,7
11311,6
11317,3
11320,5
11323,8
11325,4
11331,8
11332,3
11342,4
11345,7
11350,6
11356,1
11357,5
11383,6
11386,7
11387,4
11388,7
11390,3
11392,7
11394,3
11406,7
11410,4
11412,8
11417,4
11418,5
11423,4
11424,3
11430,7
11431,8
11432,7
11433,3
11435,6
11437,5
11439,5
11441,5
11444,7
11447,7
11458,3
11461,7
11464,6
11467,8
11471,6
11476,4
11477,2
11480,5
11485,3
11487,6
11489,7
11500,2
11502,4
11509,7
11518,1
11521,5
11523,6
11526,1
11528,6
11534,5
11542,5
11548,3
11550,5
11551,4
11552,5
11565,2
11566,3
11570,7
11572,7
11584,7
11588,6
11592,6
11598,4
11604,7
11606,1
11607,8
11609,8
11613,2
11615,8
11616,7
11617,3
11619,7
11621,7
11622,4
11623,5
11625,3
11629,7
11634,7
11637,7
11642,3
11657,4
11663,6
11666,5
11671,4
11681,2
11683,6
11694,6
11697,7
11700,6
11703,8
11713,4
11721,5
11725,5
11729,7
11736,7
11739,4
11740,6
11744,4
11750,7
11752,5
11753,6
11754,5
11759,6
11760,6
11767,7
11772,4
11776,2
11780,7
11783,5
11786,5
11790,8
11792,5
11797,3
11799,7
11801,8
11807,6
11813,5
11818,7
11835,4
11842,1
11843,6
11850,8
11861,7
11868,5
11871,3
11877,5
11887,6
11891,5
11897,8
11900,7
11906,6
11911,6
11913,1
11914,8
11915,8
11921,1
11925,2
11926,7
11932,8
11933,8
11936,1
11939,7
11941,4
11946,2
11947,4
11953,4
11958,7
11959,6
11960,7
11961,5
11962,5
11977,8
11978,6
11985,7
11986,6
11992,4
11997,5
12001,6
12006,5
12010,6
12017,8
12019,8
12041,5
12044,7
12050,3
12055,5
12062,8
12064,8
12068,5
12072,8
12073,6
12077,4
12080,1
12082,3
12088,7
12090,2
12092,7
12093,7
12094,8
12099,2
12106,6
12115,7
12124,6
12128,7
12132,7
12139,3
12147,6
12154,4
12162,4
12167,1
12169,5
12170,8
12171,7
12173,6
12178,8
12180,6
12182,2
12185,6
12195,4
12198,7
12204,8
12205,6
12206,2
12207,4
12209,5
12212,4
12215,5
12230,7
12236,5
12241,6
12244,6
12246,2
12261,7
12262,8
12265,1
12267,4
12268,7
12276,2
12279,6
12292,3
12295,2
12297,6
12308,8
12312,7
12317,7
12318,4
12321,8
12326,7
12328,7
12331,2
12336,3
12341,5
12343,2
12345,8
12349,7
12350,3
12353,4
12354,8
12361,3
12366,8
12380,7
12381,7
12386,5
12393,7
12396,4
12397,2
12401,3
12404,5
12410,1
12413,6
12417,6
12423,7
12428,8
12431,5
12433,7
12436,7
12440,6
12441,6
12448,3
12450,4
12452,4
12454,4
12457,8
12458,4
12459,5
12460,4
12472,8
12481,7
12483,7
12485,5
12486,5
12490,5
12499,4
12501,8
12506,6
12507,5
12512,6
12513,5
12515,8
12521,8
12526,8
12538,7
12542,5
12547,7
12548,4
12549,7
12553,5
12554,7
12556,2
12561,6
12562,4
12563,6
12565,5
12568,5
12569,8
12570,5
12577,5
12578,4
12582,3
12583,7
12597,6
12601,6
12606,5
12607,6
12619,4
12622,6
12625,5
12631,8
12635,5
12636,6
12641,2
12643,6
12651,7
12655,5
12660,7
12664,7
12677,7
12681,6
12683,6
12688,8
12689,3
12693,7
12694,8
12696,3
12707,1
12716,6
12720,3
12734,4
12735,6
12738,7
12741,5
12746,3
12753,6
12758,6
12760,8
12768,4
12771,3
12776,4
12780,5
12790,5
12792,1
12793,8
12795,8
12796,7
12797,5
12800,4
12803,4
12807,6
12809,4
12812,6
12816,6
12818,5
12819,2
12823,8
12825,5
12827,7
12829,5
12830,8
12838,7
12839,8
12843,6
12847,4
12848,4
12871,2
12873,4
12874,5
12875,6
12883,7
12890,5
12895,7
12900,4
12901,6
12902,6
12903,7
12904,3
12905,2
12908,5
12911,7
12912,6
12924,6
12930,2
12941,8
12950,7
12951,7
12956,6
12958,7
12967,4
12968,6
12980,7
12982,8
12983,3
12988,5
12996,8
12999,8
13005,4
13008,3
13009,6
13011,5
13012,4
13013,6
13015,7
13016,7
13018,5
13021,8
13024,5
13026,6
13031,5
13032,5
13034,7
13036,6
13039,6
13040,4
13043,5
13044,6
13060,2
13065,4
13075,7
13080,5
13088,3
13095,5
13102,6
13105,3
13107,4
13111,5
13112,2
13120,7
13122,6
13123,8
13124,6
13130,4
13132,6
13140,8
13142,4
13143,4
13144,3
13148,7
13151,6
13154,6
13166,7
13169,3
13175,7
13177,1
13178,6
13179,2
13182,6
13186,7
13188,6
13193,6
13199,4
13206,5
13216,7
13218,8
13228,7
13231,7
13235,1
13246,8
13253,6
13256,7
13259,8
13262,2
13266,4
13269,6
13271,4
13273,8
13274,7
13283,2
13288,7
13296,5
13297,6
13305,6
13312,8
13316,7
13319,8
13320,5
13328,6
13329,7
13335,4
13338,3
13340,5
13344,3
13345,4
13347,4
13350,2
13352,7
13354,2
13362,2
13368,4
13371,6
13374,8
13376,3
13377,4
13381,7
13385,7
13387,6
13395,3
13399,5
13406,7
13407,8
13411,8
13412,8
13422,8
13425,6
13427,4
13431,7
13438,6
13444,6
13445,8
13451,3
13454,1
13459,5
13465,2
13466,3
13472,5
13474,1
13478,5
13480,7
13483,7
13486,6
13499,7
13507,3
13511,6
13521,4
13522,4
13539,5
13541,7
13552,5
13556,5
13557,8
13561,3
13564,4
13573,5
13580,4
13583,1
13584,5
13585,3
13589,6
13590,6
13599,7
13601,5
13604,1
13611,7
13623,3
13629,6
13630,5
13632,7
13633,6
13636,8
13637,6
13644,3
13649,7
13652,6
13657,4
13661,7
13662,7
13664,2
13666,6
13680,6
13681,7
13684,5
13687,3
13689,1
13691,5
13692,5
13697,7
13701,5
13703,5
13709,4
13710,6
13712,8
13720,6
13721,1
13725,5
13728,6
13732,7
13736,4
13740,4
13744,7
13746,5
13750,3
13751,7
13754,7
13756,5
13764,6
13767,7
13776,8
13778,7
13784,8
13788,3
13789,5
13794,4
13798,3
13804,6
13806,2
13807,7
13808,7
13811,8
13831,3
13836,5
13840,8
13841,5
13843,7
13848,5
13851,8
13858,7
13865,1
13869,6
13871,6
13872,7
13873,6
13874,2
13876,4
13884,6
13893,6
13897,7
13907,5
13912,7
13917,5
13932,5
13933,5
13939,6
13942,7
13943,5
13954,6
13956,7
13960,5
13964,4
13965,3
13967,4
13971,4
13972,5
13973,5
13974,8
13976,8
13979,4
13990,7
13994,6
14008,7
14016,7
14023,6
14032,3
14035,6
14038,7
14040,8
14045,2
14052,7
14054,6
14056,6
14076,5
14078,4
14080,8
14085,8
14089,4
14090,8
14091,7
14096,2
14105,8
14108,6
14110,8
14117,1
14118,4
14119,1
14120,8
14122,2
14123,3
14124,3
14125,3
14135,5
14136,6
14138,8
14144,4
14146,2
14151,6
14163,8
14179,7
14181,2
14186,5
14190,4
14197,6
14198,3
14202,6
14203,6
14205,5
14208,4
14211,8
14220,7
14223,8
14227,7
14228,4
14237,5
14238,5
14240,3
14252,7
14254,6
14257,4
14260,5
14264,6
14266,6
14272,8
14273,3
14276,8
14277,4
14278,5
14279,4
14305,6
14313,5
14316,6
14318,3
14322,5
14334,2
14342,7
14346,7
14348,6
14350,7
14357,7
14359,2
14361,5
14363,8
14366,5
14371,6
14372,3
14375,2
14378,7
14380,6
14382,3
14384,6
14385,5
14388,8
14389,6
14391,3
14392,5
14402,4
14412,8
14414,8
14427,2
14428,7
14443,4
14449,4
14453,4
14460,5
14462,2
14465,4
14468,6
14472,7
14474,8
14475,5
14477,8
14479,4
14482,6
14489,8
14497,6
14500,8
14508,8
14509,7
14522,7
14525,7
14538,7
14539,3
14541,7
14543,5
14544,5
14549,5
14550,1
14552,6
14556,6
14563,6
14564,5
14566,5
14572,3
14574,6
14575,5
14579,2
14582,4
14585,6
14591,5
14592,7
14595,7
14604,4
14607,7
14612,8
14616,2
14618,3
14632,6
14633,7
14634,4
14635,4
14650,7
14657,3
14661,6
14662,8
14664,7
14672,3
14677,7
14681,6
14684,8
14689,7
14697,6
14700,5
14701,6
14717,7
14721,8
14733,6
14735,1
14737,5
14739,2
14740,7
14748,8
14750,7
14752,7
14754,4
14755,7
14763,5
14765,4
14779,6
14782,4
14785,3
14790,3
14792,7
14801,8
14812,3
14813,6
14816,7
14817,3
14819,6
14823,6
14831,7
14836,6
14838,5
14840,6
14844,8
14849,5
14851,6
14852,7
14858,4
14859,4
14862,3
14863,4
14869,7
14879,7
14882,6
14885,8
14890,8
14893,1
14897,8
14898,7
14901,3
14902,6
14917,3
14922,8
14924,6
14934,8
14940,6
14941,4
14945,6
14948,3
14956,3
14962,3
14963,8
14966,7
14972,8
14974,7
14977,7
14980,8
14990,7
14991,5
14998,3
15000,5
15014,8
15021,5
15025,7
15031,3
15036,7
15042,6
15047,3
15049,8
15055,6
15058,7
15059,7
15061,3
15069,6
15070,2
15072,7
15077,4
15085,7
15101,4
15105,4
15107,1
15108,2
15109,7
15111,2
15112,7
15113,4
15122,8
15128,5
15129,4
15131,7
15135,4
15136,6
15138,6
15140,6
15151,2
15160,7
15170,5
15171,1
15177,1
15184,3
15187,6
15195,7
15196,2
15202,5
15203,8
15205,2
15220,5
15222,7
15224,7
15226,3
15229,7
15232,8
15234,6
15250,8
15254,7
15258,2
15260,6
15261,7
15272,3
15276,8
15278,7
15282,8
15289,4
15290,7
15294,3
15298,5
15300,1
15304,6
15307,8
15308,6
15314,7
15322,5
15323,4
15330,7
15333,3
15334,2
15335,7
15341,5
15342,4
15343,4
15345,6
15346,8
15355,6
15356,8
15360,5
15364,6
15368,6
15389,5
15398,6
15400,1
15401,4
15405,2
15406,5
15408,7
15414,3
15416,4
15417,8
15428,6
15431,7
15434,6
15436,5
15437,7
15438,1
15440,6
15448,7
15449,5
15450,4
15451,6
15454,5
15459,6
15466,5
15468,4
15475,5
15478,4
15482,6
15483,8
15485,7
15494,8
15497,7
15504,5
15507,7
15519,8
15520,3
15521,6
15524,5
15534,8
15539,7
15540,6
15541,6
15543,8
15547,7
15548,7
15551,8
15563,5
15565,5
15569,7
15570,8
15572,6
15575,5
15584,6
15585,6
15587,6
15588,5
15592,8
15593,6
15599,3
15603,5
15605,8
15606,7
15607,5
15622,8
15623,2
15628,7
15630,1
15632,7
15635,8
15642,6
15643,7
15647,4
15648,4
15651,3
15652,6
15655,5
15656,4
15657,6
15659,5
15663,5
15664,5
15665,8
15666,7
15667,6
15672,6
15676,6
15685,2
15697,6
15705,6
15706,7
15715,7
15720,6
15724,4
15725,4
15726,7
15729,6
15731,5
15745,6
15753,4
15754,5
15760,7
15763,6
15764,3
15767,7
15770,4
15772,3
15777,6
15781,6
15784,7
15785,6
15799,4
15803,6
15805,3
15806,7
15808,8
15810,4
15816,6
15818,6
15824,5
15825,6
15827,7
15834,2
15835,6
15837,8
15839,6
15843,3
15845,6
15850,4
15852,8
15853,1
15864,5
15866,4
15868,1
15869,6
15876,7
15877,5
15882,3
15891,2
15900,4
15905,7
15913,7
15918,5
15925,3
15933,5
15936,4
15939,5
15940,8
15944,3
15945,7
15950,8
15951,5
15958,4
15971,4
15972,3
15976,5
15979,3
15980,3
15984,7
15985,3
15986,7
15987,4
15988,6
15990,8
15991,7
15993,5
16008,6
16009,7
16011,5
16016,2
16022,5
16024,4
16025,4
16031,5
16032,5
16036,8
16039,5
16043,5
16044,2
16046,3
16051,7
16052,7
16056,2
16057,8
16061,6
16067,6
16070,4
16073,4
16075,8
16076,6
16079,7
16081,5
16082,7
16083,7
16086,8
16088,6
16094,4
16097,5
16099,6
16102,6
16107,6
16112,6
16115,4
16119,7
16120,7
16123,1
16128,7
16134,3
16138,6
16141,6
16142,7
16144,4
16154,6
16155,4
16159,2
16161,7
16163,5
16168,5
16169,6
16170,4
16173,5
16175,6
16176,7
16177,5
16182,1
16183,6
16186,6
16188,7
16194,6
16201,2
16204,6
16205,7
16208,4
16212,8
16213,4
16221,6
16227,5
16231,2
16233,7
16234,2
16235,7
16238,6
16239,5
16245,2
16247,4
16248,3
16252,6
16257,8
16259,6
16260,3
16262,6
16264,4
16268,7
16273,5
16277,5
16284,5
16290,8
16291,8
16304,7
16307,5
16309,5
16310,4
16317,5
16319,4
16323,6
16329,7
16340,4
16345,6
16348,5
16350,6
16353,8
16363,7
16364,7
16366,4
16379,2
16387,7
16390,4
16392,5
16393,8
16396,4
16398,4
16400,5
16403,8
16409,6
16414,7
16417,5
16418,6
16420,4
16421,8
16422,6
16430,3
16432,5
16433,5
16434,6
16435,4
16436,4
16444,5
16451,6
16458,7
16463,6
16466,3
16469,6
16471,5
16475,2
16480,5
16481,5
16486,1
16489,7
16493,2
16499,4
16507,7
16509,5
16514,5
16515,8
16518,8
16520,5
16525,8
16531,4
16532,4
16534,6
16537,6
16538,5
16539,5
16540,5
16549,6
16558,4
16560,7
16569,3
16571,6
16574,8
16581,7
16583,7
16590,7
16594,8
16616,4
16617,2
16619,6
16623,8
16629,1
16634,8
16640,3
16641,1
16642,6
16650,1
16656,2
16658,5
16664,2
16671,8
16676,8
16678,6
16685,3
16693,5
16695,7
16698,8
16702,5
16708,8
16713,6
16727,7
16728,5
16736,7
16743,5
16746,7
16751,7
16752,7
16754,7
16775,6
16782,5
16783,6
16785,8
16796,2
16797,5
16804,6
16814,8
16816,8
16819,2
16828,3
16834,5
16836,3
16840,6
16841,7
16844,2
16845,1
16860,6
16867,7
16869,8
16878,5
16879,5
16885,1
16897,7
16904,4
16905,6
16911,6
16912,4
16916,7
16918,5
16923,8
16927,8
16932,7
16938,2
16939,8
16944,4
16948,7
16956,7
16961,5
16964,3
16966,6
16971,7
16972,8
16978,6
16983,6
16989,6
16990,6
16992,3
16994,6
16997,6
17002,6
17008,7
17015,8
17018,2
17019,5
17026,1
17029,3
17035,2
17038,4
17044,2
17047,3
17051,2
17054,4
17055,7
17070,7
17073,6
17075,5
17078,5
17079,7
17080,7
17081,4
17082,6
17084,3
17090,7
17091,3
17103,8
17120,3
17128,8
17129,5
17130,5
17133,6
17135,5
17136,6
17138,4
17164,3
17165,2
17175,7
17176,3
17189,6
17191,2
17193,7
17194,5
17201,6
17203,5
17208,4
17212,7
17213,5
17214,5
17215,6
17219,5
17225,8
17226,2
17227,6
17233,6
17235,4
17245,8
17254,7
17258,8
17261,3
17262,6
17263,6
17265,3
17273,7
17276,5
17278,4
17281,6
17284,5
17287,6
17290,5
17292,6
17298,6
17299,7
17300,6
17301,6
17302,5
17311,4
17314,6
17321,7
17322,6
17324,5
17328,3
17331,7
17332,6
17337,4
17343,7
17344,2
17345,7
17348,8
17354,3
17362,7
17363,8
17365,8
17376,8
17383,8
17385,5
17391,1
17394,6
17395,7
17396,6
17401,4
17404,6
17405,7
17407,5
17411,7
17424,3
17427,7
17435,6
17438,4
17440,7
17444,8
17445,7
17449,8
17456,7
17458,5
17459,7
17468,7
17470,3
17472,6
17477,3
17479,6
17483,4
17485,5
17492,4
17493,6
17496,3
17499,8
17506,7
17507,4
17513,8
17516,5
17520,3
17524,6
17528,7
17538,7
17541,2
17545,4
17546,3
17552,7
17553,2
17555,3
17565,3
17567,5
17571,5
17573,6
17574,7
17580,3
17582,4
17598,7
17602,5
17606,3
17607,8
17623,6
17632,7
17633,8
17643,4
17646,7
17647,8
17648,8
17657,7
17658,7
17659,7
17667,7
17670,6
17677,4
17678,3
17680,6
17683,3
17684,8
17688,6
17689,6
17693,7
17694,8
17701,6
17702,6
17703,6
17704,7
17708,8
17710,2
17711,7
17712,8
17714,5
17715,6
17716,7
17718,8
17720,3
17724,4
17729,7
17731,7
17734,6
17741,6
17742,2
17744,4
17746,4
17749,6
17752,2
17753,7
17756,6
17757,1
17758,5
17766,4
17769,6
17778,8
17780,6
17781,7
17794,3
17801,3
17805,8
17811,4
17820,8
17824,5
17827,4
17830,7
17832,4
17838,3
17839,7
17840,6
17850,8
17856,7
17859,5
17861,6
17864,6
17868,3
17869,1
17871,3
17872,6
17874,8
17884,6
17885,6
17886,5
17887,6
17892,6
17893,1
17894,5
17897,7
17905,3
17908,5
17913,3
17915,1
17918,2
17922,7
17923,2
17924,3
17925,4
17929,7
17938,7
17940,7
17941,4
17944,3
17953,4
17956,3
17960,6
17965,7
17969,3
17973,3
17977,7
17979,8
17981,6
17982,7
17984,3
17986,3
17989,3
17997,6
17998,5
18000,8
18004,5
18010,3
18012,7
18013,2
18015,1
18027,6
18029,6
18034,5
18043,6
18049,4
18050,8
18053,7
18058,4
18061,1
18063,3
18065,5
18066,5
18071,8
18077,7
18078,5
18083,8
18086,6
18089,8
18096,6
18105,8
18106,8
18107,4
18109,5
18111,6
18115,4
18123,6
18124,4
18125,8
18126,6
18127,7
18132,7
18133,5
18136,7
18145,6
18146,7
18161,7
18166,7
18168,6
18176,7
18177,4
18178,6
18183,7
18184,6
18186,7
18192,6
18193,4
18197,4
18198,3
18204,6
18206,5
18207,5
18211,8
18212,7
18216,1
18223,6
18225,4
18227,5
18228,5
18229,7
18233,4
18244,2
18248,8
18251,4
18253,5
18256,1
18262,5
18269,5
18270,6
18274,6
18275,8
18283,6
18285,7
18291,5
18292,3
18293,7
18294,7
18297,4
18299,6
18302,6
18309,3
18311,6
18313,4
18326,7
18331,4
18335,7
18336,5
18337,6
18342,6
18351,5
18358,8
18359,2
18361,3
18362,7
18367,2
18369,3
18370,7
18374,5
18376,7
18377,3
18378,6
18380,7
18381,8
18383,8
18389,7
18390,2
18393,4
18394,4
18398,6
18400,6
18404,8
18406,1
18407,6
18410,2
18411,3
18412,4
18413,7
18416,8
18422,6
18427,8
18428,6
18430,5
18437,1
18438,5
18443,8
18445,3
18446,1
18453,5
18457,7
18459,4
18460,8
18462,4
18464,4
18469,3
18473,3
18474,6
18479,2
18480,4
18481,7
18484,6
18487,6
18492,3
18502,1
18504,3
18509,4
18512,7
18515,5
18517,2
18521,4
18537,7
18538,4
18542,7
18543,5
18546,6
18549,4
18552,8
18558,6
18560,6
18562,8
18566,7
18568,7
18569,5
18570,2
18571,8
18575,5
18576,3
18585,4
18587,6
18588,7
18589,5
18590,5
18596,7
18597,5
18600,6
18612,7
18615,5
18620,7
18624,3
18629,8
18632,4
18636,3
18637,2
18638,4
18639,7
18640,6
18643,4
18645,6
18646,8
18653,5
18656,7
18662,2
18666,6
18668,2
18671,5
18672,7
18673,6
18677,3
18680,2
18681,2
18683,6
18687,2
18689,6
18691,8
18703,7
18706,4
18715,3
18720,6
18722,2
18737,8
18738,5
18742,7
18744,4
18774,5
18784,6
18785,4
18787,6
18788,4
18798,8
18799,3
18802,6
18810,3
18811,6
18813,4
18816,8
18819,4
18821,7
18823,8
18828,5
18831,4
18833,6
18835,4
18840,4
18843,4
18846,3
18852,8
18867,7
18871,4
18872,8
18879,1
18880,8
18886,2
18888,7
18889,2
18897,5
18898,6
18900,3
18901,5
18908,5
18921,3
18923,7
18932,8
18939,7
18949,2
18951,4
18957,3
18958,2
18975,8
18982,8
18987,3
18990,8
18991,2
18999,3
19008,5
19010,8
19012,7
19014,5
19016,3
19017,7
19018,7
19024,3
19025,8
19030,7
19032,2
19034,5
19041,7
19042,2
19043,5
19045,7
19047,3
19048,7
19050,8
19051,8
19057,7
19060,4
19063,4
19069,7
19073,2
19074,6
19078,3
19080,4
19082,6
19096,1
19104,5
19105,2
19108,6
19112,7
19114,4
19127,2
19128,5
19129,8
19130,1
19131,7
19140,6
19145,6
19147,7
19148,5
19151,6
19160,3
19163,6
19164,7
19168,5
19171,8
19175,4
19180,1
19181,7
19189,6
19191,6
19193,2
19200,2
19202,1
19203,5
19205,5
19206,6
19207,8
19209,5
19213,8
19240,4
19241,7
19243,1
19247,6
19248,7
19252,2
19254,2
19272,2
19273,5
19285,4
19289,5
19295,6
19298,4
19301,7
19304,8
19315,5
19316,6
19317,4
19318,8
19321,3
19322,8
19325,6
19333,7
19341,7
19342,5
19346,5
19348,6
19351,6
19354,6
19356,1
19374,6
19375,7
19376,1
19380,4
19386,5
19388,8
19389,5
19393,4
19398,6
19399,5
19403,4
19406,4
19410,6
19416,8
19417,7
19422,4
19427,2
19436,7
19440,5
19442,3
19443,8
19446,2
19447,6
19456,8
19460,2
19468,6
19469,7
19470,7
19475,1
19478,7
19481,2
19482,6
19488,8
19490,6
19491,2
19497,8
19502,6
19504,2
19508,6
19511,3
19518,8
19520,7
19522,8
19530,7
19542,6
19544,2
19546,2
19547,6
19549,6
19552,4
19556,6
19559,7
19562,5
19564,3
19567,7
19568,2
19580,3
19581,8
19582,7
19585,5
19591,5
19594,4
19598,6
19602,7
19612,6
19613,5
19618,5
19623,2
19624,5
19628,3
19629,6
19631,7
19633,6
19636,5
19637,1
19641,6
19642,4
19655,8
19656,5
19658,8
19664,8
19665,8
19667,5
19668,8
19669,6
19673,8
19675,8
19676,6
19678,5
19680,3
19683,8
19684,7
19692,4
19698,1
19700,3
19702,4
19705,3
19706,6
19707,4
19711,7
19714,7
19718,4
19720,5
19735,2
19736,4
19741,5
19744,8
19745,5
19748,5
19750,7
19763,6
19767,3
19775,7
19778,8
19779,2
19782,7
19784,8
19785,3
19786,7
19788,7
19789,7
19791,2
19792,6
19794,3
19796,6
19802,3
19803,6
19804,4
19806,8
19812,6
19816,6
19818,8
19819,8
19820,5
19821,3
19823,4
19830,7
19834,2
19838,7
19841,7
19843,7
19847,5
19848,8
19850,3
19854,4
19861,3
19865,7
19866,8
19869,1
19871,6
19877,3
19885,8
19886,5
19888,8
19889,7
19895,7
19896,5
19899,5
19901,7
19907,3
19909,2
19910,5
19911,6
19918,4
19919,8
19928,1
19931,7
19944,2
19948,7
19956,7
19957,5
19961,5
19964,7
19965,4
19969,6
19978,6
19982,8
19983,7
19987,4
19988,3
19989,8
19992,7
19995,6
19996,7
20009,2
20017,6
20025,8
20032,7
20034,4
20039,3
20042,4
20044,5
20048,4
20051,5
20056,6
20064,7
20065,6
20069,5
20073,3
20087,7
20088,5
20097,6
20098,8
20106,8
20108,5
20113,1
20117,6
20119,6
20120,3
20122,3
20125,6
20126,5
20127,3
20131,6
20133,4
20136,2
20137,5
20144,6
20146,7
20147,3
20149,6
20158,3
20164,5
20170,3
20172,4
20175,4
20182,2
20187,5
20197,6
20199,5
20201,8
20204,8
20216,8
20221,4
20224,8
20226,5
20227,4
20230,4
20232,3
20235,5
20237,2
20240,6
20243,8
20245,5
20246,3
20250,7
20256,7
20261,3
20274,7
20280,6
20281,7
20282,2
20283,5
20291,6
20294,7
20300,4
20301,7
20306,6
20307,4
20311,5
20318,2
20319,8
20321,2
20324,4
20327,8
20328,4
20330,8
20332,6
20333,5
20334,7
20343,7
20354,6
20358,8
20368,7
20369,4
20371,7
20374,6
20379,7
20380,7
20385,3
20391,5
20392,5
20393,6
20394,4
20404,4
20413,2
20414,3
20418,3
20422,6
20428,3
20431,8
20435,1
20439,3
20454,5
20460,7
20462,3
20464,8
20477,7
20482,6
20484,2
20487,5
20505,5
20506,6
20507,8
20512,4
20514,2
20515,4
20517,8
20522,5
20523,7
20524,7
20525,5
20530,3
20544,7
20545,7
20552,7
20554,4
20557,6
20564,4
20568,5
20570,3
20579,1
20586,5
20591,7
20597,7
20602,8
20608,2
20609,5
20618,6
20619,8
20636,7
20640,6
20646,6
20654,8
20656,6
20661,7
20664,7
20665,8
20666,5
20671,8
20694,5
20695,6
20704,4
20705,4
20707,6
20710,7
20711,1
20712,7
20714,5
20722,3
20732,6
20738,1
20745,8
20746,5
20747,5
20751,8
20755,7
20762,7
20763,7
20769,7
20774,4
20780,8
20782,7
20783,3
20784,3
20811,2
20812,6
20814,6
20825,7
20827,2
20828,2
20830,6
20833,4
20835,7
20843,1
20846,5
20847,4
20849,3
20851,2
20858,7
20863,7
20870,2
20875,6
20879,8
20881,6
20887,4
20892,7
20895,8
20903,2
20905,5
20907,5
20908,7
20912,3
20915,6
20917,5
20918,4
20923,7
20924,7
20925,6
20927,5
20935,3
20937,6
20943,3
20945,6
20949,5
20950,7
20964,8
20970,7
20980,7
20990,2
20991,6
20996,8
21000,6
21002,6
21004,4
21011,7
21014,8
21015,3
21022,3
21026,1
21037,2
21038,3
21039,8
21061,8
21063,7
21065,5
21069,3
21071,5
21084,6
21086,4
21087,3
21089,6
21094,6
21095,8
21098,6
21103,4
21105,6
21106,8
21108,8
21109,6
21111,6
21112,6
21120,7
21125,7
21141,7
21142,8
21144,6
21146,5
21150,5
21159,6
21165,2
21166,5
21180,7
21183,4
21186,4
21187,6
21189,6
21193,7
21194,8
21205,7
21208,8
21209,6
21210,3
21211,4
21214,6
21221,2
21228,5
21235,5
21239,6
21242,7
21244,3
21245,5
21251,7
21260,4
21267,2
21269,7
21275,5
21281,7
21282,6
21286,2
21287,6
21292,3
21294,6
21305,1
21323,5
21329,5
21331,5
21332,6
21334,5
21340,3
21344,6
21346,7
21347,5
21348,1
21354,8
21365,6
21367,5
21368,6
21369,5
21371,7
21377,6
21379,7
21381,6
21382,1
21383,6
21387,5
21390,8
21394,3
21395,4
21397,5
21399,7
21400,5
21401,6
21402,6
21405,4
21406,8
21409,6
21411,8
21412,6
21416,6
21421,4
21422,6
21425,7
21428,6
21431,7
21434,4
21436,6
21444,3
21448,8
21453,8
21457,2
21461,8
21476,2
21480,3
21484,3
21489,3
21490,6
21494,4
21496,6
21506,2
21508,1
21515,4
21516,3
21517,7
21524,5
21543,8
21558,7
21559,2
21566,6
21572,6
21575,6
21578,5
21589,3
21595,3
21596,6
21605,5
21621,5
21628,8
21630,7
21632,8
21643,5
21645,6
21652,2
21660,7
21661,5
21664,2
21665,2
21666,2
21669,7
21673,7
21674,5
21675,5
21676,7
21680,6
21688,4
21693,3
21695,3
21697,2
21699,8
21705,7
21706,5
21707,4
21709,5
21711,2
21712,5
21717,6
21722,7
21726,2
21731,4
21732,4
21744,6
21745,5
21752,8
21759,5
21763,7
21765,2
21772,3
21779,5
21787,3
21790,4
21793,7
21794,5
21799,7
21809,3
21816,5
21819,5
21822,4
21837,2
21838,5
21839,4
21846,5
21848,4
21849,7
21856,5
21858,5
21866,8
21870,7
21873,7
21878,7
21881,6
21887,5
21890,6
21897,7
21902,7
21909,3
21915,6
21918,5
21920,8
21923,4
21924,5
21929,8
21933,3
21944,3
21946,1
21947,2
21953,8
21959,8
21969,2
21972,4
21975,5
21978,6
21979,4
21996,7
22001,6
22016,6
22017,4
22022,1
22028,6
22029,1
22033,7
22034,6
22037,4
22040,6
22042,8
22044,4
22045,5
22048,6
22054,1
22056,2
22057,7
22058,6
22065,3
22069,5
22073,2
22075,5
22077,3
22080,5
22082,4
22084,7
22085,7
22087,5
22089,7
22092,5
22093,5
22097,6
22099,6
22100,5
22101,8
22109,7
22111,7
22113,7
22114,4
22115,7
22117,3
22118,1
22128,7
22131,7
22132,7
22139,8
22140,5
22144,6
22158,3
22161,3
22162,7
22163,3
22164,5
22172,7
22176,5
22179,7
22181,5
22182,8
22184,7
22185,5
22187,2
22188,4
22196,3
22197,6
22213,5
22221,1
22222,7
22223,5
22225,4
22226,4
22227,6
22236,8
22238,4
22239,5
22241,7
22243,3
22244,3
22248,3
22253,7
22255,6
22257,2
22259,7
22267,2
22269,6
22271,7
22272,6
22273,4
22276,3
22279,2
22281,2
22286,8
22288,8
22292,5
22300,8
22301,4
22308,1
22317,7
22318,5
22321,5
22322,5
22328,6
22329,5
22331,7
22333,7
22334,8
22337,5
22338,7
22342,6
22346,2
22348,5
22354,7
22358,6
22359,4
22361,7
22368,2
22369,5
22370,7
22372,7
22375,7
22376,7
22378,8
22379,8
22381,3
22382,4
22394,7
22404,6
22405,4
22406,5
22410,4
22413,5
22420,2
22423,6
22425,2
22428,2
22431,5
22434,6
22440,2
22449,7
22452,7
22453,8
22458,5
22459,6
22464,3
22466,5
22475,6
22480,5
22482,4
22486,7
22487,2
22489,7
22490,5
22493,2
22494,3
22496,7
22500,4
22506,5
22516,7
22520,4
22527,8
22530,6
22534,2
22535,6
22544,4
22546,4
22547,6
22557,6
22559,4
22561,4
22566,3
22567,8
22570,4
22574,6
22584,7
22588,5
22589,6
22590,2
22591,6
22592,6
22596,3
22598,3
22600,2
22602,5
22603,6
22604,4
22610,4
22616,6
22617,7
22620,6
22623,4
22625,8
22629,7
22630,8
22631,2
22634,4
22635,4
22636,5
22638,3
22647,6
22653,3
22655,6
22663,7
22666,6
22683,7
22684,5
22686,5
22696,5
22698,7
22703,1
22705,5
22709,4
22719,6
22731,5
22734,4
22738,4
22741,4
22742,5
22744,5
22750,8
22753,2
22756,3
22760,6
22765,5
22766,6
22770,7
22771,6
22781,8
22788,5
22789,7
22793,3
22795,4
22802,8
22803,8
22805,8
22806,5
22815,7
22819,8
22822,2
22831,5
22832,6
22835,8
22836,5
22837,7
22842,8
22850,7
22852,7
22855,7
22859,5
22862,1
22863,5
22869,7
22871,8
22879,6
22882,7
22885,6
22889,6
22890,8
22891,7
22894,6
22902,7
22903,5
22907,7
22913,3
22917,8
22919,5
22920,4
22921,6
22927,4
22929,7
22931,5
22934,6
22941,8
22947,5
22956,6
22959,7
22960,8
22964,4
22965,7
22970,8
22973,8
22975,4
22979,3
22981,3
22990,7
22991,4
23003,4
23008,6
23022,7
23024,7
23026,5
23035,6
23041,3
23047,6
23048,7
23060,6
23064,3
23067,5
23073,2
23087,8
23093,7
23100,5
23101,2
23105,2
23108,7
23111,5
23112,6
23115,4
23118,1
23119,6
23120,5
23121,2
23126,6
23129,6
23131,4
23133,6
23135,4
23139,2
23140,7
23141,2
23142,3
23148,7
23149,4
23152,4
23154,5
23156,4
23159,7
23160,2
23164,2
23178,6
23183,5
23184,3
23186,5
23189,3
23191,5
23193,7
23194,7
23196,4
23209,1
23210,8
23211,4
23212,7
23213,4
23216,8
23222,5
23224,6
23226,5
23229,3
23234,5
23239,7
23247,5
23252,7
23259,6
23261,7
23267,5
23270,3
23278,8
23279,6
23280,7
23285,1
23294,8
23301,7
23306,5
23317,3
23319,4
23323,7
23327,4
23329,7
23330,6
23335,5
23365,6
23366,4
23372,6
23376,6
23378,2
23381,8
23383,5
23387,3
23391,5
23397,3
23403,5
23404,5
23405,5
23411,7
23412,4
23414,8
23424,8
23429,6
23436,7
23438,4
23439,8
23448,6
23455,7
23460,7
23462,4
23463,2
23471,6
23473,3
23475,7
23481,8
23482,7
23488,6
23489,6
23494,8
23495,5
23504,6
23509,6
23514,8
23516,6
23517,4
23522,6
23523,6
23528,4
23529,6
23537,6
23548,3
23549,8
23551,5
23557,5
23558,7
23560,6
23565,5
23566,4
23571,6
23572,6
23574,3
23581,2
23583,6
23585,3
23588,2
23595,2
23597,5
23601,6
23605,2
23606,5
23607,3
23608,5
23610,6
23612,7
23614,5
23616,8
23624,2
23628,3
23634,4
23635,7
23639,2
23640,7
23643,1
23644,7
23649,4
23654,5
23663,3
23669,7
23679,2
23680,6
23681,5
23683,3
23684,3
23687,1
23688,5
23690,4
23695,6
23696,8
23698,5
23702,5
23703,3
23704,2
23716,6
23717,7
23724,6
23728,6
23738,5
23745,8
23746,8
23754,2
23755,7
23758,5
23761,6
23768,6
23769,6
23775,8
23781,1
23783,3
23788,6
23789,5
23794,7
23797,5
23805,7
23806,6
23816,2
23822,4
23826,6
23840,5
23848,4
23850,8
23851,1
23852,5
23859,3
23878,6
23888,5
23897,7
23901,6
23905,5
23909,5
23913,6
23915,1
23919,7
23923,4
23926,7
23930,8
23935,3
23937,6
23938,3
23939,5
23944,8
23945,5
23946,7
23948,7
23953,1
23955,4
23957,4
23961,2
23965,6
23967,5
23969,3
23972,8
23973,7
23980,8
23982,7
23983,6
23984,5
23986,8
24003,8
24006,7
24010,2
24011,8
24014,5
24019,7
24028,4
24033,2
24035,4
24041,8
24042,3
24043,8
24045,8
24048,8
24050,7
24057,4
24062,8
24065,2
24066,7
24067,7
24072,8
24076,6
24083,3
24085,7
24089,7
24090,6
24092,8
24096,5
24100,5
24103,5
24121,5
24125,7
24129,8
24145,6
24149,5
24159,4
24160,6
24161,7
24164,5
24165,6
24175,7
24180,6
24183,8
24184,7
24187,5
24190,5
24191,7
24198,5
24199,8
24200,8
24204,5
24205,6
24207,6
24208,4
24212,8
24213,7
24214,1
24219,3
24221,7
24222,6
24223,7
24225,7
24231,4
24237,3
24239,8
24241,6
24248,2
24249,7
24253,4
24257,7
24259,6
24262,8
24263,2
24265,7
24284,2
24286,3
24290,7
24293,6
24294,6
24296,4
24298,4
24299,8
24310,6
24314,5
24316,7
24320,8
24322,4
24328,5
24329,5
24330,7
24333,4
24334,5
24335,2
24336,2
24340,4
24344,3
24345,5
24347,1
24357,8
24359,8
24360,8
24361,6
24362,2
24368,2
24370,4
24374,2
24377,7
24380,2
24383,7
24387,3
24390,8
24391,2
24392,5
24394,2
24404,8
24406,8
24409,2
24411,5
24414,5
24416,7
24420,7
24427,4
24431,7
24432,7
24435,7
24436,3
24437,5
24441,8
24448,7
24450,3
24452,7
24458,7
24461,5
24462,2
24468,4
24472,1
24476,5
24477,5
24484,6
24486,8
24488,5
24490,6
24491,2
24493,7
24500,3
24502,3
24504,7
24512,8
24518,7
24520,7
24529,5
24531,5
24532,8
24535,4
24538,2
24541,6
24544,5
24549,6
24550,3
24560,6
24561,8
24575,2
24576,2
24580,5
24581,4
24587,7
24590,6
24593,7
24595,7
24602,7
24604,7
24607,7
24613,7
24614,7
24620,5
24627,7
24631,7
24638,5
24639,6
24642,8
24643,3
24653,1
24670,5
24673,8
24678,5
24681,1
24682,5
24697,5
24698,7
24702,5
24703,6
24706,7
24707,5
24709,8
24715,7
24719,6
24726,4
24728,3
24729,3
24734,2
24736,3
24737,6
24744,7
24753,7
24754,2
24755,8
24757,7
24764,4
24765,5
24766,4
24767,8
24775,6
24776,4
24782,3
24785,4
24786,7
24787,6
24791,7
24793,8
24801,7
24808,7
24813,7
24817,8
24825,6
24826,7
24830,8
24837,5
24841,2
24849,3
24850,8
24853,6
24857,6
24858,6
24859,5
24860,7
24862,6
24864,5
24867,5
24869,6
24875,5
24876,6
24879,6
24882,8
24883,5
24896,6
24899,8
24901,7
24902,2
24906,5
24909,5
24912,6
24914,6
24916,5
24926,5
24929,8
24930,1
24937,7
24939,3
24940,5
24962,7
24971,4
24974,6
24976,6
24981,7
24988,6
24993,7
24995,7
24996,4
25012,8
25021,7
25031,4
25033,7
25036,6
25037,8
25042,6
25046,2
25047,6
25055,7
25060,2
25063,8
25071,3
25078,8
25082,5
25090,7
25092,5
25093,4
25094,5
25097,5
25099,8
25101,3
25102,4
25103,5
25110,6
25119,8
25120,5
25124,7
25125,5
25127,2
25128,7
25131,3
25136,5
25146,8
25156,8
25163,4
25165,8
25166,3
25172,4
25175,5
25178,6
25180,5
25184,2
25185,7
25194,6
25195,2
25197,7
25200,6
25202,7
25203,4
25207,2
25209,8
25211,8
25216,5
25217,8
25218,7
25219,7
25220,6
25221,3
25228,5
25231,3
25232,5
25242,5
25246,7
25247,4
25256,7
25260,8
25261,2
25262,8
25265,5
25268,7
25269,3
25279,5
25283,5
25286,5
25291,4
25293,5
25307,7
25311,5
25314,4
25316,6
25325,5
25341,6
25343,7
25347,8
25358,6
25360,2
25373,6
25375,6
25393,5
25395,5
25398,5
25405,8
25411,4
25416,7
25418,3
25427,5
25429,5
25433,7
25435,8
25436,6
25437,6
25441,2
25442,3
25448,6
25449,3
25450,6
25451,7
25454,7
25471,6
25491,7
25493,6
25494,7
25496,3
25498,5
25501,6
25502,4
25508,4
25509,2
25512,6
25515,7
25517,8
25525,6
25526,6
25536,7
25540,8
25542,6
25549,5
25551,4
25555,7
25559,6
25563,5
25564,4
25566,7
25568,6
25576,5
25581,6
25586,8
25591,7
25593,4
25598,8
25606,4
25608,7
25609,2
25613,4
25616,8
25620,8
25627,5
25632,6
25635,8
25642,3
25646,5
25647,4
25653,8
25658,3
25661,6
25665,3
25677,5
25680,3
25681,8
25682,7
25684,8
25686,8
25694,5
25697,7
25700,3
25703,8
25704,3
25707,7
25710,3
25715,7
25717,7
25724,7
25726,6
25733,6
25741,8
25742,8
25744,6
25747,6
25757,4
25760,7
25762,6
25765,6
25770,7
25775,8
25777,7
25783,7
25786,7
25789,2
25801,8
25803,1
25804,5
25805,7
25808,2
25812,6
25814,8
25817,2
25820,6
25825,6
25827,3
25831,6
25835,7
25836,8
25838,8
25852,4
25857,7
25866,6
25867,5
25869,5
25873,2
25874,8
25876,7
25877,1
25884,7
25886,7
25888,7
25889,8
25892,3
25893,7
25894,8
25899,6
25913,6
25915,7
25916,3
25919,4
25921,5
25924,1
25926,6
25931,7
25944,5
25945,6
25950,8
25951,7
25956,8
25963,8
25969,5
25974,7
25976,5
25980,6
25984,5
25985,6
25986,8
25997,7
25999,2
26001,7
26011,8
26018,8
26019,2
26027,7
26031,5
26037,3
26038,5
26039,6
26043,4
26044,4
26046,8
26049,7
26056,6
26060,7
26063,6
26065,3
26069,5
26073,3
26078,3
26082,3
26087,4
26094,7
26095,8
26096,5
26097,3
26102,5
26114,8
26117,4
26118,7
26124,1
26131,8
26137,6
26143,4
26150,8
26167,6
26169,6
26171,1
26178,6
26179,7
26183,6
26187,7
26189,6
26193,2
26196,6
26201,8
26204,1
26206,7
26214,7
26216,5
26221,8
26227,7
26236,5
26240,4
26241,8
26258,7
26267,3
26270,6
26274,5
26280,7
26284,3
26299,5
26307,6
26310,7
26313,7
26314,8
26316,7
26322,4
26326,3
26327,6
26329,5
26330,6
26331,3
26337,5
26344,2
26346,3
26354,8
26356,6
26389,3
26403,3
26405,7
26415,1
26421,7
26427,7
26428,8
26434,7
26435,6
26442,2
26445,4
26447,8
26449,4
26451,5
26454,4
26462,5
26465,6
26469,3
26476,4
26479,8
26480,4
26495,7
26497,2
26498,7
26503,8
26509,7
26512,6
26518,7
26519,4
26521,5
26524,6
26527,5
26535,3
26539,5
26542,5
26549,5
26554,3
26559,6
26561,4
26562,6
26567,5
26570,1
26584,6
26588,6
26593,5
26596,2
26597,6
26598,6
26599,8
26609,5
26611,6
26617,6
26618,6
26621,7
26626,8
26628,4
26631,4
26640,5
26642,5
26644,1
26649,6
26656,6
26664,1
26673,6
26685,5
26687,8
26689,7
26690,7
26698,7
26699,7
26701,7
26711,3
26720,1
26724,7
26726,7
26727,5
26732,4
26734,4
26735,8
26738,1
26739,6
26740,6
26749,3
26757,8
26759,4
26766,6
26768,2
26769,6
26770,5
26776,6
26782,5
26786,6
26788,5
26791,1
26792,6
26793,6
26796,7
26798,6
26817,4
26818,8
26821,6
26824,5
26832,1
26833,2
26848,6
26853,4
26854,1
26859,6
26861,3
26865,4
26866,5
26868,6
26873,6
26876,7
26882,8
26884,7
26890,6
26891,2
26893,8
26894,7
26896,5
26904,5
26908,6
26909,2
26910,4
26919,8
26929,8
26931,6
26933,8
26936,6
26937,6
26938,6
26940,4
26942,8
26943,3
26946,6
26948,6
26950,6
26964,3
26965,7
26966,7
26968,8
26969,3
26977,7
26980,7
26982,7
26985,1
26991,6
26992,6
26996,2
27004,5
27005,2
27009,6
27014,5
27015,5
27022,6
27024,8
27033,4
27040,3
27041,3
27042,4
27044,4
27051,5
27054,4
27056,2
27060,2
27062,7
27067,6
27069,6
27072,8
27082,8
27083,5
27088,5
27089,7
27096,2
27102,4
27105,2
27107,8
27111,5
27114,4
27125,6
27132,2
27135,2
27136,4
27139,8
27146,7
27147,2
27148,6
27161,7
27163,4
27164,6
27166,7
27174,7
27176,7
27181,4
27183,4
27191,5
27202,3
27203,8
27205,5
27206,2
27209,1
27210,7
27212,8
27214,5
27223,7
27225,7
27227,4
27229,7
27233,4
27234,7
27235,6
27236,7
27237,7
27240,6
27241,4
27248,7
27261,7
27266,6
27276,5
27281,7
27282,1
27288,2
27289,4
27290,4
27292,6
27294,7
27301,5
27310,6
27312,5
27318,6
27319,2
27341,3
27356,6
27358,3
27361,6
27369,3
27372,5
27374,4
27378,2
27379,5
27383,3
27388,7
27395,8
27406,4
27408,7
27409,6
27413,5
27416,4
27430,5
27431,7
27435,5
27444,6
27468,6
27475,8
27477,5
27487,5
27489,4
27494,6
27499,7
27501,7
27504,6
27506,3
27507,8
27508,1
27511,4
27515,5
27519,8
27520,7
27527,8
27528,3
27535,2
27536,5
27543,6
27546,8
27548,5
27551,6
27553,5
27561,7
27563,6
27565,7
27566,2
27567,7
27573,7
27575,8
27576,6
27577,6
27583,7
27587,5
27589,3
27592,8
27597,7
27599,6
27600,7
27602,5
27605,4
27606,4
27621,8
27624,3
27625,7
27630,6
27631,1
27633,5
27634,6
27639,4
27640,6
27645,4
27646,3
27647,3
27649,3
27660,6
27664,7
27666,7
27667,7
27669,3
27671,7
27673,6
27681,8
27684,6
27685,4
27686,6
27688,4
27701,6
27704,6
27712,6
27713,3
27716,8
27719,5
27720,4
27724,6
27730,3
27733,2
27734,7
27738,6
27739,7
27742,7
27759,5
27768,7
27771,6
27772,7
27773,5
27780,2
27788,8
27793,5
27795,5
27796,8
27799,6
27802,5
27809,4
27816,7
27817,8
27826,7
27827,5
27833,4
27835,8
27839,1
27846,6
27847,6
27851,7
27854,5
27855,4
27856,2
27859,8
27861,6
27864,8
27877,7
27885,6
27889,3
27890,7
27893,8
27901,2
27904,6
27906,5
27908,4
27909,7
27915,5
27921,7
27923,6
27927,6
27934,8
27936,7
27937,7
27938,7
27939,5
27941,6
27942,3
27953,8
27955,5
27960,5
27962,6
27963,3
27965,6
27968,6
27969,4
27977,5
27979,3
27980,6
27990,7
27994,2
28001,7
28003,7
28006,6
28009,5
28021,7
28025,5
28030,4
28031,3
28037,7
28038,8
28041,3
28043,8
28049,7
28055,8
28056,7
28075,5
28082,7
28085,3
28086,8
28091,7
28097,4
28098,4
28103,8
28112,4
28113,4
28121,7
28123,7
28124,7
28126,5
28127,7
28128,2
28130,8
28135,8
28136,5
28138,8
28144,5
28145,5
28150,7
28151,6
28152,3
28162,7
28164,6
28165,5
28173,6
28181,5
28189,7
28190,5
28193,6
28197,5
28201,7
28204,3
28222,8
28237,6
28239,3
28242,7
28247,2
28251,5
28259,8
28268,6
28271,1
28272,7
28280,6
28282,7
28285,7
28286,7
28288,4
28289,8
28297,5
28310,6
28311,5
28314,4
28315,6
28325,7
28328,8
28331,8
28337,8
28343,6
28346,8
28350,6
28355,5
28358,7
28362,4
28363,8
28365,8
28369,3
28373,5
28378,5
28381,8
28389,6
28391,6
28401,2
28405,2
28408,7
28420,3
28423,6
28425,6
28429,5
28432,5
28435,4
28437,6
28443,7
28444,3
28454,1
28459,1
28464,7
28470,2
28475,1
28484,8
28485,3
28491,5
28496,2
28499,6
28501,2
28502,3
28506,6
28510,5
28511,3
28513,7
28521,7
28533,6
28535,6
28537,8
28538,5
28540,3
28541,4
28546,2
28551,6
28559,6
28570,6
28571,6
28572,2
28573,7
28575,5
28585,3
28595,2
28600,5
28611,4
28614,4
28615,6
28617,6
28618,6
28629,5
28632,1
28633,7
28636,4
28638,5
28642,5
28647,6
28654,4
28657,6
28658,6
28659,8
28660,3
28661,5
28663,7
28665,5
28667,7
28669,8
28673,5
28687,2
28688,5
28689,3
28692,4
28701,4
28703,5
28705,6
28707,7
28709,2
28716,1
28724,6
28728,4
28729,1
28730,7
28736,7
28741,4
28743,8
28746,2
28752,4
28759,8
28761,7
28762,4
28763,5
28765,6
28768,7
28769,2
28771,3
28785,7
28786,5
28790,6
28791,6
28796,3
28797,3
28807,3
28808,5
28813,7
28815,5
28821,6
28822,6
28824,7
28827,6
28835,7
28837,4
28841,6
28845,6
28857,7
28864,3
28866,4
28867,6
28870,8
28880,3
28889,4
28897,4
28902,5
28903,3
28906,7
28907,8
28908,5
28910,7
28921,3
28923,6
28928,3
28929,5
28954,8
28961,7
28964,5
28968,7
28974,8
28977,7
28979,7
28987,5
28989,6
28994,2
28996,3
28999,5
29004,5
29007,7
29008,5
29014,8
29016,5
29019,3
29024,7
29028,5
29034,1
29039,7
29040,7
29045,1
29054,7
29056,8
29068,4
29071,6
29075,2
29076,6
29080,3
29094,8
29096,6
29097,7
29099,5
29100,4
29106,6
29111,8
29123,1
29124,6
29125,3
29126,8
29127,6
29131,6
29136,6
29138,5
29143,8
29145,4
29146,3
29147,3
29148,3
29152,7
29153,3
29155,5
29160,6
29163,2
29165,2
29166,3
29167,5
29168,6
29169,2
29171,7
29176,3
29185,6
29188,6
29190,3
29193,4
29194,6
29196,6
29198,5
29214,2
29215,5
29217,8
29221,7
29223,3
29232,8
29233,6
29234,5
29235,8
29238,4
29241,7
29243,4
29255,4
29261,1
29263,4
29264,4
29265,1
29268,6
29269,6
29276,3
29281,5
29285,7
29287,7
29288,5
29293,6
29298,6
29301,3
29310,8
29311,6
29314,5
29316,7
29331,2
29335,2
29336,7
29342,5
29344,4
29345,5
29349,2
29352,5
29356,2
29361,3
29369,3
29374,7
29381,8
29382,2
29383,7
29392,7
29395,3
29396,4
29398,7
29400,5
29403,8
29410,4
29412,3
29415,8
29421,3
29426,5
29429,5
29430,5
29435,6
29441,4
29444,5
29455,5
29456,1
29457,6
29458,8
29459,4
29463,7
29471,3
29474,7
29477,5
29485,8
29491,3
29494,5
29495,6
29498,6
29499,7
29504,5
29510,3
29512,7
29519,7
29522,2
29528,6
29529,7
29532,8
29538,7
29539,3
29541,4
29550,3
29558,5
29566,8
29567,6
29572,3
29577,5
29578,4
29579,5
29586,4
29587,6
29598,3
29606,4
29608,5
29610,7
29611,7
29613,5
29615,5
29621,6
29623,6
29629,1
29630,8
29631,7
29635,4
29639,8
29642,6
29650,5
29653,7
29654,4
29656,8
29664,8
29667,2
29673,7
29674,7
29686,2
29690,4
29692,7
29700,6
29711,3
29712,6
29715,3
29716,5
29720,4
29727,7
29729,7
29742,3
29744,7
29747,3
29748,5
29749,5
29752,1
29757,4
29765,7
29768,6
29777,8
29779,6
29794,4
29796,6
29803,8
29810,5
29811,4
29813,5
29821,4
29824,5
29830,7
29832,7
29834,7
29837,4
29843,4
29844,6
29848,6
29851,4
29854,7
29859,5
29860,2
29861,4
29864,5
29868,7
29870,8
29872,4
29874,8
29875,6
29876,3
29881,8
29886,7
29891,6
29892,7
29894,5
29902,6
29904,6
29906,6
29913,4
29914,4
29915,3
29919,3
29925,4
29934,3
29936,7
29938,5
29939,6
29943,6
29945,6
29947,3
29951,6
29952,5
29956,1
29960,4
29962,3
29969,4
29971,6
29981,6
29982,8
29983,2
29986,7
29987,4
29991,2
29993,6
29996,5
30000,2
30002,3
30003,2
30010,8
30015,1
30017,4
30021,6
30025,6
30030,4
30032,3
30035,6
30038,6
30041,6
30042,3
30045,8
30053,2
30055,4
30057,1
30059,5
30061,6
30062,7
30063,7
30067,4
30071,4
30072,4
30075,7
30076,4
30077,3
30081,8
30087,7
30090,6
30093,3
30094,8
30096,7
30097,2
30106,6
30108,5
30116,4
30117,2
30121,4
30124,6
30125,6
30140,7
30141,5
30142,6
30146,5
30152,5
30153,4
30154,3
30155,6
30157,4
30159,3
30163,1
30164,7
30167,7
30168,7
30169,6
30170,6
30171,2
30179,6
30181,8
30182,8
30183,5
30187,5
30189,8
30192,8
30198,7
30202,6
30203,4
30205,6
30207,2
30209,7
30213,3
30217,3
30223,7
30224,4
30231,5
30234,5
30236,3
30239,4
30240,6
30247,5
30252,7
30254,7
30256,4
30267,8
30270,5
30277,3
30281,7
30284,7
30287,4
30290,8
30294,8
30295,8
30301,2
30304,5
30308,6
30309,7
30310,6
30313,7
30315,6
30316,5
30318,6
30320,3
30333,8
30335,6
30337,7
30340,7
30345,7
30346,3
30353,7
30358,2
30362,5
30365,5
30366,5
30372,8
30377,7
30386,6
30398,4
30408,7
30410,5
30411,5
30414,5
30420,7
30423,4
30425,6
30431,3
30436,6
30437,4
30442,7
30443,4
30444,3
30446,2
30447,4
30449,8
30451,7
30452,5
30455,6
30464,7
30475,7
30481,5
30490,6
30492,6
30497,8
30503,7
30504,3
30505,7
30506,8
30509,6
30512,5
30515,4
30516,7
30522,5
30526,7
30531,8
30536,2
30540,6
30542,8
30546,5
30550,6
30552,6
30555,6
30557,4
30558,4
30559,7
30564,5
30565,7
30578,5
30582,6
30585,5
30586,5
30595,4
30596,7
30598,4
30605,7
30606,8
30612,6
30613,7
30614,6
30620,7
30624,7
30630,7
30639,3
30640,7
30643,6
30651,5
30654,7
30657,7
30665,3
30666,5
30671,4
30678,3
30679,2
30689,5
30692,5
30698,6
30702,2
30703,5
30709,6
30721,4
30723,7
30724,4
30734,2
30742,4
30745,5
30751,7
30764,7
30765,7
30786,8
30788,6
30790,4
30791,7
30794,6
30803,7
30805,8
30811,4
30812,4
30815,3
30818,2
30823,5
30827,3
30829,5
30830,2
30835,2
30837,6
30838,4
30847,6
30851,4
30859,3
30861,7
30866,6
30867,7
30874,4
30875,4
30877,4
30879,6
30885,8
30886,8
30887,2
30890,2
30893,8
30903,2
30906,4
30909,4
30914,7
30917,4
30918,6
30920,1
30933,8
30934,4
30936,8
30938,8
30944,2
30946,5
30949,6
30950,8
30952,3
30958,4
30965,4
30967,7
30971,5
30973,7
30984,5
30985,5
30987,8
30997,2
31001,3
31004,4
31006,4
31007,6
31008,1
31009,3
31012,5
31014,7
31020,7
31029,7
31030,5
31031,5
31036,7
31039,6
31040,4
31044,2
31048,5
31050,5
31051,5
31059,3
31060,6
31065,3
31067,8
31070,8
31077,6
31082,8
31083,6
31089,6
31093,5
31096,5
31100,7
31103,4
31121,4
31135,7
31137,8
31139,6
31144,5
31147,6
31155,8
31158,5
31160,4
31161,3
31162,2
31168,7
31172,8
31174,4
31176,8
31180,3
31184,2
31185,7
31188,6
31193,3
31202,6
31207,8
31210,6
31212,8
31213,2
31217,8
31218,3
31223,5
31231,8
31238,8
31240,7
31249,3
31250,3
31255,8
31260,2
31261,4
31273,8
31276,6
31277,7
31284,7
31286,7
31290,4
31295,8
31300,6
31302,5
31303,8
31304,8
31306,6
31307,5
31308,6
31321,3
31323,4
31324,7
31326,5
31336,8
31337,7
31339,4
31342,2
31343,4
31344,3
31348,6
31349,6
31354,6
31356,7
31361,6
31362,3
31365,6
31371,2
31373,8
31375,7
31377,7
31379,7
31382,3
31384,2
31389,7
31390,4
31393,7
31398,4
31399,7
31407,6
31408,4
31412,7
31413,5
31416,8
31418,6
31419,5
31421,8
31426,6
31427,5
31433,3
31434,7
31441,7
31446,3
31451,7
31452,8
31453,8
31454,7
31456,5
31458,6
31461,7
31462,4
31464,5
31467,6
31468,5
31471,6
31474,1
31475,6
31477,6
31479,7
31492,7
31494,7
31499,6
31510,8
31512,5
31517,8
31520,5
31531,2
31532,6
31534,6
31535,2
31537,8
31540,3
31541,6
31542,3
31549,7
31555,7
31566,6
31567,5
31570,5
31576,7
31583,2
31589,2
31594,6
31597,6
31599,2
31601,6
31605,7
31608,5
31609,5
31616,5
31620,4
31622,6
31624,4
31627,7
31630,4
31632,3
31635,7
31639,5
31643,7
31655,7
31659,6
31661,5
31666,3
31669,7
31670,8
31674,2
31681,4
31686,4
31689,5
31690,5
31693,5
31696,8
31697,8
31699,8
31701,7
31704,6
31709,5
31712,6
31716,7
31719,7
31720,8
31721,4
31722,5
31727,4
31728,6
31730,3
31733,3
31748,6
31753,7
31759,4
31769,3
31772,8
31778,5
31782,7
31800,4
31804,8
31815,5
31818,4
31819,6
31821,6
31826,4
31831,7
31832,7
31835,7
31836,6
31838,1
31840,8
31841,5
31844,3
31861,6
31863,2
31864,4
31868,8
31871,5
31876,7
31877,3
31880,3
31881,7
31890,2
31892,7
31896,1
31897,3
31899,4
31905,6
31908,6
31912,6
31920,7
31921,3
31927,8
31928,3
31932,7
31933,6
31934,6
31938,3
31943,4
31947,7
31952,5
31959,8
31966,8
31980,7
31981,7
31990,8
31994,3
32010,7
32013,4
32014,7
32024,7
32026,6
32031,7
32033,6
32037,2
32040,5
32042,4
32046,8
32048,7
32058,7
32059,8
32071,6
32074,8
32077,7
32084,7
32085,7
32086,7
32100,5
32105,7
32106,7
32107,4
32108,7
32110,7
32116,8
32120,3
32130,6
32134,2
32143,3
32144,6
32151,8
32153,8
32158,6
32165,6
32167,4
32169,6
32173,7
32174,6
32175,6
32178,4
32179,5
32181,7
32183,5
32190,8
32197,4
32201,6
32207,7
32208,5
32215,7
32217,7
32227,5
32232,3
32238,6
32239,7
32241,7
32246,8
32247,8
32248,3
32250,7
32253,6
32259,2
32265,2
32270,5
32271,6
32286,6
32291,6
32300,6
32309,7
32311,7
32328,7
32330,5
32341,8
32343,4
32361,7
32362,8
32365,8
32368,8
32374,4
32376,8
32379,7
32382,7
32385,6
32393,3
32396,2
32403,5
32407,7
32408,6
32410,7
32412,6
32418,7
32423,3
32424,7
32431,6
32434,7
32435,5
32443,6
32445,8
32447,3
32453,8
32456,7
32457,6
32462,5
32463,7
32465,2
32467,8
32470,5
32472,6
32474,6
32479,3
32488,4
32489,6
32492,4
32493,3
32496,6
32513,3
32516,6
32517,7
32518,6
32519,5
32520,8
32526,2
32532,6
32536,3
32542,7
32546,2
32548,7
32552,7
32554,8
32557,7
32561,8
32564,6
32565,6
32568,7
32582,4
32593,7
32594,7
32598,5
32600,5
32601,7
32609,7
32611,8
32614,7
32615,7
32617,4
32621,7
32624,6
32630,7
32631,4
32633,7
32634,4
32635,2
32642,8
32646,6
32647,1
32654,8
32657,6
32660,8
32663,7
32684,6
32686,7
32687,6
32692,8
32693,2
32694,3
32701,6
32702,4
32710,6
32712,6
32721,6
32723,7
32726,7
32728,6
32734,7
32745,7
32747,6
32754,8
32771,3
32772,8
32777,7
32782,5
32793,8
32794,5
32798,8
32802,6
32804,7
32805,3
32809,7
32814,4
32815,5
32820,8
32831,7
32832,5
32838,3
32840,5
32847,7
32848,8
32855,7
32858,7
32862,2
32877,5
32880,5
32882,6
32899,6
32904,5
32905,7
32917,2
32921,6
32923,7
32931,2
32933,1
32937,6
32939,7
32940,5
32948,7
32955,8
32958,2
32964,7
32966,5
32967,4
32972,5
32977,5
32981,3
32989,7
32990,4
32994,5
32995,5
33000,6
33007,8
33011,7
33012,8
33014,6
33020,5
33023,1
33034,4
33038,4
33042,7
33044,3
33047,4
33048,6
33055,3
33056,3
33062,7
33065,4
33068,5
33071,2
33075,3
33077,6
33084,5
33087,3
33112,4
33117,8
33119,6
33120,1
33129,8
33131,6
33139,4
33141,6
33148,7
33153,5
33164,5
33166,8
33167,2
33171,7
33180,7
33182,5
33185,2
33189,6
33191,6
33199,2
33203,2
33204,4
33209,2
33210,5
33211,6
33217,7
33231,7
33234,4
33236,8
33242,3
33246,7
33251,6
33253,2
33256,3
33258,3
33265,5
33268,5
33272,8
33273,5
33282,6
33285,2
33293,6
33298,7
33302,5
33303,8
33307,6
33314,6
33321,4
33336,3
33339,4
33342,6
33345,7
33354,3
33355,4
33364,5
33366,5
33372,4
33373,8
33374,7
33379,8
33393,5
33395,7
33402,8
33408,8
33409,7
33413,5
33414,7
33419,6
33425,7
33426,3
33430,7
33431,4
33445,5
33454,6
33456,3
33462,7
33465,4
33472,4
33476,7
33477,2
33479,7
33486,7
33487,6
33488,5
33491,7
33497,1
33501,8
33503,8
33506,5
33508,5
33512,8
33517,2
33518,6
33522,7
33523,5
33525,6
33526,5
33529,6
33541,7
33543,6
33549,6
33552,1
33560,2
33566,7
33567,6
33568,6
33569,4
33574,5
33585,6
33588,1
33589,3
33592,4
33594,8
33605,5
33606,6
33615,7
33620,6
33623,7
33629,6
33632,7
33635,5
33637,2
33639,5
33644,8
33646,2
33649,4
33654,3
33655,4
33659,8
33660,4
33661,5
33665,7
33668,5
33683,4
33684,3
33692,2
33696,6
33699,2
33701,8
33702,6
33707,6
33717,4
33724,2
33729,7
33739,8
33741,3
33747,2
33749,5
33751,6
33768,7
33771,5
33780,7
33785,7
33789,8
33793,7
33795,4
33802,2
33804,4
33809,7
33811,3
33815,6
33816,8
33821,6
33824,5
33826,1
33834,5
33835,4
33837,7
33838,6
33841,6
33842,7
33847,8
33849,5
33850,6
33851,5
33853,6
33862,4
33864,4
33867,5
33868,6
33870,7
33874,1
33877,2
33887,7
33889,7
33892,2
33902,6
33908,4
33917,3
33928,2
33939,1
33943,4
33944,5
33953,8
33954,4
33956,7
33958,5
33960,4
33963,2
33965,4
33966,4
33967,7
33969,2
33973,7
33984,4
33986,8
33987,8
33993,5
34003,7
34008,4
34012,6
34014,6
34019,4
34026,8
34038,5
34047,6
34050,4
34051,3
34058,5
34059,3
34061,7
34063,7
34064,7
34066,2
34077,3
34080,5
34081,5
34082,2
34088,4
34091,4
34093,7
34095,2
34096,6
34100,3
34102,8
34103,6
34108,5
34109,6
34121,6
34122,5
34124,5
34127,7
34130,3
34132,6
34136,8
34160,8
34163,3
34166,8
34174,6
34175,6
34183,3
34186,6
34191,6
34193,7
34194,1
34199,3
34203,8
34205,2
34207,5
34209,6
34210,3
34212,6
34214,6
34220,6
34222,8
34223,4
34231,6
34235,6
34238,8
34241,8
34243,6
34255,8
34256,2
34258,6
34262,6
34265,7
34268,7
34273,4
34279,6
34282,7
34286,3
34301,3
34303,7
34312,4
34315,7
34316,7
34317,8
34322,6
34325,5
34329,7
34330,3
34333,4
34337,7
34340,8
34341,8
34343,7
34353,6
34355,2
34357,8
34362,5
34365,5
34379,7
34382,7
34384,5
34385,7
34390,8
34404,6
34407,2
34408,8
34409,8
34415,6
34416,4
34418,7
34420,6
34422,6
34423,8
34427,1
34436,7
34439,5
34443,8
34448,6
34449,5
34450,7
34453,4
34470,5
34473,4
34475,6
34476,1
34483,8
34485,6
34494,7
34503,6
34505,4
34507,5
34512,4
34513,8
34514,5
34516,5
34517,5
34524,6
34526,4
34533,2
34535,8
34538,2
34543,8
34545,5
34548,4
34549,3
34558,5
34561,7
34573,6
34578,3
34582,2
34583,8
34584,3
34594,1
34600,6
34612,2
34613,5
34616,6
34619,5
34621,2
34627,7
34633,2
34634,8
34642,7
34644,8
34658,8
34668,6
34671,1
34675,4
34676,5
34686,7
34687,8
34692,2
34693,6
34711,7
34712,4
34722,3
34729,1
34731,3
34733,7
34735,7
34737,4
34738,6
34742,6
34746,1
34747,6
34750,7
34753,8
34755,5
34756,4
34759,8
34761,6
34773,6
34774,5
34783,4
34785,5
34793,4
34794,7
34796,8
34797,8
34806,8
34814,7
34817,5
34826,8
34828,7
34829,6
34832,5
34833,6
34836,4
34837,6
34838,5
34845,7
34846,3
34847,5
34859,1
34862,5
34865,8
34868,7
34878,1
34881,8
34885,6
34888,7
34892,8
34903,1
34904,3
34905,7
34907,7
34909,5
34912,7
34916,2
34923,5
34928,7
34931,5
34934,3
34935,7
34941,4
34944,7
34949,8
34953,5
34959,7
34962,7
34965,7
34975,1
34976,6
34978,5
34984,7
34986,6
34988,3
34990,6
34992,4
34993,3
34994,5
34997,5
34998,8
35000,6
35001,4
35003,3
35005,5
35010,7
35011,8
35014,7
35017,4
35025,7
35031,5
35034,3
35036,3
35038,8
35039,2
35040,6
35043,6
35045,7
35048,6
35054,4
35056,4
35058,8
35065,4
35066,5
35067,5
35069,4
35072,2
35074,5
35085,6
35086,4
35087,6
35089,5
35090,8
35095,4
35097,3
35101,7
35102,4
35103,8
35105,7
35106,7
35111,7
35118,4
35121,6
35135,6
35141,6
35142,7
35150,5
35152,5
35156,5
35160,5
35162,5
35163,6
35166,8
35169,5
35170,7
35171,5
35172,7
35175,8
35176,7
35182,6
35183,5
35187,5
35191,5
35195,2
35200,5
35201,6
35202,1
35205,4
35208,2
35210,2
35218,7
35227,5
35235,6
35236,8
35241,7
35251,8
35257,7
35260,7
35264,7
35271,7
35272,8
35277,7
35278,5
35279,7
35282,4
35289,7
35290,7
35292,7
35293,5
35294,7
35299,6
35311,5
35313,7
35321,7
35324,8
35325,4
35327,2
35329,6
35330,8
35337,2
35338,5
35342,4
35347,4
35349,6
35350,4
35353,8
35359,8
35361,4
35366,7
35367,4
35370,3
35375,7
35376,5
35385,8
35395,7
35397,7
35398,5
35401,7
35408,4
35413,5
35415,8
35417,5
35419,5
35427,5
35428,8
35437,5
35443,4
35444,2
35446,5
35448,7
35449,7
35450,8
35457,8
35462,7
35464,7
35467,8
35469,1
35473,4
35476,8
35480,4
35483,5
35484,7
35489,7
35492,7
35493,6
35494,3
35503,1
35506,6
35507,4
35518,5
35519,7
35523,4
35534,6
35542,6
35544,6
35554,5
35555,4
35556,2
35558,7
35560,2
35565,6
35566,6
35567,3
35569,6
35577,1
35582,4
35583,6
35586,3
35599,4
35608,4
35613,6
35623,8
35627,2
35630,7
35635,4
35638,7
35647,3
35649,7
35654,3
35657,5
35661,1
35662,5
35666,1
35676,7
35682,6
35692,5
35696,8
35697,5
35701,8
35718,5
35722,3
35724,3
35730,4
35738,5
35741,7
35744,4
35746,5
35749,5
35751,4
35757,1
35758,6
35762,6
35763,8
35764,7
35770,7
35778,5
35780,3
35787,5
35790,4
35796,5
35798,3
35800,7
35803,6
35809,5
35814,2
35817,6
35820,3
35826,7
35827,5
35833,6
35836,4
35841,6
35843,4
35844,7
35853,5
35854,5
35856,6
35857,8
35862,5
35869,2
35873,7
35875,7
35877,4
35880,6
35885,5
35888,7
35889,4
35890,6
35898,4
35903,2
35905,6
35911,8
35917,4
35923,6
35929,8
35936,7
35937,7
35939,5
35941,6
35942,6
35947,5
35949,7
35950,4
35952,6
35961,3
35968,8
35975,6
35988,5
35995,8
35996,5
36000,4
36004,8
36005,6
36028,6
36029,7
36030,7
36035,7
36040,5
36046,5
36048,2
36049,3
36051,5
36056,5
36065,7
36066,7
36068,7
36071,8
36080,7
36082,8
36084,1
36088,2
36089,8
36093,7
36094,2
36097,4
36102,2
36105,2
36108,2
36109,7
36119,3
36121,5
36124,2
36127,6
36133,8
36135,4
36141,7
36142,6
36147,1
36156,5
36158,8
36161,2
36162,4
36166,7
36170,1
36171,6
36172,1
36174,4
36182,8
36190,5
36191,2
36192,6
36199,7
36207,4
36211,8
36214,8
36222,4
36223,1
36225,6
36227,5
36235,8
36237,8
36238,7
36240,7
36242,8
36255,7
36256,5
36257,7
36260,4
36264,7
36265,4
36269,3
36272,6
36273,6
36277,3
36278,6
36283,6
36284,8
36287,6
36288,5
36292,8
36294,4
36297,8
36299,4
36300,3
36305,3
36306,4
36310,7
36312,7
36313,5
36319,6
36323,6
36330,8
36332,7
36333,4
36336,4
36340,4
36342,7
36343,8
36344,6
36350,6
36353,6
36356,6
36360,3
36366,6
36373,8
36376,7
36391,2
36397,4
36401,7
36418,3
36420,7
36424,4
36433,5
36434,6
36438,6
36439,7
36441,4
36445,7
36447,3
36449,5
36451,7
36459,4
36466,7
36468,6
36485,3
36498,8
36499,2
36506,3
36507,6
36508,7
36516,4
36517,5
36525,5
36527,2
36530,6
36531,6
36532,7
36557,2
36560,3
36570,8
36573,1
36574,7
36578,7
36582,3
36584,8
36585,7
36588,5
36589,7
36604,6
36623,7
36626,1
36634,2
36635,3
36644,4
36647,8
36657,8
36659,7
36660,5
36666,5
36668,4
36673,6
36674,7
36675,4
36681,7
36685,8
36690,8
36697,8
36706,7
36708,5
36720,5
36721,8
36727,5
36729,2
36730,5
36731,6
36735,7
36736,7
36740,4
36745,7
36747,5
36748,7
36753,5
36757,7
36758,8
36763,5
36764,7
36766,6
36771,7
36773,4
36788,1
36791,3
36799,8
36802,5
36805,5
36806,8
36809,4
36811,7
36815,8
36817,7
36822,8
36826,7
36829,4
36840,5
36841,8
36850,6
36851,6
36864,6
36865,8
36867,6
36869,6
36872,6
36889,3
36893,7
36896,6
36897,1
36900,7
36918,2
36921,7
36923,6
36925,1
36926,7
36927,5
36928,8
36929,4
36932,2
36933,7
36936,7
36937,4
36945,7
36948,5
36949,6
36952,3
36953,8
36956,4
36960,6
36974,6
36976,7
36977,7
36978,6
36979,8
36984,8
36986,6
36992,3
36993,5
37011,3
37014,7
37015,8
37016,8
37020,6
37021,4
37025,8
37034,8
37035,7
37045,6
37046,3
37047,5
37050,7
37055,8
37056,5
37061,7
37062,6
37077,5
37078,1
37079,7
37083,6
37091,8
37104,3
37109,6
37112,6
37114,6
37115,3
37117,8
37119,4
37120,3
37124,8
37126,1
37127,7
37129,7
37133,4
37134,8
37135,8
37136,6
37137,8
37149,4
37154,7
37165,7
37170,5
37174,5
37188,3
37194,3
37199,2
37202,3
37206,7
37215,7
37229,7
37230,3
37239,7
37242,6
37251,3
37258,4
37265,4
37267,8
37268,6
37271,5
37277,8
37282,1
37287,1
37288,7
37298,8
37304,2
37312,7
37314,4
37316,4
37318,6
37320,6
37321,4
37324,3
37325,7
37327,4
37334,8
37343,5
37347,7
37359,6
37363,8
37367,7
37368,4
37371,6
37373,7
37378,7
37386,7
37389,1
37392,7
37393,2
37397,6
37399,4
37401,3
37414,6
37417,3
37422,1
37423,6
37429,6
37430,6
37433,8
37437,6
37453,7
37454,7
37459,3
37462,7
37468,5
37469,3
37472,8
37473,5
37474,4
37477,5
37480,5
37481,6
37485,7
37488,7
37491,6
37494,8
37497,5
37501,3
37514,6
37519,6
37521,4
37528,7
37538,4
37543,6
37545,5
37551,3
37553,1
37557,4
37563,7
37566,3
37567,7
37568,7
37576,3
37577,6
37578,6
37580,7
37596,1
37597,4
37598,8
37602,8
37603,4
37606,2
37614,5
37619,8
37625,6
37626,1
37631,3
37634,2
37640,5
37643,6
37644,5
37646,7
37648,4
37653,7
37654,5
37662,4
37663,4
37665,8
37668,4
37670,1
37673,4
37674,8
37675,4
37681,8
37685,5
37687,7
37696,7
37704,5
37713,8
37714,7
37720,4
37723,1
37724,4
37733,7
37738,7
37746,7
37754,5
37755,8
37757,5
37768,5
37770,8
37782,5
37791,3
37802,7
37805,8
37810,7
37812,3
37819,5
37821,4
37823,6
37826,7
37830,5
37836,8
37843,4
37846,7
37847,7
37850,7
37855,5
37856,6
37861,4
37865,8
37866,7
37867,6
37869,3
37874,4
37877,5
37885,3
37886,3
37887,7
37892,7
37895,4
37896,8
37897,2
37899,3
37901,6
37903,8
37909,6
37912,6
37913,2
37920,6
37931,5
37936,8
37941,8
37944,7
37945,6
37949,7
37951,5
37952,3
37962,2
37964,2
37967,4
37970,4
37975,7
37976,3
37988,8
37990,8
37991,7
37993,7
37994,3
37995,8
37996,3
37999,5
38008,6
38011,7
38015,3
38016,6
38018,6
38021,5
38028,8
38029,4
38036,7
38037,5
38041,5
38046,7
38051,8
38054,8
38057,6
38060,6
38062,8
38067,7
38068,4
38073,6
38074,8
38076,4
38077,7
38079,6
38081,8
38083,3
38086,4
38089,6
38092,6
38097,8
38100,8
38103,5
38114,7
38117,6
38119,7
38121,2
38124,5
38129,6
38130,5
38132,7
38137,6
38141,8
38153,6
38154,8
38161,8
38163,2
38168,7
38177,8
38182,6
38183,5
38196,7
38201,3
38214,6
38215,5
38222,7
38236,5
38237,8
38238,8
38251,3
38252,6
38253,5
38255,3
38264,6
38266,7
38267,6
38269,5
38271,5
38272,5
38275,4
38277,3
38282,4
38283,1
38284,5
38288,6
38289,7
38300,6
38302,6
38304,8
38306,2
38307,7
38317,7
38319,4
38328,8
38342,6
38348,8
38354,2
38355,4
38356,6
38358,2
38368,4
38369,3
38396,7
38397,6
38399,7
38403,5
38407,4
38409,3
38412,6
38428,4
38429,6
38433,6
38434,7
38438,3
38465,6
38466,6
38470,6
38471,5
38474,3
38475,1
38484,5
38490,6
38499,5
38503,4
38505,7
38514,7
38516,6
38518,4
38522,2
38523,3
38526,6
38528,8
38530,6
38533,7
38537,5
38538,8
38544,6
38546,4
38555,5
38558,5
38560,7
38566,1
38573,7
38574,5
38576,6
38577,8
38583,4
38586,5
38593,8
38598,5
38601,7
38625,4
38626,8
38637,7
38642,7
38646,7
38649,6
38652,8
38653,7
38654,1
38656,6
38666,7
38667,5
38675,5
38678,7
38681,7
38703,7
38712,5
38715,8
38717,7
38732,7
38733,4
38735,6
38741,2
38746,7
38750,5
38767,2
38773,8
38775,6
38778,6
38779,6
38781,3
38784,6
38792,6
38801,8
38802,4
38811,6
38816,5
38818,4
38820,6
38822,3
38826,7
38838,7
38839,5
38844,2
38845,3
38848,4
38850,8
38851,5
38853,5
38867,7
38871,5
38878,6
38881,7
38883,4
38887,8
38893,8
38895,7
38901,8
38904,6
38917,5
38918,6
38919,4
38922,3
38927,6
38929,6
38942,4
38945,8
38946,6
38951,6
38958,4
38968,4
38971,6
38976,8
38978,7
38987,5
38988,4
38990,5
38991,6
38997,5
38998,6
39002,6
39015,6
39030,5
39031,2
39040,8
39042,8
39047,7
39049,3
39053,6
39060,6
39061,6
39066,6
39071,5
39073,8
39075,4
39076,5
39079,8
39082,5
39084,8
39086,8
39087,2
39090,3
39091,1
39096,8
39099,7
39102,7
39106,4
39108,5
39111,7
39114,6
39115,3
39117,8
39119,4
39123,2
39131,8
39146,4
39148,6
39149,3
39157,7
39160,7
39161,1
39163,8
39164,5
39177,4
39181,7
39186,4
39202,5
39205,8
39207,6
39208,6
39213,5
39217,7
39220,8
39228,4
39229,4
39233,3
39240,5
39244,4
39246,6
39249,8
39255,6
39256,6
39269,3
39274,7
39277,1
39288,5
39289,7
39290,5
39291,4
39293,5
39299,4
39307,6
39308,4
39316,7
39318,8
39319,5
39327,3
39337,3
39339,7
39342,6
39345,7
39353,7
39371,4
39373,5
39375,6
39382,6
39384,3
39387,8
39392,5
39395,2
39396,3
39402,6
39403,2
39406,6
39414,5
39418,2
39426,7
39428,5
39429,5
39432,4
39436,4
39439,7
39449,7
39452,5
39458,6
39460,5
39464,7
39466,5
39467,3
39470,4
39475,5
39476,7
39477,1
39481,8
39486,6
39489,6
39494,7
39496,5
39504,2
39506,4
39507,7
39508,6
39509,5
39514,5
39529,3
39532,7
39536,6
39539,5
39542,5
39545,5
39547,6
39548,4
39552,6
39555,6
39556,5
39557,7
39559,8
39586,3
39589,5
39595,6
39596,6
39597,4
39599,7
39605,1
39612,5
39615,8
39624,6
39626,4
39627,4
39633,6
39638,4
39643,6
39657,5
39659,6
39664,3
39665,7
39669,7
39691,2
39693,4
39698,7
39700,7
39709,8
39712,7
39713,1
39726,1
39730,8
39732,7
39740,8
39742,6
39755,5
39756,4
39759,4
39761,4
39763,6
39764,7
39769,8
39784,4
39786,3
39789,2
39790,3
39796,7
39797,5
39799,7
39802,3
39818,7
39825,7
39826,5
39830,6
39832,8
39833,6
39852,7
39853,6
39860,3
39865,6
39866,5
39867,7
39874,6
39882,6
39889,3
39893,7
39895,4
39898,8
39901,3
39907,8
39908,3
39910,5
39911,1
39924,7
39928,5
39929,7
39937,5
39939,3
39944,4
39948,8
39951,6
39958,4
39959,2
39967,8
39972,6
39975,7
39978,6
40004,6
40016,6
40026,4
40028,7
40036,4
40040,4
40041,6
40042,7
40043,6
40050,6
40052,7
40053,3
40061,7
40063,7
40078,3
40084,7
40085,6
40087,4
40090,6
40091,5
40093,1
40098,4
40099,5
40102,3
40104,7
40109,2
40113,4
40118,7
40122,6
40124,8
40125,1
40127,6
40129,7
40130,3
40131,7
40136,5
40146,5
40150,8
40151,5
40160,8
40162,7
40163,3
40171,6
40173,6
40181,3
40182,4
40184,7
40195,1
40197,5
40198,6
40209,5
40211,4
40212,7
40213,7
40224,7
40228,6
40237,7
40244,8
40250,5
40252,7
40257,6
40258,3
40262,7
40268,3
40273,5
40282,8
40285,1
40286,7
40298,8
40299,8
40311,6
40313,8
40314,7
40316,7
40317,7
40320,2
40327,7
40345,7
40346,6
40348,3
40357,6
40364,8
40367,5
40368,2
40376,4
40377,7
40378,4
40386,7
40388,8
40393,3
40405,3
40406,6
40413,7
40414,7
40415,7
40418,7
40423,2
40427,6
40428,5
40429,5
40432,2
40434,6
40435,4
40442,3
40447,4
40457,6
40458,7
40470,5
40471,5
40472,4
40477,5
40479,6
40483,4
40484,5
40486,6
40488,8
40492,4
40496,6
40498,6
40499,4
40504,2
40513,6
40514,2
40520,6
40523,4
40527,5
40537,7
40538,3
40540,1
40541,2
40548,8
40562,7
40563,8
40569,6
40570,5
40573,6
40574,3
40576,3
40577,6
40579,8
40589,5
40593,8
40599,7
40601,8
40610,6
40616,7
40624,4
40626,8
40630,4
40633,7
40644,5
40658,6
40663,8
40666,3
40673,4
40677,7
40680,8
40684,5
40690,7
40693,7
40702,2
40703,5
40704,5
40707,2
40709,5
40713,5
40723,5
40735,6
40742,5
40745,7
40749,8
40755,2
40762,7
40771,7
40773,7
40779,6
40783,6
40789,6
40791,6
40793,5
40795,8
40801,4
40815,3
40817,7
40822,5
40823,7
40825,6
40828,6
40833,7
40834,7
40847,8
40848,7
40854,8
40858,8
40859,7
40861,1
40864,6
40865,4
40866,6
40867,5
40871,8
40873,3
40881,5
40887,8
40898,4
40902,4
40905,8
40907,5
40908,6
40915,5
40923,4
40928,5
40929,3
40942,6
40947,7
40952,3
40958,6
40959,6
40960,4
40971,7
40979,8
40988,5
40989,8
40991,3
40993,3
41003,5
41006,6
41007,6
41008,6
41009,7
41015,7
41022,3
41023,6
41025,7
41026,4
41029,8
41030,5
41032,7
41036,5
41037,2
41038,8
41046,5
41053,7
41067,2
41069,6
41084,5
41089,4
41091,6
41095,5
41100,6
41102,4
41104,1
41109,2
41113,5
41119,4
41120,1
41126,6
41129,7
41141,4
41142,3
41147,5
41151,8
41155,3
41162,7
41169,6
41170,8
41175,8
41187,5
41190,7
41202,7
41207,7
41208,5
41214,5
41216,7
41218,6
41225,8
41226,7
41233,8
41240,6
41241,8
41242,4
41249,3
41251,7
41253,6
41254,8
41256,3
41259,6
41260,7
41261,5
41265,7
41274,4
41284,8
41296,6
41298,8
41300,7
41302,8
41311,5
41313,7
41314,5
41318,7
41320,7
41333,5
41353,8
41357,5
41360,6
41365,3
41370,6
41372,2
41375,5
41378,3
41379,6
41381,8
41382,5
41385,3
41392,4
41396,6
41406,7
41410,8
41419,5
41420,4
41421,4
41426,1
41429,5
41430,7
41444,5
41450,6
41451,1
41452,8
41454,5
41459,7
41463,7
41464,7
41465,4
41466,7
41467,1
41474,5
41478,7
41485,7
41488,4
41491,4
41503,7
41512,3
41516,3
41521,4
41525,5
41527,7
41531,7
41534,4
41535,5
41538,6
41542,3
41547,5
41548,5
41552,8
41560,5
41561,3
41567,5
41569,6
41578,8
41584,5
41587,4
41590,6
41592,7
41603,3
41608,6
41610,6
41617,6
41621,6
41622,4
41623,8
41626,7
41627,6
41630,7
41631,7
41632,8
41635,6
41647,3
41649,4
41651,8
41652,7
41653,5
41663,5
41670,7
41672,8
41673,8
41676,7
41677,3
41681,3
41685,3
41692,7
41695,6
41699,6
41702,8
41707,5
41708,6
41710,7
41713,8
41716,6
41718,2
41731,4
41735,4
41744,6
41746,6
41753,4
41754,7
41758,8
41759,6
41780,8
41785,3
41787,8
41803,5
41810,6
41812,7
41817,8
41824,7
41829,6
41844,5
41854,2
41855,3
41856,5
41860,8
41868,6
41870,6
41882,5
41885,7
41900,6
41901,4
41906,7
41909,5
41915,2
41923,6
41931,7
41935,6
41939,1
41942,8
41948,8
41950,7
41962,5
41969,6
41974,1
41977,7
41978,1
41980,5
41983,3
41988,6
41992,8
41994,4
41998,3
42003,2
42006,7
42008,4
42009,6
42015,7
42019,6
42020,6
42031,5
42035,3
42036,7
42042,2
42045,4
42049,6
42051,7
42052,8
42054,7
42057,5
42058,5
42059,6
42061,8
42067,2
42070,8
42071,4
42072,6
42076,5
42079,7
42080,7
42084,7
42085,3
42088,8
42089,2
42093,7
42096,4
42102,5
42119,6
42120,8
42121,7
42125,5
42135,7
42138,3
42143,5
42151,8
42156,7
42157,3
42164,4
42166,7
42168,4
42170,7
42175,6
42176,5
42178,7
42187,7
42200,3
42201,2
42204,7
42205,4
42206,6
42210,8
42212,4
42215,6
42219,8
42227,8
42229,7
42231,2
42238,7
42248,4
42250,7
42251,6
42252,2
42256,6
42257,5
42261,8
42278,3
42286,8
42292,8
42297,8
42299,5
42302,8
42307,3
42320,8
42322,4
42324,6
42326,4
42328,5
42329,2
42330,6
42331,1
42333,5
42334,7
42336,5
42340,2
42341,7
42345,5
42347,1
42349,6
42350,6
42354,8
42364,3
42366,5
42372,6
42392,4
42395,4
42400,4
42403,3
42417,5
42422,5
42429,7
42431,3
42432,6
42433,1
42437,6
42440,3
42443,6
42445,8
42447,7
42466,6
42471,2
42476,6
42488,6
42494,6
42502,8
42510,7
42513,7
42514,6
42516,6
42517,7
42521,8
42526,6
42530,7
42539,4
42541,4
42548,7
42549,7
42551,2
42552,2
42577,3
42580,8
42582,7
42589,8
42590,2
42591,5
42596,5
42597,7
42598,7
42600,8
42602,6
42612,3
42615,5
42618,3
42619,7
42620,5
42624,4
42629,5
42630,8
42637,7
42638,5
42642,7
42648,7
42650,4
42655,7
42670,7
42676,4
42679,6
42680,7
42681,7
42686,2
42688,2
42697,5
42700,3
42712,4
42726,4
42729,7
42731,8
42732,6
42735,6
42736,6
42742,6
42744,4
42746,6
42751,7
42756,7
42776,4
42785,3
42786,8
42794,7
42802,4
42806,4
42829,6
42831,3
42833,7
42834,3
42835,3
42837,2
42845,8
42847,4
42848,7
42849,2
42861,5
42864,7
42867,6
42869,6
42877,7
42881,4
42883,5
42886,7
42887,6
42890,3
42892,7
42898,8
42906,6
42908,5
42910,3
42913,3
42915,7
42918,5
42920,8
42921,7
42925,4
42930,5
42936,5
42937,7
42938,6
42940,7
42941,5
42942,6
42946,2
42950,1
42955,7
42957,8
42959,3
42960,2
42962,3
42963,6
42964,1
42965,6
42993,6
43002,7
43003,3
43006,8
43010,7
43012,7
43014,7
43016,2
43023,5
43030,6
43031,5
43032,4
43033,3
43034,8
43035,3
43042,6
43046,5
43048,4
43050,1
43052,6
43059,5
43061,5
43063,3
43066,6
43070,7
43078,4
43080,6
43084,5
43085,7
43087,8
43091,8
43102,3
43103,2
43105,1
43114,4
43117,1
43118,5
43121,6
43125,4
43132,5
43136,5
43138,4
43142,4
43148,3
43155,3
43167,7
43173,7
43186,5
43188,6
43190,3
43191,1
43194,3
43195,7
43196,5
43198,7
43203,8
43207,7
43218,8
43222,7
43226,7
43229,5
43238,6
43248,7
43252,4
43254,4
43257,4
43262,7
43263,6
43271,7
43273,6
43281,7
43285,7
43286,6
43288,8
43298,7
43301,6
43303,3
43306,5
43308,8
43309,7
43312,2
43314,6
43316,5
43320,7
43322,6
43323,7
43332,6
43334,6
43342,8
43343,5
43344,5
43350,4
43352,1
43353,4
43360,4
43361,7
43380,7
43391,6
43398,3
43399,5
43403,5
43407,2
43408,5
43413,3
43424,7
43425,5
43428,7
43429,7
43431,3
43432,7
43437,5
43444,4
43445,6
43446,7
43447,2
43452,7
43459,8
43465,6
43466,7
43470,8
43473,4
43475,7
43476,7
43477,2
43484,2
43488,6
43493,7
43497,5
43498,8
43500,6
43502,3
43504,5
43509,5
43510,8
43515,3
43517,5
43519,1
43520,7
43524,3
43532,2
43534,8
43535,6
43539,6
43540,7
43542,3
43546,8
43552,6
43554,8
43558,7
43570,6
43571,5
43577,6
43579,4
43580,5
43584,8
43595,8
43596,8
43599,4
43600,2
43602,7
43603,8
43605,7
43611,7
43612,7
43613,3
43619,3
43624,6
43626,7
43627,7
43629,7
43633,8
43635,6
43636,7
43641,8
43646,3
43655,6
43656,7
43663,8
43665,7
43668,8
43674,1
43677,4
43680,8
43685,3
43689,6
43692,6
43693,4
43694,7
43701,8
43705,7
43706,7
43710,5
43712,2
43720,8
43723,6
43724,8
43725,4
43736,2
43737,7
43738,4
43741,3
43744,6
43745,6
43751,3
43754,1
43756,8
43760,5
43762,7
43763,8
43765,8
43770,6
43774,8
43777,3
43786,7
43788,8
43790,5
43791,6
43794,5
43807,6
43808,6
43811,8
43813,7
43822,3
43825,8
43826,7
43830,4
43837,5
43839,5
43842,7
43844,4
43845,8
43852,4
43855,8
43866,6
43867,5
43873,8
43874,2
43879,6
43880,7
43890,7
43892,3
43894,1
43897,7
43904,5
43906,7
43908,5
43925,2
43929,5
43936,4
43943,6
43946,5
43948,7
43949,7
43953,7
43955,7
43956,8
43962,6
43963,5
43967,7
43970,5
43971,5
43972,5
43979,5
43981,7
43986,6
43988,5
43989,2
43993,5
43994,6
43996,5
43998,6
43999,8
44002,6
44003,7
44006,8
44007,3
44012,5
44013,6
44014,7
44031,8
44034,6
44038,3
44040,7
44041,8
44044,4
44047,5
44050,1
44056,8
44067,7
44071,5
44075,6
44081,5
44085,4
44087,6
44102,2
44103,7
44106,7
44109,8
44114,6
44119,5
44120,8
44126,8
44132,4
44133,6
44136,3
44137,6
44138,7
44140,3
44145,3
44146,6
44150,6
44159,5
44165,3
44166,7
44168,7
44178,3
44180,4
44183,5
44184,2
44188,6
44200,5
44211,7
44212,4
44213,6
44216,8
44217,5
44221,6
44226,5
44227,7
44230,8
44231,4
44236,2
44241,3
44243,3
44245,8
44252,5
44254,2
44255,8
44256,6
44264,6
44270,5
44272,8
44277,8
44283,7
44286,8
44287,4
44294,5
44297,3
44306,2
44317,7
44319,5
44320,5
44334,7
44337,5
44342,8
44346,5
44348,4
44349,5
44350,5
44352,3
44358,6
44359,5
44361,5
44368,6
44375,1
44381,8
44387,5
44389,7
44398,7
44400,2
44405,7
44413,8
44415,4
44428,6
44429,7
44431,3
44437,7
44439,8
44441,3
44443,5
44454,7
44457,7
44459,3
44466,2
44467,8
44469,5
44471,8
44475,2
44484,6
44494,4
44496,5
44499,6
44500,5
44504,7
44505,7
44506,1
44510,7
44513,5
44515,4
44522,7
44526,8
44531,1
44535,7
44537,2
44538,8
44559,6
44566,3
44569,7
44570,4
44580,8
44582,8
44592,8
44597,3
44599,8
44600,6
44606,2
44609,3
44611,7
44616,2
44620,8
44626,7
44627,4
44629,4
44630,4
44633,6
44635,5
44636,6
44639,8
44644,3
44653,5
44654,4
44655,6
44666,8
44667,1
44669,5
44671,6
44685,7
44687,6
44692,6
44698,4
44707,3
44717,5
44718,5
44722,7
44725,2
44727,5
44728,6
44731,3
44732,4
44736,7
44737,6
44743,7
44747,6
44749,6
44754,7
44756,6
44757,7
44761,7
44764,3
44766,7
44769,7
44771,6
44772,6
44776,6
44790,6
44794,1
44797,8
44798,8
44810,6
44811,4
44818,2
44819,5
44820,1
44827,7
44830,8
44835,5
44839,7
44840,8
44844,5
44856,4
44858,3
44869,6
44870,6
44875,5
44876,4
44877,3
44878,4
44881,5
44895,7
44909,8
44913,4
44915,7
44916,4
44917,2
44918,6
44919,7
44923,8
44933,8
44934,8
44937,6
44938,5
44939,7
44942,6
44943,3
44947,2
44950,4
44968,5
44970,6
44974,5
44982,8
44990,2
44992,5
44994,7
44995,6
44999,6
45003,8
45005,6
45006,5
45008,7
45010,8
45012,3
45013,8
45018,8
45019,1
45025,7
45026,5
45028,4
45029,5
45030,5
45032,7
45038,4
45039,3
45041,2
45045,2
45054,7
45057,5
45061,4
45064,4
45071,3
45076,6
45079,4
45083,3
45084,7
45085,1
45093,5
45095,4
45097,8
45099,5
45101,6
45102,7
45115,5
45119,3
45127,4
45128,3
45138,1
45141,5
45146,6
45151,3
45152,7
45155,7
45158,8
45169,7
45175,1
45183,6
45196,6
45198,7
45199,8
45200,6
45211,2
45213,4
45214,4
45216,6
45227,2
45234,8
45239,3
45240,3
45244,5
45246,7
45248,6
45251,3
45259,6
45263,3
45272,6
45282,7
45291,7
45294,4
45295,4
45301,4
45303,5
45305,6
45319,6
45321,6
45325,3
45333,4
45342,2
45343,6
45344,2
45345,7
45349,8
45350,7
45352,6
45355,6
45356,8
45357,7
45372,6
45373,5
45377,5
45378,5
45381,5
45383,7
45384,8
45389,8
45393,8
45395,7
45399,7
45400,7
45402,5
45408,6
45415,4
45419,8
45422,7
45423,4
45429,8
45431,6
45447,5
45448,4
45449,3
45450,5
45454,5
45456,2
45459,8
45460,4
45464,3
45465,8
45466,8
45467,3
45468,7
45472,3
45479,8
45480,8
45481,4
45496,3
45506,6
45512,8
45516,6
45521,8
45532,6
45534,6
45535,7
45540,7
45542,7
45544,4
45545,4
45550,6
45559,7
45560,5
45568,5
45573,5
45574,4
45575,3
45576,3
45577,5
45585,4
45590,4
45591,8
45593,6
45596,4
45597,4
45600,8
45601,6
45608,3
45611,6
45621,7
45622,3
45624,7
45625,5
45626,5
45630,4
45633,7
45635,7
45638,6
45647,6
45653,7
45654,6
45655,2
45656,6
45658,5
45659,2
45662,4
45663,5
45664,3
45668,6
45677,4
45688,7
45696,8
45701,6
45702,6
45704,7
45705,6
45711,4
45712,7
45713,2
45715,7
45718,7
45727,2
45737,8
45741,7
45744,4
45746,6
45747,4
45748,8
45757,7
45766,7
45768,5
45771,7
45772,2
45774,6
45775,2
45777,8
45778,7
45787,8
45790,8
45791,4
45797,4
45802,7
45804,7
45814,2
45815,3
45816,2
45820,8
45821,5
45823,5
45824,4
45825,5
45826,8
45828,4
45830,4
45834,6
45841,5
45846,5
45847,2
45852,5
45853,6
45859,6
45860,6
45861,8
45862,5
45864,3
45865,7
45866,2
45869,4
45879,5
45880,7
45883,4
45884,4
45890,7
45892,7
45895,5
45897,7
45898,5
45900,6
45903,6
45904,4
45910,8
45922,5
45923,6
45928,8
45936,6
45938,5
45944,2
45945,5
45948,6
45951,1
45952,7
45957,7
45968,3
45970,4
45972,8
45975,7
45976,6
45977,6
45985,5
45986,6
45987,5
45988,1
46003,4
46006,6
46008,8
46011,5
46021,3
46039,6
46041,3
46044,7
46047,8
46050,6
46063,3
46064,3
46075,5
46076,6
46083,7
46084,7
46086,5
46087,1
46089,3
46093,7
46094,8
46095,6
46101,6
46106,8
46110,6
46112,7
46117,7
46122,3
46125,3
46128,6
46132,7
46134,6
46155,3
46159,3
46164,7
46165,5
46168,7
46176,3
46177,7
46181,5
46182,5
46187,5
46188,8
46192,2
46193,7
46194,6
46196,6
46202,7
46204,3
46208,8
46210,3
46211,3
46212,6
46215,6
46218,4
46223,2
46226,5
46228,4
46232,3
46233,6
46235,5
46236,4
46243,5
46244,3
46247,7
46256,3
46259,1
46260,5
46265,7
46266,4
46269,6
46272,5
46276,7
46295,4
46305,7
46308,4
46322,6
46325,5
46329,1
46335,7
46337,7
46343,6
46351,3
46352,7
46353,7
46358,5
46363,4
46371,7
46372,6
46373,4
46379,2
46381,6
46386,3
46388,6
46389,6
46391,8
46398,5
46404,4
46406,7
46420,5
46422,8
46429,2
46432,4
46436,8
46437,4
46439,8
46440,3
46445,8
46455,8
46460,4
46466,2
46467,7
46478,7
46480,2
46494,8
46502,4
46504,6
46513,7
46517,7
46519,6
46520,6
46521,5
46524,7
46525,5
46527,5
46532,3
46534,5
46541,8
46544,6
46547,7
46549,7
46550,6
46558,5
46560,4
46562,7
46563,6
46564,1
46580,6
46583,7
46586,8
46593,5
46594,5
46595,6
46601,4
46604,8
46611,7
46613,5
46621,3
46626,6
46631,5
46633,4
46644,7
46646,8
46650,6
46658,4
46660,4
46663,6
46664,7
46666,5
46668,5
46669,6
46672,7
46673,4
46674,7
46678,3
46683,7
46686,5
46692,8
46694,6
46699,5
46701,7
46707,6
46711,7
46719,6
46722,2
46727,3
46731,4
46733,6
46736,5
46744,6
46753,7
46765,6
46767,7
46773,3
46782,2
46794,6
46795,5
46797,1
46808,6
46809,6
46813,7
46821,8
46826,4
46830,3
46838,4
46840,5
46841,6
46842,4
46844,7
46847,8
46848,5
46849,8
46852,6
46861,7
46864,2
46870,5
46874,6
46876,7
46881,4
46884,3
46887,5
46891,7
46892,6
46893,8
46897,7
46901,5
46903,1
46907,5
46910,3
46913,2
46914,7
46918,7
46919,5
46920,7
46923,7
46928,6
46931,2
46934,8
46938,7
46941,5
46949,6
46957,3
46965,3
46970,7
46972,6
46973,6
46974,7
46982,4
46983,7
46984,7
46985,7
46994,5
46996,1
46997,1
47021,4
47029,5
47034,7
47039,4
47043,3
47044,7
47050,7
47064,4
47070,7
47075,7
47080,7
47082,6
47083,6
47091,3
47096,6
47102,4
47105,5
47109,6
47110,7
47111,6
47115,7
47118,4
47119,8
47126,4
47128,5
47129,6
47133,5
47136,3
47158,5
47160,2
47166,3
47177,7
47186,4
47200,4
47203,5
47210,4
47212,5
47213,7
47217,7
47218,7
47219,5
47222,7
47231,8
47235,6
47239,6
47243,8
47244,7
47250,4
47257,6
47264,7
47265,4
47268,7
47270,6
47274,4
47275,7
47277,6
47282,8
47286,6
47295,2
47296,6
47303,6
47304,6
47305,2
47310,6
47312,5
47315,7
47320,6
47326,4
47332,6
47333,7
47334,4
47337,6
47340,3
47360,7
47362,6
47364,3
47365,6
47366,4
47367,5
47369,7
47381,5
47382,5
47383,4
47384,6
47388,2
47390,7
47392,6
47393,4
47395,8
47397,5
47402,5
47405,6
47411,7
47413,7
47414,8
47417,4
47421,6
47429,5
47432,7
47433,6
47465,2
47469,6
47472,8
47473,3
47474,4
47486,3
47495,2
47503,6
47509,5
47513,8
47517,6
47520,7
47525,8
47531,6
47536,7
47543,7
47549,3
47560,7
47563,4
47564,6
47565,6
47566,8
47568,8
47569,6
47573,5
47580,4
47584,6
47585,8
47586,4
47587,5
47588,8
47590,8
47593,2
47595,6
47596,7
47597,6
47599,6
47601,2
47603,5
47611,7
47628,3
47629,6
47633,7
47636,4
47641,2
47642,6
47643,6
47647,3
47651,8
47657,5
47660,7
47669,7
47671,4
47673,7
47674,5
47678,6
47680,5
47682,3
47689,1
47692,6
47693,3
47694,5
47697,7
47699,6
47704,4
47708,7
47721,6
47725,6
47727,7
47729,7
47737,8
47739,2
47740,7
47741,5
47745,6
47747,5
47754,4
47757,7
47771,7
47774,2
47781,7
47783,1
47788,7
47789,7
47798,4
47802,6
47803,2
47808,7
47810,7
47811,7
47813,3
47814,7
47819,3
47822,7
47823,8
47828,7
47832,3
47836,4
47844,5
47847,8
47853,5
47858,6
47862,3
47863,7
47864,6
47867,7
47874,7
47876,4
47881,2
47886,5
47890,5
47891,7
47892,8
47894,6
47903,6
47906,6
47913,8
47914,8
47920,8
47925,8
47926,5
47934,7
47938,3
47939,8
47942,7
47947,6
47948,3
47953,6
47957,8
47958,5
47959,5
47962,2
47964,4
47968,7
47969,4
47992,6
47998,6
48011,6
48016,5
48017,7
48021,4
48022,6
48023,3
48025,7
48031,3
48032,8
48033,3
48037,5
48039,5
48054,5
48057,2
48063,2
48065,7
48066,5
48068,6
48072,5
48075,7
48078,6
48079,3
48081,4
48082,3
48084,7
48085,7
48086,8
48089,5
48092,4
48095,4
48096,7
48097,6
48103,5
48112,7
48113,5
48120,4
48121,7
48125,2
48131,3
48133,8
48136,6
48141,1
48144,7
48149,5
48156,7
48161,5
48162,5
48169,6
48170,4
48171,2
48172,6
48174,6
48178,6
48181,2
48184,7
48185,8
48190,2
48192,3
48197,3
48206,7
48216,6
48217,7
48222,8
48223,7
48226,2
48228,4
48231,3
48240,7
48241,6
48243,3
48254,3
48258,1
48264,6
48265,7
48267,7
48269,6
48273,6
48279,6
48288,3
48293,7
48294,8
48296,7
48300,2
48305,5
48307,4
48310,5
48311,8
48316,8
48320,4
48330,4
48331,8
48332,5
48335,7
48336,4
48342,4
48360,8
48362,4
48365,7
48368,4
48372,4
48380,5
48381,5
48382,6
48383,8
48391,5
48392,8
48401,7
48403,7
48405,5
48418,3
48419,6
48420,5
48424,1
48425,7
48426,8
48427,1
48428,7
48430,3
48433,6
48441,7
48445,7
48457,5
48458,8
48461,3
48464,6
48472,7
48480,7
48483,3
48491,2
48496,7
48498,4
48506,6
48507,4
48518,4
48520,5
48522,7
48526,1
48527,8
48537,5
48543,3
48549,5
48555,7
48556,4
48563,5
48564,5
48570,7
48571,5
48575,6
48582,4
48595,2
48600,1
48603,4
48604,7
48611,7
48613,7
48621,1
48622,3
48625,6
48627,8
48640,5
48646,6
48648,6
48649,6
48651,8
48654,6
48655,7
48657,3
48661,5
48668,8
48669,5
48677,5
48680,3
48681,5
48683,8
48684,8
48686,8
48693,7
48696,8
48700,2
48706,6
48710,3
48712,5
48716,1
48717,6
48719,8
48720,6
48723,7
48725,5
48727,6
48736,6
48744,6
48750,6
48751,7
48753,2
48756,8
48757,6
48759,2
48760,6
48774,1
48778,8
48779,4
48782,4
48789,1
48790,6
48794,7
48801,5
48802,7
48807,5
48808,4
48810,6
48814,8
48817,5
48818,5
48820,7
48821,6
48832,6
48839,3
48849,5
48853,7
48860,6
48865,2
48866,8
48879,4
48880,8
48890,6
48892,6
48895,7
48897,5
48900,8
48902,8
48907,5
48909,6
48911,6
48923,7
48925,3
48927,5
48936,7
48947,3
48950,8
48955,6
48962,4
48976,7
48977,2
48986,3
48999,6
49005,8
49007,3
49010,8
49011,7
49012,8
49014,2
49015,7
49016,6
49023,8
49024,7
49032,6
49036,6
49037,7
49045,6
49051,5
49052,7
49057,4
49059,6
49062,4
49072,5
49078,6
49084,7
49088,3
49093,7
49094,3
49100,6
49104,5
49109,3
49120,6
49123,4
49124,7
49128,7
49131,3
49140,2
49142,7
49146,4
49148,7
49153,8
49155,6
49166,6
49167,2
49170,7
49174,3
49178,6
49183,4
49185,8
49187,8
49191,7
49206,7
49210,7
49213,8
49215,6
49218,7
49229,7
49232,5
49235,7
49241,3
49247,2
49253,7
49255,6
49257,4
49259,1
49261,8
49263,7
49275,5
49276,5
49277,3
49283,7
49290,6
49293,7
49295,8
49296,3
49297,4
49303,4
49305,2
49307,7
49313,7
49315,8
49317,7
49319,7
49321,6
49326,7
49331,7
49332,7
49333,6
49340,7
49347,4
49349,4
49350,7
49352,6
49356,2
49357,4
49359,7
49360,8
49365,6
49368,4
49371,5
49372,1
49378,6
49385,6
49392,3
49393,6
49395,6
49396,2
49398,7
49400,7
49404,7
49411,6
49414,6
49415,4
49424,1
49430,5
49432,7
49433,5
49435,5
49439,8
49441,6
49444,6
49447,7
49448,6
49449,4
49455,5
49457,5
49460,8
49469,6
49472,8
49473,4
49483,4
49486,5
49491,6
49504,8
49509,4
49515,5
49519,7
49531,7
49539,6
49545,7
49548,3
49552,3
49560,8
49561,3
49564,5
49565,6
49573,7
49574,5
49577,7
49578,6
49579,6
49582,4
49583,6
49589,4
49590,5
49591,5
49592,8
49604,6
49611,7
49626,7
49629,3
49631,7
49635,8
49636,2
49641,4
49645,7
49647,7
49662,7
49664,2
49670,1
49676,7
49679,5
49682,4
49685,3
49698,5
49703,4
49704,7
49708,4
49712,6
49715,5
49718,7
49725,7
49727,6
49730,8
49735,6
49745,4
49749,6
49761,8
49766,2
49767,8
49771,7
49780,4
49785,8
49789,3
49791,3
49795,6
49800,5
49817,7
49824,8
49825,6
49829,5
49830,5
49831,3
49834,6
49839,6
49840,6
49843,3
49854,4
49855,6
49856,3
49857,5
49859,4
49861,5
49864,6
49867,7
49873,7
49874,7
49880,5
49881,1
49893,4
49898,7
49912,7
49916,6
49925,2
49929,6
49938,1
49945,6
49948,7
49953,6
49958,7
49960,8
49963,6
49964,3
49966,5
49969,6
49970,8
49973,3
49974,3
49975,1
49977,4
49978,7
49981,4
49982,3
49988,3
49993,8
50000,5
50001,6
50002,5
50005,6
50011,6
50024,4
50025,5
50027,6
50034,1
50036,3
50040,7
50041,7
50053,7
50063,5
50064,7
50065,5
50068,7
50069,8
50071,3
50072,2
50076,4
50078,6
50079,7
50090,3
50097,7
50104,6
50105,7
50106,6
50108,2
50109,7
50110,3
50114,1
50119,4
50121,8
50124,8
50126,6
50128,7
50132,3
50136,3
50138,7
50139,4
50140,4
50141,5
50145,7
50151,7
50152,4
50153,6
50154,3
50156,6
50157,5
50158,4
50168,8
50173,6
50174,8
50176,8
50181,6
50192,7
50198,7
50199,6
50201,2
50202,8
50204,6
50220,5
50221,3
50231,5
50236,2
50239,7
50240,4
50241,4
50245,3
50247,3
50249,6
50250,7
50261,5
50264,7
50280,7
50286,3
50293,4
50302,8
50305,6
50318,4
50320,7
50325,8
50326,8
50331,1
50333,7
50341,3
50344,6
50345,3
50346,7
50347,7
50348,3
50350,5
50352,1
50361,6
50364,7
50367,1
50371,5
50375,8
50377,7
50402,7
50405,1
50406,3
50409,3
50413,4
50416,8
50418,4
50437,2
50451,3
50454,6
50457,4
50460,4
50461,4
50463,2
50467,5
50471,7
50476,6
50480,5
50491,8
50496,3
50502,7
50507,3
50509,2
50512,7
50514,6
50519,6
50521,4
50524,6
50532,8
50546,7
50547,6
50548,3
50550,6
50552,3
50562,3
50575,4
50577,8
50580,5
50584,6
50591,4
50594,3
50604,5
50607,6
50610,3
50619,6
50624,8
50628,7
50629,5
50633,6
50635,7
50636,5
50639,8
50643,6
50644,8
50646,6
50647,4
50649,6
50654,5
50658,3
50664,7
50667,7
50671,3
50673,7
50675,6
50676,7
50678,1
50681,6
50684,4
50690,5
50692,3
50697,2
50699,7
50700,4
50701,5
50704,5
50705,6
50708,6
50710,4
50713,6
50722,4
50724,8
50730,8
50733,6
50746,6
50747,5
50750,8
50755,4
50760,6
50766,5
50770,3
50773,7
50777,5
50793,3
50803,2
50804,7
50806,3
50807,5
50809,4
50814,5
50820,6
50826,6
50835,2
50838,6
50840,7
50849,1
50852,1
50855,3
50859,7
50860,4
50861,3
50866,7
50867,7
50870,5
50872,7
50876,8
50882,8
50883,7
50887,6
50893,7
50896,6
50900,8
50903,7
50905,7
50907,5
50911,4
50913,1
50920,7
50924,8
50927,8
50931,1
50939,4
50940,5
50941,4
50943,5
50946,6
50949,2
50952,8
50966,5
50967,4
50971,7
50984,4
50988,6
50992,7
50994,8
50995,3
50998,3
51004,8
51005,4
51007,6
51009,7
51014,7
51018,6
51020,4
51024,7
51030,6
51033,1
51036,5
51037,8
51044,7
51049,6
51050,1
51058,4
51059,6
51060,3
51062,6
51070,4
51071,5
51072,6
51083,6
51085,5
51086,6
51091,6
51100,4
51101,8
51105,5
51108,8
51109,7
51114,3
51116,4
51134,4
51135,7
51136,6
51137,6
51142,8
51158,6
51159,4
51162,5
51168,7
51169,4
51172,6
51174,2
51177,6
51179,4
51184,5
51186,6
51191,5
51192,7
51193,8
51201,7
51202,6
51207,2
51208,6
51210,4
51215,5
51217,7
51219,4
51220,8
51227,4
51229,6
51231,6
51240,6
51244,8
51246,7
51248,6
51251,5
51254,5
51256,8
51262,5
51274,4
51282,6
51283,4
51284,1
51286,2
51295,5
51296,7
51298,5
51299,5
51301,8
51302,5
51303,6
51305,7
51313,7
51319,4
51323,7
51329,8
51336,6
51342,6
51345,7
51357,5
51362,8
51365,5
51371,7
51373,5
51382,7
51386,3
51388,8
51389,2
51390,5
51396,4
51398,7
51401,4
51422,5
51428,6
51440,7
51441,6
51447,4
51448,7
51449,8
51464,8
51469,1
51479,6
51480,5
51483,2
51494,5
51496,6
51498,6
51504,1
51506,3
51507,5
51509,7
51511,5
51512,6
51513,3
51517,4
51521,4
51523,5
51525,7
51537,7
51541,5
51547,6
51551,4
51557,5
51559,2
51563,6
51569,3
51572,6
51577,4
51578,7
51580,6
51586,4
51595,5
51598,3
51599,3
51609,3
51613,6
51615,2
51616,5
51634,7
51635,8
51639,7
51640,4
51645,2
51650,7
51659,3
51661,3
51663,6
51666,5
51673,6
51677,8
51678,6
51681,2
51684,4
51685,5
51688,7
51695,7
51696,5
51698,6
51702,6
51704,5
51707,7
51709,3
51710,2
51717,3
51726,8
51727,4
51733,1
51735,4
51736,8
51742,8
51751,5
51764,7
51766,8
51769,7
51772,8
51774,5
51779,6
51787,5
51789,4
51790,6
51795,3
51801,5
51802,3
51806,7
51808,5
51815,5
51816,6
51817,2
51819,7
51825,4
51827,1
51838,6
51840,4
51842,3
51843,7
51844,4
51848,7
51850,4
51852,6
51853,7
51854,8
51857,1
51862,5
51863,5
51865,7
51866,6
51867,6
51868,2
51874,4
51875,8
51876,8
51880,3
51884,6
51891,7
51893,8
51902,6
51904,3
51908,3
51910,3
51912,6
51936,6
51941,5
51943,7
51945,4
51949,6
51954,5
51956,5
51959,7
51964,5
51970,6
51973,4
51977,5
51984,5
51986,4
51987,1
51992,5
51994,3
51996,2
51997,5
51999,4
52005,8
52009,8
52015,6
52018,5
52027,8
52031,7
52032,5
52036,4
52037,8
52045,2
52047,5
52053,7
52054,7
52058,7
52060,7
52062,5
52063,7
52064,5
52066,7
52071,8
52074,6
52076,7
52093,8
52095,5
52103,5
52106,6
52119,6
52127,8
52143,6
52148,8
52155,6
52164,2
52167,1
52168,7
52176,6
52179,5
52181,2
52182,5
52184,6
52187,6
52189,4
52195,4
52199,7
52201,3
52204,7
52206,5
52207,5
52219,7
52222,7
52225,7
52226,6
52237,7
52238,2
52239,6
52241,3
52245,7
52246,5
52249,8
52252,1
52255,4
52257,3
52259,4
52264,7
52268,5
52272,6
52274,3
52279,7
52282,7
52283,6
52285,3
52286,8
52299,2
52303,7
52310,7
52321,6
52322,6
52326,3
52331,6
52332,7
52338,6
52340,6
52351,7
52357,6
52360,1
52371,8
52372,7
52373,6
52374,4
52380,3
52387,6
52388,8
52401,7
52408,2
52411,7
52412,8
52414,8
52418,6
52420,7
52424,8
52437,8
52441,3
52443,8
52446,1
52447,6
52454,6
52455,8
52456,3
52459,7
52478,6
52480,7
52489,5
52490,7
52491,7
52500,7
52504,7
52506,7
52508,3
52511,8
52512,6
52514,7
52515,7
52516,3
52518,5
52519,5
52523,6
52531,5
52533,6
52534,2
52535,7
52536,5
52539,8
52544,7
52547,8
52548,6
52550,3
52554,3
52557,8
52559,6
52561,2
52565,2
52567,5
52571,6
52574,6
52575,2
52582,3
52589,7
52590,5
52597,8
52599,6
52600,4
52601,5
52603,5
52606,1
52608,3
52609,6
52610,8
52611,8
52618,7
52623,7
52626,8
52630,5
52634,3
52635,7
52639,8
52650,4
52653,3
52655,6
52659,5
52662,6
52672,6
52673,4
52679,7
52680,7
52689,6
52699,6
52701,6
52704,8
52706,4
52709,6
52713,5
52720,8
52723,6
52725,8
52732,4
52734,7
52735,5
52747,8
52748,3
52750,3
52751,6
52758,7
52760,2
52768,7
52769,6
52771,4
52776,8
52778,7
52779,7
52781,5
52784,5
52788,8
52791,6
52793,5
52800,2
52801,3
52802,4
52803,6
52804,4
52805,7
52806,6
52812,7
52816,6
52818,8
52826,7
52836,2
52837,7
52839,5
52840,3
52841,4
52843,6
52844,4
52854,5
52856,7
52857,7
52860,6
52878,7
52879,8
52880,4
52883,6
52885,6
52888,5
52889,7
52894,2
52898,6
52905,4
52908,6
52913,5
52915,5
52916,5
52917,5
52921,5
52922,5
52932,5
52937,8
52938,2
52940,4
52951,5
52953,8
52956,5
52961,5
52969,7
52976,8
52982,6
52984,6
52985,6
52992,6
53004,6
53008,5
53012,8
53022,7
53025,4
53028,4
53029,1
53030,4
53031,7
53032,5
53044,7
53046,6
53059,8
53060,4
53062,4
53066,7
53071,7
53072,5
53076,3
53081,7
53084,5
53089,7
53090,1
53092,3
53095,8
53096,6
53097,5
53104,4
53113,1
53116,6
53117,7
53119,8
53123,6
53128,6
53132,3
53137,6
53138,6
53143,7
53144,8
53152,7
53154,6
53158,7
53159,7
53166,4
53170,7
53172,4
53177,7
53178,2
53179,5
53187,7
53189,8
53190,5
53196,6
53199,5
53202,6
53210,6
53214,5
53224,5
53226,3
53238,5
53245,5
53247,3
53253,7
53255,8
53257,1
53261,8
53263,6
53265,3
53267,3
53279,3
53288,3
53289,6
53293,5
53294,7
53300,5
53301,7
53312,8
53316,2
53318,3
53320,6
53322,6
53323,8
53324,6
53332,4
53334,3
53336,5
53340,3
53342,5
53344,4
53346,4
53347,3
53354,5
53369,4
53379,7
53380,3
53384,3
53387,8
53388,8
53394,6
53397,3
53400,6
53403,7
53408,6
53410,7
53412,5
53419,7
53420,6
53427,5
53432,8
53433,7
53436,8
53438,4
53443,6
53450,4
53452,4
53457,5
53465,5
53467,6
53468,8
53478,4
53480,6
53484,6
53485,5
53490,6
53497,7
53505,6
53508,8
53511,6
53513,3
53517,6
53518,6
53520,6
53521,5
53522,6
53523,4
53529,4
53533,6
53537,4
53538,8
53545,8
53546,7
53549,5
53553,6
53554,3
53561,8
53564,1
53573,2
53575,5
53582,4
53584,1
53586,8
53589,8
53595,7
53601,7
53602,8
53614,2
53620,4
53621,3
53622,5
53626,3
53627,5
53628,8
53635,7
53643,6
53647,5
53649,5
53658,3
53659,8
53660,7
53663,6
53666,7
53672,6
53675,4
53676,7
53680,6
53681,7
53686,6
53692,8
53695,6
53703,3
53705,6
53706,4
53710,3
53711,2
53716,2
53727,1
53734,2
53735,8
53736,2
53738,7
53740,3
53743,7
53744,7
53745,8
53752,6
53753,6
53757,8
53766,7
53779,5
53780,7
53785,7
53787,7
53789,6
53792,8
53794,7
53795,5
53796,6
53797,8
53809,7
53816,6
53820,4
53826,7
53827,1
53838,2
53839,7
53842,7
53850,7
53852,5
53856,5
53857,5
53860,8
53861,7
53862,4
53869,2
53872,2
53879,6
53884,1
53888,8
53890,6
53891,4
53893,4
53895,7
53898,8
53899,5
53902,5
53904,6
53911,3
53912,2
53917,6
53921,3
53924,7
53926,3
53933,7
53935,3
53936,7
53939,4
53943,8
53948,5
53949,7
53955,7
53957,6
53958,5
53959,7
53963,4
53964,3
53973,4
53974,3
53977,3
53979,5
53982,4
53985,6
53992,6
53995,8
53996,8
53998,4
54004,8
54008,5
54009,5
54021,5
54026,6
54028,6
54029,3
54047,6
54048,4
54052,7
54053,4
54059,6
54062,6
54065,6
54071,5
54079,6
54080,4
54084,1
54085,5
54087,5
54088,6
54094,5
54095,6
54106,5
54113,6
54114,8
54115,4
54118,6
54125,7
54128,5
54129,4
54139,4
54146,8
54149,4
54157,2
54159,5
54160,2
54162,4
54163,7
54166,3
54169,5
54170,6
54172,7
54174,4
54177,5
54178,3
54180,7
54191,8
54194,4
54196,4
54198,3
54205,4
54206,7
54213,5
54216,8
54227,8
54231,7
54235,2
54236,4
54239,6
54240,7
54245,3
54247,7
54250,4
54258,6
54260,4
54261,7
54262,5
54263,7
54268,6
54269,5
54270,8
54272,5
54279,3
54280,1
54287,3
54291,8
54298,7
54301,2
54302,5
54313,7
54315,5
54320,3
54328,8
54332,7
54333,4
54334,7
54341,5
54352,7
54356,7
54377,5
54387,6
54390,7
54391,4
54393,8
54398,6
54406,6
54408,8
54409,2
54411,7
54413,5
54426,6
54428,3
54430,2
54434,7
54437,4
54438,2
54439,2
54440,7
54441,4
54447,6
54451,7
54454,7
54458,6
54466,4
54467,7
54473,4
54474,7
54477,4
54478,2
54481,3
54485,4
54491,7
54492,6
54498,7
54502,4
54505,5
54508,5
54509,5
54517,6
54518,3
54524,7
54525,7
54530,6
54536,5
54537,5
54544,6
54551,3
54553,6
54557,6
54558,3
54560,7
54563,6
54564,7
54571,7
54578,4
54582,3
54595,1
54596,8
54598,2
54600,8
54604,5
54609,4
54611,4
54612,6
54618,7
54619,7
54621,7
54623,8
54626,7
54628,4
54637,7
54639,5
54641,3
54643,6
54654,4
54656,6
54657,6
54658,4
54666,4
54678,7
54683,7
54691,8
54694,4
54695,4
54701,8
54705,7
54711,1
54714,5
54722,4
54726,7
54732,6
54733,7
54737,7
54738,7
54739,6
54745,1
54746,7
54750,3
54752,6
54756,7
54757,7
54758,2
54761,3
54763,5
54773,6
54782,7
54783,1
54796,6
54800,6
54810,7
54813,7
54815,3
54822,4
54830,6
54831,4
54832,8
54833,8
54835,8
54846,6
54849,5
54850,7
54866,7
54878,7
54879,4
54888,6
54889,3
54890,3
54892,8
54907,4
54913,5
54923,5
54924,1
54925,4
54927,7
54928,5
54931,6
54937,2
54945,6
54947,5
54948,7
54951,7
54952,8
54955,8
54957,6
54967,5
54970,8
54972,3
54974,3
54975,3
54985,5
54989,4
54992,5
54997,5
54999,7
55000,4
55004,8
55007,6
55014,6
55019,7
55020,6
55024,6
55026,4
55029,4
55030,5
55042,5
55046,5
55049,8
55051,7
55053,8
55057,5
55060,4
55065,7
55066,2
55079,5
55081,4
55085,6
55087,6
55088,7
55106,5
55108,7
55112,6
55115,8
55119,8
55120,7
55121,4
55123,4
55126,5
55127,4
55128,6
55129,5
55130,5
55132,4
55136,3
55137,7
55138,7
55143,7
55144,7
55147,5
55153,6
55158,5
55159,5
55162,6
55173,6
55176,8
55177,6
55179,7
55185,4
55190,8
55196,6
55199,3
55200,7
55206,3
55208,6
55209,5
55220,7
55221,8
55224,6
55229,4
55232,7
55246,6
55252,6
55263,7
55270,8
55275,7
55276,7
55279,6
55280,5
55287,8
55295,4
55296,6
55301,5
55302,2
55315,5
55318,4
55322,2
55325,2
55333,3
55337,4
55339,2
55340,2
55343,3
55347,1
55358,5
55361,6
55367,1
55372,5
55381,7
55382,1
55383,2
55392,3
55395,4
55398,7
55401,7
55404,5
55406,7
55416,4
55417,4
55420,7
55439,3
55442,6
55445,8
55452,1
55453,7
55455,7
55458,7
55461,8
55475,4
55478,6
55484,6
55488,7
55490,7
55491,3
55493,3
55499,5
55501,7
55502,6
55513,4
55525,6
55529,3
55531,2
55545,5
55551,7
55562,6
55569,7
55577,8
55580,3
55586,3
55593,5
55596,4
55599,7
55601,4
55602,7
55604,7
55608,5
55610,5
55611,8
55616,5
55618,7
55622,6
55623,7
55625,8
55636,8
55643,7
55650,4
55657,7
55658,7
55661,3
55665,4
55668,3
55673,1
55675,5
55677,8
55678,7
55688,5
55692,2
55695,7
55701,7
55703,4
55704,7
55706,5
55707,7
55709,3
55710,5
55713,7
55717,5
55725,3
55731,8
55735,6
55742,8
55744,8
55745,2
55746,8
55747,8
55748,6
55753,1
55754,6
55759,5
55763,7
55771,6
55776,5
55780,7
55784,8
55785,6
55790,5
55791,7
55792,8
55798,5
55800,6
55801,5
55806,5
55808,2
55810,6
55812,7
55818,6
55823,6
55834,6
55835,5
55838,5
55842,7
55843,7
55850,8
55853,7
55854,4
55855,7
55856,5
55857,8
55859,2
55860,4
55863,6
55865,7
55867,5
55872,5
55877,8
55879,4
55880,6
55884,4
55891,7
55892,6
55893,7
55906,3
55911,4
55912,6
55921,7
55929,7
55930,7
55931,7
55932,8
55942,8
55943,7
55944,7
55948,6
55951,5
55954,7
55957,4
55967,3
55968,1
55969,2
55976,4
55978,5
55982,2
55988,7
55993,6
55997,5
56001,5
56003,8
56004,5
56012,8
56015,3
56020,5
56022,7
56025,6
56026,5
56030,2
56035,2
56036,8
56044,7
56048,2
56050,3
56052,8
56053,7
56055,6
56057,6
56058,7
56064,8
56067,8
56068,7
56089,7
56091,6
56096,6
56104,7
56107,6
56111,5
56115,7
56118,6
56120,8
56126,7
56128,5
56130,7
56132,6
56133,1
56138,4
56146,6
56151,7
56155,2
56158,3
56159,7
56160,2
56161,2
56162,7
56164,7
56165,6
56168,7
56171,7
56176,7
56182,5
56183,8
56185,5
56186,7
56188,7
56189,5
56199,7
56201,4
56202,3
56207,1
56216,3
56218,3
56224,1
56227,5
56230,6
56233,8
56236,8
56238,5
56241,8
56242,5
56248,6
56253,6
56254,6
56257,7
56259,8
56260,8
56262,7
56264,5
56266,5
56268,7
56271,3
56278,6
56280,8
56281,7
56284,3
56285,3
56286,4
56287,5
56288,4
56289,6
56290,7
56300,6
56304,2
56311,7
56316,7
56328,5
56330,8
56332,8
56339,3
56343,2
56347,6
56348,5
56349,4
56354,7
56357,6
56368,5
56370,3
56371,7
56387,4
56392,5
56395,1
56397,6
56399,7
56404,1
56408,1
56410,5
56420,7
56423,8
56424,7
56428,6
56431,6
56433,5
56441,5
56442,6
56443,3
56447,7
56450,6
56451,6
56454,3
56457,2
56459,8
56461,8
56462,2
56463,8
56471,3
56480,2
56485,7
56489,5
56496,4
56497,3
56501,4
56512,6
56520,5
56522,6
56523,4
56527,7
56528,8
56529,3
56542,7
56543,5
56544,8
56545,3
56557,5
56561,1
56565,3
56567,5
56570,8
56577,7
56579,5
56581,8
56582,5
56586,4
56593,3
56594,5
56601,5
56604,4
56605,7
56611,6
56614,4
56619,6
56620,3
56624,5
56626,4
56627,4
56631,3
56632,6
56639,8
56642,4
56649,3
56658,6
56661,3
56662,7
56664,7
56665,7
56668,3
56680,8
56682,7
56684,3
56685,5
56686,6
56688,6
56692,5
56702,5
56709,6
56711,7
56712,2
56719,6
56722,6
56723,4
56724,4
56725,3
56731,3
56735,7
56750,6
56755,6
56762,4
56765,7
56767,4
56770,8
56771,6
56772,6
56773,4
56775,6
56785,6
56786,5
56788,7
56790,3
56793,2
56795,8
56797,7
56804,6
56809,8
56810,3
56819,5
56822,8
56823,8
56829,5
56833,3
56836,5
56842,3
56845,6
56846,8
56851,5
56853,8
56854,8
56857,5
56859,3
56866,5
56867,8
56868,1
56869,8
56872,5
56877,7
56880,8
56892,5
56899,5
56900,5
56910,8
56911,4
56915,5
56916,4
56918,8
56925,8
56929,3
56931,5
56932,8
56937,3
56945,3
56947,6
56948,6
56950,4
56954,1
56956,7
56959,6
56963,7
56965,5
56973,3
56975,7
56976,5
56977,5
56991,3
56995,2
57000,3
57004,1
57007,5
57011,5
57017,3
57018,8
57028,6
57038,6
57044,4
57050,8
57057,6
57058,8
57061,4
57064,6
57066,3
57069,8
57071,5
57072,5
57078,5
57080,6
57084,7
57091,8
57092,5
57095,6
57097,7
57108,5
57110,7
57112,6
57114,4
57116,7
57117,2
57118,7
57123,6
57124,7
57125,4
57126,3
57128,4
57130,4
57139,5
57140,8
57143,5
57149,5
57156,5
57157,5
57162,3
57163,4
57169,5
57170,7
57173,6
57177,7
57178,4
57184,5
57188,3
57193,5
57198,3
57201,8
57202,7
57218,2
57234,5
57243,6
57244,8
57246,4
57248,3
57256,8
57258,6
57279,3
57283,5
57293,5
57297,3
57312,7
57316,5
57319,3
57322,5
57323,2
57327,3
57332,6
57344,6
57345,8
57347,6
57352,7
57353,6
57356,5
57363,4
57366,5
57368,2
57369,5
57377,2
57379,5
57381,6
57388,5
57390,7
57399,1
57403,2
57405,4
57406,3
57411,6
57416,5
57422,6
57431,4
57435,3
57440,8
57442,6
57446,4
57450,7
57452,7
57453,4
57455,7
57458,1
57465,7
57468,7
57471,6
57474,4
57483,3
57485,1
57488,6
57489,4
57494,1
57497,8
57498,4
57500,4
57504,6
57510,6
57512,3
57515,6
57517,6
57519,7
57529,7
57530,7
57549,6
57552,8
57556,7
57559,2
57560,4
57562,5
57566,6
57577,7
57578,6
57579,7
57584,5
57588,3
57591,4
57592,4
57601,4
57603,7
57605,6
57606,5
57608,7
57611,5
57615,2
57618,6
57623,4
57627,5
57629,5
57630,6
57632,7
57635,3
57641,6
57642,3
57643,8
57645,6
57646,5
57653,6
57656,8
57669,7
57672,7
57675,8
57681,8
57692,7
57698,7
57699,8
57702,8
57703,4
57704,6
57706,3
57713,2
57714,1
57723,3
57725,5
57730,6
57737,7
57744,5
57745,7
57747,2
57750,7
57751,5
57752,5
57755,7
57760,5
57761,7
57764,3
57769,5
57770,6
57772,3
57774,5
57775,5
57776,5
57792,6
57795,6
57798,7
57799,4
57800,4
57801,4
57803,6
57811,8
57812,3
57813,4
57816,6
57822,7
57825,7
57828,1
57833,7
57838,1
57850,6
57854,7
57859,4
57869,4
57873,4
57878,6
57889,4
57891,6
57896,3
57898,7
57900,3
57904,7
57905,1
57914,2
57918,2
57921,8
57927,6
57930,4
57938,8
57939,6
57951,6
57958,3
57962,3
57963,6
57966,6
57975,6
57976,5
57982,7
57986,5
57987,7
57989,5
57993,6
57994,6
58003,6
58012,3
58016,3
58022,4
58026,6
58030,8
58037,4
58039,7
58045,5
58048,5
58051,8
58052,5
58054,8
58057,8
58058,7
58059,4
58060,8
58064,7
58074,2
58077,3
58083,6
58086,4
58090,3
58094,6
58101,7
58103,2
58104,7
58111,7
58112,7
58116,7
58117,7
58118,6
58124,7
58132,7
58136,7
58137,7
58142,3
58151,2
58156,4
58160,6
58162,8
58166,8
58170,2
58172,8
58176,4
58180,6
58185,6
58189,3
58192,2
58194,5
58196,4
58197,3
58198,5
58200,7
58202,8
58203,5
58217,6
58218,3
58219,3
58228,7
58238,4
58239,6
58241,3
58243,1
58251,7
58263,6
58264,4
58265,6
58266,7
58267,4
58270,6
58282,6
58283,4
58284,1
58285,6
58287,5
58291,2
58293,6
58294,2
58297,3
58300,1
58302,5
58304,4
58307,7
58308,5
58309,5
58312,8
58313,8
58314,5
58316,8
58322,8
58324,7
58325,8
58326,4
58328,5
58333,1
58334,4
58335,7
58338,7
58348,6
58351,5
58353,7
58354,2
58355,4
58357,7
58364,7
58368,5
58369,6
58380,5
58386,6
58389,7
58399,8
58401,5
58402,2
58407,7
58410,8
58411,5
58415,3
58416,5
58421,3
58433,6
58435,4
58436,7
58443,1
58446,5
58450,7
58451,5
58467,5
58469,5
58472,1
58485,7
58486,6
58487,6
58497,3
58507,5
58515,4
58526,6
58531,7
58533,7
58541,2
58542,5
58549,6
58551,8
58556,8
58557,6
58560,6
58565,8
58571,2
58576,4
58581,5
58583,8
58589,4
58591,5
58598,3
58605,7
58609,7
58611,6
58614,4
58615,8
58624,5
58628,8
58629,6
58633,8
58634,3
58641,4
58646,4
58649,2
58650,5
58654,6
58655,3
58658,8
58660,7
58664,4
58669,5
58672,1
58678,6
58680,7
58682,7
58683,3
58690,8
58693,7
58698,3
58702,8
58703,5
58705,7
58707,3
58709,6
58721,7
58723,5
58728,2
58729,3
58730,2
58731,7
58732,7
58733,5
58736,3
58739,6
58750,6
58752,7
58754,2
58756,3
58765,7
58774,8
58777,6
58780,4
58790,4
58795,4
58801,7
58802,5
58806,4
58810,8
58812,5
58814,3
58817,4
58818,4
58828,6
58841,7
58843,5
58845,4
58848,7
58854,7
58858,8
58861,7
58863,7
58864,3
58866,6
58879,6
58882,7
58892,3
58894,5
58899,2
58904,7
58906,3
58921,5
58925,2
58928,5
58934,7
58940,5
58943,6
58947,8
58952,6
58953,7
58955,8
58956,1
58965,4
58966,3
58969,7
58986,5
58992,5
59002,6
59006,8
59009,3
59010,6
59012,3
59016,7
59021,4
59029,7
59030,1
59034,8
59039,3
59040,6
59042,6
59045,7
59050,4
59052,6
59062,7
59063,2
59069,7
59071,5
59073,5
59081,7
59082,1
59084,3
59091,7
59092,1
59094,7
59098,6
59099,5
59103,7
59112,5
59114,8
59115,3
59122,7
59123,1
59124,6
59127,6
59128,2
59131,6
59132,4
59135,7
59147,6
59154,3
59163,4
59164,2
59173,8
59182,7
59186,7
59188,4
59189,4
59195,3
59198,6
59200,4
59203,8
59204,8
59209,6
59217,4
59227,4
59231,4
59233,5
59234,2
59241,1
59242,4
59244,5
59246,4
59252,4
59254,3
59256,5
59258,7
59260,3
59266,3
59268,5
59273,7
59276,5
59277,2
59290,5
59298,6
59299,8
59301,8
59302,8
59308,6
59309,3
59310,4
59313,7
59315,6
59323,8
59328,7
59340,7
59343,1
59346,6
59350,4
59358,7
59359,8
59362,6
59363,4
59371,5
59376,8
59378,4
59383,3
59385,3
59388,1
59400,3
59401,7
59405,6
59406,7
59410,6
59411,8
59413,3
59420,6
59421,8
59423,7
59432,6
59435,7
59438,5
59444,8
59445,8
59446,4
59448,6
59450,3
59453,8
59455,8
59459,5
59463,6
59464,7
59466,4
59475,8
59478,7
59483,5
59484,5
59485,7
59490,6
59493,7
59499,5
59501,7
59508,7
59517,3
59523,7
59524,5
59525,7
59531,5
59534,8
59537,7
59541,6
59551,8
59552,6
59554,6
59555,6
59557,5
59558,3
59559,4
59560,7
59568,3
59570,6
59571,4
59572,7
59587,8
59591,1
59592,8
59593,1
59601,3
59605,4
59607,5
59608,6
59610,7
59613,8
59614,7
59618,6
59620,7
59621,5
59627,5
59629,6
59636,5
59645,6
59650,7
59653,4
59655,3
59656,4
59660,5
59670,4
59671,6
59676,7
59684,4
59687,1
59690,7
59694,6
59695,7
59696,7
59702,2
59705,6
59708,5
59710,3
59716,8
59722,4
59723,5
59725,5
59729,4
59739,6
59741,5
59745,6
59746,7
59747,7
59749,6
59751,1
59754,2
59758,4
59764,3
59765,5
59768,7
59770,5
59773,5
59775,7
59776,7
59778,7
59782,5
59785,5
59787,8
59788,6
59790,6
59793,5
59795,7
59798,6
59800,1
59805,8
59817,6
59821,7
59825,5
59829,6
59833,6
59835,7
59836,8
59838,5
59846,5
59851,3
59852,4
59859,4
59862,6
59866,6
59869,6
59874,7
59881,2
59887,2
59888,1
59890,5
59899,5
59908,6
59910,7
59916,7
59924,5
59926,1
59934,5
59940,6
59941,8
59951,6
59952,6
59966,6
59969,5
59973,5
59983,7
59986,5
59988,5
59992,2
60001,5
60006,7
60009,3
60010,5
60016,6
60021,3
60023,8
60024,8
60025,8
60032,2
60033,7
60041,3
60044,8
60046,4
60047,6
60048,4
60049,5
60052,6
60056,8
60061,1
60064,7
60069,5
60072,5
60073,3
60074,6
60079,3
60080,6
60084,7
60094,6
60098,3
60102,4
60108,5
60112,7
60116,7
60117,6
60121,7
60124,6
60126,6
60128,6
60138,8
60139,5
60140,6
60143,6
60147,3
60149,6
60153,6
60157,5
60162,5
60163,5
60166,7
60185,6
60197,6
60200,3
60201,4
60202,6
60204,4
60205,4
60207,7
60219,6
60223,5
60227,7
60230,4
60238,4
60245,8
60257,6
60261,5
60263,7
60266,6
60270,6
60271,1
60278,5
60282,6
60285,8
60289,8
60291,2
60292,4
60295,1
60300,3
60302,7
60305,7
60309,8
60311,4
60314,7
60322,4
60326,5
60328,4
60329,3
60331,8
60332,8
60333,5
60338,7
60344,8
60347,4
60355,4
60356,6
60358,3
60359,6
60360,7
60361,2
60363,8
60365,1
60368,8
60371,6
60373,5
60377,3
60380,5
60381,4
60382,6
60389,8
60392,8
60393,1
60395,7
60399,8
60403,3
60410,4
60411,3
60413,6
60419,7
60421,5
60424,8
60432,4
60436,5
60437,6
60446,5
60450,7
60454,7
60461,4
60462,8
60464,6
60465,3
60469,2
60473,6
60474,6
60484,5
60485,3
60493,2
60494,5
60495,3
60497,4
60498,5
60499,6
60500,4
60501,7
60509,5
60513,1
60514,3
60516,7
60517,4
60521,8
60525,6
60530,5
60532,4
60537,7
60539,6
60540,3
60546,8
60549,6
60552,4
60553,6
60559,2
60564,6
60568,7
60581,7
60587,4
60588,7
60589,3
60596,5
60597,6
60600,2
60609,7
60615,4
60621,5
60627,6
60646,2
60647,6
60649,4
60654,3
60656,8
60660,7
60662,2
60666,8
60667,3
60673,5
60682,6
60689,6
60697,8
60699,8
60700,5
60706,5
60709,8
60710,8
60720,6
60721,4
60723,5
60728,7
60735,8
60738,6
60739,7
60742,8
60743,4
60746,7
60747,6
60748,8
60752,3
60756,6
60758,5
60759,8
60760,8
60761,5
60773,8
60775,7
60778,5
60779,3
60780,5
60786,5
60798,5
60802,7
60803,4
60810,8
60816,2
60824,4
60828,7
60829,7
60831,4
60834,6
60842,2
60843,2
60849,5
60859,1
60863,6
60864,4
60867,6
60869,5
60871,5
60872,5
60877,7
60878,7
60883,3
60886,6
60888,5
60892,5
60893,8
60894,6
60896,6
60900,4
60912,5
60913,3
60921,7
60926,3
60928,5
60935,6
60938,7
60944,4
60945,4
60946,3
60947,5
60949,5
60957,3
60960,7
60961,7
60967,7
60975,5
60983,4
60989,3
60992,7
60994,8
60999,8
61000,7
61002,6
61010,6
61014,7
61018,8
61020,6
61021,4
61025,7
61027,6
61028,4
61031,3
61033,5
61036,5
61037,2
61040,5
61044,6
61050,6
61051,8
61052,5
61053,7
61060,1
61065,8
61066,6
61072,6
61074,2
61077,3
61081,8
61082,6
61091,5
61092,3
61094,4
61095,3
61099,3
61107,7
61115,6
61123,4
61140,8
61142,5
61147,6
61154,4
61156,7
61159,6
61161,8
61166,4
61174,6
61175,5
61181,7
61183,4
61184,6
61190,2
61194,6
61196,6
61198,8
61200,5
61204,5
61219,2
61220,7
61221,7
61224,4
61227,5
61229,7
61230,7
61234,2
61235,2
61242,8
61243,5
61244,7
61246,7
61248,4
61258,5
61264,3
61274,5
61277,2
61280,3
61300,3
61306,6
61308,6
61312,8
61315,7
61319,6
61330,2
61338,6
61339,7
61347,6
61348,7
61349,7
61357,7
61358,6
61373,7
61374,1
61376,2
61378,6
61380,8
61385,6
61388,6
61397,5
61398,8
61409,6
61420,3
61424,5
61436,3
61437,6
61440,5
61443,5
61445,2
61446,7
61448,8
61450,5
61455,2
61456,7
61462,8
61463,6
61464,7
61472,8
61479,5
61485,4
61506,3
61507,7
61510,7
61511,4
61517,2
61519,3
61522,5
61523,5
61524,3
61534,4
61535,5
61542,4
61546,7
61548,8
61551,5
61555,6
61557,3
61560,6
61563,6
61567,7
61568,5
61569,5
61570,8
61576,2
61579,6
61580,8
61581,8
61583,5
61585,4
61586,5
61588,8
61606,5
61608,6
61612,4
61614,8
61618,3
61621,1
61628,2
61634,7
61638,3
61640,4
61646,7
61652,5
61653,7
61660,5
61665,2
61666,2
61669,4
61676,5
61693,3
61695,3
61696,4
61699,4
61700,4
61702,6
61716,3
61721,5
61725,2
61729,5
61733,5
61739,3
61740,5
61741,7
61743,7
61748,6
61749,2
61750,5
61753,7
61755,5
61757,5
61758,3
61762,5
61764,6
61765,5
61766,3
61769,8
61771,2
61775,8
61776,5
61779,8
61781,6
61792,8
61793,4
61795,7
61797,5
61799,6
61801,5
61810,4
61811,7
61814,7
61815,7
61816,7
61817,4
61818,2
61821,6
61825,3
61827,7
61833,7
61834,4
61839,7
61848,2
61850,4
61852,7
61858,5
61862,4
61874,6
61881,5
61897,5
61902,7
61904,1
61906,8
61912,3
61915,4
61917,7
61925,5
61926,8
61929,5
61932,6
61933,6
61934,4
61945,5
61947,7
61948,1
61952,5
61960,7
61963,4
61966,7
61969,4
61970,4
61971,5
61972,6
61974,4
61979,8
61985,6
61987,7
61989,7
61992,6
61998,3
61999,7
62003,5
62004,6
62005,7
62010,5
62012,4
62014,7
62018,6
62024,5
62030,3
62032,3
62034,8
62049,8
62052,6
62054,4
62055,7
62057,1
62059,4
62061,6
62065,2
62066,2
62067,3
62069,3
62077,7
62078,7
62087,4
62089,6
62091,4
62096,6
62102,7
62103,7
62104,8
62106,4
62107,4
62109,4
62110,4
62113,6
62114,5
62119,4
62120,7
62122,6
62123,8
62124,6
62125,7
62127,2
62142,1
62145,6
62148,7
62155,5
62158,2
62162,2
62165,5
62168,4
62172,7
62174,7
62178,8
62181,7
62193,7
62198,2
62209,6
62211,4
62212,8
62223,6
62233,8
62242,6
62244,6
62247,8
62248,5
62252,7
62254,5
62258,7
62265,6
62270,2
62271,5
62274,6
62283,8
62290,5
62293,5
62295,5
62297,7
62301,6
62304,3
62309,3
62312,5
62313,7
62319,6
62321,3
62330,7
62336,5
62337,5
62339,7
62343,3
62346,7
62350,5
62351,4
62353,7
62368,8
62370,6
62375,5
62381,2
62386,5
62389,8
62396,5
62400,6
62403,7
62408,6
62412,7
62413,6
62419,3
62427,7
62435,6
62436,6
62440,3
62443,7
62449,8
62451,8
62457,8
62458,7
62459,6
62460,6
62461,6
62462,4
62474,4
62478,1
62481,7
62484,6
62487,7
62492,8
62494,6
62495,7
62496,6
62505,6
62507,8
62511,3
62514,7
62518,3
62519,4
62521,3
62530,4
62531,6
62534,6
62539,2
62542,8
62544,7
62546,7
62547,7
62551,6
62555,5
62556,7
62557,8
62566,6
62567,2
62568,7
62572,5
62574,7
62575,5
62576,6
62577,3
62579,8
62580,6
62582,3
62584,3
62587,8
62594,8
62596,3
62597,5
62598,6
62604,6
62606,7
62607,8
62608,7
62612,8
62613,4
62614,8
62615,7
62623,7
62625,6
62626,5
62627,6
62628,8
62630,3
62631,7
62634,4
62635,8
62638,6
62639,6
62641,7
62645,7
62653,4
62657,5
62659,5
62660,2
62665,5
62668,6
62669,1
62671,6
62676,8
62677,8
62685,5
62689,8
62701,5
62705,5
62706,7
62708,5
62712,6
62716,1
62719,6
62723,7
62729,6
62731,6
62738,1
62741,3
62742,1
62743,5
62748,3
62751,6
62755,5
62756,5
62760,5
62761,2
62768,2
62769,2
62773,1
62780,2
62785,4
62788,5
62795,8
62798,5
62802,6
62803,7
62805,7
62812,3
62825,7
62828,8
62830,5
62832,7
62834,5
62840,1
62843,6
62846,7
62848,7
62851,3
62852,4
62853,6
62858,5
62859,5
62860,3
62862,7
62866,6
62869,8
62874,5
62876,8
62878,3
62883,7
62887,3
62893,3
62894,8
62899,8
62903,7
62909,7
62916,8
62919,4
62932,7
62936,3
62938,7
62940,7
62946,8
62947,3
62956,3
62959,7
62965,4
62968,7
62971,2
62976,8
62989,7
62997,8
62999,7
63002,2
63007,8
63008,6
63030,4
63033,5
63034,4
63039,4
63044,4
63049,3
63051,5
63052,8
63056,7
63057,2
63063,8
63064,5
63066,8
63075,7
63078,8
63084,5
63093,5
63094,6
63095,5
63099,7
63105,8
63107,7
63108,5
63109,5
63113,7
63120,3
63122,3
63123,8
63125,4
63126,3
63135,8
63139,8
63145,6
63146,1
63149,7
63151,6
63160,3
63165,3
63168,7
63170,8
63171,2
63174,5
63177,7
63186,2
63190,1
63191,8
63192,8
63195,6
63198,7
63206,4
63209,4
63214,7
63218,8
63220,6
63221,5
63222,3
63223,7
63224,4
63228,3
63231,3
63235,8
63238,3
63242,3
63246,7
63252,3
63253,6
63259,6
63260,3
63261,7
63262,6
63265,7
63268,6
63269,5
63270,6
63275,7
63276,6
63280,3
63285,4
63291,6
63293,8
63295,6
63298,6
63299,5
63308,7
63309,5
63310,4
63312,5
63319,2
63320,5
63327,1
63328,6
63336,3
63337,6
63338,3
63341,6
63344,7
63356,7
63361,5
63365,5
63367,5
63370,8
63375,6
63376,8
63379,8
63380,8
63386,7
63396,5
63402,6
63405,8
63406,7
63409,5
63413,8
63415,4
63419,8
63423,7
63425,4
63426,5
63427,4
63428,5
63434,6
63436,8
63437,7
63441,4
63442,8
63443,6
63448,7
63449,5
63450,7
63452,6
63458,7
63463,1
63465,3
63471,3
63473,3
63478,6
63482,6
63485,3
63489,6
63491,8
63492,7
63497,8
63498,2
63500,5
63502,5
63505,7
63512,7
63515,2
63519,7
63527,2
63533,4
63543,5
63544,4
63547,8
63553,6
63555,3
63556,7
63557,5
63562,8
63567,3
63568,6
63570,3
63571,5
63574,5
63576,5
63586,4
63590,7
63595,7
63596,7
63600,7
63603,4
63610,7
63617,2
63630,6
63633,8
63641,8
63646,4
63658,4
63663,8
63665,6
63666,8
63667,5
63668,6
63670,8
63674,7
63677,6
63686,7
63689,8
63691,4
63695,4
63710,5
63713,7
63714,5
63715,4
63722,5
63724,2
63725,6
63731,5
63732,7
63734,6
63736,4
63737,4
63739,8
63755,6
63756,8
63763,2
63767,6
63772,4
63781,6
63783,7
63788,1
63797,1
63801,4
63804,6
63807,5
63811,7
63812,3
63815,7
63816,6
63830,3
63834,2
63837,3
63845,3
63847,7
63848,5
63849,5
63855,5
63857,4
63860,3
63869,6
63874,8
63875,5
63878,7
63879,3
63880,6
63890,7
63892,4
63893,5
63897,7
63901,3
63902,6
63912,7
63918,6
63927,6
63930,4
63935,6
63936,6
63939,7
63941,6
63945,6
63960,4
63961,5
63963,3
63970,4
63972,3
63974,6
63989,7
63996,7
63999,2
64006,7
64008,7
64009,7
64017,8
64027,6
64028,3
64033,2
64036,5
64037,5
64041,8
64042,6
64045,8
64050,6
64052,5
64055,4
64058,1
64059,6
64066,7
64070,5
64077,8
64083,8
64084,6
64088,7
64091,8
64093,3
64095,7
64096,3
64098,7
64099,3
64100,1
64102,2
64103,3
64107,5
64110,7
64113,7
64118,3
64127,1
64134,8
64144,6
64147,6
64149,6
64153,2
64157,2
64158,5
64168,7
64169,5
64173,7
64178,6
64181,7
64186,3
64196,4
64197,4
64198,5
64208,8
64209,7
64211,7
64218,6
64219,5
64229,5
64230,4
64243,2
64246,6
64252,6
64257,7
64258,4
64261,7
64265,2
64274,5
64276,7
64279,7
64281,8
64296,3
64297,6
64302,5
64303,7
64307,7
64309,2
64310,7
64312,4
64313,6
64314,5
64322,8
64331,4
64337,7
64341,6
64353,8
64354,8
64357,8
64366,2
64377,2
64379,3
64382,7
64388,5
64394,7
64399,3
64400,7
64403,4
64404,5
64407,3
64412,5
64414,4
64415,6
64418,6
64419,4
64421,2
64426,7
64429,4
64438,7
64440,5
64454,6
64455,5
64459,5
64461,4
64467,5
64471,6
64473,8
64477,5
64479,7
64487,8
64497,6
64498,7
64500,1
64504,2
64507,8
64513,6
64514,8
64518,5
64519,5
64521,7
64524,8
64528,5
64533,7
64534,7
64536,7
64547,6
64549,7
64564,8
64565,7
64569,8
64576,8
64581,7
64582,3
64590,7
64600,6
64602,6
64606,1
64609,7
64610,3
64615,5
64617,7
64618,5
64622,5
64625,4
64627,6
64628,5
64630,5
64648,5
64650,2
64651,7
64653,6
64658,6
64664,5
64670,5
64676,4
64679,6
64686,2
64689,7
64696,5
64705,8
64706,1
64720,8
64722,7
64723,8
64729,8
64739,2
64749,8
64751,6
64757,1
64758,2
64767,7
64768,7
64779,7
64781,5
64782,6
64783,6
64784,6
64785,6
64788,5
64793,7
64796,6
64800,3
64801,3
64802,6
64816,8
64817,7
64823,3
64827,5
64832,5
64841,3
64843,6
64848,6
64849,7
64850,3
64853,4
64857,7
64864,6
64865,6
64866,6
64875,7
64880,3
64881,2
64884,3
64887,5
64893,6
64894,4
64901,2
64902,8
64905,6
64908,6
64918,6
64923,7
64925,8
64932,4
64934,6
64936,5
64938,6
64939,7
64941,4
64944,4
64951,5
64955,5
64957,4
64961,4
64965,4
64966,3
64970,6
64971,7
64975,8
64982,8
64985,2
64986,3
64987,6
64988,7
64997,5
64999,5
65000,7
65002,7
65003,6
65004,7
65008,3
65009,6
65011,7
65028,5
65032,5
65035,3
65036,3
65038,5
65043,4
65047,2
65051,7
65055,7
65061,5
65063,5
65067,4
65068,7
65071,2
65073,4
65074,7
65076,6
65077,6
65082,6
65084,4
65086,8
65087,4
65096,8
65103,3
65105,7
65107,6
65109,5
65111,6
65113,6
65114,8
65117,7
65123,2
65124,7
65131,3
65135,7
65137,4
65143,7
65144,7
65149,6
65151,7
65152,7
65154,5
65157,8
65158,5
65162,5
65168,8
65169,8
65170,8
65172,6
65177,3
65178,8
65180,4
65188,8
65189,8
65191,5
65193,7
65194,7
65197,6
65202,8
65204,8
65220,3
65221,7
65222,6
65225,2
65229,6
65230,5
65231,3
65234,8
65242,4
65250,3
65255,4
65258,6
65269,8
65273,5
65276,7
65288,3
65294,4
65298,5
65303,8
65308,4
65317,7
65319,2
65320,6
65323,3
65324,6
65327,6
65329,3
65331,6
65332,7
65333,8
65336,6
65339,7
65341,6
65342,4
65346,6
65352,1
65356,6
65357,6
65359,6
65360,6
65363,3
65365,1
65374,5
65378,8
65381,7
65391,6
65394,7
65395,6
65400,8
65402,4
65409,6
65411,7
65417,4
65422,3
65423,6
65430,4
65434,4
65437,2
65438,3
65439,4
65441,7
65442,6
65443,7
65452,4
65455,6
65456,7
65459,1
65461,3
65463,4
65465,5
65477,6
65481,8
65482,2
65484,8
65486,7
65488,4
65489,6
65491,5
65495,7
65503,7
65509,4
65510,8
65511,6
65516,5
65519,2
65530,7
65546,7
65549,4
65550,7
65556,6
65559,4
65563,5
65564,7
65568,3
65570,3
65573,2
65582,3
65589,7
65594,6
65596,5
65602,4
65604,5
65615,7
65618,7
65621,6
65626,8
65627,5
65629,8
65631,3
65641,6
65648,7
65651,4
65652,6
65654,4
65664,8
65666,1
65672,4
65675,2
65676,7
65683,8
65686,5
65690,5
65691,8
65699,5
65703,4
65704,4
65705,4
65713,3
65724,6
65725,8
65733,6
65738,6
65739,5
65741,6
65749,8
65751,6
65752,5
65759,7
65765,5
65768,5
65770,1
65772,7
65782,3
65783,5
65789,8
65792,5
65796,8
65807,4
65815,7
65818,6
65819,4
65822,6
65829,2
65830,7
65831,5
65832,8
65837,3
65838,1
65840,5
65842,7
65844,3
65851,8
65856,6
65862,2
65866,5
65868,6
65869,2
65877,6
65880,7
65884,3
65886,7
65888,2
65892,6
65893,8
65897,8
65903,1
65904,8
65906,6
65908,4
65910,4
65914,3
65916,6
65923,3
65936,6
65945,2
65950,6
65953,6
65954,5
65955,7
65957,7
65967,6
65973,7
65976,1
65977,6
65980,5
65985,4
65987,6
65992,4
65997,7
65998,3
66006,4
66007,5
66011,5
66012,6
66014,6
66017,3
66018,1
66019,4
66020,5
66023,5
66024,7
66025,2
66030,2
66033,7
66040,4
66047,6
66050,5
66052,6
66058,3
66062,6
66067,8
66070,2
66074,6
66075,2
66078,7
66082,5
66086,5
66091,7
66096,4
66100,5
66109,6
66112,5
66113,8
66114,7
66118,8
66123,5
66130,7
66141,5
66142,5
66149,7
66151,7
66152,5
66155,1
66162,7
66164,7
66166,5
66167,6
66168,5
66170,7
66173,7
66179,8
66183,8
66188,6
66193,7
66194,8
66195,6
66196,2
66198,2
66205,1
66210,4
66220,7
66221,4
66222,7
66228,7
66231,6
66233,4
66234,2
66235,4
66237,3
66242,6
66245,5
66246,7
66248,5
66251,5
66255,5
66261,3
66262,3
66263,5
66266,2
66279,8
66292,5
66293,7
66295,5
66298,6
66302,4
66303,2
66307,4
66318,7
66319,5
66349,6
66352,5
66357,3
66358,1
66359,4
66360,6
66364,4
66365,5
66368,4
66376,7
66380,7
66384,6
66393,3
66394,5
66404,8
66406,5
66408,2
66409,5
66410,7
66412,8
66428,6
66434,5
66435,4
66442,5
66445,7
66451,7
66453,6
66455,7
66457,8
66461,5
66465,8
66470,6
66474,7
66484,7
66489,6
66492,1
66496,7
66498,5
66504,8
66506,7
66508,8
66514,8
66519,6
66523,8
66527,1
66533,5
66535,6
66539,7
66547,1
66552,6
66560,2
66564,6
66571,3
66574,4
66576,5
66578,2
66579,4
66580,8
66582,6
66586,4
66596,1
66600,6
66604,8
66617,6
66620,8
66622,5
66624,5
66630,6
66631,6
66633,3
66636,2
66639,6
66643,5
66657,3
66658,6
66663,5
66665,8
66666,2
66671,2
66675,8
66679,2
66680,5
66697,6
66704,6
66705,8
66708,5
66734,6
66735,7
66738,4
66741,8
66747,8
66748,6
66749,3
66750,5
66751,7
66754,3
66756,4
66764,6
66766,2
66767,8
66769,6
66771,7
66773,4
66778,6
66782,3
66794,8
66801,8
66808,7
66815,5
66825,5
66829,4
66832,2
66845,5
66848,7
66853,5
66860,5
66866,6
66875,6
66879,7
66882,7
66887,8
66889,7
66896,7
66903,3
66906,4
66911,6
66912,5
66913,2
66914,5
66915,4
66918,6
66924,6
66925,7
66932,6
66936,6
66939,6
66940,6
66944,8
66957,8
66958,6
66961,6
66969,7
66970,8
66973,7
66975,3
66976,5
66980,2
66985,7
66986,7
66992,7
66995,7
66996,5
66999,6
67000,6
67009,8
67011,7
67012,3
67022,6
67026,4
67029,6
67035,6
67046,8
67047,7
67050,6
67053,5
67062,4
67063,7
67065,7
67066,4
67072,3
67076,6
67081,3
67083,8
67085,7
67086,8
67090,6
67097,2
67099,6
67100,5
67102,6
67110,4
67120,6
67121,3
67122,8
67132,1
67144,7
67147,7
67155,4
67161,5
67162,5
67167,3
67169,4
67172,3
67174,3
67177,5
67185,7
67187,8
67197,2
67210,6
67212,7
67215,4
67218,7
67220,3
67222,7
67223,8
67234,4
67239,5
67240,7
67241,7
67246,7
67249,4
67252,4
67253,6
67257,6
67258,4
67261,3
67267,5
67274,5
67280,3
67282,5
67286,5
67288,2
67292,8
67300,6
67301,7
67304,5
67316,6
67320,7
67323,7
67329,6
67330,7
67332,8
67334,8
67335,5
67338,7
67344,6
67346,5
67348,7
67351,6
67352,7
67360,6
67373,3
67374,7
67377,8
67379,6
67380,7
67385,7
67387,3
67397,7
67398,5
67401,8
67404,7
67408,5
67419,8
67430,8
67437,6
67440,6
67444,6
67453,7
67455,5
67465,7
67468,4
67472,7
67478,7
67479,4
67497,3
67507,2
67530,8
67532,6
67537,6
67540,6
67541,8
67550,1
67560,8
67564,1
67570,6
67572,7
67576,4
67585,6
67587,7
67594,7
67597,7
67598,4
67600,6
67601,6
67608,8
67614,6
67615,7
67617,1
67618,5
67620,3
67622,7
67625,3
67628,5
67629,5
67638,6
67641,8
67644,5
67650,3
67652,2
67653,8
67660,7
67661,8
67666,5
67667,4
67669,1
67670,4
67671,4
67682,4
67684,6
67690,5
67701,7
67704,5
67705,5
67714,7
67716,2
67720,5
67723,5
67724,8
67725,5
67727,5
67736,6
67738,1
67741,3
67744,7
67746,7
67748,7
67751,7
67758,4
67769,4
67778,7
67781,5
67797,2
67798,5
67801,4
67803,5
67805,6
67810,1
67811,8
67813,8
67820,6
67823,6
67824,6
67827,4
67834,4
67835,7
67838,7
67839,4
67840,7
67841,8
67843,6
67845,4
67847,7
67853,7
67855,5
67861,7
67862,5
67863,7
67866,7
67868,4
67878,4
67885,6
67887,3
67890,1
67891,4
67896,7
67899,5
67910,8
67914,2
67915,6
67919,3
67922,1
67925,6
67926,2
67929,5
67931,3
67932,3
67933,7
67934,1
67940,1
67941,5
67942,5
67943,8
67945,8
67946,6
67948,8
67956,5
67958,3
67960,6
67963,6
67964,7
67965,3
67966,3
67967,4
67977,3
67983,3
67985,1
68007,6
68009,2
68011,5
68012,7
68017,5
68018,1
68019,6
68022,5
68023,6
68028,6
68033,6
68034,6
68041,7
68044,3
68051,8
68062,6
68065,5
68069,6
68070,4
68074,5
68078,2
68085,5
68087,6
68090,7
68092,6
68099,7
68101,2
68110,3
68112,5
68113,4
68115,6
68125,7
68126,5
68129,8
68136,5
68139,7
68141,7
68146,3
68152,2
68160,7
68161,5
68162,3
68163,6
68168,7
68174,7
68176,8
68186,5
68189,5
68195,6
68196,3
68200,7
68202,7
68207,6
68213,7
68219,8
68221,6
68231,7
68234,4
68235,5
68239,5
68241,6
68244,2
68249,6
68252,8
68260,6
68264,7
68267,4
68273,3
68276,4
68279,5
68281,8
68289,6
68290,7
68294,5
68298,3
68307,6
68311,4
68315,5
68318,3
68320,6
68322,8
68324,7
68327,7
68333,5
68334,7
68336,7
68337,5
68347,5
68356,2
68360,8
68363,5
68364,5
68374,6
68377,4
68380,5
68382,7
68383,5
68386,4
68388,2
68389,7
68396,4
68405,7
68412,3
68422,3
68423,2
68429,3
68437,7
68445,6
68449,5
68455,3
68458,6
68466,3
68469,7
68479,7
68480,6
68485,4
68494,6
68496,8
68499,7
68509,1
68513,6
68521,5
68524,6
68533,3
68536,4
68537,5
68542,7
68544,3
68546,6
68549,7
68556,3
68557,7
68559,6
68562,7
68563,4
68567,8
68571,7
68572,8
68575,7
68576,6
68577,5
68580,6
68581,3
68587,3
68590,6
68597,8
68603,4
68605,7
68611,5
68614,3
68618,5
68630,2
68636,6
68637,2
68639,6
68646,2
68648,3
68653,5
68655,6
68657,8
68676,8
68679,6
68684,5
68701,5
68703,4
68704,5
68711,3
68716,6
68718,3
68723,8
68729,8
68731,8
68732,2
68740,4
68753,4
68754,2
68762,6
68770,5
68771,6
68773,5
68781,5
68782,7
68785,7
68789,6
68791,5
68792,6
68796,7
68808,4
68810,4
68812,6
68820,7
68821,6
68824,7
68825,3
68832,6
68838,6
68839,4
68840,2
68841,6
68848,6
68849,1
68852,6
68854,2
68855,5
68857,7
68858,6
68863,7
68864,8
68865,8
68867,7
68871,7
68874,6
68875,3
68878,7
68881,7
68894,3
68895,2
68902,7
68908,7
68911,8
68914,4
68916,7
68918,3
68919,4
68920,2
68940,4
68947,5
68948,8
68961,3
68962,7
68969,7
68973,6
68976,4
68985,7
68986,7
68987,4
68993,7
68996,7
69004,5
69005,8
69010,6
69011,2
69012,6
69013,5
69015,5
69024,4
69029,7
69030,8
69031,4
69033,7
69037,6
69039,3
69040,4
69045,4
69046,7
69048,6
69052,1
69060,6
69062,7
69064,5
69065,1
69071,3
69078,7
69080,1
69089,6
69094,3
69095,3
69097,4
69100,6
69108,6
69116,6
69119,5
69122,4
69128,5
69130,7
69135,7
69139,7
69143,6
69146,3
69151,8
69161,8
69163,2
69167,6
69168,7
69170,4
69173,7
69181,5
69184,5
69191,4
69194,4
69195,8
69197,8
69201,5
69204,5
69213,5
69217,7
69219,5
69242,7
69251,7
69254,6
69255,6
69268,4
69270,4
69273,8
69279,7
69280,8
69281,6
69289,8
69293,6
69294,3
69295,7
69297,5
69307,6
69308,8
69315,5
69316,7
69319,8
69323,6
69337,7
69338,6
69343,5
69344,7
69346,7
69350,8
69361,5
69368,7
69376,7
69378,7
69379,6
69382,7
69383,4
69384,6
69385,7
69386,7
69392,5
69393,4
69394,4
69402,2
69404,4
69407,2
69408,5
69410,4
69419,7
69422,7
69423,6
69425,5
69430,8
69434,3
69448,7
69452,8
69462,4
69467,7
69476,6
69481,7
69486,8
69488,7
69493,2
69494,5
69495,6
69514,6
69517,5
69518,5
69521,6
69524,5
69526,3
69528,5
69538,5
69539,6
69542,8
69544,8
69546,3
69547,6
69560,7
69565,5
69566,7
69567,7
69571,7
69575,6
69587,6
69590,3
69591,5
69595,6
69596,6
69598,7
69599,6
69603,8
69605,5
69615,7
69617,7
69623,8
69624,7
69636,7
69640,7
69645,2
69649,1
69653,3
69656,4
69661,6
69663,7
69670,5
69674,6
69676,6
69677,7
69684,4
69692,6
69702,3
69704,7
69706,4
69713,7
69715,2
69717,7
69720,2
69722,3
69724,1
69736,7
69738,8
69740,8
69744,8
69748,4
69751,4
69756,6
69758,8
69766,2
69768,8
69769,8
69777,5
69779,7
69781,8
69789,7
69795,7
69809,7
69810,7
69813,8
69814,4
69820,6
69826,7
69827,7
69829,7
69830,2
69832,5
69844,6
69845,6
69847,7
69853,7
69855,3
69861,2
69867,6
69868,8
69870,3
69872,3
69875,3
69879,7
69890,5
69895,4
69900,5
69903,4
69904,6
69905,6
69907,8
69910,5
69912,1
69913,3
69914,6
69915,6
69918,7
69921,8
69925,7
69929,5
69932,2
69933,6
69934,4
69937,5
69938,7
69941,7
69947,2
69954,4
69957,6
69958,5
69975,4
69982,5
69985,8
69990,8
69992,3
69993,7
69996,7
69997,7
70013,1
70015,3
70016,3
70018,6
70024,5
70025,3
70032,8
70034,3
70045,6
70048,3
70051,5
70065,5
70066,4
70070,6
70075,7
70085,6
70093,7
70098,4
70102,5
70104,3
70112,6
70118,5
70123,4
70127,6
70133,8
70137,6
70140,5
70141,6
70146,5
70151,8
70156,8
70161,5
70162,3
70166,2
70180,6
70182,6
70187,4
70192,4
70211,2
70219,6
70220,7
70228,8
70231,3
70234,6
70238,4
70241,2
70247,6
70251,7
70252,6
70256,7
70257,8
70260,2
70265,7
70267,7
70268,7
70269,7
70274,6
70277,5
70283,3
70294,4
70304,7
70306,4
70309,8
70312,7
70313,7
70327,2
70331,4
70333,2
70334,7
70337,5
70341,6
70342,5
70343,1
70345,6
70346,4
70347,5
70348,6
70349,6
70350,8
70353,8
70354,6
70355,7
70356,7
70360,3
70362,7
70364,7
70372,5
70377,6
70378,2
70381,7
70382,4
70384,5
70392,6
70393,5
70400,6
70408,8
70410,5
70414,8
70415,2
70416,5
70418,5
70432,3
70434,7
70437,6
70439,6
70445,2
70448,4
70452,8
70454,6
70456,7
70457,5
70461,7
70468,8
70469,7
70475,4
70481,5
70483,7
70489,3
70490,5
70491,4
70492,6
70496,4
70499,6
70502,8
70506,4
70507,3
70511,6
70512,6
70513,3
70523,2
70528,7
70530,7
70537,3
70540,7
70541,6
70542,6
70545,8
70547,5
70548,7
70555,1
70559,7
70566,3
70570,7
70571,7
70581,5
70582,6
70583,1
70586,5
70587,3
70594,4
70596,7
70606,5
70607,7
70608,6
70614,3
70619,4
70620,4
70625,5
70628,3
70631,5
70640,1
70641,8
70642,4
70643,7
70649,6
70650,3
70652,6
70655,6
70661,8
70664,3
70666,8
70671,2
70688,7
70689,5
70690,7
70696,5
70697,7
70701,3
70709,7
70713,7
70714,7
70715,7
70721,1
70722,7
70726,6
70732,2
70733,7
70737,6
70745,5
70755,8
70758,5
70765,7
70768,4
70770,4
70772,5
70774,6
70777,4
70783,8
70787,2
70795,5
70796,6
70808,2
70810,2
70811,3
70812,5
70814,4
70816,4
70822,8
70830,4
70839,6
70841,3
70844,6
70855,3
70856,5
70861,5
70863,4
70866,6
70869,7
70871,6
70879,3
70880,5
70887,3
70888,6
70901,4
70902,6
70903,7
70911,5
70912,8
70917,5
70919,4
70923,4
70925,8
70942,6
70945,4
70949,7
70951,7
70959,3
70960,8
70966,2
70969,5
70970,8
70975,7
70983,5
70984,8
70995,2
70997,3
70998,7
71004,3
71012,5
71016,7
71021,2
71022,7
71024,6
71025,2
71027,2
71040,5
71047,7
71048,4
71052,6
71057,5
71058,2
71059,4
71065,7
71066,8
71069,5
71077,8
71078,6
71079,7
71082,2
71083,4
71089,8
71093,6
71113,8
71114,7
71116,6
71119,2
71121,3
71124,8
71127,5
71131,5
71137,7
71147,7
71149,3
71151,5
71163,7
71167,5
71173,7
71175,3
71177,4
71178,2
71180,7
71186,7
71189,7
71190,7
71194,6
71202,7
71204,5
71209,6
71211,5
71216,7
71222,7
71223,3
71224,5
71232,5
71235,5
71243,7
71245,4
71248,6
71253,4
71256,6
71267,7
71270,7
71275,7
71281,6
71284,6
71292,7
71296,8
71297,7
71300,6
71301,7
71304,7
71305,2
71308,8
71312,7
71313,6
71319,8
71320,6
71321,5
71324,3
71333,5
71337,6
71339,1
71342,8
71344,7
71346,5
71356,6
71371,6
71372,1
71381,2
71382,3
71384,8
71394,7
71396,3
71407,6
71409,5
71411,7
71414,4
71415,7
71420,7
71425,7
71430,3
71441,6
71449,5
71457,7
71458,6
71460,5
71461,5
71463,5
71465,8
71466,7
71468,5
71470,1
71472,3
71473,8
71477,7
71485,6
71490,8
71494,8
71505,1
71510,7
71513,8
71515,8
71520,2
71527,8
71530,6
71533,7
71534,3
71537,7
71539,6
71550,6
71556,7
71558,4
71574,6
71579,7
71588,3
71589,1
71592,5
71595,5
71599,2
71604,7
71605,8
71606,2
71609,4
71616,7
71617,8
71620,5
71622,4
71625,4
71626,6
71629,2
71634,6
71636,7
71641,7
71644,5
71648,6
71651,4
71653,6
71654,3
71657,7
71660,7
71661,8
71662,3
71664,5
71665,7
71671,1
71674,2
71687,2
71689,7
71690,1
71691,6
71692,6
71697,7
71704,5
71707,2
71709,3
71710,4
71712,5
71719,8
71723,5
71726,7
71727,5
71731,5
71733,5
71744,4
71746,3
71749,3
71753,8
71754,5
71755,1
71759,8
71760,8
71772,4
71773,8
71775,7
71778,7
71779,8
71782,3
71790,4
71793,7
71797,3
71798,5
71799,8
71818,3
71819,4
71825,5
71831,4
71832,8
71833,1
71836,4
71837,7
71838,7
71844,3
71846,4
71847,7
71852,7
71855,8
71858,8
71862,8
71864,5
71867,3
71877,5
71878,2
71882,7
71885,8
71886,4
71888,7
71890,8
71891,2
71892,5
71897,6
71898,4
71902,5
71911,8
71920,4
71926,6
71928,4
71946,4
71956,3
71958,6
71959,7
71960,5
71968,3
71972,7
71977,2
71982,2
71983,4
71984,7
71997,5
71998,5
72001,7
72004,8
72005,7
72008,7
72015,6
72021,6
72022,6
72025,7
72026,6
72031,7
72037,3
72040,6
72041,7
72043,7
72046,7
72049,7
72053,8
72055,8
72057,8
72068,5
72071,1
72075,3
72084,7
72088,7
72089,2
72094,8
72095,4
72101,5
72105,6
72106,6
72110,5
72111,3
72112,7
72120,5
72121,7
72122,7
72134,5
72143,6
72144,7
72145,5
72146,6
72152,7
72154,3
72159,7
72160,7
72162,3
72164,4
72167,6
72171,5
72176,5
72178,4
72182,7
72186,5
72187,2
72190,4
72194,6
72196,8
72202,1
72206,4
72217,5
72220,4
72221,5
72222,6
72223,8
72225,5
72230,7
72234,8
72236,7
72239,7
72243,4
72244,5
72245,5
72247,2
72249,8
72256,6
72257,3
72258,2
72259,6
72260,7
72263,1
72268,6
72271,3
72276,8
72279,4
72280,5
72284,2
72287,6
72290,5
72310,3
72311,6
72320,7
72321,3
72336,6
72344,7
72346,5
72350,7
72355,1
72357,6
72359,8
72360,7
72366,8
72368,4
72369,5
72374,5
72379,5
72380,6
72385,5
72386,4
72390,2
72391,3
72392,8
72399,6
72401,7
72404,6
72412,4
72420,5
72422,2
72425,5
72429,3
72432,6
72442,6
72445,5
72455,6
72456,6
72457,1
72462,5
72464,6
72469,4
72474,7
72485,6
72489,5
72493,7
72504,8
72505,7
72506,6
72510,5
72515,7
72516,2
72518,2
72519,6
72520,7
72524,7
72536,5
72548,7
72552,8
72554,2
72557,2
72558,4
72559,4
72566,1
72570,5
72571,3
72590,7
72595,4
72608,2
72619,6
72622,7
72623,8
72625,7
72628,4
72629,6
72630,7
72631,7
72633,5
72636,8
72645,8
72647,5
72650,7
72651,6
72657,4
72659,8
72665,3
72667,3
72670,4
72673,4
72674,8
72675,2
72677,6
72683,4
72684,4
72693,8
72706,4
72711,8
72714,6
72716,5
72721,4
72723,6
72725,6
72728,2
72732,7
72734,5
72739,4
72744,8
72747,6
72751,5
72752,6
72757,4
72759,1
72761,7
72770,5
72771,4
72777,6
72780,6
72781,2
72784,7
72791,4
72797,5
72800,7
72823,4
72827,6
72828,7
72830,5
72832,7
72833,6
72843,2
72848,7
72849,4
72850,7
72856,7
72860,1
72863,1
72867,6
72876,4
72879,4
72897,4
72900,7
72902,5
72905,4
72906,7
72908,6
72909,8
72914,5
72915,3
72917,8
72920,7
72922,4
72925,4
72936,5
72938,4
72942,3
72943,7
72947,6
72949,5
72952,3
72956,4
72960,5
72964,5
72969,7
72971,2
72972,5
72975,6
72979,7
72982,3
72985,8
72993,7
72997,2
73000,3
73005,7
73008,7
73018,5
73022,6
73029,6
73032,8
73034,7
73039,5
73042,6
73043,7
73045,8
73047,7
73050,5
73052,3
73053,1
73056,5
73059,6
73060,5
73063,3
73065,5
73069,4
73074,5
73079,3
73081,3
73084,4
73086,3
73087,4
73090,7
73091,8
73092,5
73095,7
73100,4
73101,2
73107,4
73110,5
73111,3
73113,6
73119,3
73120,4
73125,7
73126,6
73130,6
73137,4
73138,5
73140,7
73143,4
73145,4
73148,4
73154,1
73167,6
73169,5
73172,4
73182,5
73183,6
73184,8
73190,7
73191,1
73193,8
73196,7
73201,6
73202,5
73204,7
73215,5
73218,6
73220,4
73221,2
73234,8
73239,5
73241,2
73244,2
73245,6
73248,7
73250,6
73253,1
73254,4
73255,7
73258,8
73259,4
73264,8
73265,4
73275,8
73277,6
73281,6
73282,7
73283,6
73286,5
73287,6
73292,7
73299,6
73302,8
73314,7
73316,7
73322,8
73326,3
73330,8
73331,3
73339,6
73348,8
73349,7
73352,5
73356,2
73364,2
73365,7
73370,7
73371,6
73383,7
73387,6
73389,5
73392,3
73394,4
73401,6
73412,7
73415,4
73417,5
73422,5
73427,6
73440,4
73443,4
73454,4
73457,6
73462,6
73465,5
73472,8
73475,7
73478,7
73485,1
73490,4
73497,6
73499,7
73505,7
73511,3
73517,8
73529,6
73531,6
73533,6
73540,5
73541,5
73550,4
73556,8
73560,6
73568,5
73572,7
73577,5
73584,2
73585,5
73591,7
73595,6
73596,4
73597,7
73599,6
73605,8
73610,5
73611,7
73613,6
73622,6
73628,7
73634,2
73646,7
73649,6
73651,6
73661,1
73662,5
73667,6
73675,8
73677,8
73682,5
73683,7
73684,8
73688,4
73691,5
73696,5
73701,4
73705,7
73709,5
73711,3
73712,6
73718,7
73719,4
73720,8
73722,5
73723,6
73724,7
73725,6
73728,4
73729,5
73730,4
73731,7
73733,7
73735,8
73743,5
73744,3
73750,6
73751,1
73753,2
73754,3
73756,3
73759,6
73761,7
73767,6
73768,8
73771,3
73773,5
73778,7
73781,5
73782,4
73786,2
73793,4
73796,8
73805,3
73807,6
73808,7
73811,4
73816,8
73818,3
73820,6
73827,7
73831,2
73840,5
73841,7
73854,6
73857,7
73860,7
73864,3
73865,7
73868,5
73869,3
73874,4
73876,3
73877,6
73879,6
73881,7
73889,6
73892,7
73893,7
73897,8
73900,7
73901,5
73902,2
73905,6
73909,3
73912,4
73913,4
73915,7
73916,3
73926,6
73928,4
73929,3
73930,6
73931,3
73932,6
73934,7
73941,8
73948,6
73953,5
73954,3
73955,6
73968,4
73970,6
73972,3
73978,8
73979,6
73982,3
73990,4
74000,8
74003,8
74006,7
74013,6
74018,3
74024,6
74032,3
74037,4
74043,3
74044,7
74046,8
74048,4
74051,2
74052,7
74057,6
74058,3
74059,8
74062,4
74065,7
74069,5
74070,5
74073,7
74074,3
74075,4
74081,8
74082,6
74083,6
74089,6
74091,7
74097,7
74114,6
74116,4
74119,5
74123,7
74125,3
74129,4
74131,5
74135,8
74136,5
74139,2
74141,7
74142,6
74153,6
74158,3
74159,5
74161,2
74162,3
74168,5
74175,4
74185,5
74188,3
74192,1
74194,4
74195,4
74196,4
74207,7
74215,1
74222,7
74225,4
74226,7
74228,5
74229,7
74231,7
74240,7
74245,7
74248,7
74249,6
74251,6
74253,4
74254,3
74265,6
74266,6
74271,3
74277,6
74280,7
74281,7
74283,5
74285,7
74287,7
74288,7
74289,4
74295,3
74302,5
74303,8
74304,7
74305,6
74309,7
74321,1
74322,6
74332,1
74333,7
74334,6
74346,5
74351,2
74352,7
74356,3
74357,5
74363,8
74364,5
74367,7
74378,7
74379,7
74380,1
74381,8
74386,6
74387,7
74391,8
74399,8
74405,5
74406,2
74408,4
74419,5
74421,5
74423,6
74424,7
74427,4
74429,3
74436,6
74443,4
74455,6
74456,6
74469,7
74471,5
74475,4
74476,5
74488,7
74491,2
74496,5
74502,6
74504,8
74506,5
74513,4
74515,7
74516,7
74517,7
74522,6
74529,8
74530,3
74537,7
74539,6
74541,8
74544,4
74549,7
74551,4
74555,3
74556,7
74558,3
74560,4
74561,5
74565,8
74569,4
74574,2
74580,7
74586,6
74588,4
74590,5
74597,2
74604,6
74612,7
74615,5
74618,8
74621,5
74623,6
74625,7
74628,8
74631,8
74642,6
74647,5
74648,5
74650,8
74655,6
74662,6
74664,6
74665,2
74667,4
74673,6
74676,6
74678,5
74682,6
74683,5
74684,7
74688,8
74689,7
74691,5
74696,5
74697,7
74700,6
74709,5
74710,5
74712,4
74713,8
74714,6
74715,7
74718,8
74719,4
74720,8
74722,4
74723,7
74731,7
74736,7
74737,8
74738,6
74741,8
74748,3
74750,7
74754,6
74757,5
74758,7
74766,6
74772,2
74778,6
74779,6
74780,8
74781,6
74782,7
74783,8
74793,4
74795,7
74799,2
74800,6
74808,6
74811,5
74813,2
74818,5
74830,5
74839,5
74840,6
74850,6
74851,4
74852,6
74853,2
74854,4
74861,6
74862,7
74866,8
74868,3
74871,8
74874,8
74879,5
74887,6
74888,6
74890,6
74893,3
74894,1
74895,5
74896,6
74897,6
74902,3
74906,5
74908,5
74910,7
74912,4
74921,8
74928,6
74936,2
74938,6
74964,6
74969,4
74971,1
74975,5
74985,8
74998,7
75001,7
75002,7
75003,6
75004,4
75006,4
75009,5
75012,6
75013,4
75014,1
75017,8
75021,1
75022,7
75032,6
75034,7
75042,6
75045,7
75057,6
75061,2
75065,5
75066,5
75070,5
75074,4
75076,3
75081,6
75086,6
75088,7
75093,8
75098,6
75101,6
75102,5
75103,6
75104,3
75114,3
75116,3
75121,7
75122,7
75130,5
75133,4
75134,5
75135,3
75136,3
75137,5
75144,4
75151,7
75152,6
75157,7
75160,4
75164,7
75165,1
75166,6
75169,1
75175,6
75180,3
75181,7
75183,6
75185,7
75189,5
75190,3
75191,5
75202,8
75208,6
75211,5
75213,3
75218,8
75219,3
75232,4
75234,8
75236,5
75241,5
75246,8
75255,7
75261,4
75272,4
75280,3
75282,8
75285,8
75292,3
75298,8
75299,7
75301,8
75303,7
75310,8
75312,5
75327,8
75332,7
75334,6
75336,7
75337,7
75338,4
75344,6
75348,7
75349,7
75353,7
75354,1
75358,8
75359,8
75361,4
75367,4
75375,6
75384,8
75392,7
75393,3
75396,6
75401,5
75402,7
75404,4
75409,2
75419,8
75423,2
75428,5
75436,4
75437,8
75439,7
75440,3
75443,8
75446,7
75452,2
75460,7
75463,4
75468,5
75469,8
75474,3
75477,1
75478,5
75485,8
75486,4
75488,6
75495,3
75497,3
75499,7
75500,1
75528,6
75529,7
75530,6
75531,7
75534,5
75537,5
75538,2
75541,7
75542,7
75543,6
75547,8
75549,6
75552,8
75554,5
75555,6
75557,8
75562,4
75563,7
75566,8
75568,6
75569,2
75579,6
75580,7
75583,5
75585,8
75589,8
75592,6
75613,4
75615,6
75618,6
75619,4
75621,7
75632,5
75637,6
75638,7
75643,3
75650,8
75654,4
75656,3
75663,1
75668,5
75669,7
75672,7
75677,3
75678,8
75686,8
75694,6
75699,5
75707,5
75715,8
75718,8
75719,2
75723,7
75725,4
75730,6
75732,7
75744,7
75747,4
75761,7
75772,3
75777,8
75780,2
75781,7
75790,6
75792,8
75799,2
75801,6
75802,3
75804,8
75809,6
75810,4
75815,4
75816,5
75819,8
75825,7
75827,2
75831,6
75833,8
75834,3
75838,5
75840,6
75842,5
75844,7
75846,8
75849,4
75853,6
75860,5
75863,7
75865,8
75868,7
75890,6
75891,4
75895,8
75896,5
75901,1
75903,6
75910,5
75911,6
75916,7
75923,2
75924,7
75925,2
75927,6
75935,2
75937,5
75939,7
75940,5
75942,6
75943,5
75946,6
75952,4
75954,7
75958,5
75963,7
75964,4
75966,7
75967,5
75969,4
75976,7
75983,4
75987,2
75992,7
76012,5
76018,5
76019,2
76024,6
76027,6
76029,6
76030,7
76032,5
76035,1
76045,6
76053,5
76058,7
76073,5
76076,3
76077,7
76090,5
76091,7
76092,3
76095,5
76097,7
76098,2
76102,4
76103,6
76105,7
76108,7
76110,4
76116,2
76117,7
76118,7
76122,6
76127,3
76141,6
76145,6
76150,3
76152,6
76153,7
76157,7
76164,8
76170,3
76175,6
76183,5
76188,2
76189,4
76191,8
76192,6
76195,7
76211,3
76212,7
76217,7
76219,7
76222,3
76224,7
76229,7
76232,8
76234,6
76235,5
76238,8
76239,3
76241,8
76242,8
76245,8
76247,8
76252,5
76259,4
76260,7
76263,5
76266,6
76270,4
76272,4
76306,4
76309,6
76313,6
76315,2
76316,3
76317,7
76325,6
76326,6
76328,6
76333,1
76336,7
76343,8
76357,5
76363,4
76364,4
76371,8
76372,6
76373,5
76378,6
76383,3
76395,8
76397,5
76402,4
76411,6
76423,7
76429,6
76430,3
76435,5
76437,6
76438,3
76440,7
76442,7
76445,8
76453,7
76456,4
76460,6
76473,8
76475,8
76482,7
76483,5
76484,5
76490,4
76492,5
76495,7
76498,8
76500,6
76506,8
76509,6
76511,4
76513,7
76515,4
76519,8
76526,4
76530,7
76532,2
76533,6
76539,3
76540,7
76542,3
76543,4
76548,7
76552,6
76553,2
76557,3
76558,4
76559,8
76560,8
76571,7
76572,6
76574,4
76575,7
76576,2
76580,8
76581,7
76583,1
76586,6
76587,8
76588,6
76590,5
76595,4
76598,7
76599,6
76612,8
76613,8
76620,7
76623,7
76629,3
76630,4
76632,4
76633,8
76638,7
76646,6
76650,3
76657,5
76659,4
76663,6
76665,6
76668,8
76669,7
76676,4
76680,3
76681,5
76683,7
76684,3
76693,3
76700,5
76707,4
76709,5
76716,6
76717,6
76718,6
76720,8
76724,6
76726,7
76727,5
76728,6
76729,5
76734,5
76735,3
76738,5
76747,1
76752,5
76753,6
76756,2
76758,8
76759,4
76772,7
76774,1
76779,8
76783,5
76784,8
76789,5
76790,1
76791,4
76796,1
76798,8
76817,4
76819,8
76823,7
76831,6
76843,7
76844,7
76845,6
76846,3
76848,6
76850,8
76860,1
76865,3
76866,6
76878,5
76879,4
76883,7
76891,4
76893,5
76898,8
76900,7
76902,7
76903,7
76919,2
76920,7
76922,6
76927,6
76932,6
76938,6
76939,2
76941,7
76945,5
76946,7
76949,6
76952,5
76956,2
76959,7
76970,2
76981,8
76982,6
76987,3
76989,3
76992,6
76993,4
76994,7
76995,7
76997,2
76999,7
77003,3
77007,3
77010,8
77014,1
77015,2
77017,3
77018,7
77027,5
77029,6
77039,4
77045,5
77048,6
77053,6
77054,2
77055,8
77062,7
77072,6
77074,7
77075,7
77077,5
77078,5
77082,7
77083,8
77093,5
77096,2
77100,5
77101,6
77123,8
77130,3
77131,7
77132,7
77133,2
77136,7
77144,5
77145,6
77146,6
77147,3
77150,5
77152,8
77154,5
77163,3
77172,8
77176,7
77180,7
77185,3
77187,5
77193,2
77194,7
77197,5
77201,8
77207,6
77208,7
77212,5
77213,1
77215,6
77217,2
77221,8
77227,3
77229,5
77231,5
77237,5
77244,7
77245,6
77248,5
77251,7
77253,5
77254,2
77255,7
77259,8
77261,5
77266,6
77269,6
77272,5
77276,1
77280,5
77283,5
77286,4
77291,2
77293,8
77298,1
77299,3
77304,7
77305,7
77306,7
77308,4
77310,7
77312,6
77314,6
77319,5
77320,5
77323,7
77328,6
77329,6
77334,3
77335,5
77338,5
77341,7
77345,3
77348,7
77353,7
77356,2
77357,6
77362,7
77363,6
77365,6
77366,6
77367,7
77368,6
77372,8
77376,4
77383,5
77389,7
77393,6
77400,4
77403,3
77405,7
77406,5
77411,6
77431,2
77433,7
77434,5
77437,4
77441,6
77444,7
77446,7
77448,5
77452,6
77455,5
77456,8
77458,2
77463,5
77470,8
77472,8
77476,5
77481,7
77483,4
77484,7
77486,3
77487,7
77488,6
77489,8
77492,6
77494,4
77495,3
77508,2
77509,5
77511,6
77512,6
77513,4
77515,4
77516,7
77520,7
77522,4
77524,8
77531,7
77543,8
77547,7
77551,7
77552,2
77554,4
77556,5
77565,7
77567,4
77568,5
77572,2
77581,8
77582,5
77588,8
77590,3
77594,7
77595,5
77602,7
77608,2
77612,4
77614,5
77618,2
77624,5
77628,6
77629,6
77635,6
77636,7
77637,3
77638,5
77647,3
77649,2
77650,6
77651,4
77659,5
77663,8
77668,3
77669,1
77670,4
77678,5
77682,7
77684,5
77694,6
77702,7
77704,4
77708,7
77711,6
77713,4
77714,6
77717,6
77720,7
77723,5
77724,6
77726,6
77729,7
77731,6
77734,6
77736,7
77740,5
77741,4
77748,7
77749,5
77750,6
77751,5
77759,7
77771,6
77775,3
77779,7
77783,7
77794,4
77795,6
77803,5
77806,8
77809,7
77810,6
77811,8
77815,6
77819,6
77825,4
77830,8
77833,2
77834,3
77837,6
77842,6
77847,6
77849,7
77851,7
77852,7
77855,5
77861,1
77862,6
77863,4
77865,7
77866,3
77870,5
77874,4
77879,6
77883,8
77884,2
77889,6
77892,6
77894,7
77895,6
77902,4
77903,4
77904,6
77905,8
77908,4
77909,2
77913,7
77917,3
77921,1
77927,5
77928,2
77942,8
77947,8
77948,6
77949,7
77951,5
77953,5
77959,8
77963,2
77965,1
77971,5
77978,8
77983,7
77986,8
77997,2
77998,7
78002,7
78006,6
78012,8
78016,7
78021,5
78024,7
78026,6
78033,5
78034,3
78040,8
78043,8
78055,5
78059,8
78060,6
78063,5
78070,7
78072,8
78079,5
78093,2
78094,6
78096,3
78097,3
78101,3
78111,4
78113,7
78118,6
78120,5
78124,7
78133,7
78136,5
78138,3
78144,5
78145,6
78147,1
78148,6
78150,3
78152,6
78155,5
78157,7
78159,7
78160,7
78161,4
78166,4
78167,5
78170,3
78177,7
78183,3
78192,6
78193,6
78197,2
78203,2
78204,5
78205,4
78208,7
78210,1
78217,5
78219,3
78220,7
78221,2
78225,3
78228,4
78234,3
78235,8
78238,7
78245,4
78246,6
78248,6
78254,8
78256,7
78257,6
78260,7
78262,4
78265,7
78269,5
78286,7
78287,8
78290,8
78291,7
78293,1
78296,4
78300,5
78304,5
78310,3
78316,4
78318,4
78319,6
78321,7
78326,8
78328,1
78332,8
78340,6
78342,3
78343,8
78345,7
78352,6
78353,5
78358,3
78366,4
78376,6
78378,6
78382,6
78383,3
78389,4
78390,4
78394,6
78398,5
78400,5
78406,6
78408,3
78410,5
78411,7
78416,6
78418,7
78423,6
78424,8
78426,5
78429,7
78431,2
78439,7
78444,8
78449,6
78450,8
78452,7
78453,8
78454,6
78456,7
78459,7
78473,7
78482,3
78497,5
78504,3
78510,4
78516,8
78521,6
78522,4
78523,5
78527,8
78531,8
78534,1
78535,4
78537,8
78538,8
78541,6
78543,3
78544,6
78545,6
78551,8
78558,3
78563,6
78564,3
78566,6
78567,4
78577,3
78584,4
78586,6
78587,8
78589,4
78590,5
78595,6
78600,8
78607,3
78612,7
78618,8
78620,5
78625,5
78630,4
78631,4
78638,6
78639,7
78640,2
78641,6
78648,3
78651,6
78652,2
78665,7
78666,4
78667,7
78668,4
78669,6
78672,2
78674,7
78678,5
78682,5
78685,7
78687,3
78698,4
78699,4
78704,7
78707,2
78713,6
78715,8
78717,4
78721,6
78725,7
78726,4
78727,5
78733,6
78735,5
78738,7
78745,6
78749,7
78754,6
78757,6
78758,8
78764,6
78768,8
78777,4
78781,7
78795,1
78796,7
78804,5
78808,6
78809,7
78830,8
78833,6
78836,7
78840,8
78847,5
78848,5
78855,7
78857,6
78867,5
78868,2
78869,4
78881,7
78888,3
78889,5
78896,4
78898,5
78908,7
78909,4
78914,7
78924,6
78925,1
78949,4
78950,8
78952,5
78958,5
78959,6
78975,6
78977,3
78978,2
78986,8
78992,4
79004,5
79007,6
79020,3
79022,3
79027,3
79028,8
79031,6
79035,1
79038,8
79047,4
79048,5
79051,5
79054,3
79060,5
79064,2
79065,3
79067,7
79071,2
79072,2
79073,7
79080,2
79083,1
79084,7
79085,6
79089,8
79093,7
79099,7
79102,3
79125,4
79129,3
