Id,Response
1,2
3,7
4,6
9,6
12,8
13,8
21,6
28,8
30,6
36,8
38,8
43,6
45,2
48,8
50,5
51,8
54,7
55,7
59,8
62,5
63,8
66,8
69,8
82,8
83,6
84,6
86,8
89,8
90,5
92,8
98,6
100,1
105,6
115,8
119,1
124,2
127,8
133,8
140,6
141,8
143,1
151,2
154,8
157,8
163,5
166,1
168,8
170,5
173,8
180,6
182,8
184,5
185,8
195,7
196,6
197,6
212,6
213,8
219,8
225,4
227,4
232,5
239,6
247,6
251,5
254,6
261,6
264,8
267,8
272,7
275,8
277,2
283,6
284,1
287,7
291,8
293,6
294,3
305,8
307,5
309,8
311,5
322,5
323,5
326,6
330,1
335,8
337,8
338,6
341,1
346,6
348,6
352,2
356,8
358,1
366,6
369,5
373,6
375,2
381,6
384,8
386,5
396,6
397,1
399,8
405,8
412,8
417,1
421,6
425,8
427,6
430,2
432,6
433,7
436,8
438,8
441,8
442,6
444,6
446,8
448,7
450,6
454,8
465,8
470,8
472,5
475,7
484,8
495,8
497,8
498,8
501,6
502,6
505,8
515,5
516,5
527,8
529,2
531,6
533,6
537,1
541,8
546,8
548,6
549,8
550,8
553,7
559,6
561,5
564,1
574,6
578,6
579,6
580,8
582,6
584,8
588,6
596,5
602,5
603,5
613,8
614,1
619,8
620,6
624,6
625,8
628,5
630,6
635,6
636,6
637,8
641,8
644,8
648,8
654,8
658,6
664,8
666,6
667,8
670,8
672,6
674,8
676,8
684,8
685,2
693,2
694,6
700,1
702,6
703,6
705,6
711,8
718,1
722,8
726,5
727,5
732,8
735,8
740,5
748,7
750,6
751,8
756,8
762,6
766,8
770,7
771,6
779,8
782,5
784,8
793,6
798,5
800,6
801,8
805,7
807,1
813,8
819,8
820,7
822,8
823,8
833,8
834,5
842,1
845,8
856,8
860,6
864,1
869,8
872,8
877,5
878,6
893,6
894,8
896,6
899,4
900,6
911,1
914,8
917,1
919,8
923,1
925,4
926,5
934,6
938,8
940,5
955,6
956,6
971,8
973,8
978,8
979,8
981,7
988,7
990,8
992,5
996,8
997,6
999,4
1000,8
1006,5
1009,2
1018,6
1025,6
1038,8
1042,8
1045,6
1046,8
1047,5
1050,6
1052,8
1054,8
1057,8
1061,4
1069,6
1071,7
1073,6
1074,8
1075,5
1083,6
1084,1
1089,6
1099,6
1103,5
1110,8
1123,8
1130,6
1135,6
1137,8
1145,8
1147,4
1152,8
1153,1
1154,8
1158,8
1166,5
1170,7
1172,6
1178,5
1179,8
1181,5
1182,8
1183,8
1191,6
1192,1
1200,4
1205,6
1207,7
1208,2
1209,4
1217,3
1223,8
1225,8
1226,5
1228,1
1230,5
1232,8
1235,8
1237,7
1257,7
1266,1
1267,6
1274,8
1277,8
1278,6
1280,8
1282,8
1293,6
1294,1
1305,8
1306,8
1311,8
1318,6
1320,8
1323,8
1325,2
1328,6
1336,5
1340,8
1341,8
1344,6
1345,6
1348,3
1358,1
1361,8
1364,6
1373,7
1377,6
1378,7
1380,6
1382,7
1383,5
1386,8
1387,1
1390,5
1395,8
1398,7
1402,2
1403,8
1405,8
1407,8
1410,1
1412,2
1419,3
1426,8
1428,8
1436,7
1437,5
1438,5
1441,8
1444,3
1448,2
1454,6
1457,6
1459,8
1463,7
1467,1
1471,8
1475,6
1476,6
1480,8
1481,5
1482,6
1489,6
1491,8
1494,8
1496,8
1500,8
1501,8
1503,7
1504,5
1505,5
1515,5
1517,6
1520,5
1521,5
1523,8
1526,8
1529,5
1530,8
1543,5
1544,8
1547,6
1550,8
1552,6
1554,6
1563,6
1574,5
1575,1
1576,6
1579,6
1582,5
1584,8
1585,8
1589,6
1596,6
1598,2
1611,8
1613,1
1615,6
1618,5
1627,8
1630,3
1638,8
1639,7
1640,8
1642,8
1645,6
1648,6
1654,5
1661,7
1662,6
1663,8
1666,6
1668,1
1670,5
1672,6
1681,6
1682,7
1683,2
1687,8
1688,8
1693,8
1694,8
1700,8
1704,6
1712,8
1716,8
1717,6
1722,6
1724,5
1738,1
1739,1
1740,8
1761,8
1763,6
1765,8
1766,6
1767,8
1771,6
1772,5
1777,8
1784,2
1799,6
1806,8
1810,1
1812,6
1814,2
1818,7
1819,8
1822,5
1823,8
1824,5
1834,5
1835,6
1844,5
1848,6
1849,8
1850,6
1851,2
1856,1
1862,1
1863,6
1872,6
1874,6
1875,8
1877,6
1900,8
1902,6
1904,6
1905,2
1908,8
1914,8
1916,1
1922,1
1933,7
1934,6
1939,8
1942,6
1947,8
1957,8
1971,8
1973,5
1974,7
1977,7
1981,6
1985,8
1987,7
1989,8
2001,2
2002,5
2007,1
2008,8
2011,6
2021,7
2034,8
2040,8
2044,7
2045,8
2048,8
2051,8
2062,8
2066,1
2068,6
2069,5
2074,8
2075,8
2078,7
2079,1
2080,1
2081,5
2084,1
2085,8
2087,8
2096,2
2102,8
2103,5
2107,8
2117,5
2118,1
2120,6
2121,5
2122,4
2130,8
2136,4
2138,8
2140,8
2143,8
2144,5
2145,6
2147,8
2150,2
2154,8
2155,1
2166,6
2169,1
2173,6
2176,1
2178,6
2179,6
2180,8
2184,8
2185,8
2188,6
2190,7
2194,8
2195,8
2198,1
2205,8
2206,6
2207,4
2212,6
2213,8
2216,8
2218,1
2224,8
2225,8
2228,8
2236,6
2242,8
2246,5
2250,8
2255,6
2256,1
2267,3
2268,7
2269,6
2272,5
2275,1
2280,8
2282,8
2287,7
2289,8
2293,8
2296,6
2307,6
2309,6
2313,6
2325,6
2327,8
2336,1
2339,7
2342,8
2347,8
2350,5
2360,6
2364,8
2369,1
2379,4
2394,6
2395,5
2399,8
2402,8
2410,8
2416,7
2420,8
2427,5
2434,8
2435,8
2441,8
2447,6
2452,6
2463,6
2467,6
2468,8
2470,6
2476,6
2483,1
2487,5
2492,8
2502,7
2504,6
2510,8
2511,1
2512,8
2517,8
2520,8
2521,8
2523,8
2524,8
2525,6
2526,6
2528,8
2530,5
2532,5
2536,5
2540,6
2541,5
2543,6
2549,8
2550,1
2556,5
2557,8
2559,7
2565,8
2566,8
2567,1
2568,5
2570,8
2573,8
2577,6
2578,7
2583,2
2586,6
2587,5
2588,8
2591,8
2597,8
2606,8
2607,8
2608,8
2611,1
2612,8
2613,6
2616,8
2621,8
2622,8
2634,8
2639,8
2642,1
2644,6
2650,1
2655,8
2664,7
2667,6
2670,6
2679,2
2681,6
2683,8
2685,8
2687,8
2696,6
2699,8
2712,1
2716,8
2720,8
2725,6
2726,8
2731,6
2733,6
2740,8
2742,6
2748,6
2749,8
2763,8
2771,8
2772,5
2773,6
2783,8
2784,8
2789,1
2796,5
2798,6
2799,8
2800,6
2802,8
2805,6
2809,7
2816,8
2817,6
2821,8
2822,8
2829,6
2832,5
2842,5
2844,6
2846,6
2851,7
2852,6
2853,8
2856,7
2862,1
2866,6
2868,6
2886,8
2892,6
2893,4
2898,8
2917,4
2923,1
2927,6
2930,8
2931,1
2935,7
2936,6
2961,1
2964,8
2967,8
2968,8
2970,8
2977,5
2978,8
2979,8
2985,5
2986,1
2989,8
2997,5
2999,8
3004,6
3008,8
3010,5
3020,8
3022,7
3024,7
3027,8
3032,8
3033,8
3048,5
3053,6
3056,8
3070,8
3071,2
3073,8
3080,8
3098,8
3099,5
3109,7
3110,7
3115,1
3121,8
3128,8
3132,1
3133,2
3141,8
3144,6
3145,5
3154,8
3159,8
3164,5
3168,1
3172,1
3176,8
3186,8
3193,6
3196,8
3199,5
3200,6
3209,8
3210,8
3214,6
3229,6
3230,6
3233,8
3242,5
3244,1
3249,6
3251,1
3253,1
3264,6
3271,1
3272,8
3274,8
3276,2
3280,6
3282,6
3285,7
3297,6
3298,8
3307,6
3309,8
3310,8
3312,6
3314,8
3315,2
3316,6
3319,6
3322,8
3327,8
3332,7
3334,8
3336,1
3338,7
3340,6
3343,2
3352,8
3353,6
3356,8
3357,8
3360,6
3365,8
3366,8
3367,8
3369,8
3374,5
3376,6
3381,8
3385,5
3386,8
3397,7
3403,5
3409,5
3414,8
3415,7
3423,8
3427,7
3428,8
3439,6
3441,7
3442,2
3447,6
3453,7
3456,6
3458,5
3459,6
3462,6
3464,8
3477,8
3480,5
3483,8
3490,6
3497,7
3498,8
3500,6
3504,6
3509,1
3510,8
3511,8
3525,5
3528,6
3529,1
3531,5
3532,8
3536,8
3537,4
3538,6
3547,2
3557,6
3572,8
3573,8
3588,8
3590,8
3597,6
3601,6
3602,7
3608,8
3611,6
3616,6
3619,6
3623,6
3638,6
3641,4
3643,8
3647,4
3648,8
3662,6
3663,8
3665,6
3679,8
3683,6
3692,6
3700,6
3705,6
3706,8
3711,8
3712,5
3716,2
3725,4
3727,8
3739,6
3740,5
3743,6
3744,2
3750,8
3751,6
3752,1
3753,6
3754,2
3761,8
3762,8
3764,4
3773,8
3774,4
3775,8
3776,8
3785,5
3788,8
3791,6
3792,8
3794,5
3797,7
3798,8
3807,5
3808,7
3810,6
3813,7
3815,8
3818,6
3820,1
3824,8
3832,8
3836,8
3837,6
3849,8
3853,6
3861,2
3862,6
3863,6
3867,2
3868,8
3871,8
3873,6
3874,8
3879,8
3881,6
3883,8
3887,6
3888,6
3889,5
3898,1
3901,8
3904,1
3905,6
3907,6
3911,1
3915,6
3917,6
3923,8
3925,4
3931,6
3934,8
3943,8
3946,5
3947,6
3949,5
3958,4
3959,8
3960,4
3969,8
3971,8
3973,8
3976,8
3979,8
3982,8
3992,8
3993,6
3995,8
3997,5
4002,8
4003,8
4006,8
4010,8
4011,6
4012,8
4019,8
4020,1
4026,6
4030,5
4033,4
4034,8
4038,2
4045,8
4046,8
4047,1
4048,8
4055,6
4061,8
4063,1
4066,8
4069,8
4076,8
4081,7
4086,8
4087,8
4094,8
4096,2
4105,6
4107,6
4110,5
4115,8
4128,3
4131,8
4136,1
4140,5
4141,6
4142,8
4146,7
4156,6
4159,8
4171,6
4174,1
4175,3
4180,8
4187,8
4191,4
4193,8
4197,8
4201,6
4203,5
4205,5
4206,5
4209,8
4213,8
4215,6
4220,8
4223,8
4225,7
4234,1
4241,6
4244,7
4247,6
4254,6
4255,5
4262,6
4263,8
4266,1
4269,8
4270,1
4271,4
4274,8
4279,8
4286,1
4287,6
4288,8
4290,1
4294,8
4296,6
4299,6
4302,8
4316,8
4320,6
4321,3
4324,2
4325,1
4326,8
4332,8
4334,8
4343,8
4348,6
4350,8
4353,6
4356,8
4361,8
4367,5
4369,8
4371,6
4373,6
4374,1
4376,8
4393,5
4394,6
4397,1
4398,6
4404,8
4410,6
4411,1
4412,8
4414,1
4415,8
4418,1
4420,8
4426,6
4427,8
4430,1
4431,3
4435,8
4437,5
4438,8
4458,6
4461,6
4462,5
4464,6
4482,8
4484,7
4489,5
4494,8
4496,7
4503,8
4508,2
4515,5
4516,8
4517,8
4518,6
4524,5
4525,2
4527,8
4529,8
4535,6
4538,1
4544,6
4545,5
4550,6
4551,8
4554,8
4563,7
4565,8
4573,6
4576,8
4578,6
4587,8
4590,6
4597,1
4600,7
4608,8
4612,5
4615,8
4616,8
4618,6
4620,5
4622,6
4624,6
4628,6
4631,8
4633,8
4646,6
4648,1
4655,7
4669,8
4673,6
4677,6
4680,8
4683,6
4691,2
4694,8
4697,8
4698,5
4704,7
4711,6
4713,6
4716,3
4724,6
4727,8
4730,6
4731,6
4732,6
4741,1
4742,8
4743,8
4753,8
4758,8
4762,1
4765,5
4782,1
4787,8
4788,8
4789,1
4790,8
4792,8
4797,6
4805,5
4806,8
4809,8
4814,8
4823,6
4825,2
4830,6
4832,5
4833,1
4840,4
4841,7
4844,8
4845,8
4849,6
4858,7
4870,6
4875,8
4877,8
4882,6
4891,6
4900,6
4905,8
4907,6
4908,8
4923,7
4924,8
4925,8
4927,6
4933,8
4935,8
4941,3
4944,7
4946,7
4953,6
4956,1
4968,5
4985,1
4989,8
4995,1
5005,6
5010,1
5016,8
5018,8
5029,5
5031,5
5037,6
5039,8
5041,5
5043,6
5052,7
5055,6
5059,5
5063,8
5067,8
5070,6
5072,5
5073,6
5079,8
5086,6
5093,7
5094,1
5098,8
5101,8
5108,2
5112,8
5113,8
5119,8
5120,2
5121,6
5126,8
5127,8
5128,8
5131,6
5137,2
5146,8
5148,6
5150,8
5159,8
5160,6
5163,5
5170,8
5177,5
5179,7
5185,7
5188,8
5190,6
5191,6
5192,5
5195,5
5198,6
5208,5
5214,8
5215,8
5219,2
5220,8
5223,2
5224,1
5225,8
5227,5
5229,8
5231,1
5236,5
5237,6
5238,6
5240,6
5248,8
5252,8
5256,6
5269,8
5270,3
5272,8
5275,8
5276,6
5279,8
5280,4
5281,8
5291,6
5292,7
5294,5
5296,8
5302,7
5307,8
5312,8
5313,6
5314,8
5315,5
5316,7
5317,6
5318,6
5321,6
5322,8
5323,6
5324,8
5334,6
5343,4
5344,1
5345,7
5355,2
5364,7
5369,8
5371,8
5380,8
5385,1
5392,5
5395,8
5396,8
5398,8
5400,7
5402,8
5411,8
5412,1
5414,6
5417,6
5424,8
5427,8
5428,6
5430,6
5432,6
5438,1
5448,7
5459,1
5460,7
5461,5
5463,1
5477,5
5479,8
5481,8
5482,7
5491,6
5493,8
5506,6
5507,1
5517,7
5532,6
5533,6
5534,8
5541,8
5542,5
5548,1
5551,1
5553,5
5554,8
5565,6
5574,7
5575,8
5576,1
5583,5
5584,1
5586,2
5587,2
5588,8
5596,8
5597,8
5601,8
5603,6
5613,6
5614,8
5618,8
5619,8
5621,8
5622,8
5627,8
5628,5
5630,8
5633,1
5639,4
5643,8
5649,8
5653,8
5655,6
5664,1
5667,5
5670,8
5674,1
5678,8
5680,5
5687,3
5692,6
5694,6
5697,8
5701,5
5704,8
5710,6
5711,5
5716,2
5724,8
5725,5
5726,5
5727,7
5731,6
5749,5
5751,8
5755,6
5756,5
5761,8
5767,2
5768,5
5770,8
5772,1
5773,7
5775,8
5776,8
5784,1
5792,1
5793,6
5794,8
5797,8
5799,8
5800,8
5805,5
5809,8
5813,1
5817,8
5824,5
5829,4
5832,1
5835,2
5837,1
5847,8
5854,6
5857,6
5860,8
5872,5
5874,8
5876,5
5880,8
5882,6
5891,6
5892,1
5906,8
5922,8
5923,6
5927,6
5929,6
5941,6
5942,3
5945,8
5947,6
5950,8
5951,8
5952,5
5960,8
5965,6
5967,8
5974,8
5977,1
5984,5
5987,8
5991,6
5996,2
5997,8
6002,1
6005,5
6008,8
6009,4
6014,7
6027,6
6030,4
6033,8
6034,4
6035,8
6043,8
6046,6
6047,6
6048,8
6070,5
6071,6
6085,1
6090,7
6091,8
6092,6
6098,8
6106,8
6108,8
6111,1
6115,8
6117,1
6121,5
6124,7
6126,8
6129,7
6131,7
6141,8
6142,1
6143,2
6144,5
6147,6
6148,5
6155,8
6158,1
6159,1
6162,6
6166,8
6172,1
6177,1
6178,8
6181,6
6182,8
6185,6
6191,8
6195,8
6204,7
6205,8
6211,8
6212,8
6219,8
6220,7
6223,5
6226,8
6239,6
6243,8
6249,1
6252,8
6255,5
6260,2
6261,8
6263,5
6264,5
6270,1
6271,8
6272,6
6274,8
6277,2
6280,7
6284,6
6286,4
6288,5
6290,8
6293,6
6299,6
6301,8
6304,1
6306,5
6308,8
6309,6
6312,8
6321,6
6322,4
6331,5
6335,8
6340,8
6343,8
6344,2
6347,6
6348,5
6349,8
6350,6
6354,8
6355,6
6362,1
6367,8
6372,8
6375,8
6379,1
6384,1
6386,8
6390,7
6396,5
6401,5
6403,6
6408,5
6410,4
6420,8
6430,8
6436,8
6440,8
6442,8
6443,8
6444,5
6459,8
6466,6
6469,6
6474,8
6475,3
6476,1
6490,6
6491,5
6496,1
6497,7
6498,6
6499,8
6501,2
6514,2
6515,5
6524,8
6526,4
6532,6
6537,5
6538,6
6541,5
6546,6
6551,1
6554,5
6557,5
6560,6
6565,6
6566,6
6578,5
6582,8
6587,6
6593,6
6596,7
6611,8
6615,8
6620,8
6626,6
6627,6
6628,8
6635,6
6639,8
6641,2
6645,6
6660,8
6663,8
6669,7
6674,5
6682,8
6685,6
6687,8
6692,6
6695,8
6696,2
6699,6
6700,6
6701,7
6705,5
6707,6
6709,8
6711,8
6714,2
6722,5
6723,8
6724,7
6726,5
6733,8
6734,8
6735,8
6736,5
6738,6
6741,8
6746,7
6754,7
6758,1
6763,2
6764,5
6768,6
6778,1
6784,7
6785,5
6787,8
6806,6
6825,6
6830,1
6831,6
6832,6
6833,5
6835,2
6842,8
6843,1
6853,6
6859,6
6860,3
6862,6
6867,2
6868,8
6885,8
6888,1
6889,6
6897,1
6898,1
6900,8
6902,4
6903,5
6907,1
6909,1
6911,1
6925,8
6930,5
6931,2
6933,2
6937,6
6941,1
6948,7
6950,8
6956,8
6957,8
6960,8
6962,5
6969,1
6971,4
6973,1
6980,8
6983,4
6985,6
6999,8
7005,8
7006,8
7007,7
7012,4
7013,6
7016,5
7017,8
7020,5
7024,6
7026,1
7027,1
7029,6
7032,4
7034,8
7044,8
7054,3
7057,8
7058,6
7060,6
7065,8
7069,6
7071,8
7076,1
7077,6
7081,1
7082,5
7093,8
7095,1
7098,5
7099,1
7105,1
7106,5
7122,6
7129,8
7130,8
7135,6
7136,1
7137,1
7138,8
7141,6
7143,7
7159,8
7162,8
7165,2
7169,2
7171,5
7172,8
7175,8
7178,6
7182,5
7190,8
7194,1
7196,6
7205,8
7207,6
7210,8
7211,6
7216,8
7219,3
7222,6
7224,8
7234,6
7237,5
7242,5
7246,8
7247,1
7251,5
7252,5
7257,4
7276,6
7281,6
7286,8
7287,7
7295,6
7297,6
7300,8
7307,8
7308,1
7310,5
7315,1
7317,6
7318,6
7322,6
7325,7
7326,8
7332,6
7342,8
7345,8
7347,6
7349,7
7352,6
7353,1
7354,8
7370,8
7392,8
7394,8
7396,5
7397,6
7400,7
7402,1
7406,8
7409,8
7410,8
7412,6
7414,1
7419,8
7420,6
7421,8
7424,6
7428,1
7431,8
7435,8
7437,8
7445,6
7449,6
7456,6
7458,8
7459,2
7463,1
7464,8
7465,8
7467,8
7471,1
7472,6
7485,6
7494,1
7505,8
7511,8
7512,6
7513,6
7514,1
7515,6
7523,1
7530,7
7531,8
7536,8
7538,8
7542,1
7543,8
7549,6
7557,8
7559,7
7560,8
7563,6
7564,8
7567,8
7572,7
7575,1
7588,6
7595,5
7596,6
7602,6
7609,6
7612,6
7613,2
7621,6
7622,6
7624,8
7625,8
7629,8
7632,7
7634,7
7636,8
7637,1
7638,5
7640,1
7643,8
7648,8
7653,4
7654,8
7662,6
7671,8
7674,8
7682,5
7683,8
7686,6
7690,3
7692,8
7694,5
7695,3
7700,6
7714,5
7715,8
7721,8
7728,8
7737,5
7739,4
7745,4
7747,6
7761,8
7762,8
7763,6
7770,5
7771,6
7774,8
7776,3
7779,6
7793,6
7795,8
7796,8
7800,8
7803,8
7808,6
7811,8
7812,7
7813,5
7814,7
7818,1
7826,8
7827,8
7831,8
7834,6
7837,2
7841,8
7842,8
7843,2
7844,8
7851,8
7854,8
7856,7
7859,8
7866,6
7869,8
7870,6
7872,1
7886,6
7892,8
7893,7
7908,8
7910,8
7914,8
7919,6
7922,6
7930,4
7932,5
7947,1
7949,5
7950,8
7952,6
7953,6
7955,8
7960,6
7961,5
7962,8
7963,8
7967,1
7968,7
7975,5
7977,5
7980,7
7985,6
7987,7
7994,1
7995,8
7999,7
8005,8
8007,6
8009,8
8014,6
8017,5
8018,6
8024,8
8025,5
8026,6
8029,1
8031,8
8035,6
8049,7
8058,2
8060,8
8061,5
8070,6
8071,8
8072,6
8073,6
8075,6
8076,5
8081,6
8082,6
8090,6
8094,6
8097,5
8107,6
8112,6
8115,5
8120,5
8123,1
8128,6
8129,8
8133,7
8138,7
8142,5
8143,6
8145,6
8146,8
8147,6
8151,5
8153,8
8163,2
8167,8
8168,6
8169,6
8172,1
8178,1
8184,7
8185,6
8186,6
8187,6
8191,5
8196,6
8205,5
8206,8
8216,1
8218,6
8219,8
8227,8
8228,8
8230,8
8231,6
8234,8
8241,8
8242,8
8245,8
8246,7
8251,8
8254,6
8262,5
8269,8
8277,8
8286,6
8287,5
8288,6
8289,6
8292,6
8293,4
8294,1
8296,7
8306,2
8307,1
8314,7
8317,1
8320,8
8326,7
8329,6
8330,6
8331,5
8343,5
8350,5
8352,1
8354,6
8355,2
8356,6
8357,1
8364,7
8370,2
8381,2
8382,6
8383,8
8386,5
8389,6
8390,5
8393,8
8399,8
8400,5
8403,6
8404,1
8405,8
8409,6
8413,6
8417,6
8418,5
8423,7
8427,6
8431,8
8432,8
8434,6
8437,8
8447,6
8449,8
8457,1
8459,5
8461,2
8466,6
8467,8
8469,8
8479,6
8481,8
8493,8
8496,6
8501,7
8502,7
8508,5
8509,8
8514,8
8518,6
8519,6
8527,8
8530,8
8537,5
8539,8
8542,6
8547,8
8550,6
8554,8
8556,6
8560,8
8566,6
8569,6
8571,8
8572,6
8575,6
8580,4
8584,5
8585,8
8587,5
8593,6
8595,6
8597,5
8598,8
8599,6
8601,8
8607,1
8612,7
8621,8
8625,6
8630,8
8631,6
8633,6
8644,7
8650,1
8652,8
8656,8
8657,8
8659,8
8660,8
8665,6
8667,1
8668,5
8670,5
8682,8
8690,6
8692,8
8698,6
8702,2
8710,6
8713,8
8714,8
8715,7
8718,5
8719,5
8722,8
8737,6
8738,8
8739,8
8740,1
8745,8
8750,8
8754,1
8757,6
8762,1
8769,8
8773,8
8782,8
8790,6
8804,4
8815,6
8818,6
8819,8
8828,6
8831,6
8838,8
8841,5
8847,6
8849,2
8857,1
8860,1
8861,8
8875,6
8884,6
8889,8
8891,8
8893,8
8894,6
8897,8
8909,1
8928,8
8932,6
8933,5
8934,8
8938,8
8943,5
8946,6
8951,1
8953,5
8959,1
8960,2
8963,6
8968,8
8972,8
8973,5
8977,1
8978,1
8980,8
8984,1
8987,6
8989,8
8995,8
8996,8
9001,5
9003,2
9005,5
9007,6
9009,6
9012,8
9015,8
9024,5
9031,8
9032,6
9035,8
9053,8
9060,6
9067,8
9068,8
9077,6
9080,8
9084,8
9087,4
9090,2
9095,6
9098,4
9101,6
9108,8
9112,1
9113,6
9117,6
9123,8
9124,8
9127,6
9130,6
9132,6
9136,5
9138,8
9142,8
9143,6
9145,8
9146,6
9148,6
9151,2
9154,8
9158,6
9163,6
9169,6
9171,8
9176,6
9181,6
9185,8
9187,8
9188,8
9190,8
9204,8
9205,6
9207,5
9213,8
9220,6
9221,7
9224,6
9225,8
9227,8
9232,8
9234,8
9237,7
9238,8
9240,1
9248,6
9253,8
9254,8
9257,6
9264,1
9267,5
9269,8
9271,6
9272,6
9276,8
9278,5
9280,6
9281,8
9286,1
9288,6
9290,6
9291,8
9293,7
9294,8
9295,8
9298,8
9303,1
9304,8
9307,8
9309,8
9314,2
9315,6
9317,6
9318,7
9319,5
9320,7
9326,6
9331,4
9339,5
9342,6
9349,1
9353,1
9359,8
9362,1
9366,8
9376,3
9384,6
9386,8
9390,6
9396,6
9399,6
9402,6
9415,6
9420,6
9421,8
9422,6
9425,6
9428,8
9440,6
9441,5
9443,7
9451,8
9456,1
9457,2
9459,7
9465,5
9475,7
9483,1
9485,8
9488,8
9492,1
9494,2
9495,1
9498,5
9502,6
9506,5
9509,6
9512,8
9516,8
9520,8
9524,5
9531,1
9532,8
9538,7
9547,6
9549,6
9550,2
9552,8
9555,8
9563,8
9565,8
9574,8
9586,1
9587,8
9593,8
9594,6
9597,8
9600,1
9603,8
9607,8
9608,5
9609,1
9610,8
9612,8
9613,6
9618,6
9619,8
9621,5
9625,6
9638,8
9644,8
9650,1
9652,4
9654,8
9660,8
9665,7
9666,6
9668,6
9672,8
9674,8
9677,1
9683,6
9689,8
9690,6
9691,2
9701,8
9709,7
9712,8
9713,6
9714,6
9717,8
9720,6
9726,8
9729,5
9730,6
9741,8
9747,6
9763,8
9765,6
9771,8
9774,8
9777,5
9779,6
9783,4
9784,8
9791,8
9802,5
9810,6
9818,7
9820,8
9822,8
9825,4
9829,8
9832,6
9839,8
9846,8
9847,6
9852,5
9854,8
9855,1
9857,6
9860,5
9863,8
9866,5
9867,8
9869,8
9875,6
9879,1
9880,8
9885,5
9889,8
9890,6
9898,8
9900,1
9901,5
9917,8
9927,1
9928,6
9933,5
9937,5
9939,8
9940,1
9942,1
9945,8
9946,8
9950,8
9953,4
9954,4
9961,5
9975,8
9980,6
9983,8
9988,2
9989,5
9990,1
9991,8
9993,5
10000,6
10007,8
10010,8
10013,7
10019,6
10024,8
10026,5
10034,8
10037,7
10038,1
10045,6
10046,8
10056,7
10060,8
10062,8
10067,6
10070,3
10073,4
10074,8
10082,4
10086,8
10092,8
10096,8
10110,8
10111,6
10113,6
10115,6
10116,8
10117,8
10132,8
10135,5
10136,7
10144,5
10147,8
10154,7
10162,7
10164,6
10166,4
10167,7
10179,8
10184,8
10192,1
10203,5
10206,1
10215,7
10217,8
10222,7
10227,5
10231,8
10232,5
10236,4
10238,6
10248,6
10252,2
10262,8
10273,6
10288,6
10289,6
10290,8
10291,7
10292,6
10296,6
10302,7
10304,5
10311,6
10312,1
10313,1
10316,5
10318,6
10319,4
10320,8
10324,1
10325,8
10329,1
10330,8
10332,4
10333,6
10344,8
10348,8
10349,6
10352,5
10353,6
10354,6
10356,8
10357,7
10360,6
10362,8
10367,5
10369,8
10370,8
10372,2
10376,8
10377,8
10379,8
10384,8
10388,6
10391,8
10395,8
10403,6
10405,8
10407,6
10411,6
10417,8
10418,6
10420,8
10422,1
10426,2
10447,6
10449,5
10450,5
10453,8
10455,2
10457,2
10458,1
10461,3
10463,2
10467,8
10470,6
10475,6
10482,8
10485,3
10495,6
10501,7
10504,6
10510,8
10513,1
10517,6
10525,1
10530,6
10536,8
10537,6
10540,5
10550,8
10551,5
10552,8
10557,8
10560,5
10562,5
10563,5
10566,1
10568,8
10578,6
10580,1
10587,8
10597,3
10599,8
10606,6
10608,8
10610,5
10614,1
10615,8
10617,8
10625,3
10629,7
10633,1
10636,5
10637,8
10640,8
10649,6
10653,8
10654,8
10656,1
10660,8
10662,6
10667,4
10669,8
10671,6
10672,8
10676,6
10677,8
10680,8
10681,1
10690,8
10702,4
10703,2
10706,8
10708,4
10710,6
10713,8
10718,2
10720,6
10724,1
10726,8
10732,8
10735,6
10739,7
10742,7
10746,2
10747,6
10748,8
10752,8
10754,8
10758,6
10766,8
10768,8
10771,8
10772,8
10781,1
10782,1
10786,7
10788,7
10789,5
10796,1
10798,8
10802,5
10804,6
10812,7
10824,4
10826,6
10833,8
10837,1
10840,1
10841,6
10842,8
10846,5
10848,8
10849,7
10850,8
10853,8
10855,8
10856,8
10858,8
10861,8
10867,6
10883,1
10890,6
10892,7
10893,7
10896,2
10897,1
10901,7
10907,6
10909,8
10910,1
10913,8
10921,8
10926,8
10929,8
10933,1
10936,8
10938,4
10940,5
10941,8
10942,6
10947,3
10949,6
10951,5
10952,6
10955,5
10977,8
10978,6
10979,5
10980,1
10993,1
10995,8
11000,6
11002,8
11008,5
11009,1
11017,8
11023,8
11026,5
11027,1
11036,6
11041,6
11050,8
11075,8
11077,1
11088,6
11090,6
11092,8
11097,5
11101,7
11110,7
11112,1
11113,6
11123,7
11124,5
11126,1
11135,6
11136,2
11139,8
11146,6
11159,7
11166,6
11173,1
11174,5
11177,7
11178,6
11180,8
11188,5
11189,6
11190,5
11192,8
11203,6
11206,1
11209,6
11215,8
11224,8
11225,1
11227,6
11231,6
11242,8
11245,6
11246,6
11249,6
11251,8
11253,8
11255,8
11257,3
11258,8
11265,6
11268,1
11270,8
11272,2
11277,5
11278,8
11282,6
11285,1
11288,8
11293,4
11295,6
11296,1
11301,8
11311,6
11317,4
11320,5
11323,8
11325,5
11331,8
11332,6
11342,5
11345,6
11350,6
11356,1
11357,6
11383,6
11386,8
11387,6
11388,8
11390,2
11392,7
11394,4
11406,6
11410,6
11412,8
11417,5
11418,6
11423,5
11424,1
11430,8
11431,8
11432,8
11433,3
11435,6
11437,6
11439,6
11441,5
11444,8
11447,8
11458,2
11461,8
11464,6
11467,8
11471,8
11476,5
11477,1
11480,6
11485,2
11487,8
11489,8
11500,1
11502,5
11509,8
11518,1
11521,5
11523,8
11526,1
11528,6
11534,6
11542,5
11548,5
11550,8
11551,5
11552,6
11565,1
11566,2
11570,6
11572,8
11584,8
11588,6
11592,6
11598,6
11604,8
11606,1
11607,8
11609,8
11613,2
11615,8
11616,8
11617,2
11619,8
11621,8
11622,6
11623,6
11625,3
11629,8
11634,8
11637,8
11642,1
11657,5
11663,7
11666,5
11671,6
11681,1
11683,7
11694,8
11697,8
11700,8
11703,8
11713,1
11721,6
11725,6
11729,8
11736,8
11739,6
11740,7
11744,5
11750,6
11752,6
11753,6
11754,6
11759,8
11760,7
11767,8
11772,4
11776,1
11780,6
11783,5
11786,8
11790,8
11792,6
11797,5
11799,6
11801,8
11807,6
11813,6
11818,8
11835,5
11842,1
11843,6
11850,8
11861,8
11868,6
11871,2
11877,6
11887,6
11891,6
11897,8
11900,8
11906,6
11911,8
11913,1
11914,8
11915,8
11921,1
11925,1
11926,7
11932,8
11933,8
11936,1
11939,8
11941,6
11946,1
11947,6
11953,6
11958,8
11959,6
11960,8
11961,6
11962,2
11977,8
11978,8
11985,8
11986,7
11992,5
11997,6
12001,6
12006,3
12010,8
12017,8
12019,8
12041,6
12044,8
12050,4
12055,6
12062,8
12064,8
12068,6
12072,8
12073,6
12077,5
12080,1
12082,1
12088,8
12090,1
12092,8
12093,8
12094,8
12099,1
12106,6
12115,8
12124,7
12128,8
12132,8
12139,1
12147,8
12154,6
12162,5
12167,1
12169,8
12170,8
12171,8
12173,6
12178,8
12180,8
12182,1
12185,7
12195,5
12198,8
12204,8
12205,7
12206,2
12207,5
12209,5
12212,5
12215,6
12230,8
12236,5
12241,8
12244,6
12246,1
12261,8
12262,8
12265,1
12267,5
12268,8
12276,1
12279,6
12292,2
12295,2
12297,7
12308,8
12312,8
12317,6
12318,5
12321,8
12326,8
12328,8
12331,2
12336,5
12341,8
12343,1
12345,8
12349,8
12350,2
12353,6
12354,8
12361,5
12366,8
12380,8
12381,8
12386,6
12393,8
12396,6
12397,2
12401,5
12404,6
12410,1
12413,8
12417,6
12423,8
12428,8
12431,6
12433,8
12436,6
12440,7
12441,6
12448,1
12450,5
12452,5
12454,5
12457,8
12458,5
12459,6
12460,5
12472,8
12481,8
12483,7
12485,6
12486,6
12490,6
12499,5
12501,8
12506,6
12507,7
12512,6
12513,5
12515,8
12521,8
12526,8
12538,8
12542,5
12547,8
12548,3
12549,8
12553,5
12554,8
12556,1
12561,6
12562,6
12563,7
12565,5
12568,6
12569,8
12570,6
12577,6
12578,1
12582,5
12583,8
12597,6
12601,8
12606,6
12607,6
12619,2
12622,6
12625,5
12631,8
12635,6
12636,8
12641,2
12643,8
12651,8
12655,7
12660,8
12664,8
12677,8
12681,7
12683,6
12688,8
12689,3
12693,8
12694,8
12696,1
12707,1
12716,6
12720,2
12734,5
12735,7
12738,8
12741,5
12746,2
12753,6
12758,7
12760,8
12768,6
12771,6
12776,5
12780,6
12790,6
12792,2
12793,8
12795,8
12796,8
12797,5
12800,4
12803,8
12807,6
12809,5
12812,5
12816,6
12818,6
12819,1
12823,8
12825,6
12827,8
12829,6
12830,8
12838,8
12839,8
12843,6
12847,5
12848,5
12871,1
12873,6
12874,6
12875,6
12883,8
12890,6
12895,8
12900,6
12901,8
12902,6
12903,8
12904,1
12905,1
12908,1
12911,8
12912,6
12924,6
12930,1
12941,8
12950,8
12951,8
12956,6
12958,8
12967,5
12968,6
12980,8
12982,8
12983,4
12988,5
12996,8
12999,8
13005,5
13008,4
13009,8
13011,6
13012,5
13013,6
13015,7
13016,8
13018,4
13021,8
13024,6
13026,8
13031,6
13032,5
13034,8
13036,8
13039,6
13040,5
13043,5
13044,6
13060,1
13065,5
13075,8
13080,7
13088,2
13095,7
13102,6
13105,6
13107,2
13111,6
13112,1
13120,8
13122,8
13123,8
13124,8
13130,5
13132,6
13140,8
13142,5
13143,5
13144,2
13148,8
13151,6
13154,6
13166,8
13169,2
13175,8
13177,1
13178,8
13179,3
13182,6
13186,7
13188,6
13193,6
13199,1
13206,6
13216,8
13218,8
13228,8
13231,8
13235,2
13246,8
13253,8
13256,8
13259,8
13262,2
13266,4
13269,7
13271,6
13273,8
13274,8
13283,1
13288,8
13296,5
13297,8
13305,7
13312,8
13316,8
13319,8
13320,6
13328,6
13329,8
13335,6
13338,2
13340,4
13344,6
13345,6
13347,5
13350,1
13352,8
13354,1
13362,1
13368,6
13371,8
13374,8
13376,2
13377,6
13381,8
13385,8
13387,7
13395,2
13399,6
13406,8
13407,8
13411,8
13412,8
13422,8
13425,6
13427,4
13431,8
13438,8
13444,6
13445,8
13451,6
13454,1
13459,7
13465,1
13466,4
13472,6
13474,1
13478,6
13480,8
13483,8
13486,6
13499,8
13507,1
13511,6
13521,6
13522,2
13539,5
13541,8
13552,6
13556,5
13557,8
13561,2
13564,5
13573,6
13580,5
13583,1
13584,6
13585,1
13589,8
13590,6
13599,8
13601,5
13604,1
13611,8
13623,2
13629,6
13630,6
13632,8
13633,6
13636,8
13637,7
13644,5
13649,8
13652,8
13657,6
13661,8
13662,8
13664,1
13666,7
13680,6
13681,8
13684,6
13687,4
13689,1
13691,5
13692,6
13697,6
13701,6
13703,6
13709,5
13710,6
13712,8
13720,6
13721,1
13725,6
13728,6
13732,8
13736,5
13740,6
13744,8
13746,6
13750,4
13751,8
13754,8
13756,6
13764,6
13767,8
13776,8
13778,8
13784,8
13788,6
13789,6
13794,5
13798,5
13804,8
13806,1
13807,8
13808,8
13811,8
13831,4
13836,6
13840,8
13841,6
13843,8
13848,6
13851,8
13858,8
13865,1
13869,6
13871,6
13872,8
13873,8
13874,1
13876,5
13884,7
13893,7
13897,8
13907,5
13912,8
13917,6
13932,6
13933,2
13939,6
13942,8
13943,5
13954,6
13956,8
13960,6
13964,6
13965,1
13967,5
13971,5
13972,6
13973,6
13974,8
13976,8
13979,6
13990,8
13994,6
14008,6
14016,8
14023,6
14032,6
14035,6
14038,8
14040,8
14045,1
14052,8
14054,6
14056,6
14076,6
14078,6
14080,8
14085,8
14089,5
14090,8
14091,8
14096,1
14105,8
14108,8
14110,8
14117,1
14118,5
14119,1
14120,8
14122,1
14123,3
14124,2
14125,5
14135,6
14136,7
14138,8
14144,6
14146,1
14151,6
14163,8
14179,8
14181,1
14186,6
14190,5
14197,7
14198,6
14202,6
14203,6
14205,6
14208,5
14211,8
14220,8
14223,8
14227,8
14228,5
14237,5
14238,6
14240,1
14252,8
14254,6
14257,5
14260,6
14264,6
14266,8
14272,8
14273,2
14276,8
14277,5
14278,6
14279,5
14305,7
14313,6
14316,8
14318,1
14322,6
14334,1
14342,8
14346,8
14348,6
14350,8
14357,8
14359,1
14361,6
14363,8
14366,6
14371,6
14372,3
14375,2
14378,8
14380,8
14382,4
14384,8
14385,6
14388,8
14389,6
14391,5
14392,6
14402,6
14412,8
14414,8
14427,1
14428,8
14443,6
14449,3
14453,2
14460,7
14462,4
14465,6
14468,8
14472,8
14474,8
14475,6
14477,8
14479,6
14482,8
14489,8
14497,6
14500,8
14508,8
14509,8
14522,8
14525,8
14538,8
14539,2
14541,8
14543,5
14544,6
14549,6
14550,1
14552,8
14556,6
14563,6
14564,6
14566,5
14572,1
14574,8
14575,6
14579,1
14582,6
14585,6
14591,5
14592,8
14595,8
14604,6
14607,8
14612,8
14616,1
14618,4
14632,6
14633,8
14634,5
14635,5
14650,8
14657,1
14661,7
14662,8
14664,8
14672,5
14677,8
14681,7
14684,8
14689,8
14697,6
14700,6
14701,6
14717,8
14721,8
14733,8
14735,1
14737,6
14739,1
14740,8
14748,8
14750,8
14752,8
14754,5
14755,8
14763,5
14765,4
14779,6
14782,5
14785,2
14790,5
14792,8
14801,8
14812,5
14813,6
14816,6
14817,5
14819,8
14823,7
14831,8
14836,6
14838,6
14840,6
14844,8
14849,5
14851,7
14852,8
14858,6
14859,5
14862,5
14863,5
14869,8
14879,8
14882,6
14885,8
14890,8
14893,1
14897,8
14898,8
14901,2
14902,8
14917,2
14922,8
14924,8
14934,8
14940,6
14941,6
14945,6
14948,2
14956,4
14962,2
14963,8
14966,8
14972,8
14974,7
14977,8
14980,8
14990,8
14991,5
14998,2
15000,8
15014,8
15021,6
15025,8
15031,6
15036,8
15042,7
15047,2
15049,8
15055,7
15058,8
15059,8
15061,1
15069,8
15070,1
15072,8
15077,6
15085,8
15101,6
15105,2
15107,1
15108,1
15109,8
15111,1
15112,8
15113,5
15122,8
15128,5
15129,6
15131,8
15135,4
15136,8
15138,7
15140,8
15151,1
15160,8
15170,6
15171,1
15177,1
15184,5
15187,6
15195,8
15196,5
15202,1
15203,8
15205,1
15220,7
15222,7
15224,8
15226,2
15229,8
15232,8
15234,8
15250,8
15254,8
15258,2
15260,6
15261,8
15272,2
15276,8
15278,8
15282,8
15289,6
15290,8
15294,2
15298,7
15300,1
15304,6
15307,8
15308,6
15314,8
15322,5
15323,5
15330,8
15333,1
15334,4
15335,8
15341,6
15342,5
15343,5
15345,6
15346,8
15355,7
15356,8
15360,5
15364,6
15368,7
15389,4
15398,8
15400,1
15401,5
15405,2
15406,6
15408,7
15414,4
15416,8
15417,8
15428,6
15431,8
15434,8
15436,6
15437,8
15438,1
15440,6
15448,8
15449,2
15450,4
15451,8
15454,8
15459,8
15466,6
15468,6
15475,6
15478,4
15482,6
15483,8
15485,8
15494,8
15497,8
15504,6
15507,6
15519,8
15520,2
15521,6
15524,6
15534,8
15539,8
15540,6
15541,8
15543,8
15547,7
15548,8
15551,8
15563,7
15565,6
15569,8
15570,8
15572,6
15575,6
15584,7
15585,8
15587,7
15588,6
15592,8
15593,6
15599,4
15603,6
15605,8
15606,8
15607,4
15622,8
15623,1
15628,8
15630,1
15632,8
15635,8
15642,7
15643,7
15647,5
15648,5
15651,2
15652,6
15655,6
15656,6
15657,7
15659,5
15663,6
15664,5
15665,8
15666,8
15667,7
15672,6
15676,8
15685,2
15697,8
15705,6
15706,8
15715,8
15720,6
15724,2
15725,5
15726,8
15729,8
15731,6
15745,6
15753,1
15754,5
15760,7
15763,6
15764,2
15767,7
15770,5
15772,5
15777,6
15781,7
15784,8
15785,8
15799,3
15803,6
15805,2
15806,8
15808,8
15810,5
15816,6
15818,7
15824,6
15825,6
15827,8
15834,1
15835,6
15837,8
15839,7
15843,5
15845,6
15850,5
15852,8
15853,1
15864,5
15866,1
15868,1
15869,8
15876,8
15877,6
15882,4
15891,2
15900,6
15905,8
15913,8
15918,6
15925,5
15933,2
15936,5
15939,4
15940,8
15944,4
15945,8
15950,8
15951,6
15958,5
15971,6
15972,5
15976,6
15979,1
15980,2
15984,8
15985,1
15986,8
15987,5
15988,8
15990,8
15991,8
15993,6
16008,8
16009,8
16011,6
16016,1
16022,6
16024,6
16025,5
16031,5
16032,6
16036,8
16039,8
16043,6
16044,2
16046,2
16051,6
16052,7
16056,1
16057,8
16061,5
16067,6
16070,5
16073,2
16075,8
16076,6
16079,8
16081,6
16082,8
16083,8
16086,8
16088,6
16094,5
16097,6
16099,6
16102,7
16107,8
16112,7
16115,2
16119,8
16120,8
16123,1
16128,8
16134,1
16138,6
16141,8
16142,8
16144,5
16154,6
16155,5
16159,1
16161,8
16163,6
16168,7
16169,8
16170,6
16173,6
16175,6
16176,8
16177,6
16182,1
16183,6
16186,6
16188,8
16194,6
16201,2
16204,7
16205,8
16208,5
16212,8
16213,6
16221,6
16227,6
16231,1
16233,8
16234,1
16235,8
16238,6
16239,6
16245,3
16247,6
16248,1
16252,6
16257,8
16259,6
16260,2
16262,7
16264,6
16268,7
16273,6
16277,6
16284,6
16290,8
16291,8
16304,8
16307,8
16309,6
16310,5
16317,6
16319,6
16323,6
16329,7
16340,6
16345,6
16348,7
16350,8
16353,8
16363,8
16364,8
16366,4
16379,1
16387,8
16390,5
16392,6
16393,8
16396,6
16398,6
16400,6
16403,8
16409,6
16414,8
16417,6
16418,8
16420,5
16421,8
16422,8
16430,1
16432,6
16433,6
16434,8
16435,5
16436,5
16444,6
16451,8
16458,8
16463,8
16466,5
16469,7
16471,6
16475,5
16480,6
16481,6
16486,1
16489,8
16493,1
16499,2
16507,8
16509,5
16514,5
16515,8
16518,8
16520,5
16525,8
16531,3
16532,5
16534,7
16537,6
16538,5
16539,6
16540,5
16549,6
16558,5
16560,7
16569,1
16571,7
16574,8
16581,8
16583,8
16590,8
16594,8
16616,5
16617,1
16619,8
16623,8
16629,1
16634,8
16640,1
16641,1
16642,8
16650,1
16656,1
16658,6
16664,4
16671,8
16676,8
16678,6
16685,5
16693,6
16695,8
16698,8
16702,6
16708,8
16713,6
16727,8
16728,6
16736,8
16743,5
16746,7
16751,8
16752,8
16754,8
16775,6
16782,5
16783,7
16785,8
16796,1
16797,5
16804,6
16814,8
16816,8
16819,2
16828,1
16834,4
16836,1
16840,7
16841,8
16844,2
16845,1
16860,6
16867,8
16869,8
16878,6
16879,6
16885,1
16897,8
16904,5
16905,7
16911,6
16912,5
16916,8
16918,6
16923,8
16927,8
16932,8
16938,1
16939,8
16944,6
16948,8
16956,8
16961,5
16964,2
16966,6
16971,8
16972,8
16978,8
16983,8
16989,8
16990,6
16992,2
16994,8
16997,6
17002,6
17008,6
17015,8
17018,1
17019,6
17026,1
17029,3
17035,1
17038,5
17044,1
17047,5
17051,5
17054,1
17055,8
17070,8
17073,7
17075,7
17078,6
17079,8
17080,6
17081,5
17082,6
17084,2
17090,8
17091,1
17103,8
17120,1
17128,8
17129,6
17130,6
17133,8
17135,6
17136,5
17138,5
17164,5
17165,1
17175,6
17176,1
17189,8
17191,1
17193,8
17194,6
17201,8
17203,6
17208,5
17212,8
17213,6
17214,4
17215,7
17219,6
17225,8
17226,3
17227,6
17233,6
17235,5
17245,8
17254,8
17258,8
17261,5
17262,8
17263,7
17265,2
17273,6
17276,7
17278,5
17281,6
17284,6
17287,8
17290,6
17292,6
17298,6
17299,8
17300,7
17301,6
17302,6
17311,5
17314,6
17321,8
17322,8
17324,6
17328,5
17331,8
17332,6
17337,5
17343,8
17344,1
17345,8
17348,8
17354,2
17362,8
17363,8
17365,8
17376,8
17383,8
17385,6
17391,1
17394,6
17395,8
17396,7
17401,6
17404,6
17405,8
17407,5
17411,8
17424,4
17427,8
17435,6
17438,5
17440,8
17444,8
17445,8
17449,8
17456,8
17458,6
17459,8
17468,8
17470,2
17472,8
17477,2
17479,6
17483,5
17485,6
17492,5
17493,6
17496,5
17499,8
17506,8
17507,5
17513,8
17516,2
17520,5
17524,7
17528,8
17538,8
17541,1
17545,5
17546,5
17552,8
17553,1
17555,6
17565,5
17567,5
17571,6
17573,8
17574,8
17580,2
17582,5
17598,8
17602,6
17606,1
17607,8
17623,6
17632,8
17633,8
17643,4
17646,8
17647,8
17648,8
17657,8
17658,8
17659,8
17667,8
17670,6
17677,6
17678,2
17680,6
17683,1
17684,8
17688,6
17689,6
17693,8
17694,8
17701,8
17702,6
17703,6
17704,6
17708,8
17710,2
17711,6
17712,8
17714,6
17715,7
17716,8
17718,8
17720,1
17724,5
17729,8
17731,8
17734,6
17741,6
17742,1
17744,5
17746,6
17749,7
17752,1
17753,8
17756,6
17757,2
17758,6
17766,5
17769,6
17778,8
17780,6
17781,7
17794,1
17801,2
17805,8
17811,6
17820,8
17824,5
17827,6
17830,7
17832,1
17838,5
17839,7
17840,7
17850,8
17856,8
17859,6
17861,7
17864,6
17868,5
17869,1
17871,2
17872,6
17874,8
17884,6
17885,8
17886,6
17887,6
17892,8
17893,1
17894,6
17897,8
17905,1
17908,7
17913,5
17915,1
17918,2
17922,8
17923,1
17924,1
17925,5
17929,8
17938,8
17940,6
17941,5
17944,2
17953,5
17956,4
17960,6
17965,8
17969,5
17973,2
17977,8
17979,8
17981,6
17982,8
17984,1
17986,1
17989,4
17997,6
17998,5
18000,8
18004,5
18010,2
18012,8
18013,1
18015,1
18027,6
18029,8
18034,6
18043,8
18049,5
18050,8
18053,8
18058,5
18061,1
18063,2
18065,6
18066,5
18071,8
18077,8
18078,6
18083,8
18086,7
18089,8
18096,6
18105,8
18106,8
18107,1
18109,6
18111,8
18115,6
18123,6
18124,6
18125,8
18126,6
18127,8
18132,7
18133,6
18136,8
18145,7
18146,8
18161,8
18166,8
18168,6
18176,8
18177,4
18178,7
18183,8
18184,7
18186,8
18192,6
18193,5
18197,5
18198,4
18204,6
18206,7
18207,6
18211,8
18212,8
18216,1
18223,8
18225,5
18227,5
18228,5
18229,8
18233,5
18244,1
18248,8
18251,6
18253,6
18256,1
18262,6
18269,6
18270,6
18274,6
18275,8
18283,6
18285,8
18291,5
18292,4
18293,8
18294,8
18297,5
18299,6
18302,8
18309,5
18311,8
18313,6
18326,8
18331,2
18335,7
18336,6
18337,5
18342,7
18351,6
18358,8
18359,1
18361,1
18362,8
18367,2
18369,5
18370,8
18374,6
18376,8
18377,5
18378,7
18380,8
18381,8
18383,8
18389,8
18390,2
18393,6
18394,6
18398,6
18400,8
18404,8
18406,1
18407,6
18410,1
18411,2
18412,6
18413,8
18416,8
18422,6
18427,8
18428,8
18430,6
18437,1
18438,5
18443,8
18445,6
18446,1
18453,6
18457,8
18459,6
18460,8
18462,5
18464,5
18469,2
18473,5
18474,6
18479,1
18480,6
18481,8
18484,5
18487,6
18492,2
18502,1
18504,5
18509,5
18512,8
18515,6
18517,1
18521,5
18537,8
18538,5
18542,8
18543,6
18546,6
18549,5
18552,8
18558,7
18560,6
18562,8
18566,8
18568,6
18569,6
18570,1
18571,8
18575,5
18576,4
18585,5
18587,6
18588,6
18589,6
18590,8
18596,8
18597,6
18600,6
18612,8
18615,6
18620,8
18624,1
18629,8
18632,1
18636,1
18637,5
18638,6
18639,8
18640,6
18643,5
18645,8
18646,8
18653,6
18656,6
18662,1
18666,6
18668,1
18671,5
18672,8
18673,6
18677,2
18680,1
18681,1
18683,6
18687,1
18689,7
18691,8
18703,8
18706,5
18715,2
18720,6
18722,1
18737,8
18738,6
18742,8
18744,2
18774,6
18784,6
18785,5
18787,8
18788,6
18798,8
18799,2
18802,7
18810,5
18811,6
18813,5
18816,8
18819,5
18821,8
18823,8
18828,6
18831,5
18833,7
18835,6
18840,5
18843,4
18846,5
18852,8
18867,8
18871,5
18872,8
18879,1
18880,8
18886,2
18888,8
18889,2
18897,7
18898,7
18900,2
18901,5
18908,6
18921,1
18923,6
18932,8
18939,7
18949,2
18951,6
18957,1
18958,1
18975,8
18982,8
18987,2
18990,8
18991,1
18999,1
19008,6
19010,8
19012,8
19014,6
19016,2
19017,6
19018,8
19024,5
19025,8
19030,8
19032,2
19034,6
19041,7
19042,1
19043,6
19045,7
19047,2
19048,8
19050,8
19051,8
19057,8
19060,4
19063,3
19069,8
19073,1
19074,8
19078,2
19080,5
19082,7
19096,1
19104,6
19105,1
19108,8
19112,8
19114,4
19127,2
19128,5
19129,8
19130,1
19131,8
19140,6
19145,6
19147,8
19148,6
19151,6
19160,2
19163,6
19164,8
19168,6
19171,8
19175,5
19180,1
19181,8
19189,7
19191,6
19193,2
19200,1
19202,1
19203,6
19205,5
19206,6
19207,8
19209,6
19213,8
19240,1
19241,8
19243,1
19247,8
19248,8
19252,1
19254,1
19272,1
19273,5
19285,5
19289,6
19295,6
19298,5
19301,8
19304,8
19315,6
19316,6
19317,6
19318,8
19321,5
19322,8
19325,6
19333,7
19341,8
19342,6
19346,6
19348,4
19351,7
19354,8
19356,1
19374,6
19375,6
19376,1
19380,5
19386,6
19388,8
19389,5
19393,5
19398,7
19399,5
19403,5
19406,3
19410,6
19416,8
19417,8
19422,5
19427,1
19436,8
19440,6
19442,2
19443,8
19446,2
19447,8
19456,8
19460,1
19468,6
19469,6
19470,8
19475,1
19478,8
19481,2
19482,6
19488,8
19490,6
19491,1
19497,8
19502,6
19504,1
19508,6
19511,2
19518,8
19520,8
19522,8
19530,8
19542,6
19544,1
19546,1
19547,6
19549,6
19552,5
19556,8
19559,8
19562,6
19564,4
19567,8
19568,5
19580,4
19581,8
19582,8
19585,6
19591,6
19594,5
19598,8
19602,8
19612,7
19613,6
19618,6
19623,1
19624,6
19628,1
19629,6
19631,8
19633,6
19636,6
19637,1
19641,6
19642,5
19655,8
19656,6
19658,8
19664,8
19665,8
19667,6
19668,8
19669,6
19673,8
19675,8
19676,6
19678,5
19680,1
19683,8
19684,8
19692,5
19698,1
19700,2
19702,6
19705,3
19706,8
19707,6
19711,8
19714,8
19718,6
19720,6
19735,1
19736,5
19741,6
19744,8
19745,5
19748,6
19750,8
19763,8
19767,2
19775,8
19778,8
19779,1
19782,8
19784,8
19785,5
19786,7
19788,8
19789,8
19791,1
19792,6
19794,4
19796,6
19802,3
19803,8
19804,4
19806,8
19812,8
19816,7
19818,8
19819,8
19820,6
19821,2
19823,5
19830,8
19834,1
19838,8
19841,8
19843,8
19847,5
19848,8
19850,2
19854,6
19861,2
19865,8
19866,8
19869,1
19871,7
19877,1
19885,8
19886,5
19888,8
19889,7
19895,7
19896,6
19899,6
19901,8
19907,1
19909,1
19910,6
19911,6
19918,6
19919,8
19928,1
19931,8
19944,1
19948,8
19956,8
19957,6
19961,6
19964,8
19965,5
19969,7
19978,6
19982,8
19983,7
19987,2
19988,4
19989,8
19992,8
19995,7
19996,8
20009,1
20017,7
20025,8
20032,8
20034,6
20039,2
20042,2
20044,6
20048,5
20051,6
20056,7
20064,8
20065,6
20069,5
20073,5
20087,7
20088,6
20097,6
20098,8
20106,8
20108,6
20113,1
20117,7
20119,6
20120,2
20122,4
20125,6
20126,6
20127,6
20131,6
20133,5
20136,1
20137,6
20144,6
20146,8
20147,4
20149,8
20158,4
20164,6
20170,6
20172,5
20175,5
20182,1
20187,5
20197,6
20199,6
20201,8
20204,8
20216,8
20221,2
20224,8
20226,6
20227,3
20230,5
20232,6
20235,5
20237,2
20240,8
20243,8
20245,6
20246,4
20250,8
20256,7
20261,1
20274,8
20280,8
20281,6
20282,1
20283,5
20291,6
20294,8
20300,2
20301,7
20306,6
20307,6
20311,5
20318,1
20319,8
20321,3
20324,6
20327,8
20328,2
20330,8
20332,8
20333,5
20334,8
20343,8
20354,7
20358,8
20368,8
20369,6
20371,7
20374,8
20379,8
20380,6
20385,4
20391,6
20392,6
20393,6
20394,5
20404,6
20413,1
20414,1
20418,1
20422,6
20428,2
20431,8
20435,1
20439,1
20454,6
20460,8
20462,5
20464,8
20477,8
20482,8
20484,1
20487,6
20505,6
20506,7
20507,8
20512,6
20514,2
20515,5
20517,8
20522,6
20523,7
20524,8
20525,6
20530,4
20544,8
20545,8
20552,7
20554,5
20557,7
20564,5
20568,5
20570,5
20579,1
20586,5
20591,6
20597,8
20602,8
20608,1
20609,7
20618,6
20619,8
20636,8
20640,6
20646,6
20654,8
20656,6
20661,6
20664,8
20665,8
20666,6
20671,8
20694,5
20695,5
20704,5
20705,5
20707,8
20710,8
20711,1
20712,7
20714,5
20722,2
20732,8
20738,1
20745,8
20746,6
20747,6
20751,8
20755,7
20762,8
20763,7
20769,8
20774,7
20780,8
20782,8
20783,5
20784,1
20811,1
20812,5
20814,7
20825,7
20827,3
20828,2
20830,7
20833,5
20835,8
20843,1
20846,4
20847,5
20849,5
20851,1
20858,8
20863,8
20870,1
20875,6
20879,8
20881,6
20887,3
20892,8
20895,7
20903,1
20905,2
20907,6
20908,8
20912,3
20915,7
20917,6
20918,5
20923,8
20924,5
20925,8
20927,7
20935,1
20937,6
20943,5
20945,8
20949,6
20950,8
20964,8
20970,7
20980,8
20990,1
20991,7
20996,8
21000,8
21002,8
21004,6
21011,8
21014,8
21015,5
21022,5
21026,1
21037,1
21038,2
21039,8
21061,8
21063,8
21065,6
21069,4
21071,6
21084,7
21086,1
21087,4
21089,6
21094,8
21095,8
21098,8
21103,6
21105,8
21106,8
21108,8
21109,6
21111,6
21112,8
21120,8
21125,7
21141,8
21142,8
21144,6
21146,8
21150,6
21159,7
21165,1
21166,5
21180,8
21183,6
21186,6
21187,6
21189,7
21193,8
21194,8
21205,8
21208,8
21209,6
21210,1
21211,4
21214,6
21221,1
21228,6
21235,6
21239,8
21242,8
21244,5
21245,6
21251,8
21260,5
21267,1
21269,8
21275,6
21281,8
21282,6
21286,1
21287,8
21292,2
21294,6
21305,1
21323,6
21329,6
21331,6
21332,7
21334,6
21340,2
21344,8
21346,8
21347,5
21348,1
21354,8
21365,4
21367,6
21368,6
21369,2
21371,8
21377,6
21379,8
21381,6
21382,1
21383,8
21387,6
21390,8
21394,4
21395,6
21397,6
21399,8
21400,6
21401,6
21402,6
21405,5
21406,8
21409,8
21411,8
21412,6
21416,6
21421,6
21422,6
21425,8
21428,8
21431,8
21434,6
21436,6
21444,1
21448,8
21453,8
21457,4
21461,8
21476,3
21480,2
21484,2
21489,4
21490,6
21494,6
21496,8
21506,2
21508,1
21515,6
21516,1
21517,8
21524,6
21543,8
21558,6
21559,1
21566,6
21572,6
21575,7
21578,6
21589,4
21595,2
21596,8
21605,6
21621,6
21628,8
21630,7
21632,8
21643,6
21645,7
21652,1
21660,8
21661,5
21664,1
21665,4
21666,1
21669,8
21673,8
21674,6
21675,5
21676,6
21680,6
21688,1
21693,6
21695,5
21697,1
21699,8
21705,8
21706,5
21707,4
21709,6
21711,1
21712,6
21717,6
21722,8
21726,5
21731,6
21732,5
21744,6
21745,5
21752,8
21759,6
21763,6
21765,2
21772,2
21779,6
21787,5
21790,5
21793,8
21794,6
21799,8
21809,2
21816,6
21819,6
21822,6
21837,1
21838,5
21839,5
21846,6
21848,5
21849,8
21856,6
21858,6
21866,8
21870,8
21873,8
21878,6
21881,8
21887,6
21890,7
21897,8
21902,8
21909,1
21915,6
21918,6
21920,8
21923,4
21924,6
21929,8
21933,2
21944,2
21946,1
21947,1
21953,8
21959,8
21969,2
21972,3
21975,6
21978,7
21979,5
21996,8
22001,7
22016,6
22017,5
22022,1
22028,7
22029,2
22033,8
22034,6
22037,5
22040,8
22042,8
22044,5
22045,6
22048,6
22054,1
22056,1
22057,8
22058,8
22065,4
22069,6
22073,2
22075,6
22077,1
22080,6
22082,5
22084,8
22085,8
22087,6
22089,7
22092,5
22093,6
22097,8
22099,6
22100,6
22101,8
22109,8
22111,8
22113,8
22114,3
22115,8
22117,2
22118,1
22128,8
22131,8
22132,8
22139,8
22140,5
22144,6
22158,1
22161,1
22162,8
22163,5
22164,6
22172,6
22176,6
22179,7
22181,8
22182,8
22184,8
22185,5
22187,6
22188,5
22196,5
22197,6
22213,5
22221,1
22222,8
22223,6
22225,5
22226,6
22227,6
22236,8
22238,1
22239,8
22241,6
22243,2
22244,4
22248,5
22253,8
22255,6
22257,1
22259,8
22267,2
22269,6
22271,7
22272,6
22273,6
22276,4
22279,2
22281,1
22286,8
22288,8
22292,8
22300,8
22301,3
22308,1
22317,8
22318,6
22321,6
22322,8
22328,6
22329,6
22331,7
22333,8
22334,8
22337,6
22338,8
22342,6
22346,1
22348,6
22354,8
22358,6
22359,6
22361,8
22368,1
22369,4
22370,8
22372,8
22375,8
22376,8
22378,8
22379,8
22381,2
22382,4
22394,8
22404,6
22405,5
22406,6
22410,5
22413,6
22420,1
22423,6
22425,3
22428,2
22431,6
22434,6
22440,2
22449,8
22452,8
22453,8
22458,6
22459,6
22464,1
22466,7
22475,7
22480,6
22482,5
22486,8
22487,1
22489,8
22490,6
22493,1
22494,4
22496,8
22500,4
22506,6
22516,8
22520,5
22527,8
22530,6
22534,1
22535,6
22544,1
22546,5
22547,8
22557,8
22559,5
22561,5
22566,2
22567,8
22570,5
22574,6
22584,8
22588,6
22589,7
22590,1
22591,6
22592,6
22596,1
22598,5
22600,1
22602,5
22603,8
22604,1
22610,5
22616,7
22617,8
22620,8
22623,5
22625,8
22629,8
22630,8
22631,1
22634,5
22635,5
22636,6
22638,5
22647,6
22653,1
22655,8
22663,8
22666,8
22683,7
22684,5
22686,6
22696,5
22698,8
22703,1
22705,5
22709,5
22719,6
22731,6
22734,6
22738,5
22741,2
22742,5
22744,6
22750,8
22753,2
22756,3
22760,6
22765,6
22766,6
22770,8
22771,6
22781,8
22788,5
22789,8
22793,1
22795,5
22802,8
22803,8
22805,8
22806,6
22815,8
22819,8
22822,1
22831,6
22832,6
22835,8
22836,5
22837,8
22842,8
22850,8
22852,8
22855,8
22859,5
22862,1
22863,6
22869,8
22871,8
22879,6
22882,8
22885,6
22889,8
22890,8
22891,6
22894,7
22902,8
22903,6
22907,8
22913,2
22917,8
22919,6
22920,5
22921,8
22927,5
22929,8
22931,6
22934,8
22941,8
22947,6
22956,6
22959,8
22960,8
22964,5
22965,8
22970,8
22973,8
22975,5
22979,1
22981,4
22990,8
22991,5
23003,2
23008,8
23022,8
23024,8
23026,5
23035,6
23041,6
23047,6
23048,8
23060,6
23064,1
23067,6
23073,1
23087,8
23093,8
23100,5
23101,2
23105,1
23108,8
23111,6
23112,6
23115,5
23118,1
23119,6
23120,6
23121,2
23126,6
23129,7
23131,5
23133,6
23135,5
23139,1
23140,8
23141,1
23142,2
23148,8
23149,6
23152,3
23154,6
23156,5
23159,8
23160,1
23164,4
23178,6
23183,6
23184,3
23186,6
23189,6
23191,5
23193,8
23194,8
23196,6
23209,1
23210,8
23211,1
23212,7
23213,6
23216,8
23222,6
23224,7
23226,6
23229,4
23234,6
23239,8
23247,6
23252,8
23259,6
23261,7
23267,6
23270,1
23278,8
23279,6
23280,8
23285,1
23294,8
23301,8
23306,7
23317,3
23319,5
23323,8
23327,5
23329,8
23330,6
23335,6
23365,6
23366,5
23372,6
23376,8
23378,2
23381,8
23383,6
23387,2
23391,6
23397,5
23403,6
23404,6
23405,5
23411,7
23412,5
23414,8
23424,8
23429,7
23436,8
23438,5
23439,8
23448,8
23455,8
23460,7
23462,5
23463,1
23471,6
23473,2
23475,8
23481,8
23482,8
23488,6
23489,7
23494,8
23495,5
23504,6
23509,6
23514,7
23516,6
23517,6
23522,8
23523,6
23528,5
23529,6
23537,7
23548,1
23549,8
23551,6
23557,6
23558,8
23560,7
23565,5
23566,5
23571,6
23572,7
23574,4
23581,1
23583,7
23585,5
23588,1
23595,1
23597,6
23601,6
23605,1
23606,6
23607,2
23608,6
23610,8
23612,8
23614,6
23616,8
23624,2
23628,2
23634,6
23635,8
23639,6
23640,8
23643,1
23644,8
23649,6
23654,2
23663,5
23669,8
23679,1
23680,5
23681,5
23683,5
23684,4
23687,1
23688,5
23690,5
23695,8
23696,8
23698,6
23702,6
23703,5
23704,2
23716,8
23717,6
23724,6
23728,6
23738,6
23745,8
23746,8
23754,2
23755,8
23758,6
23761,7
23768,8
23769,7
23775,8
23781,2
23783,1
23788,6
23789,6
23794,8
23797,6
23805,8
23806,6
23816,1
23822,5
23826,7
23840,1
23848,5
23850,7
23851,1
23852,5
23859,1
23878,6
23888,8
23897,8
23901,8
23905,4
23909,6
23913,6
23915,1
23919,8
23923,5
23926,8
23930,8
23935,5
23937,8
23938,1
23939,7
23944,8
23945,6
23946,8
23948,7
23953,1
23955,6
23957,6
23961,1
23965,7
23967,6
23969,4
23972,8
23973,8
23980,8
23982,8
23983,6
23984,6
23986,8
24003,8
24006,8
24010,1
24011,8
24014,6
24019,8
24028,5
24033,2
24035,5
24041,8
24042,5
24043,8
24045,7
24048,8
24050,8
24057,5
24062,8
24065,2
24066,8
24067,8
24072,8
24076,8
24083,2
24085,8
24089,7
24090,7
24092,8
24096,6
24100,6
24103,6
24121,6
24125,8
24129,8
24145,6
24149,5
24159,2
24160,6
24161,8
24164,6
24165,8
24175,8
24180,8
24183,6
24184,8
24187,6
24190,5
24191,8
24198,6
24199,8
24200,8
24204,5
24205,8
24207,6
24208,5
24212,8
24213,8
24214,1
24219,5
24221,8
24222,6
24223,8
24225,6
24231,5
24237,5
24239,8
24241,6
24248,4
24249,8
24253,6
24257,8
24259,8
24262,8
24263,1
24265,8
24284,1
24286,1
24290,7
24293,6
24294,6
24296,6
24298,5
24299,8
24310,8
24314,5
24316,8
24320,8
24322,5
24328,6
24329,6
24330,8
24333,6
24334,6
24335,1
24336,1
24340,4
24344,2
24345,7
24347,1
24357,8
24359,8
24360,8
24361,6
24362,1
24368,1
24370,5
24374,1
24377,8
24380,1
24383,8
24387,6
24390,8
24391,1
24392,5
24394,1
24404,8
24406,8
24409,1
24411,5
24414,6
24416,8
24420,8
24427,5
24431,8
24432,8
24435,8
24436,2
24437,6
24441,8
24448,7
24450,5
24452,8
24458,7
24461,6
24462,2
24468,6
24472,1
24476,6
24477,6
24484,7
24486,8
24488,5
24490,6
24491,2
24493,8
24500,2
24502,2
24504,8
24512,8
24518,8
24520,7
24529,6
24531,5
24532,8
24535,2
24538,1
24541,7
24544,4
24549,8
24550,3
24560,6
24561,8
24575,1
24576,1
24580,6
24581,3
24587,8
24590,6
24593,8
24595,8
24602,7
24604,8
24607,8
24613,8
24614,7
24620,6
24627,8
24631,8
24638,6
24639,6
24642,8
24643,4
24653,1
24670,7
24673,8
24678,6
24681,1
24682,5
24697,6
24698,8
24702,6
24703,6
24706,8
24707,6
24709,8
24715,8
24719,6
24726,5
24728,2
24729,1
24734,1
24736,5
24737,7
24744,8
24753,8
24754,1
24755,8
24757,8
24764,5
24765,6
24766,5
24767,8
24775,6
24776,6
24782,5
24785,2
24786,8
24787,6
24791,8
24793,8
24801,6
24808,7
24813,8
24817,8
24825,6
24826,7
24830,8
24837,6
24841,2
24849,1
24850,8
24853,8
24857,6
24858,6
24859,6
24860,8
24862,8
24864,5
24867,6
24869,8
24875,6
24876,7
24879,7
24882,8
24883,6
24896,6
24899,8
24901,8
24902,1
24906,6
24909,7
24912,6
24914,7
24916,6
24926,5
24929,8
24930,1
24937,8
24939,6
24940,6
24962,8
24971,2
24974,7
24976,7
24981,8
24988,8
24993,7
24995,8
24996,5
25012,8
25021,8
25031,5
25033,8
25036,8
25037,8
25042,8
25046,1
25047,8
25055,8
25060,1
25063,8
25071,6
25078,8
25082,6
25090,8
25092,6
25093,4
25094,6
25097,6
25099,8
25101,2
25102,3
25103,6
25110,6
25119,8
25120,6
25124,8
25125,6
25127,1
25128,8
25131,5
25136,5
25146,8
25156,8
25163,5
25165,8
25166,5
25172,5
25175,8
25178,6
25180,6
25184,1
25185,8
25194,8
25195,1
25197,8
25200,6
25202,6
25203,5
25207,1
25209,8
25211,8
25216,6
25217,8
25218,8
25219,8
25220,6
25221,6
25228,5
25231,6
25232,5
25242,6
25246,8
25247,5
25256,7
25260,8
25261,1
25262,8
25265,6
25268,8
25269,1
25279,6
25283,6
25286,6
25291,5
25293,8
25307,8
25311,6
25314,5
25316,6
25325,6
25341,7
25343,8
25347,8
25358,6
25360,1
25373,6
25375,6
25393,5
25395,6
25398,5
25405,8
25411,5
25416,8
25418,1
25427,6
25429,6
25433,8
25435,8
25436,6
25437,6
25441,1
25442,5
25448,7
25449,1
25450,8
25451,8
25454,8
25471,7
25491,8
25493,7
25494,8
25496,6
25498,8
25501,6
25502,1
25508,6
25509,1
25512,8
25515,8
25517,8
25525,6
25526,6
25536,8
25540,8
25542,8
25549,6
25551,8
25555,8
25559,6
25563,6
25564,6
25566,8
25568,6
25576,6
25581,6
25586,8
25591,8
25593,5
25598,8
25606,5
25608,8
25609,5
25613,4
25616,8
25620,8
25627,5
25632,6
25635,8
25642,3
25646,6
25647,5
25653,8
25658,5
25661,6
25665,2
25677,7
25680,4
25681,8
25682,8
25684,8
25686,8
25694,6
25697,8
25700,1
25703,8
25704,2
25707,6
25710,5
25715,8
25717,8
25724,8
25726,6
25733,8
25741,8
25742,8
25744,6
25747,6
25757,5
25760,8
25762,6
25765,7
25770,8
25775,8
25777,8
25783,6
25786,8
25789,1
25801,8
25803,1
25804,6
25805,7
25808,1
25812,6
25814,8
25817,1
25820,8
25825,7
25827,6
25831,6
25835,8
25836,8
25838,8
25852,5
25857,8
25866,8
25867,6
25869,6
25873,1
25874,8
25876,8
25877,1
25884,8
25886,8
25888,8
25889,8
25892,4
25893,7
25894,8
25899,6
25913,8
25915,8
25916,6
25919,6
25921,6
25924,1
25926,6
25931,8
25944,5
25945,8
25950,8
25951,8
25956,8
25963,8
25969,8
25974,8
25976,7
25980,8
25984,6
25985,6
25986,8
25997,8
25999,1
26001,8
26011,8
26018,8
26019,1
26027,8
26031,5
26037,1
26038,8
26039,6
26043,2
26044,7
26046,8
26049,8
26056,8
26060,8
26063,6
26065,1
26069,8
26073,1
26078,1
26082,2
26087,6
26094,8
26095,8
26096,6
26097,1
26102,5
26114,8
26117,2
26118,8
26124,1
26131,8
26137,8
26143,5
26150,8
26167,6
26169,6
26171,1
26178,6
26179,8
26183,6
26187,8
26189,7
26193,1
26196,8
26201,8
26204,1
26206,8
26214,8
26216,6
26221,8
26227,6
26236,8
26240,5
26241,8
26258,8
26267,2
26270,8
26274,6
26280,8
26284,5
26299,6
26307,6
26310,8
26313,8
26314,8
26316,8
26322,6
26326,1
26327,7
26329,6
26330,6
26331,2
26337,6
26344,2
26346,2
26354,8
26356,7
26389,4
26403,1
26405,8
26415,1
26421,7
26427,8
26428,8
26434,8
26435,8
26442,5
26445,6
26447,8
26449,6
26451,5
26454,6
26462,8
26465,6
26469,2
26476,6
26479,8
26480,6
26495,8
26497,1
26498,8
26503,8
26509,8
26512,7
26518,8
26519,5
26521,6
26524,8
26527,6
26535,1
26539,6
26542,5
26549,6
26554,1
26559,7
26561,6
26562,6
26567,6
26570,1
26584,6
26588,6
26593,5
26596,1
26597,7
26598,8
26599,8
26609,5
26611,6
26617,8
26618,6
26621,6
26626,8
26628,6
26631,5
26640,6
26642,6
26644,1
26649,8
26656,8
26664,1
26673,8
26685,6
26687,8
26689,8
26690,8
26698,8
26699,8
26701,8
26711,1
26720,1
26724,8
26726,8
26727,6
26732,5
26734,5
26735,8
26738,1
26739,8
26740,7
26749,2
26757,8
26759,6
26766,6
26768,5
26769,6
26770,6
26776,7
26782,6
26786,6
26788,6
26791,1
26792,7
26793,6
26796,8
26798,7
26817,3
26818,8
26821,8
26824,6
26832,1
26833,1
26848,6
26853,5
26854,1
26859,8
26861,2
26865,5
26866,6
26868,7
26873,8
26876,8
26882,8
26884,8
26890,6
26891,1
26893,8
26894,8
26896,7
26904,6
26908,6
26909,1
26910,5
26919,8
26929,8
26931,6
26933,8
26936,7
26937,8
26938,6
26940,5
26942,8
26943,3
26946,6
26948,6
26950,6
26964,6
26965,8
26966,8
26968,8
26969,1
26977,8
26980,8
26982,8
26985,1
26991,8
26992,6
26996,2
27004,6
27005,1
27009,8
27014,6
27015,5
27022,6
27024,8
27033,2
27040,1
27041,5
27042,1
27044,5
27051,6
27054,5
27056,1
27060,1
27062,8
27067,6
27069,6
27072,8
27082,8
27083,7
27088,6
27089,8
27096,1
27102,6
27105,3
27107,8
27111,6
27114,1
27125,6
27132,2
27135,1
27136,5
27139,8
27146,8
27147,1
27148,7
27161,7
27163,5
27164,8
27166,8
27174,8
27176,8
27181,5
27183,6
27191,5
27202,5
27203,8
27205,5
27206,5
27209,1
27210,8
27212,8
27214,6
27223,8
27225,6
27227,5
27229,8
27233,2
27234,8
27235,6
27236,8
27237,6
27240,6
27241,6
27248,7
27261,8
27266,6
27276,8
27281,8
27282,1
27288,1
27289,3
27290,5
27292,6
27294,5
27301,6
27310,8
27312,8
27318,6
27319,4
27341,1
27356,7
27358,5
27361,7
27369,2
27372,6
27374,5
27378,1
27379,6
27383,4
27388,8
27395,8
27406,6
27408,8
27409,6
27413,6
27416,5
27430,6
27431,6
27435,8
27444,8
27468,6
27475,8
27477,6
27487,6
27489,5
27494,8
27499,7
27501,8
27504,6
27506,5
27507,8
27508,1
27511,4
27515,6
27519,8
27520,8
27527,8
27528,6
27535,1
27536,5
27543,7
27546,8
27548,7
27551,7
27553,6
27561,8
27563,8
27565,8
27566,1
27567,8
27573,6
27575,8
27576,6
27577,6
27583,8
27587,5
27589,5
27592,8
27597,8
27599,6
27600,8
27602,6
27605,2
27606,5
27621,8
27624,1
27625,8
27630,7
27631,2
27633,6
27634,7
27639,4
27640,6
27645,6
27646,5
27647,2
27649,5
27660,7
27664,7
27666,8
27667,8
27669,5
27671,8
27673,8
27681,8
27684,7
27685,5
27686,7
27688,4
27701,6
27704,6
27712,6
27713,1
27716,8
27719,6
27720,5
27724,7
27730,2
27733,1
27734,8
27738,8
27739,8
27742,8
27759,6
27768,7
27771,6
27772,8
27773,6
27780,1
27788,8
27793,7
27795,6
27796,8
27799,8
27802,6
27809,2
27816,8
27817,8
27826,8
27827,7
27833,6
27835,8
27839,1
27846,6
27847,8
27851,8
27854,6
27855,5
27856,1
27859,8
27861,7
27864,8
27877,8
27885,5
27889,2
27890,8
27893,8
27901,1
27904,7
27906,8
27908,3
27909,8
27915,5
27921,8
27923,6
27927,8
27934,8
27936,8
27937,8
27938,8
27939,5
27941,8
27942,3
27953,8
27955,8
27960,8
27962,8
27963,1
27965,8
27968,6
27969,5
27977,5
27979,2
27980,7
27990,8
27994,2
28001,7
28003,8
28006,6
28009,6
28021,8
28025,6
28030,6
28031,1
28037,8
28038,8
28041,2
28043,8
28049,8
28055,8
28056,8
28075,7
28082,8
28085,1
28086,8
28091,8
28097,5
28098,5
28103,8
28112,5
28113,6
28121,8
28123,8
28124,8
28126,6
28127,8
28128,3
28130,8
28135,8
28136,6
28138,8
28144,5
28145,5
28150,8
28151,5
28152,2
28162,8
28164,6
28165,6
28173,8
28181,5
28189,8
28190,6
28193,5
28197,5
28201,8
28204,5
28222,8
28237,6
28239,1
28242,8
28247,4
28251,8
28259,8
28268,8
28271,1
28272,8
28280,5
28282,8
28285,8
28286,8
28288,3
28289,8
28297,6
28310,6
28311,6
28314,6
28315,6
28325,8
28328,8
28331,8
28337,8
28343,6
28346,8
28350,6
28355,6
28358,8
28362,6
28363,8
28365,8
28369,1
28373,6
28378,6
28381,8
28389,8
28391,7
28401,1
28405,2
28408,8
28420,5
28423,6
28425,6
28429,6
28432,2
28435,6
28437,6
28443,8
28444,1
28454,1
28459,1
28464,6
28470,1
28475,1
28484,8
28485,2
28491,5
28496,1
28499,7
28501,1
28502,5
28506,7
28510,6
28511,5
28513,8
28521,8
28533,8
28535,7
28537,8
28538,6
28540,5
28541,5
28546,1
28551,6
28559,8
28570,7
28571,6
28572,1
28573,8
28575,5
28585,5
28595,1
28600,5
28611,5
28614,5
28615,6
28617,7
28618,6
28629,6
28632,1
28633,8
28636,1
28638,5
28642,6
28647,6
28654,6
28657,6
28658,6
28659,8
28660,4
28661,8
28663,8
28665,5
28667,8
28669,8
28673,6
28687,2
28688,6
28689,2
28692,5
28701,5
28703,6
28705,7
28707,8
28709,2
28716,1
28724,6
28728,5
28729,1
28730,7
28736,8
28741,6
28743,8
28746,1
28752,5
28759,8
28761,8
28762,5
28763,6
28765,6
28768,7
28769,1
28771,4
28785,8
28786,5
28790,8
28791,8
28796,1
28797,2
28807,1
28808,6
28813,8
28815,6
28821,8
28822,8
28824,8
28827,7
28835,8
28837,5
28841,6
28845,6
28857,8
28864,2
28866,5
28867,8
28870,8
28880,4
28889,5
28897,4
28902,6
28903,5
28906,8
28907,8
28908,8
28910,7
28921,3
28923,8
28928,2
28929,5
28954,8
28961,8
28964,6
28968,8
28974,8
28977,8
28979,8
28987,5
28989,6
28994,1
28996,1
28999,6
29004,6
29007,8
29008,6
29014,8
29016,5
29019,1
29024,8
29028,6
29034,1
29039,8
29040,8
29045,1
29054,8
29056,8
29068,5
29071,8
29075,1
29076,6
29080,1
29094,8
29096,7
29097,8
29099,6
29100,5
29106,6
29111,8
29123,1
29124,6
29125,2
29126,8
29127,7
29131,6
29136,6
29138,6
29143,8
29145,4
29146,5
29147,5
29148,6
29152,8
29153,1
29155,6
29160,6
29163,1
29165,1
29166,2
29167,6
29168,7
29169,1
29171,8
29176,5
29185,6
29188,8
29190,5
29193,4
29194,5
29196,7
29198,6
29214,1
29215,6
29217,8
29221,8
29223,1
29232,8
29233,6
29234,6
29235,8
29238,4
29241,8
29243,5
29255,5
29261,1
29263,5
29264,5
29265,1
29268,8
29269,6
29276,3
29281,5
29285,8
29287,7
29288,6
29293,8
29298,8
29301,3
29310,8
29311,6
29314,6
29316,8
29331,1
29335,1
29336,8
29342,6
29344,6
29345,6
29349,1
29352,6
29356,5
29361,2
29369,1
29374,8
29381,8
29382,1
29383,8
29392,6
29395,2
29396,5
29398,8
29400,6
29403,8
29410,5
29412,6
29415,8
29421,5
29426,6
29429,5
29430,5
29435,8
29441,2
29444,6
29455,6
29456,1
29457,6
29458,8
29459,8
29463,8
29471,5
29474,8
29477,5
29485,8
29491,2
29494,6
29495,8
29498,6
29499,8
29504,5
29510,5
29512,8
29519,8
29522,1
29528,6
29529,7
29532,8
29538,8
29539,1
29541,4
29550,1
29558,5
29566,8
29567,6
29572,3
29577,8
29578,5
29579,6
29586,2
29587,6
29598,5
29606,5
29608,6
29610,8
29611,8
29613,7
29615,5
29621,7
29623,8
29629,1
29630,8
29631,8
29635,2
29639,8
29642,6
29650,7
29653,8
29654,2
29656,8
29664,8
29667,1
29673,8
29674,7
29686,1
29690,5
29692,8
29700,6
29711,1
29712,8
29715,5
29716,6
29720,6
29727,8
29729,8
29742,1
29744,8
29747,5
29748,6
29749,6
29752,1
29757,1
29765,8
29768,7
29777,8
29779,8
29794,5
29796,7
29803,8
29810,6
29811,5
29813,5
29821,5
29824,5
29830,8
29832,8
29834,8
29837,6
29843,4
29844,6
29848,6
29851,5
29854,6
29859,5
29860,5
29861,5
29864,6
29868,8
29870,8
29872,2
29874,8
29875,8
29876,5
29881,8
29886,8
29891,6
29892,8
29894,6
29902,6
29904,7
29906,6
29913,5
29914,5
29915,5
29919,1
29925,1
29934,3
29936,8
29938,6
29939,6
29943,6
29945,6
29947,5
29951,7
29952,6
29956,1
29960,6
29962,2
29969,5
29971,8
29981,7
29982,8
29983,5
29986,8
29987,5
29991,1
29993,8
29996,6
30000,1
30002,4
30003,1
30010,8
30015,1
30017,4
30021,6
30025,7
30030,5
30032,2
30035,8
30038,6
30041,6
30042,5
30045,8
30053,1
30055,4
30057,1
30059,6
30061,8
30062,8
30063,8
30067,6
30071,6
30072,5
30075,8
30076,1
30077,4
30081,8
30087,8
30090,6
30093,2
30094,8
30096,8
30097,1
30106,7
30108,6
30116,5
30117,1
30121,3
30124,7
30125,8
30140,8
30141,8
30142,6
30146,6
30152,5
30153,4
30154,5
30155,6
30157,6
30159,1
30163,1
30164,8
30167,6
30168,8
30169,6
30170,8
30171,4
30179,7
30181,8
30182,8
30183,6
30187,6
30189,8
30192,8
30198,8
30202,8
30203,6
30205,7
30207,4
30209,8
30213,5
30217,5
30223,8
30224,5
30231,6
30234,6
30236,5
30239,7
30240,8
30247,5
30252,8
30254,8
30256,5
30267,8
30270,6
30277,2
30281,8
30284,8
30287,2
30290,8
30294,8
30295,8
30301,1
30304,8
30308,8
30309,8
30310,6
30313,7
30315,8
30316,8
30318,6
30320,6
30333,8
30335,6
30337,8
30340,8
30345,8
30346,5
30353,8
30358,1
30362,6
30365,7
30366,5
30372,8
30377,7
30386,7
30398,5
30408,8
30410,6
30411,6
30414,6
30420,7
30423,5
30425,8
30431,1
30436,8
30437,5
30442,8
30443,2
30444,4
30446,1
30447,6
30449,8
30451,7
30452,6
30455,6
30464,8
30475,8
30481,6
30490,8
30492,7
30497,8
30503,8
30504,1
30505,8
30506,8
30509,8
30512,8
30515,5
30516,8
30522,6
30526,8
30531,8
30536,1
30540,7
30542,8
30546,6
30550,6
30552,6
30555,6
30557,6
30558,5
30559,8
30564,6
30565,8
30578,6
30582,6
30585,5
30586,5
30595,5
30596,8
30598,5
30605,8
30606,8
30612,8
30613,7
30614,6
30620,8
30624,8
30630,8
30639,5
30640,8
30643,6
30651,5
30654,8
30657,8
30665,2
30666,6
30671,5
30678,5
30679,5
30689,6
30692,6
30698,7
30702,5
30703,6
30709,6
30721,5
30723,8
30724,4
30734,1
30742,5
30745,6
30751,8
30764,8
30765,8
30786,8
30788,6
30790,4
30791,8
30794,8
30803,8
30805,8
30811,6
30812,2
30815,2
30818,5
30823,5
30827,3
30829,6
30830,1
30835,1
30837,6
30838,3
30847,5
30851,2
30859,2
30861,8
30866,7
30867,8
30874,2
30875,5
30877,5
30879,7
30885,8
30886,8
30887,1
30890,1
30893,8
30903,1
30906,5
30909,5
30914,8
30917,7
30918,6
30920,1
30933,8
30934,3
30936,8
30938,8
30944,1
30946,6
30949,6
30950,8
30952,4
30958,6
30965,5
30967,8
30971,5
30973,8
30984,6
30985,7
30987,8
30997,1
31001,5
31004,5
31006,5
31007,6
31008,1
31009,2
31012,6
31014,8
31020,7
31029,8
31030,6
31031,5
31036,8
31039,6
31040,6
31044,1
31048,6
31050,6
31051,6
31059,1
31060,6
31065,1
31067,8
31070,8
31077,6
31082,8
31083,6
31089,6
31093,6
31096,6
31100,8
31103,5
31121,5
31135,8
31137,8
31139,6
31144,6
31147,6
31155,8
31158,5
31160,6
31161,2
31162,1
31168,8
31172,8
31174,8
31176,8
31180,1
31184,1
31185,8
31188,6
31193,3
31202,8
31207,8
31210,8
31212,8
31213,1
31217,8
31218,4
31223,6
31231,8
31238,8
31240,8
31249,4
31250,6
31255,8
31260,1
31261,4
31273,8
31276,6
31277,8
31284,8
31286,8
31290,6
31295,8
31300,6
31302,6
31303,8
31304,8
31306,8
31307,6
31308,8
31321,4
31323,6
31324,8
31326,6
31336,8
31337,8
31339,6
31342,1
31343,5
31344,5
31348,6
31349,8
31354,8
31356,8
31361,6
31362,4
31365,6
31371,1
31373,8
31375,8
31377,8
31379,8
31382,2
31384,2
31389,8
31390,5
31393,8
31398,2
31399,8
31407,7
31408,6
31412,8
31413,6
31416,8
31418,8
31419,5
31421,8
31426,8
31427,6
31433,5
31434,8
31441,8
31446,2
31451,8
31452,8
31453,8
31454,8
31456,5
31458,6
31461,8
31462,6
31464,6
31467,6
31468,6
31471,8
31474,1
31475,6
31477,8
31479,6
31492,7
31494,7
31499,7
31510,8
31512,7
31517,8
31520,6
31531,5
31532,6
31534,6
31535,1
31537,8
31540,1
31541,6
31542,2
31549,8
31555,7
31566,6
31567,6
31570,6
31576,6
31583,1
31589,1
31594,6
31597,6
31599,2
31601,6
31605,8
31608,6
31609,3
31616,6
31620,5
31622,6
31624,5
31627,8
31630,5
31632,1
31635,8
31639,6
31643,8
31655,8
31659,6
31661,4
31666,1
31669,8
31670,8
31674,2
31681,5
31686,5
31689,5
31690,6
31693,6
31696,8
31697,7
31699,8
31701,6
31704,7
31709,6
31712,6
31716,8
31719,8
31720,8
31721,6
31722,6
31727,2
31728,7
31730,5
31733,4
31748,7
31753,8
31759,5
31769,2
31772,8
31778,5
31782,8
31800,5
31804,8
31815,6
31818,6
31819,7
31821,6
31826,5
31831,8
31832,8
31835,8
31836,8
31838,1
31840,8
31841,5
31844,1
31861,6
31863,1
31864,5
31868,8
31871,8
31876,8
31877,2
31880,3
31881,8
31890,2
31892,8
31896,1
31897,2
31899,6
31905,8
31908,5
31912,6
31920,8
31921,5
31927,8
31928,7
31932,8
31933,6
31934,6
31938,2
31943,5
31947,8
31952,6
31959,8
31966,8
31980,7
31981,8
31990,8
31994,2
32010,8
32013,5
32014,8
32024,8
32026,6
32031,6
32033,6
32037,2
32040,5
32042,5
32046,8
32048,8
32058,8
32059,8
32071,8
32074,8
32077,8
32084,8
32085,7
32086,8
32100,7
32105,8
32106,8
32107,5
32108,8
32110,7
32116,8
32120,3
32130,6
32134,1
32143,4
32144,6
32151,8
32153,8
32158,6
32165,7
32167,5
32169,7
32173,8
32174,6
32175,7
32178,5
32179,6
32181,8
32183,6
32190,8
32197,6
32201,8
32207,8
32208,6
32215,8
32217,8
32227,8
32232,2
32238,6
32239,6
32241,8
32246,8
32247,8
32248,1
32250,8
32253,6
32259,1
32265,4
32270,6
32271,6
32286,8
32291,6
32300,6
32309,8
32311,8
32328,8
32330,6
32341,8
32343,5
32361,6
32362,8
32365,8
32368,8
32374,5
32376,8
32379,8
32382,8
32385,6
32393,4
32396,1
32403,6
32407,8
32408,7
32410,8
32412,6
32418,8
32423,2
32424,8
32431,7
32434,8
32435,6
32443,8
32445,8
32447,1
32453,8
32456,6
32457,7
32462,6
32463,7
32465,1
32467,8
32470,6
32472,6
32474,6
32479,1
32488,5
32489,6
32492,5
32493,3
32496,6
32513,5
32516,6
32517,8
32518,6
32519,6
32520,8
32526,3
32532,8
32536,4
32542,8
32546,1
32548,8
32552,8
32554,8
32557,8
32561,8
32564,7
32565,6
32568,8
32582,6
32593,7
32594,8
32598,6
32600,1
32601,8
32609,6
32611,8
32614,7
32615,8
32617,4
32621,8
32624,8
32630,8
32631,2
32633,7
32634,5
32635,3
32642,8
32646,8
32647,1
32654,8
32657,8
32660,8
32663,8
32684,7
32686,8
32687,6
32692,8
32693,4
32694,3
32701,8
32702,2
32710,6
32712,6
32721,8
32723,8
32726,8
32728,7
32734,8
32745,8
32747,6
32754,8
32771,5
32772,8
32777,8
32782,5
32793,8
32794,6
32798,8
32802,6
32804,8
32805,2
32809,8
32814,3
32815,6
32820,8
32831,8
32832,6
32838,2
32840,6
32847,8
32848,8
32855,6
32858,7
32862,3
32877,6
32880,6
32882,8
32899,6
32904,5
32905,8
32917,1
32921,6
32923,8
32931,4
32933,1
32937,6
32939,8
32940,6
32948,7
32955,8
32958,1
32964,8
32966,6
32967,1
32972,6
32977,6
32981,2
32989,8
32990,5
32994,6
32995,6
33000,6
33007,8
33011,8
33012,8
33014,7
33020,6
33023,1
33034,5
33038,6
33042,8
33044,5
33047,4
33048,6
33055,3
33056,4
33062,8
33065,5
33068,5
33071,1
33075,5
33077,8
33084,5
33087,2
33112,6
33117,8
33119,7
33120,1
33129,8
33131,6
33139,5
33141,6
33148,8
33153,6
33164,6
33166,8
33167,1
33171,7
33180,8
33182,7
33185,1
33189,6
33191,7
33199,4
33203,5
33204,6
33209,2
33210,5
33211,6
33217,7
33231,8
33234,5
33236,8
33242,2
33246,8
33251,8
33253,1
33256,2
33258,1
33265,5
33268,6
33272,8
33273,6
33282,6
33285,1
33293,6
33298,8
33302,6
33303,8
33307,6
33314,6
33321,2
33336,4
33339,5
33342,8
33345,8
33354,5
33355,6
33364,5
33366,6
33372,5
33373,8
33374,8
33379,8
33393,8
33395,8
33402,8
33408,8
33409,7
33413,6
33414,8
33419,6
33425,7
33426,1
33430,8
33431,6
33445,8
33454,7
33456,1
33462,8
33465,4
33472,6
33476,8
33477,1
33479,8
33486,8
33487,6
33488,6
33491,8
33497,1
33501,8
33503,8
33506,6
33508,6
33512,8
33517,1
33518,8
33522,8
33523,6
33525,8
33526,5
33529,7
33541,8
33543,8
33549,6
33552,1
33560,1
33566,8
33567,6
33568,6
33569,5
33574,6
33585,7
33588,1
33589,2
33592,6
33594,8
33605,6
33606,8
33615,8
33620,7
33623,6
33629,8
33632,8
33635,6
33637,1
33639,3
33644,8
33646,1
33649,4
33654,1
33655,5
33659,8
33660,5
33661,6
33665,8
33668,6
33683,6
33684,4
33692,2
33696,6
33699,2
33701,8
33702,7
33707,8
33717,1
33724,1
33729,8
33739,8
33741,4
33747,1
33749,6
33751,7
33768,8
33771,7
33780,8
33785,8
33789,8
33793,8
33795,4
33802,5
33804,2
33809,8
33811,5
33815,8
33816,8
33821,6
33824,6
33826,1
33834,6
33835,5
33837,8
33838,8
33841,8
33842,8
33847,8
33849,6
33850,8
33851,6
33853,6
33862,5
33864,6
33867,5
33868,6
33870,7
33874,1
33877,1
33887,8
33889,8
33892,1
33902,8
33908,5
33917,2
33928,1
33939,1
33943,6
33944,6
33953,8
33954,5
33956,8
33958,6
33960,6
33963,3
33965,6
33966,4
33967,8
33969,1
33973,8
33984,6
33986,8
33987,8
33993,6
34003,8
34008,5
34012,6
34014,6
34019,3
34026,8
34038,5
34047,8
34050,5
34051,1
34058,6
34059,5
34061,8
34063,8
34064,8
34066,1
34077,2
34080,6
34081,6
34082,1
34088,5
34091,5
34093,6
34095,1
34096,6
34100,3
34102,8
34103,8
34108,6
34109,6
34121,6
34122,6
34124,6
34127,8
34130,6
34132,6
34136,8
34160,8
34163,6
34166,8
34174,7
34175,7
34183,5
34186,6
34191,6
34193,8
34194,1
34199,5
34203,8
34205,1
34207,6
34209,8
34210,5
34212,7
34214,6
34220,6
34222,8
34223,4
34231,7
34235,6
34238,8
34241,8
34243,8
34255,8
34256,2
34258,6
34262,8
34265,8
34268,8
34273,5
34279,6
34282,8
34286,2
34301,5
34303,8
34312,5
34315,8
34316,6
34317,8
34322,7
34325,5
34329,6
34330,2
34333,6
34337,8
34340,8
34341,8
34343,8
34353,8
34355,1
34357,8
34362,5
34365,6
34379,8
34382,8
34384,6
34385,8
34390,8
34404,8
34407,1
34408,8
34409,8
34415,6
34416,5
34418,8
34420,6
34422,6
34423,8
34427,1
34436,8
34439,6
34443,8
34448,6
34449,6
34450,8
34453,5
34470,6
34473,5
34475,7
34476,1
34483,8
34485,8
34494,6
34503,6
34505,5
34507,6
34512,5
34513,8
34514,8
34516,6
34517,6
34524,6
34526,4
34533,1
34535,8
34538,1
34543,8
34545,6
34548,6
34549,2
34558,6
34561,8
34573,8
34578,1
34582,1
34583,8
34584,2
34594,1
34600,6
34612,1
34613,6
34616,6
34619,6
34621,1
34627,8
34633,1
34634,8
34642,7
34644,8
34658,8
34668,5
34671,1
34675,5
34676,6
34686,8
34687,8
34692,2
34693,6
34711,8
34712,5
34722,1
34729,1
34731,6
34733,8
34735,8
34737,3
34738,8
34742,6
34746,1
34747,6
34750,8
34753,8
34755,6
34756,4
34759,8
34761,6
34773,6
34774,5
34783,1
34785,5
34793,4
34794,8
34796,8
34797,8
34806,8
34814,7
34817,6
34826,8
34828,8
34829,6
34832,6
34833,8
34836,6
34837,6
34838,6
34845,8
34846,2
34847,6
34859,1
34862,7
34865,8
34868,8
34878,1
34881,8
34885,6
34888,8
34892,8
34903,1
34904,2
34905,8
34907,8
34909,6
34912,8
34916,1
34923,6
34928,8
34931,5
34934,5
34935,8
34941,5
34944,8
34949,8
34953,5
34959,8
34962,8
34965,8
34975,1
34976,6
34978,6
34984,8
34986,6
34988,1
34990,7
34992,5
34993,1
34994,7
34997,6
34998,8
35000,6
35001,6
35003,5
35005,6
35010,8
35011,8
35014,8
35017,6
35025,8
35031,5
35034,2
35036,2
35038,8
35039,1
35040,6
35043,8
35045,8
35048,7
35054,5
35056,6
35058,8
35065,5
35066,6
35067,8
35069,4
35072,4
35074,6
35085,7
35086,6
35087,6
35089,6
35090,8
35095,5
35097,2
35101,8
35102,5
35103,8
35105,8
35106,8
35111,8
35118,5
35121,6
35135,8
35141,7
35142,8
35150,6
35152,7
35156,6
35160,6
35162,6
35163,7
35166,8
35169,6
35170,8
35171,5
35172,8
35175,8
35176,8
35182,6
35183,6
35187,6
35191,6
35195,2
35200,7
35201,6
35202,1
35205,2
35208,1
35210,1
35218,8
35227,6
35235,6
35236,8
35241,8
35251,8
35257,8
35260,8
35264,8
35271,8
35272,8
35277,8
35278,7
35279,7
35282,5
35289,7
35290,8
35292,8
35293,6
35294,8
35299,6
35311,6
35313,8
35321,7
35324,8
35325,5
35327,1
35329,7
35330,8
35337,1
35338,6
35342,5
35347,3
35349,6
35350,5
35353,8
35359,8
35361,5
35366,8
35367,5
35370,2
35375,8
35376,6
35385,8
35395,6
35397,8
35398,6
35401,8
35408,5
35413,6
35415,8
35417,6
35419,6
35427,6
35428,8
35437,6
35443,5
35444,1
35446,6
35448,8
35449,8
35450,8
35457,8
35462,8
35464,8
35467,8
35469,1
35473,6
35476,8
35480,5
35483,6
35484,6
35489,8
35492,8
35493,8
35494,2
35503,1
35506,8
35507,6
35518,6
35519,8
35523,6
35534,7
35542,6
35544,7
35554,6
35555,5
35556,1
35558,8
35560,2
35565,8
35566,6
35567,2
35569,6
35577,1
35582,5
35583,8
35586,4
35599,5
35608,5
35613,6
35623,8
35627,1
35630,8
35635,4
35638,7
35647,1
35649,8
35654,1
35657,8
35661,1
35662,6
35666,1
35676,8
35682,6
35692,6
35696,8
35697,6
35701,8
35718,6
35722,1
35724,1
35730,5
35738,6
35741,8
35744,6
35746,6
35749,6
35751,5
35757,1
35758,8
35762,6
35763,8
35764,8
35770,8
35778,6
35780,5
35787,6
35790,2
35796,7
35798,1
35800,8
35803,8
35809,6
35814,1
35817,6
35820,5
35826,8
35827,6
35833,8
35836,2
35841,6
35843,5
35844,8
35853,6
35854,6
35856,8
35857,8
35862,6
35869,1
35873,8
35875,7
35877,5
35880,7
35885,6
35888,8
35889,5
35890,6
35898,2
35903,1
35905,6
35911,8
35917,2
35923,8
35929,8
35936,8
35937,8
35939,6
35941,6
35942,8
35947,6
35949,8
35950,5
35952,6
35961,2
35968,8
35975,6
35988,6
35995,8
35996,6
36000,6
36004,8
36005,6
36028,5
36029,8
36030,8
36035,8
36040,6
36046,6
36048,1
36049,1
36051,6
36056,6
36065,8
36066,8
36068,8
36071,8
36080,7
36082,8
36084,1
36088,1
36089,8
36093,8
36094,1
36097,5
36102,1
36105,1
36108,1
36109,8
36119,4
36121,5
36124,1
36127,8
36133,8
36135,5
36141,8
36142,7
36147,1
36156,6
36158,8
36161,1
36162,5
36166,8
36170,1
36171,7
36172,1
36174,5
36182,8
36190,6
36191,1
36192,6
36199,8
36207,6
36211,8
36214,8
36222,6
36223,1
36225,8
36227,6
36235,8
36237,8
36238,7
36240,6
36242,8
36255,8
36256,6
36257,8
36260,4
36264,8
36265,6
36269,2
36272,6
36273,6
36277,1
36278,6
36283,2
36284,8
36287,6
36288,6
36292,8
36294,2
36297,8
36299,1
36300,5
36305,5
36306,5
36310,8
36312,8
36313,6
36319,6
36323,6
36330,8
36332,8
36333,4
36336,4
36340,6
36342,8
36343,8
36344,6
36350,6
36353,7
36356,7
36360,5
36366,8
36373,8
36376,8
36391,1
36397,5
36401,8
36418,5
36420,8
36424,4
36433,6
36434,7
36438,6
36439,6
36441,5
36445,8
36447,5
36449,6
36451,8
36459,5
36466,8
36468,6
36485,2
36498,8
36499,5
36506,6
36507,7
36508,8
36516,5
36517,6
36525,7
36527,1
36530,6
36531,8
36532,8
36557,2
36560,1
36570,8
36573,1
36574,8
36578,8
36582,1
36584,8
36585,8
36588,6
36589,7
36604,8
36623,8
36626,1
36634,1
36635,5
36644,5
36647,8
36657,8
36659,8
36660,6
36666,6
36668,5
36673,7
36674,8
36675,5
36681,8
36685,8
36690,8
36697,8
36706,7
36708,8
36720,6
36721,8
36727,6
36729,1
36730,6
36731,6
36735,8
36736,8
36740,6
36745,7
36747,6
36748,8
36753,5
36757,8
36758,8
36763,6
36764,8
36766,6
36771,8
36773,6
36788,1
36791,5
36799,8
36802,6
36805,5
36806,8
36809,2
36811,8
36815,8
36817,8
36822,8
36826,8
36829,5
36840,5
36841,8
36850,8
36851,8
36864,6
36865,8
36867,7
36869,6
36872,5
36889,6
36893,6
36896,8
36897,1
36900,8
36918,1
36921,8
36923,6
36925,1
36926,8
36927,6
36928,8
36929,6
36932,1
36933,8
36936,6
36937,6
36945,8
36948,6
36949,6
36952,5
36953,8
36956,5
36960,7
36974,6
36976,8
36977,7
36978,7
36979,8
36984,8
36986,7
36992,1
36993,6
37011,4
37014,8
37015,8
37016,8
37020,5
37021,5
37025,8
37034,8
37035,8
37045,7
37046,5
37047,2
37050,8
37055,8
37056,6
37061,8
37062,6
37077,5
37078,1
37079,8
37083,8
37091,8
37104,1
37109,6
37112,7
37114,6
37115,4
37117,8
37119,5
37120,1
37124,8
37126,1
37127,8
37129,8
37133,5
37134,8
37135,8
37136,7
37137,8
37149,5
37154,8
37165,8
37170,6
37174,6
37188,2
37194,5
37199,1
37202,6
37206,8
37215,8
37229,8
37230,5
37239,8
37242,8
37251,2
37258,2
37265,5
37267,8
37268,7
37271,6
37277,8
37282,1
37287,1
37288,8
37298,8
37304,1
37312,6
37314,1
37316,6
37318,7
37320,6
37321,5
37324,3
37325,8
37327,2
37334,8
37343,6
37347,8
37359,7
37363,8
37367,8
37368,6
37371,5
37373,8
37378,8
37386,8
37389,1
37392,8
37393,1
37397,6
37399,5
37401,1
37414,7
37417,4
37422,1
37423,8
37429,6
37430,8
37433,8
37437,6
37453,8
37454,8
37459,5
37462,8
37468,6
37469,5
37472,8
37473,6
37474,5
37477,6
37480,6
37481,6
37485,8
37488,8
37491,6
37494,8
37497,6
37501,4
37514,6
37519,6
37521,5
37528,8
37538,5
37543,7
37545,5
37551,3
37553,1
37557,3
37563,8
37566,2
37567,7
37568,6
37576,2
37577,8
37578,7
37580,8
37596,1
37597,3
37598,8
37602,8
37603,5
37606,1
37614,5
37619,8
37625,6
37626,1
37631,4
37634,1
37640,6
37643,6
37644,6
37646,8
37648,5
37653,6
37654,7
37662,5
37663,5
37665,8
37668,5
37670,1
37673,4
37674,8
37675,6
37681,8
37685,5
37687,8
37696,8
37704,4
37713,8
37714,7
37720,6
37723,1
37724,6
37733,8
37738,7
37746,7
37754,6
37755,8
37757,6
37768,6
37770,8
37782,7
37791,3
37802,8
37805,8
37810,8
37812,5
37819,8
37821,1
37823,8
37826,8
37830,6
37836,8
37843,3
37846,6
37847,8
37850,8
37855,6
37856,6
37861,6
37865,8
37866,8
37867,8
37869,1
37874,5
37877,6
37885,4
37886,6
37887,8
37892,8
37895,5
37896,8
37897,1
37899,1
37901,6
37903,8
37909,8
37912,6
37913,1
37920,6
37931,6
37936,8
37941,8
37944,8
37945,8
37949,8
37951,5
37952,1
37962,1
37964,1
37967,4
37970,6
37975,8
37976,2
37988,8
37990,8
37991,8
37993,6
37994,1
37995,8
37996,1
37999,7
38008,6
38011,6
38015,6
38016,8
38018,6
38021,6
38028,8
38029,4
38036,8
38037,5
38041,6
38046,8
38051,8
38054,8
38057,6
38060,8
38062,8
38067,8
38068,5
38073,6
38074,8
38076,7
38077,8
38079,6
38081,8
38083,5
38086,5
38089,6
38092,6
38097,8
38100,8
38103,6
38114,8
38117,6
38119,8
38121,1
38124,5
38129,7
38130,7
38132,8
38137,6
38141,8
38153,6
38154,8
38161,8
38163,1
38168,8
38177,8
38182,6
38183,6
38196,8
38201,2
38214,6
38215,6
38222,8
38236,6
38237,3
38238,8
38251,4
38252,6
38253,5
38255,4
38264,8
38266,8
38267,6
38269,5
38271,5
38272,6
38275,6
38277,2
38282,3
38283,1
38284,6
38288,6
38289,8
38300,8
38302,6
38304,8
38306,1
38307,8
38317,7
38319,5
38328,8
38342,8
38348,8
38354,2
38355,6
38356,6
38358,2
38368,5
38369,3
38396,8
38397,7
38399,8
38403,6
38407,7
38409,1
38412,8
38428,5
38429,6
38433,7
38434,8
38438,2
38465,6
38466,6
38470,7
38471,6
38474,4
38475,1
38484,6
38490,6
38499,6
38503,4
38505,8
38514,8
38516,6
38518,5
38522,1
38523,4
38526,8
38528,8
38530,6
38533,8
38537,8
38538,8
38544,6
38546,3
38555,6
38558,6
38560,6
38566,1
38573,8
38574,4
38576,6
38577,8
38583,6
38586,6
38593,8
38598,6
38601,8
38625,5
38626,8
38637,8
38642,8
38646,6
38649,7
38652,8
38653,8
38654,1
38656,6
38666,2
38667,6
38675,8
38678,8
38681,8
38703,8
38712,6
38715,8
38717,7
38732,8
38733,6
38735,7
38741,1
38746,8
38750,7
38767,2
38773,8
38775,6
38778,8
38779,6
38781,5
38784,7
38792,6
38801,8
38802,4
38811,6
38816,5
38818,3
38820,6
38822,5
38826,8
38838,8
38839,6
38844,1
38845,5
38848,5
38850,8
38851,6
38853,6
38867,8
38871,5
38878,8
38881,7
38883,4
38887,8
38893,8
38895,8
38901,8
38904,6
38917,5
38918,7
38919,2
38922,5
38927,7
38929,8
38942,3
38945,8
38946,6
38951,8
38958,5
38968,4
38971,6
38976,8
38978,8
38987,6
38988,4
38990,5
38991,6
38997,8
38998,8
39002,7
39015,6
39030,4
39031,1
39040,8
39042,8
39047,8
39049,1
39053,6
39060,6
39061,6
39066,7
39071,6
39073,8
39075,5
39076,6
39079,8
39082,5
39084,8
39086,8
39087,1
39090,5
39091,1
39096,8
39099,7
39102,8
39106,6
39108,6
39111,8
39114,6
39115,5
39117,8
39119,5
39123,1
39131,8
39146,5
39148,7
39149,1
39157,8
39160,8
39161,1
39163,8
39164,6
39177,5
39181,8
39186,5
39202,6
39205,8
39207,6
39208,6
39213,5
39217,8
39220,8
39228,5
39229,5
39233,6
39240,5
39244,4
39246,7
39249,8
39255,8
39256,6
39269,6
39274,8
39277,1
39288,7
39289,6
39290,6
39291,5
39293,6
39299,5
39307,6
39308,5
39316,8
39318,8
39319,4
39327,2
39337,3
39339,8
39342,7
39345,8
39353,8
39371,5
39373,5
39375,6
39382,7
39384,2
39387,8
39392,6
39395,1
39396,1
39402,7
39403,1
39406,8
39414,6
39418,2
39426,7
39428,5
39429,5
39432,6
39436,4
39439,8
39449,8
39452,6
39458,6
39460,5
39464,8
39466,6
39467,1
39470,5
39475,6
39476,8
39477,1
39481,7
39486,6
39489,6
39494,8
39496,6
39504,2
39506,4
39507,8
39508,8
39509,6
39514,6
39529,6
39532,8
39536,1
39539,6
39542,4
39545,6
39547,7
39548,5
39552,7
39555,7
39556,7
39557,7
39559,8
39586,2
39589,5
39595,6
39596,7
39597,5
39599,8
39605,1
39612,6
39615,8
39624,6
39626,6
39627,5
39633,8
39638,5
39643,6
39657,6
39659,8
39664,2
39665,8
39669,8
39691,6
39693,5
39698,8
39700,8
39709,8
39712,8
39713,1
39726,1
39730,8
39732,8
39740,8
39742,8
39755,6
39756,5
39759,5
39761,5
39763,6
39764,8
39769,8
39784,5
39786,5
39789,1
39790,1
39796,8
39797,6
39799,8
39802,5
39818,8
39825,8
39826,8
39830,6
39832,8
39833,7
39852,8
39853,7
39860,5
39865,8
39866,6
39867,8
39874,7
39882,7
39889,5
39893,8
39895,4
39898,8
39901,5
39907,8
39908,3
39910,6
39911,1
39924,8
39928,6
39929,8
39937,6
39939,3
39944,6
39948,8
39951,5
39958,6
39959,1
39967,8
39972,8
39975,8
39978,8
40004,6
40016,6
40026,4
40028,8
40036,5
40040,6
40041,7
40042,8
40043,6
40050,6
40052,8
40053,4
40061,8
40063,8
40078,4
40084,8
40085,7
40087,5
40090,6
40091,6
40093,1
40098,1
40099,6
40102,5
40104,8
40109,1
40113,6
40118,7
40122,6
40124,8
40125,1
40127,6
40129,8
40130,5
40131,8
40136,6
40146,6
40150,8
40151,6
40160,8
40162,8
40163,5
40171,6
40173,6
40181,2
40182,2
40184,8
40195,1
40197,6
40198,8
40209,6
40211,5
40212,8
40213,8
40224,6
40228,6
40237,8
40244,8
40250,6
40252,6
40257,6
40258,1
40262,8
40268,2
40273,4
40282,8
40285,1
40286,8
40298,8
40299,8
40311,6
40313,8
40314,8
40316,8
40317,6
40320,2
40327,8
40345,8
40346,6
40348,5
40357,8
40364,8
40367,6
40368,1
40376,6
40377,8
40378,5
40386,8
40388,8
40393,5
40405,2
40406,6
40413,8
40414,6
40415,8
40418,7
40423,1
40427,8
40428,6
40429,5
40432,1
40434,6
40435,6
40442,1
40447,5
40457,8
40458,8
40470,6
40471,6
40472,5
40477,6
40479,7
40483,2
40484,6
40486,6
40488,8
40492,5
40496,6
40498,6
40499,6
40504,1
40513,8
40514,1
40520,6
40523,6
40527,6
40537,8
40538,2
40540,1
40541,1
40548,8
40562,8
40563,8
40569,6
40570,6
40573,6
40574,1
40576,2
40577,6
40579,8
40589,6
40593,8
40599,8
40601,8
40610,7
40616,8
40624,5
40626,8
40630,4
40633,8
40644,7
40658,8
40663,8
40666,1
40673,5
40677,8
40680,8
40684,5
40690,8
40693,8
40702,3
40703,6
40704,8
40707,1
40709,8
40713,6
40723,3
40735,7
40742,6
40745,8
40749,8
40755,2
40762,8
40771,8
40773,8
40779,6
40783,6
40789,6
40791,6
40793,6
40795,8
40801,6
40815,1
40817,8
40822,6
40823,8
40825,6
40828,6
40833,8
40834,8
40847,8
40848,8
40854,8
40858,8
40859,8
40861,1
40864,8
40865,5
40866,7
40867,6
40871,8
40873,1
40881,6
40887,8
40898,6
40902,2
40905,8
40907,6
40908,6
40915,5
40923,5
40928,6
40929,5
40942,8
40947,8
40952,2
40958,6
40959,7
40960,5
40971,8
40979,8
40988,7
40989,8
40991,5
40993,5
41003,5
41006,7
41007,7
41008,6
41009,8
41015,7
41022,6
41023,6
41025,7
41026,6
41029,8
41030,6
41032,8
41036,6
41037,1
41038,8
41046,6
41053,8
41067,1
41069,8
41084,6
41089,6
41091,6
41095,6
41100,5
41102,4
41104,1
41109,1
41113,5
41119,5
41120,1
41126,2
41129,8
41141,2
41142,5
41147,6
41151,8
41155,2
41162,8
41169,6
41170,8
41175,8
41187,7
41190,8
41202,7
41207,8
41208,6
41214,5
41216,8
41218,7
41225,8
41226,8
41233,8
41240,6
41241,8
41242,2
41249,3
41251,8
41253,6
41254,8
41256,1
41259,7
41260,8
41261,6
41265,8
41274,6
41284,8
41296,6
41298,8
41300,8
41302,8
41311,6
41313,8
41314,6
41318,8
41320,7
41333,6
41353,8
41357,6
41360,8
41365,4
41370,8
41372,1
41375,6
41378,1
41379,6
41381,8
41382,6
41385,5
41392,5
41396,8
41406,8
41410,8
41419,6
41420,5
41421,5
41426,1
41429,6
41430,8
41444,6
41450,6
41451,1
41452,8
41454,6
41459,8
41463,8
41464,8
41465,5
41466,8
41467,1
41474,6
41478,8
41485,7
41488,6
41491,5
41503,8
41512,5
41516,1
41521,5
41525,6
41527,7
41531,8
41534,2
41535,6
41538,6
41542,2
41547,6
41548,6
41552,8
41560,6
41561,2
41567,5
41569,7
41578,8
41584,6
41587,4
41590,6
41592,5
41603,5
41608,8
41610,8
41617,6
41621,6
41622,5
41623,8
41626,8
41627,6
41630,8
41631,6
41632,8
41635,6
41647,5
41649,6
41651,8
41652,8
41653,6
41663,6
41670,8
41672,8
41673,8
41676,8
41677,5
41681,4
41685,3
41692,8
41695,7
41699,6
41702,8
41707,6
41708,8
41710,8
41713,8
41716,8
41718,1
41731,6
41735,5
41744,8
41746,6
41753,5
41754,8
41758,8
41759,6
41780,8
41785,4
41787,8
41803,7
41810,6
41812,7
41817,8
41824,8
41829,7
41844,6
41854,1
41855,1
41856,6
41860,8
41868,6
41870,6
41882,6
41885,8
41900,8
41901,5
41906,8
41909,6
41915,1
41923,7
41931,8
41935,6
41939,1
41942,8
41948,8
41950,8
41962,6
41969,8
41974,1
41977,8
41978,1
41980,5
41983,2
41988,6
41992,8
41994,5
41998,2
42003,1
42006,8
42008,5
42009,6
42015,8
42019,8
42020,1
42031,6
42035,5
42036,8
42042,2
42045,6
42049,6
42051,7
42052,8
42054,8
42057,6
42058,6
42059,6
42061,8
42067,1
42070,8
42071,5
42072,6
42076,6
42079,6
42080,8
42084,8
42085,2
42088,8
42089,1
42093,8
42096,5
42102,7
42119,6
42120,8
42121,6
42125,6
42135,8
42138,4
42143,6
42151,8
42156,8
42157,6
42164,5
42166,8
42168,5
42170,8
42175,6
42176,6
42178,8
42187,7
42200,5
42201,2
42204,8
42205,6
42206,8
42210,8
42212,5
42215,8
42219,8
42227,8
42229,8
42231,1
42238,8
42248,5
42250,8
42251,6
42252,1
42256,6
42257,7
42261,8
42278,5
42286,8
42292,8
42297,8
42299,6
42302,8
42307,5
42320,8
42322,6
42324,7
42326,5
42328,6
42329,1
42330,6
42331,1
42333,6
42334,8
42336,6
42340,4
42341,8
42345,2
42347,1
42349,7
42350,6
42354,8
42364,1
42366,6
42372,7
42392,5
42395,3
42400,6
42403,5
42417,6
42422,6
42429,8
42431,5
42432,6
42433,1
42437,6
42440,1
42443,6
42445,8
42447,8
42466,6
42471,5
42476,6
42488,6
42494,6
42502,8
42510,8
42513,8
42514,7
42516,6
42517,8
42521,8
42526,6
42530,8
42539,5
42541,1
42548,8
42549,8
42551,1
42552,5
42577,4
42580,8
42582,8
42589,8
42590,1
42591,6
42596,6
42597,8
42598,8
42600,8
42602,6
42612,2
42615,6
42618,1
42619,8
42620,5
42624,2
42629,6
42630,8
42637,8
42638,7
42642,8
42648,8
42650,6
42655,8
42670,8
42676,6
42679,7
42680,8
42681,8
42686,1
42688,2
42697,6
42700,4
42712,5
42726,6
42729,8
42731,8
42732,6
42735,6
42736,8
42742,8
42744,5
42746,8
42751,8
42756,6
42776,5
42785,1
42786,8
42794,8
42802,5
42806,5
42829,6
42831,4
42833,8
42834,5
42835,2
42837,3
42845,8
42847,5
42848,8
42849,2
42861,6
42864,8
42867,8
42869,7
42877,8
42881,5
42883,6
42886,8
42887,8
42890,1
42892,7
42898,8
42906,6
42908,5
42910,2
42913,2
42915,8
42918,5
42920,8
42921,8
42925,5
42930,3
42936,5
42937,7
42938,7
42940,8
42941,6
42942,6
42946,1
42950,1
42955,8
42957,8
42959,4
42960,1
42962,2
42963,6
42964,1
42965,8
42993,6
43002,8
43003,6
43006,8
43010,8
43012,7
43014,6
43016,1
43023,6
43030,5
43031,6
43032,5
43033,5
43034,8
43035,5
43042,6
43046,6
43048,6
43050,1
43052,6
43059,5
43061,6
43063,5
43066,7
43070,8
43078,6
43080,8
43084,6
43085,8
43087,8
43091,8
43102,1
43103,1
43105,1
43114,5
43117,1
43118,6
43121,8
43125,3
43132,4
43136,5
43138,6
43142,5
43148,2
43155,2
43167,8
43173,8
43186,6
43188,6
43190,2
43191,1
43194,2
43195,8
43196,6
43198,8
43203,8
43207,8
43218,8
43222,8
43226,7
43229,5
43238,6
43248,8
43252,4
43254,5
43257,6
43262,8
43263,8
43271,6
43273,8
43281,8
43285,8
43286,7
43288,8
43298,8
43301,6
43303,2
43306,6
43308,8
43309,7
43312,1
43314,8
43316,7
43320,8
43322,7
43323,8
43332,6
43334,6
43342,8
43343,8
43344,6
43350,5
43352,1
43353,6
43360,5
43361,8
43380,8
43391,8
43398,4
43399,6
43403,6
43407,1
43408,5
43413,6
43424,8
43425,6
43428,8
43429,8
43431,6
43432,8
43437,6
43444,6
43445,8
43446,8
43447,1
43452,7
43459,8
43465,8
43466,8
43470,8
43473,5
43475,8
43476,8
43477,1
43484,1
43488,8
43493,8
43497,6
43498,8
43500,8
43502,5
43504,5
43509,6
43510,8
43515,6
43517,5
43519,1
43520,8
43524,3
43532,1
43534,8
43535,7
43539,8
43540,8
43542,2
43546,8
43552,7
43554,8
43558,8
43570,6
43571,6
43577,8
43579,5
43580,6
43584,8
43595,8
43596,8
43599,5
43600,1
43602,8
43603,8
43605,8
43611,8
43612,6
43613,4
43619,4
43624,6
43626,8
43627,7
43629,8
43633,8
43635,7
43636,8
43641,8
43646,2
43655,7
43656,8
43663,8
43665,8
43668,8
43674,1
43677,6
43680,8
43685,4
43689,6
43692,6
43693,5
43694,6
43701,8
43705,8
43706,8
43710,6
43712,1
43720,8
43723,8
43724,8
43725,5
43736,1
43737,8
43738,3
43741,6
43744,7
43745,7
43751,1
43754,1
43756,8
43760,6
43762,8
43763,8
43765,8
43770,6
43774,8
43777,5
43786,8
43788,8
43790,6
43791,8
43794,6
43807,6
43808,8
43811,8
43813,8
43822,4
43825,8
43826,8
43830,6
43837,8
43839,6
43842,8
43844,5
43845,8
43852,6
43855,8
43866,6
43867,5
43873,8
43874,2
43879,6
43880,8
43890,8
43892,5
43894,1
43897,8
43904,8
43906,8
43908,4
43925,1
43929,5
43936,3
43943,6
43946,6
43948,8
43949,8
43953,8
43955,8
43956,8
43962,7
43963,6
43967,8
43970,6
43971,6
43972,8
43979,5
43981,8
43986,7
43988,5
43989,1
43993,6
43994,8
43996,6
43998,7
43999,8
44002,5
44003,8
44006,8
44007,6
44012,6
44013,8
44014,8
44031,8
44034,8
44038,1
44040,8
44041,8
44044,4
44047,8
44050,1
44056,8
44067,8
44071,6
44075,6
44081,6
44085,5
44087,6
44102,1
44103,8
44106,8
44109,8
44114,6
44119,6
44120,8
44126,8
44132,6
44133,8
44136,2
44137,6
44138,8
44140,1
44145,5
44146,6
44150,6
44159,6
44165,5
44166,8
44168,8
44178,2
44180,5
44183,6
44184,2
44188,8
44200,6
44211,8
44212,5
44213,5
44216,8
44217,6
44221,6
44226,6
44227,8
44230,8
44231,5
44236,1
44241,3
44243,5
44245,8
44252,5
44254,1
44255,8
44256,6
44264,7
44270,6
44272,8
44277,8
44283,8
44286,8
44287,2
44294,6
44297,2
44306,1
44317,8
44319,6
44320,6
44334,8
44337,8
44342,8
44346,6
44348,6
44349,6
44350,6
44352,4
44358,7
44359,5
44361,6
44368,6
44375,1
44381,8
44387,5
44389,8
44398,8
44400,1
44405,8
44413,8
44415,2
44428,6
44429,8
44431,5
44437,8
44439,8
44441,5
44443,7
44454,7
44457,8
44459,5
44466,1
44467,8
44469,8
44471,8
44475,1
44484,8
44494,5
44496,6
44499,8
44500,6
44504,6
44505,8
44506,1
44510,8
44513,6
44515,6
44522,6
44526,8
44531,1
44535,8
44537,1
44538,8
44559,8
44566,1
44569,8
44570,4
44580,8
44582,8
44592,8
44597,5
44599,8
44600,8
44606,1
44609,1
44611,8
44616,1
44620,6
44626,8
44627,5
44629,6
44630,6
44633,5
44635,6
44636,7
44639,8
44644,2
44653,6
44654,5
44655,6
44666,8
44667,1
44669,6
44671,6
44685,8
44687,6
44692,6
44698,5
44707,4
44717,2
44718,6
44722,8
44725,1
44727,5
44728,6
44731,3
44732,5
44736,8
44737,8
44743,8
44747,7
44749,6
44754,6
44756,8
44757,7
44761,8
44764,4
44766,8
44769,8
44771,6
44772,6
44776,6
44790,6
44794,1
44797,8
44798,8
44810,8
44811,5
44818,2
44819,6
44820,1
44827,8
44830,8
44835,6
44839,7
44840,8
44844,6
44856,6
44858,2
44869,8
44870,7
44875,1
44876,4
44877,2
44878,5
44881,6
44895,8
44909,8
44913,5
44915,8
44916,5
44917,1
44918,6
44919,8
44923,8
44933,8
44934,8
44937,6
44938,5
44939,8
44942,8
44943,2
44947,1
44950,6
44968,6
44970,6
44974,6
44982,8
44990,1
44992,6
44994,8
44995,7
44999,6
45003,8
45005,6
45006,6
45008,8
45010,8
45012,5
45013,8
45018,8
45019,1
45025,7
45026,6
45028,4
45029,6
45030,6
45032,8
45038,5
45039,1
45041,1
45045,2
45054,8
45057,6
45061,5
45064,5
45071,1
45076,8
45079,5
45083,4
45084,6
45085,1
45093,6
45095,4
45097,8
45099,6
45101,7
45102,8
45115,6
45119,5
45127,5
45128,2
45138,1
45141,6
45146,7
45151,6
45152,8
45155,8
45158,8
45169,8
45175,1
45183,6
45196,6
45198,8
45199,8
45200,8
45211,2
45213,6
45214,6
45216,8
45227,1
45234,8
45239,4
45240,4
45244,6
45246,7
45248,6
45251,6
45259,7
45263,4
45272,7
45282,6
45291,8
45294,6
45295,4
45301,6
45303,6
45305,6
45319,6
45321,6
45325,2
45333,5
45342,1
45343,6
45344,2
45345,8
45349,8
45350,6
45352,7
45355,6
45356,8
45357,8
45372,7
45373,5
45377,5
45378,6
45381,6
45383,8
45384,8
45389,8
45393,8
45395,8
45399,8
45400,8
45402,6
45408,8
45415,5
45419,8
45422,8
45423,6
45429,8
45431,8
45447,6
45448,5
45449,1
45450,6
45454,6
45456,1
45459,8
45460,5
45464,5
45465,8
45466,8
45467,7
45468,8
45472,2
45479,8
45480,8
45481,5
45496,5
45506,6
45512,8
45516,6
45521,8
45532,8
45534,6
45535,8
45540,8
45542,8
45544,5
45545,6
45550,7
45559,8
45560,5
45568,8
45573,6
45574,6
45575,6
45576,4
45577,7
45585,6
45590,5
45591,8
45593,6
45596,2
45597,5
45600,8
45601,7
45608,4
45611,7
45621,8
45622,1
45624,8
45625,5
45626,6
45630,1
45633,8
45635,6
45638,6
45647,8
45653,8
45654,8
45655,1
45656,6
45658,6
45659,1
45662,5
45663,6
45664,1
45668,6
45677,5
45688,8
45696,8
45701,6
45702,6
45704,6
45705,6
45711,6
45712,8
45713,1
45715,7
45718,7
45727,1
45737,8
45741,8
45744,5
45746,8
45747,5
45748,8
45757,8
45766,6
45768,6
45771,8
45772,1
45774,6
45775,1
45777,8
45778,8
45787,8
45790,8
45791,6
45797,4
45802,8
45804,8
45814,2
45815,5
45816,1
45820,8
45821,6
45823,8
45824,6
45825,2
45826,8
45828,6
45830,5
45834,6
45841,5
45846,5
45847,5
45852,6
45853,8
45859,6
45860,7
45861,8
45862,6
45864,5
45865,7
45866,1
45869,5
45879,6
45880,8
45883,6
45884,5
45890,8
45892,8
45895,6
45897,8
45898,6
45900,6
45903,6
45904,2
45910,8
45922,6
45923,6
45928,8
45936,6
45938,6
45944,3
45945,6
45948,6
45951,1
45952,8
45957,8
45968,6
45970,5
45972,8
45975,8
45976,6
45977,8
45985,6
45986,7
45987,7
45988,1
46003,6
46006,6
46008,8
46011,6
46021,1
46039,6
46041,2
46044,8
46047,8
46050,6
46063,5
46064,1
46075,6
46076,7
46083,8
46084,8
46086,6
46087,1
46089,5
46093,8
46094,8
46095,6
46101,6
46106,8
46110,8
46112,8
46117,6
46122,2
46125,2
46128,7
46132,8
46134,6
46155,6
46159,1
46164,8
46165,7
46168,8
46176,1
46177,8
46181,6
46182,6
46187,5
46188,8
46192,1
46193,8
46194,8
46196,6
46202,7
46204,4
46208,8
46210,4
46211,4
46212,6
46215,8
46218,5
46223,1
46226,6
46228,1
46232,5
46233,8
46235,6
46236,4
46243,6
46244,4
46247,8
46256,2
46259,1
46260,5
46265,8
46266,4
46269,8
46272,6
46276,7
46295,4
46305,8
46308,5
46322,6
46325,5
46329,1
46335,8
46337,8
46343,6
46351,5
46352,8
46353,8
46358,6
46363,6
46371,8
46372,6
46373,6
46379,1
46381,6
46386,1
46388,7
46389,6
46391,8
46398,5
46404,5
46406,8
46420,6
46422,8
46429,1
46432,6
46436,8
46437,2
46439,8
46440,5
46445,8
46455,8
46460,6
46466,1
46467,8
46478,8
46480,1
46494,8
46502,5
46504,6
46513,8
46517,8
46519,8
46520,6
46521,6
46524,8
46525,6
46527,6
46532,1
46534,7
46541,8
46544,8
46547,8
46549,8
46550,6
46558,5
46560,5
46562,8
46563,7
46564,1
46580,5
46583,8
46586,8
46593,6
46594,5
46595,6
46601,7
46604,8
46611,8
46613,5
46621,6
46626,6
46631,6
46633,5
46644,8
46646,8
46650,7
46658,6
46660,2
46663,6
46664,8
46666,7
46668,6
46669,8
46672,8
46673,6
46674,8
46678,2
46683,8
46686,6
46692,8
46694,8
46699,6
46701,8
46707,8
46711,8
46719,6
46722,1
46727,2
46731,5
46733,6
46736,7
46744,6
46753,8
46765,8
46767,8
46773,6
46782,1
46794,6
46795,6
46797,1
46808,6
46809,6
46813,8
46821,8
46826,5
46830,3
46838,5
46840,7
46841,8
46842,6
46844,8
46847,8
46848,6
46849,8
46852,7
46861,8
46864,5
46870,5
46874,6
46876,8
46881,6
46884,5
46887,5
46891,8
46892,7
46893,8
46897,8
46901,6
46903,1
46907,6
46910,4
46913,1
46914,8
46918,8
46919,8
46920,8
46923,8
46928,8
46931,1
46934,8
46938,8
46941,6
46949,8
46957,5
46965,1
46970,8
46972,7
46973,8
46974,7
46982,4
46983,8
46984,8
46985,8
46994,6
46996,1
46997,1
47021,6
47029,6
47034,8
47039,2
47043,1
47044,8
47050,8
47064,5
47070,8
47075,8
47080,8
47082,7
47083,8
47091,5
47096,6
47102,2
47105,6
47109,6
47110,7
47111,6
47115,8
47118,2
47119,8
47126,4
47128,6
47129,8
47133,8
47136,5
47158,6
47160,5
47166,2
47177,8
47186,5
47200,5
47203,6
47210,5
47212,6
47213,7
47217,8
47218,8
47219,6
47222,8
47231,8
47235,6
47239,8
47243,8
47244,8
47250,4
47257,6
47264,8
47265,2
47268,8
47270,6
47274,6
47275,8
47277,8
47282,8
47286,8
47295,1
47296,6
47303,8
47304,8
47305,4
47310,7
47312,6
47315,8
47320,6
47326,6
47332,6
47333,8
47334,5
47337,7
47340,5
47360,8
47362,8
47364,2
47365,6
47366,5
47367,6
47369,7
47381,5
47382,6
47383,6
47384,6
47388,1
47390,8
47392,6
47393,6
47395,8
47397,6
47402,6
47405,6
47411,8
47413,8
47414,8
47417,3
47421,8
47429,6
47432,7
47433,7
47465,1
47469,6
47472,8
47473,2
47474,5
47486,1
47495,1
47503,7
47509,6
47513,8
47517,8
47520,8
47525,8
47531,8
47536,8
47543,8
47549,1
47560,8
47563,5
47564,6
47565,8
47566,8
47568,8
47569,6
47573,5
47580,5
47584,7
47585,8
47586,4
47587,6
47588,8
47590,8
47593,1
47595,6
47596,7
47597,7
47599,6
47601,1
47603,6
47611,6
47628,4
47629,6
47633,8
47636,6
47641,1
47642,6
47643,6
47647,2
47651,8
47657,6
47660,8
47669,6
47671,3
47673,8
47674,5
47678,8
47680,6
47682,5
47689,1
47692,7
47693,1
47694,6
47697,8
47699,6
47704,5
47708,8
47721,6
47725,8
47727,8
47729,8
47737,8
47739,1
47740,8
47741,6
47745,5
47747,6
47754,6
47757,8
47771,8
47774,1
47781,8
47783,1
47788,8
47789,8
47798,6
47802,7
47803,1
47808,8
47810,8
47811,8
47813,2
47814,8
47819,5
47822,8
47823,8
47828,8
47832,2
47836,6
47844,6
47847,8
47853,5
47858,6
47862,2
47863,8
47864,7
47867,8
47874,8
47876,2
47881,1
47886,5
47890,6
47891,5
47892,8
47894,6
47903,6
47906,6
47913,8
47914,8
47920,8
47925,8
47926,6
47934,8
47938,2
47939,8
47942,7
47947,6
47948,2
47953,6
47957,8
47958,5
47959,6
47962,2
47964,5
47968,8
47969,5
47992,6
47998,7
48011,6
48016,5
48017,7
48021,5
48022,7
48023,3
48025,8
48031,1
48032,8
48033,3
48037,6
48039,7
48054,5
48057,2
48063,1
48065,8
48066,5
48068,6
48072,6
48075,8
48078,6
48079,3
48081,5
48082,3
48084,7
48085,8
48086,8
48089,8
48092,5
48095,6
48096,8
48097,6
48103,5
48112,8
48113,5
48120,5
48121,8
48125,1
48131,3
48133,8
48136,7
48141,1
48144,8
48149,5
48156,8
48161,6
48162,6
48169,8
48170,4
48171,2
48172,6
48174,7
48178,7
48181,1
48184,8
48185,8
48190,1
48192,5
48197,1
48206,8
48216,7
48217,8
48222,8
48223,8
48226,1
48228,1
48231,2
48240,8
48241,6
48243,2
48254,5
48258,2
48264,6
48265,7
48267,8
48269,6
48273,8
48279,6
48288,2
48293,8
48294,8
48296,8
48300,2
48305,6
48307,6
48310,6
48311,8
48316,8
48320,5
48330,5
48331,8
48332,6
48335,6
48336,5
48342,6
48360,8
48362,6
48365,8
48368,5
48372,1
48380,6
48381,5
48382,6
48383,8
48391,6
48392,8
48401,6
48403,8
48405,6
48418,5
48419,8
48420,6
48424,1
48425,8
48426,8
48427,1
48428,8
48430,4
48433,6
48441,8
48445,8
48457,6
48458,8
48461,1
48464,6
48472,8
48480,7
48483,3
48491,1
48496,7
48498,5
48506,7
48507,5
48518,5
48520,6
48522,8
48526,1
48527,8
48537,5
48543,4
48549,6
48555,8
48556,4
48563,7
48564,6
48570,8
48571,2
48575,6
48582,5
48595,1
48600,1
48603,6
48604,8
48611,8
48613,8
48621,1
48622,2
48625,6
48627,8
48640,6
48646,6
48648,7
48649,6
48651,8
48654,7
48655,8
48657,4
48661,6
48668,8
48669,6
48677,6
48680,1
48681,5
48683,8
48684,8
48686,8
48693,8
48696,8
48700,1
48706,7
48710,1
48712,6
48716,1
48717,5
48719,8
48720,6
48723,8
48725,5
48727,8
48736,6
48744,6
48750,8
48751,8
48753,4
48756,8
48757,6
48759,2
48760,7
48774,1
48778,8
48779,5
48782,5
48789,1
48790,8
48794,8
48801,6
48802,8
48807,5
48808,6
48810,7
48814,8
48817,6
48818,6
48820,8
48821,7
48832,6
48839,2
48849,5
48853,8
48860,7
48865,1
48866,8
48879,5
48880,8
48890,8
48892,6
48895,8
48897,6
48900,8
48902,8
48907,6
48909,7
48911,8
48923,8
48925,1
48927,5
48936,8
48947,2
48950,8
48955,8
48962,6
48976,6
48977,1
48986,5
48999,8
49005,8
49007,5
49010,8
49011,7
49012,8
49014,1
49015,8
49016,6
49023,8
49024,7
49032,8
49036,6
49037,7
49045,6
49051,6
49052,8
49057,2
49059,6
49062,6
49072,5
49078,8
49084,8
49088,5
49093,8
49094,6
49100,6
49104,8
49109,3
49120,6
49123,4
49124,8
49128,8
49131,2
49140,1
49142,8
49146,5
49148,8
49153,8
49155,8
49166,8
49167,1
49170,8
49174,2
49178,6
49183,6
49185,8
49187,8
49191,8
49206,8
49210,8
49213,8
49215,6
49218,8
49229,8
49232,6
49235,8
49241,4
49247,1
49253,8
49255,6
49257,6
49259,1
49261,8
49263,8
49275,8
49276,6
49277,5
49283,6
49290,6
49293,8
49295,8
49296,1
49297,5
49303,6
49305,1
49307,8
49313,8
49315,8
49317,8
49319,8
49321,6
49326,8
49331,8
49332,8
49333,6
49340,7
49347,5
49349,5
49350,8
49352,6
49356,1
49357,5
49359,8
49360,8
49365,6
49368,1
49371,6
49372,1
49378,8
49385,8
49392,1
49393,6
49395,8
49396,1
49398,8
49400,8
49404,6
49411,6
49414,6
49415,6
49424,1
49430,6
49432,8
49433,5
49435,6
49439,8
49441,8
49444,6
49447,8
49448,6
49449,6
49455,6
49457,6
49460,8
49469,6
49472,8
49473,5
49483,6
49486,6
49491,6
49504,8
49509,5
49515,6
49519,8
49531,8
49539,6
49545,8
49548,1
49552,4
49560,8
49561,3
49564,6
49565,7
49573,8
49574,6
49577,7
49578,6
49579,6
49582,3
49583,8
49589,4
49590,5
49591,6
49592,8
49604,7
49611,7
49626,8
49629,1
49631,8
49635,8
49636,1
49641,5
49645,8
49647,8
49662,8
49664,1
49670,1
49676,8
49679,5
49682,4
49685,5
49698,6
49703,5
49704,8
49708,5
49712,8
49715,5
49718,8
49725,8
49727,6
49730,8
49735,6
49745,2
49749,7
49761,8
49766,2
49767,8
49771,8
49780,6
49785,8
49789,1
49791,5
49795,5
49800,5
49817,8
49824,8
49825,8
49829,6
49830,7
49831,1
49834,8
49839,7
49840,6
49843,5
49854,5
49855,7
49856,5
49857,6
49859,6
49861,6
49864,6
49867,8
49873,8
49874,8
49880,6
49881,1
49893,4
49898,8
49912,8
49916,7
49925,1
49929,6
49938,1
49945,6
49948,7
49953,6
49958,7
49960,8
49963,6
49964,2
49966,5
49969,8
49970,8
49973,5
49974,2
49975,1
49977,5
49978,8
49981,5
49982,5
49988,3
49993,8
50000,6
50001,6
50002,6
50005,6
50011,6
50024,2
50025,6
50027,6
50034,1
50036,1
50040,8
50041,8
50053,8
50063,6
50064,8
50065,6
50068,6
50069,8
50071,2
50072,1
50076,5
50078,8
50079,8
50090,2
50097,8
50104,8
50105,8
50106,6
50108,1
50109,8
50110,4
50114,1
50119,5
50121,8
50124,8
50126,7
50128,8
50132,3
50136,1
50138,8
50139,5
50140,5
50141,8
50145,8
50151,8
50152,5
50153,6
50154,5
50156,7
50157,6
50158,6
50168,8
50173,7
50174,8
50176,8
50181,7
50192,8
50198,8
50199,6
50201,1
50202,8
50204,6
50220,6
50221,4
50231,6
50236,1
50239,8
50240,5
50241,5
50245,1
50247,5
50249,6
50250,8
50261,6
50264,8
50280,7
50286,1
50293,6
50302,8
50305,6
50318,4
50320,8
50325,8
50326,8
50331,1
50333,8
50341,5
50344,8
50345,2
50346,8
50347,7
50348,2
50350,6
50352,1
50361,7
50364,8
50367,1
50371,4
50375,8
50377,8
50402,8
50405,1
50406,4
50409,5
50413,3
50416,8
50418,5
50437,1
50451,2
50454,8
50457,5
50460,3
50461,2
50463,1
50467,6
50471,8
50476,8
50480,5
50491,8
50496,3
50502,8
50507,1
50509,1
50512,8
50514,6
50519,8
50521,1
50524,5
50532,8
50546,8
50547,6
50548,1
50550,6
50552,1
50562,3
50575,6
50577,8
50580,5
50584,7
50591,5
50594,2
50604,6
50607,6
50610,1
50619,6
50624,8
50628,8
50629,6
50633,6
50635,8
50636,6
50639,8
50643,7
50644,8
50646,7
50647,6
50649,8
50654,6
50658,2
50664,8
50667,8
50671,1
50673,8
50675,7
50676,8
50678,1
50681,8
50684,5
50690,6
50692,4
50697,2
50699,8
50700,4
50701,6
50704,6
50705,8
50708,6
50710,5
50713,8
50722,6
50724,8
50730,8
50733,8
50746,6
50747,6
50750,8
50755,2
50760,7
50766,6
50770,1
50773,8
50777,6
50793,6
50803,1
50804,8
50806,2
50807,5
50809,6
50814,5
50820,8
50826,6
50835,2
50838,8
50840,7
50849,1
50852,1
50855,1
50859,7
50860,5
50861,1
50866,6
50867,8
50870,6
50872,8
50876,8
50882,8
50883,8
50887,6
50893,8
50896,6
50900,8
50903,8
50905,6
50907,6
50911,4
50913,1
50920,8
50924,8
50927,8
50931,1
50939,5
50940,6
50941,5
50943,5
50946,6
50949,1
50952,8
50966,6
50967,5
50971,8
50984,5
50988,8
50992,8
50994,8
50995,1
50998,1
51004,8
51005,5
51007,6
51009,8
51014,8
51018,6
51020,6
51024,8
51030,6
51033,1
51036,8
51037,8
51044,8
51049,6
51050,1
51058,6
51059,6
51060,1
51062,6
51070,6
51071,8
51072,7
51083,8
51085,5
51086,7
51091,6
51100,6
51101,8
51105,6
51108,8
51109,8
51114,2
51116,5
51134,5
51135,8
51136,8
51137,8
51142,8
51158,7
51159,6
51162,5
51168,8
51169,6
51172,6
51174,3
51177,8
51179,5
51184,5
51186,8
51191,5
51192,8
51193,8
51201,7
51202,8
51207,1
51208,6
51210,5
51215,5
51217,8
51219,5
51220,8
51227,3
51229,6
51231,6
51240,7
51244,8
51246,8
51248,8
51251,6
51254,8
51256,8
51262,6
51274,5
51282,7
51283,5
51284,1
51286,1
51295,6
51296,8
51298,6
51299,6
51301,8
51302,6
51303,7
51305,8
51313,7
51319,6
51323,8
51329,8
51336,8
51342,6
51345,8
51357,6
51362,8
51365,5
51371,8
51373,6
51382,8
51386,1
51388,8
51389,1
51390,6
51396,4
51398,8
51401,2
51422,6
51428,7
51440,8
51441,7
51447,5
51448,8
51449,8
51464,8
51469,1
51479,8
51480,6
51483,1
51494,6
51496,8
51498,7
51504,1
51506,6
51507,6
51509,8
51511,6
51512,6
51513,5
51517,5
51521,5
51523,6
51525,8
51537,8
51541,6
51547,6
51551,6
51557,5
51559,1
51563,7
51569,4
51572,7
51577,5
51578,8
51580,6
51586,5
51595,6
51598,2
51599,1
51609,3
51613,7
51615,1
51616,6
51634,8
51635,8
51639,8
51640,6
51645,2
51650,8
51659,2
51661,2
51663,8
51666,5
51673,6
51677,8
51678,6
51681,1
51684,5
51685,6
51688,8
51695,8
51696,6
51698,5
51702,6
51704,5
51707,8
51709,6
51710,1
51717,5
51726,8
51727,5
51733,1
51735,5
51736,8
51742,8
51751,5
51764,8
51766,8
51769,8
51772,8
51774,5
51779,7
51787,7
51789,5
51790,6
51795,4
51801,6
51802,2
51806,8
51808,6
51815,6
51816,6
51817,1
51819,8
51825,5
51827,1
51838,7
51840,3
51842,5
51843,8
51844,5
51848,8
51850,5
51852,6
51853,8
51854,8
51857,1
51862,5
51863,5
51865,8
51866,7
51867,6
51868,1
51874,5
51875,8
51876,8
51880,2
51884,7
51891,7
51893,8
51902,6
51904,1
51908,5
51910,1
51912,6
51936,6
51941,6
51943,8
51945,6
51949,7
51954,5
51956,6
51959,8
51964,6
51970,6
51973,1
51977,6
51984,4
51986,5
51987,1
51992,6
51994,1
51996,1
51997,6
51999,5
52005,8
52009,8
52015,6
52018,6
52027,8
52031,6
52032,6
52036,5
52037,8
52045,1
52047,6
52053,8
52054,8
52058,8
52060,8
52062,7
52063,8
52064,5
52066,8
52071,8
52074,7
52076,8
52093,8
52095,6
52103,6
52106,8
52119,6
52127,8
52143,8
52148,8
52155,7
52164,1
52167,1
52168,7
52176,8
52179,6
52181,1
52182,6
52184,6
52187,8
52189,6
52195,6
52199,7
52201,4
52204,8
52206,6
52207,5
52219,8
52222,8
52225,8
52226,7
52237,8
52238,1
52239,6
52241,4
52245,8
52246,6
52249,8
52252,1
52255,1
52257,2
52259,6
52264,8
52268,4
52272,8
52274,1
52279,8
52282,8
52283,6
52285,1
52286,8
52299,1
52303,6
52310,8
52321,8
52322,6
52326,6
52331,8
52332,8
52338,6
52340,6
52351,8
52357,6
52360,1
52371,8
52372,8
52373,5
52374,5
52380,4
52387,8
52388,8
52401,7
52408,1
52411,8
52412,8
52414,8
52418,8
52420,8
52424,8
52437,8
52441,2
52443,8
52446,1
52447,6
52454,6
52455,8
52456,5
52459,8
52478,6
52480,7
52489,7
52490,8
52491,8
52500,7
52504,8
52506,8
52508,8
52511,8
52512,6
52514,6
52515,8
52516,2
52518,5
52519,6
52523,6
52531,5
52533,7
52534,1
52535,7
52536,6
52539,8
52544,8
52547,8
52548,6
52550,6
52554,2
52557,8
52559,6
52561,5
52565,2
52567,6
52571,8
52574,6
52575,1
52582,5
52589,8
52590,6
52597,8
52599,7
52600,1
52601,5
52603,6
52606,1
52608,2
52609,7
52610,8
52611,8
52618,8
52623,6
52626,8
52630,6
52634,5
52635,8
52639,8
52650,5
52653,1
52655,6
52659,5
52662,6
52672,6
52673,6
52679,8
52680,8
52689,6
52699,6
52701,6
52704,8
52706,5
52709,7
52713,6
52720,8
52723,6
52725,8
52732,6
52734,7
52735,6
52747,8
52748,5
52750,2
52751,7
52758,8
52760,2
52768,7
52769,6
52771,5
52776,8
52778,8
52779,8
52781,6
52784,7
52788,8
52791,6
52793,6
52800,2
52801,4
52802,6
52803,6
52804,4
52805,8
52806,7
52812,8
52816,6
52818,8
52826,8
52836,1
52837,8
52839,6
52840,5
52841,6
52843,6
52844,6
52854,6
52856,8
52857,8
52860,7
52878,8
52879,8
52880,1
52883,7
52885,6
52888,6
52889,8
52894,4
52898,7
52905,5
52908,6
52913,8
52915,8
52916,6
52917,6
52921,8
52922,6
52932,6
52937,8
52938,1
52940,5
52951,6
52953,8
52956,5
52961,6
52969,8
52976,8
52982,7
52984,8
52985,6
52992,8
53004,6
53008,6
53012,8
53022,8
53025,5
53028,5
53029,1
53030,2
53031,8
53032,4
53044,8
53046,8
53059,8
53060,4
53062,5
53066,8
53071,8
53072,6
53076,2
53081,7
53084,6
53089,8
53090,1
53092,5
53095,8
53096,7
53097,6
53104,5
53113,1
53116,8
53117,8
53119,8
53123,6
53128,6
53132,1
53137,6
53138,8
53143,8
53144,8
53152,8
53154,8
53158,8
53159,8
53166,5
53170,8
53172,6
53177,8
53178,1
53179,8
53187,8
53189,8
53190,5
53196,6
53199,6
53202,6
53210,8
53214,5
53224,6
53226,4
53238,6
53245,6
53247,2
53253,6
53255,8
53257,1
53261,8
53263,8
53265,5
53267,5
53279,5
53288,5
53289,7
53293,5
53294,8
53300,6
53301,8
53312,8
53316,1
53318,2
53320,6
53322,6
53323,8
53324,8
53332,2
53334,5
53336,6
53340,1
53342,5
53344,5
53346,5
53347,1
53354,6
53369,4
53379,8
53380,1
53384,4
53387,8
53388,8
53394,8
53397,5
53400,8
53403,8
53408,6
53410,8
53412,6
53419,8
53420,6
53427,6
53432,8
53433,8
53436,8
53438,6
53443,8
53450,6
53452,4
53457,6
53465,4
53467,7
53468,8
53478,6
53480,7
53484,6
53485,5
53490,7
53497,8
53505,6
53508,8
53511,6
53513,2
53517,6
53518,8
53520,6
53521,2
53522,7
53523,2
53529,5
53533,6
53537,6
53538,8
53545,8
53546,8
53549,5
53553,8
53554,3
53561,8
53564,1
53573,2
53575,6
53582,2
53584,1
53586,8
53589,8
53595,8
53601,8
53602,8
53614,1
53620,6
53621,2
53622,6
53626,2
53627,5
53628,8
53635,8
53643,6
53647,5
53649,5
53658,1
53659,8
53660,8
53663,6
53666,8
53672,7
53675,2
53676,6
53680,6
53681,7
53686,6
53692,8
53695,8
53703,1
53705,6
53706,4
53710,2
53711,1
53716,1
53727,1
53734,1
53735,8
53736,4
53738,8
53740,2
53743,8
53744,8
53745,8
53752,6
53753,6
53757,8
53766,8
53779,6
53780,8
53785,7
53787,8
53789,6
53792,8
53794,8
53795,6
53796,8
53797,8
53809,8
53816,6
53820,6
53826,8
53827,1
53838,1
53839,8
53842,7
53850,8
53852,5
53856,5
53857,6
53860,8
53861,8
53862,5
53869,1
53872,1
53879,6
53884,1
53888,8
53890,8
53891,5
53893,6
53895,8
53898,8
53899,6
53902,6
53904,7
53911,4
53912,2
53917,6
53921,2
53924,8
53926,2
53933,7
53935,2
53936,8
53939,5
53943,8
53948,6
53949,7
53955,8
53957,6
53958,5
53959,8
53963,5
53964,4
53973,5
53974,5
53977,5
53979,6
53982,5
53985,6
53992,7
53995,8
53996,7
53998,4
54004,8
54008,7
54009,6
54021,7
54026,8
54028,7
54029,3
54047,6
54048,5
54052,8
54053,5
54059,6
54062,6
54065,7
54071,6
54079,8
54080,2
54084,1
54085,6
54087,6
54088,8
54094,5
54095,8
54106,6
54113,8
54114,8
54115,6
54118,7
54125,8
54128,6
54129,5
54139,5
54146,8
54149,6
54157,2
54159,6
54160,2
54162,5
54163,8
54166,2
54169,6
54170,6
54172,8
54174,5
54177,6
54178,2
54180,7
54191,8
54194,5
54196,5
54198,5
54205,1
54206,8
54213,6
54216,8
54227,8
54231,8
54235,1
54236,4
54239,6
54240,8
54245,2
54247,8
54250,5
54258,8
54260,4
54261,8
54262,6
54263,8
54268,8
54269,1
54270,8
54272,8
54279,4
54280,1
54287,1
54291,8
54298,7
54301,2
54302,6
54313,8
54315,6
54320,1
54328,8
54332,8
54333,5
54334,8
54341,7
54352,8
54356,7
54377,3
54387,8
54390,8
54391,6
54393,8
54398,8
54406,7
54408,8
54409,1
54411,8
54413,6
54426,6
54428,5
54430,2
54434,8
54437,5
54438,1
54439,1
54440,8
54441,4
54447,6
54451,8
54454,8
54458,8
54466,5
54467,8
54473,1
54474,8
54477,5
54478,1
54481,3
54485,5
54491,8
54492,8
54498,8
54502,5
54505,6
54508,6
54509,6
54517,6
54518,2
54524,8
54525,7
54530,7
54536,6
54537,7
54544,7
54551,1
54553,8
54557,6
54558,1
54560,8
54563,6
54564,8
54571,8
54578,5
54582,5
54595,1
54596,8
54598,1
54600,8
54604,6
54609,6
54611,5
54612,8
54618,8
54619,8
54621,8
54623,8
54626,8
54628,6
54637,8
54639,5
54641,1
54643,6
54654,6
54656,6
54657,6
54658,2
54666,5
54678,8
54683,8
54691,8
54694,6
54695,6
54701,8
54705,8
54711,1
54714,6
54722,5
54726,8
54732,6
54733,8
54737,8
54738,8
54739,6
54745,1
54746,8
54750,5
54752,8
54756,8
54757,7
54758,2
54761,1
54763,6
54773,8
54782,8
54783,1
54796,7
54800,7
54810,8
54813,7
54815,4
54822,6
54830,6
54831,5
54832,8
54833,8
54835,8
54846,8
54849,5
54850,8
54866,8
54878,8
54879,2
54888,7
54889,4
54890,5
54892,8
54907,5
54913,8
54923,5
54924,1
54925,5
54927,8
54928,6
54931,6
54937,1
54945,7
54947,6
54948,8
54951,8
54952,8
54955,8
54957,8
54967,6
54970,8
54972,1
54974,4
54975,4
54985,6
54989,6
54992,6
54997,6
54999,5
55000,4
55004,8
55007,6
55014,6
55019,8
55020,6
55024,6
55026,6
55029,2
55030,6
55042,6
55046,6
55049,8
55051,8
55053,8
55057,6
55060,5
55065,8
55066,1
55079,5
55081,6
55085,8
55087,6
55088,8
55106,6
55108,8
55112,7
55115,8
55119,8
55120,8
55121,6
55123,6
55126,5
55127,4
55128,8
55129,7
55130,6
55132,5
55136,5
55137,8
55138,8
55143,8
55144,8
55147,2
55153,6
55158,6
55159,5
55162,7
55173,8
55176,8
55177,8
55179,8
55185,2
55190,8
55196,6
55199,2
55200,8
55206,1
55208,6
55209,6
55220,8
55221,8
55224,6
55229,6
55232,8
55246,7
55252,7
55263,8
55270,8
55275,8
55276,8
55279,6
55280,6
55287,8
55295,6
55296,6
55301,6
55302,1
55315,6
55318,5
55322,1
55325,1
55333,2
55337,6
55339,1
55340,1
55343,6
55347,1
55358,6
55361,8
55367,1
55372,7
55381,8
55382,1
55383,1
55392,1
55395,5
55398,8
55401,7
55404,6
55406,8
55416,5
55417,6
55420,8
55439,1
55442,6
55445,8
55452,1
55453,7
55455,8
55458,8
55461,8
55475,5
55478,6
55484,7
55488,8
55490,8
55491,5
55493,2
55499,6
55501,8
55502,6
55513,6
55525,6
55529,6
55531,2
55545,6
55551,8
55562,8
55569,8
55577,8
55580,1
55586,5
55593,6
55596,5
55599,8
55601,6
55602,8
55604,8
55608,6
55610,6
55611,8
55616,6
55618,8
55622,6
55623,8
55625,8
55636,8
55643,8
55650,2
55657,7
55658,6
55661,5
55665,2
55668,2
55673,1
55675,6
55677,8
55678,8
55688,5
55692,6
55695,8
55701,6
55703,5
55704,8
55706,6
55707,7
55709,2
55710,7
55713,7
55717,6
55725,5
55731,8
55735,6
55742,8
55744,8
55745,2
55746,8
55747,8
55748,8
55753,1
55754,8
55759,6
55763,8
55771,6
55776,6
55780,8
55784,8
55785,8
55790,5
55791,8
55792,8
55798,6
55800,7
55801,5
55806,7
55808,1
55810,6
55812,8
55818,8
55823,6
55834,8
55835,6
55838,6
55842,8
55843,8
55850,8
55853,8
55854,5
55855,8
55856,4
55857,8
55859,2
55860,5
55863,6
55865,8
55867,6
55872,6
55877,8
55879,5
55880,6
55884,3
55891,8
55892,6
55893,8
55906,6
55911,2
55912,6
55921,8
55929,8
55930,6
55931,8
55932,8
55942,8
55943,8
55944,8
55948,6
55951,6
55954,7
55957,6
55967,2
55968,1
55969,1
55976,5
55978,6
55982,1
55988,8
55993,7
55997,1
56001,6
56003,8
56004,6
56012,8
56015,2
56020,5
56022,8
56025,6
56026,6
56030,1
56035,1
56036,8
56044,8
56048,5
56050,3
56052,8
56053,8
56055,8
56057,8
56058,8
56064,8
56067,8
56068,8
56089,7
56091,6
56096,6
56104,8
56107,8
56111,6
56115,8
56118,7
56120,8
56126,8
56128,5
56130,8
56132,6
56133,1
56138,5
56146,7
56151,8
56155,1
56158,5
56159,8
56160,1
56161,1
56162,8
56164,6
56165,6
56168,8
56171,8
56176,8
56182,5
56183,8
56185,6
56186,8
56188,8
56189,6
56199,8
56201,5
56202,2
56207,1
56216,2
56218,2
56224,1
56227,5
56230,6
56233,8
56236,8
56238,6
56241,8
56242,6
56248,6
56253,8
56254,7
56257,8
56259,8
56260,8
56262,7
56264,6
56266,6
56268,8
56271,1
56278,6
56280,8
56281,8
56284,2
56285,4
56286,3
56287,6
56288,2
56289,6
56290,8
56300,7
56304,1
56311,8
56316,8
56328,6
56330,8
56332,8
56339,2
56343,1
56347,6
56348,6
56349,5
56354,7
56357,6
56368,7
56370,2
56371,8
56387,5
56392,6
56395,1
56397,6
56399,8
56404,1
56408,1
56410,6
56420,8
56423,8
56424,8
56428,6
56431,7
56433,6
56441,6
56442,8
56443,1
56447,6
56450,7
56451,6
56454,1
56457,1
56459,8
56461,8
56462,1
56463,8
56471,5
56480,1
56485,8
56489,6
56496,4
56497,5
56501,5
56512,6
56520,6
56522,8
56523,5
56527,8
56528,8
56529,2
56542,8
56543,5
56544,8
56545,5
56557,6
56561,1
56565,1
56567,4
56570,8
56577,8
56579,5
56581,8
56582,6
56586,2
56593,3
56594,8
56601,6
56604,5
56605,8
56611,7
56614,5
56619,6
56620,2
56624,8
56626,6
56627,5
56631,2
56632,7
56639,8
56642,6
56649,4
56658,7
56661,5
56662,7
56664,8
56665,8
56668,1
56680,8
56682,7
56684,4
56685,6
56686,6
56688,6
56692,6
56702,6
56709,6
56711,8
56712,2
56719,6
56722,6
56723,1
56724,5
56725,1
56731,2
56735,8
56750,5
56755,7
56762,4
56765,8
56767,4
56770,8
56771,8
56772,7
56773,3
56775,6
56785,7
56786,6
56788,8
56790,5
56793,2
56795,8
56797,8
56804,8
56809,8
56810,2
56819,8
56822,8
56823,8
56829,5
56833,2
56836,5
56842,4
56845,6
56846,8
56851,6
56853,8
56854,8
56857,6
56859,5
56866,5
56867,6
56868,1
56869,8
56872,7
56877,8
56880,8
56892,8
56899,6
56900,6
56910,8
56911,5
56915,6
56916,5
56918,8
56925,8
56929,2
56931,6
56932,8
56937,5
56945,1
56947,8
56948,8
56950,6
56954,1
56956,7
56959,6
56963,8
56965,5
56973,1
56975,8
56976,4
56977,5
56991,2
56995,1
57000,1
57004,1
57007,6
57011,6
57017,1
57018,8
57028,6
57038,8
57044,2
57050,8
57057,6
57058,8
57061,6
57064,8
57066,3
57069,8
57071,6
57072,6
57078,6
57080,7
57084,8
57091,8
57092,6
57095,8
57097,8
57108,6
57110,8
57112,6
57114,6
57116,8
57117,4
57118,8
57123,6
57124,8
57125,4
57126,1
57128,5
57130,5
57139,4
57140,8
57143,5
57149,6
57156,5
57157,6
57162,5
57163,4
57169,6
57170,8
57173,8
57177,8
57178,5
57184,6
57188,1
57193,5
57198,1
57201,8
57202,8
57218,1
57234,6
57243,8
57244,8
57246,5
57248,2
57256,8
57258,8
57279,1
57283,6
57293,6
57297,2
57312,8
57316,6
57319,2
57322,5
57323,1
57327,2
57332,6
57344,6
57345,8
57347,7
57352,8
57353,6
57356,2
57363,5
57366,6
57368,4
57369,6
57377,1
57379,6
57381,6
57388,7
57390,8
57399,1
57403,2
57405,4
57406,5
57411,8
57416,6
57422,6
57431,4
57435,3
57440,8
57442,7
57446,5
57450,8
57452,8
57453,6
57455,7
57458,1
57465,8
57468,8
57471,8
57474,2
57483,1
57485,1
57488,6
57489,4
57494,2
57497,8
57498,3
57500,5
57504,6
57510,7
57512,1
57515,8
57517,7
57519,8
57529,8
57530,7
57549,6
57552,8
57556,7
57559,1
57560,4
57562,6
57566,8
57577,8
57578,8
57579,8
57584,6
57588,4
57591,6
57592,5
57601,5
57603,8
57605,7
57606,6
57608,8
57611,6
57615,1
57618,7
57623,1
57627,6
57629,6
57630,8
57632,8
57635,2
57641,8
57642,6
57643,8
57645,6
57646,6
57653,6
57656,8
57669,7
57672,8
57675,8
57681,8
57692,8
57698,8
57699,8
57702,8
57703,5
57704,6
57706,3
57713,2
57714,1
57723,1
57725,7
57730,6
57737,8
57744,6
57745,8
57747,1
57750,8
57751,6
57752,6
57755,8
57760,6
57761,8
57764,1
57769,6
57770,8
57772,1
57774,6
57775,6
57776,6
57792,6
57795,6
57798,8
57799,6
57800,5
57801,6
57803,6
57811,8
57812,5
57813,5
57816,7
57822,8
57825,7
57828,1
57833,7
57838,1
57850,8
57854,8
57859,2
57869,6
57873,5
57878,7
57889,5
57891,8
57896,5
57898,8
57900,5
57904,8
57905,1
57914,3
57918,1
57921,8
57927,6
57930,2
57938,8
57939,8
57951,8
57958,4
57962,4
57963,8
57966,7
57975,7
57976,6
57982,8
57986,7
57987,8
57989,6
57993,6
57994,5
58003,6
58012,1
58016,2
58022,5
58026,8
58030,8
58037,7
58039,8
58045,4
58048,6
58051,8
58052,5
58054,8
58057,8
58058,8
58059,6
58060,8
58064,8
58074,1
58077,6
58083,8
58086,6
58090,5
58094,8
58101,8
58103,2
58104,8
58111,8
58112,8
58116,8
58117,8
58118,8
58124,7
58132,8
58136,8
58137,8
58142,1
58151,2
58156,5
58160,8
58162,8
58166,8
58170,1
58172,8
58176,5
58180,6
58185,7
58189,2
58192,1
58194,6
58196,5
58197,1
58198,6
58200,8
58202,8
58203,6
58217,8
58218,2
58219,5
58228,8
58238,2
58239,8
58241,5
58243,1
58251,8
58263,8
58264,6
58265,7
58266,8
58267,2
58270,6
58282,5
58283,5
58284,1
58285,8
58287,6
58291,2
58293,7
58294,1
58297,1
58300,1
58302,6
58304,5
58307,8
58308,5
58309,6
58312,8
58313,8
58314,6
58316,8
58322,8
58324,8
58325,8
58326,5
58328,6
58333,1
58334,6
58335,8
58338,8
58348,6
58351,6
58353,8
58354,1
58355,5
58357,8
58364,8
58368,2
58369,8
58380,6
58386,6
58389,6
58399,8
58401,6
58402,1
58407,8
58410,8
58411,5
58415,2
58416,6
58421,2
58433,6
58435,5
58436,8
58443,1
58446,6
58450,8
58451,7
58467,5
58469,6
58472,1
58485,6
58486,8
58487,8
58497,5
58507,5
58515,2
58526,6
58531,8
58533,8
58541,1
58542,6
58549,8
58551,8
58556,8
58557,6
58560,8
58565,8
58571,2
58576,6
58581,6
58583,8
58589,5
58591,6
58598,3
58605,8
58609,8
58611,6
58614,6
58615,8
58624,6
58628,8
58629,6
58633,8
58634,2
58641,6
58646,6
58649,2
58650,8
58654,8
58655,1
58658,8
58660,8
58664,1
58669,6
58672,1
58678,8
58680,8
58682,8
58683,1
58690,8
58693,8
58698,6
58702,8
58703,6
58705,8
58707,3
58709,6
58721,8
58723,6
58728,1
58729,2
58730,1
58731,7
58732,8
58733,6
58736,1
58739,8
58750,6
58752,8
58754,1
58756,5
58765,8
58774,8
58777,6
58780,5
58790,5
58795,3
58801,7
58802,5
58806,5
58810,8
58812,6
58814,1
58817,5
58818,5
58828,6
58841,8
58843,4
58845,5
58848,8
58854,6
58858,8
58861,8
58863,8
58864,6
58866,8
58879,8
58882,8
58892,3
58894,6
58899,1
58904,8
58906,2
58921,6
58925,1
58928,6
58934,6
58940,6
58943,8
58947,8
58952,8
58953,8
58955,8
58956,1
58965,5
58966,2
58969,8
58986,5
58992,6
59002,8
59006,8
59009,3
59010,7
59012,1
59016,8
59021,5
59029,8
59030,1
59034,8
59039,1
59040,8
59042,8
59045,8
59050,3
59052,6
59062,8
59063,1
59069,8
59071,6
59073,6
59081,8
59082,1
59084,2
59091,8
59092,1
59094,8
59098,8
59099,7
59103,8
59112,6
59114,8
59115,2
59122,8
59123,1
59124,6
59127,6
59128,1
59131,7
59132,4
59135,8
59147,6
59154,2
59163,5
59164,1
59173,8
59182,8
59186,8
59188,5
59189,5
59195,5
59198,6
59200,2
59203,8
59204,8
59209,8
59217,2
59227,3
59231,4
59233,6
59234,1
59241,1
59242,6
59244,6
59246,6
59252,4
59254,5
59256,6
59258,8
59260,6
59266,2
59268,6
59273,8
59276,5
59277,1
59290,5
59298,6
59299,8
59301,8
59302,8
59308,7
59309,2
59310,6
59313,8
59315,7
59323,8
59328,8
59340,8
59343,1
59346,6
59350,5
59358,6
59359,8
59362,6
59363,1
59371,5
59376,8
59378,5
59383,2
59385,6
59388,1
59400,2
59401,8
59405,8
59406,8
59410,6
59411,8
59413,1
59420,8
59421,8
59423,8
59432,6
59435,6
59438,5
59444,8
59445,8
59446,5
59448,6
59450,2
59453,8
59455,8
59459,6
59463,6
59464,8
59466,4
59475,8
59478,8
59483,6
59484,6
59485,7
59490,6
59493,6
59499,5
59501,8
59508,8
59517,2
59523,8
59524,7
59525,8
59531,6
59534,8
59537,8
59541,6
59551,8
59552,8
59554,6
59555,8
59557,6
59558,6
59559,6
59560,8
59568,2
59570,7
59571,5
59572,8
59587,8
59591,1
59592,8
59593,1
59601,3
59605,7
59607,5
59608,6
59610,8
59613,8
59614,8
59618,6
59620,8
59621,6
59627,6
59629,6
59636,6
59645,8
59650,8
59653,5
59655,1
59656,3
59660,6
59670,6
59671,6
59676,8
59684,5
59687,1
59690,8
59694,6
59695,8
59696,8
59702,1
59705,7
59708,6
59710,1
59716,8
59722,3
59723,6
59725,6
59729,5
59739,6
59741,6
59745,8
59746,8
59747,7
59749,6
59751,1
59754,1
59758,5
59764,5
59765,6
59768,8
59770,6
59773,6
59775,8
59776,8
59778,6
59782,5
59785,5
59787,8
59788,8
59790,6
59793,6
59795,8
59798,6
59800,1
59805,8
59817,7
59821,8
59825,6
59829,6
59833,6
59835,8
59836,8
59838,5
59846,6
59851,2
59852,6
59859,2
59862,6
59866,6
59869,6
59874,7
59881,2
59887,1
59888,1
59890,6
59899,6
59908,7
59910,8
59916,8
59924,8
59926,1
59934,6
59940,6
59941,8
59951,6
59952,8
59966,8
59969,6
59973,6
59983,8
59986,6
59988,6
59992,1
60001,7
60006,8
60009,2
60010,6
60016,6
60021,1
60023,8
60024,8
60025,8
60032,2
60033,8
60041,5
60044,8
60046,2
60047,6
60048,6
60049,6
60052,7
60056,8
60061,1
60064,8
60069,6
60072,8
60073,4
60074,7
60079,2
60080,6
60084,8
60094,7
60098,2
60102,7
60108,6
60112,8
60116,7
60117,6
60121,8
60124,6
60126,6
60128,8
60138,8
60139,6
60140,6
60143,5
60147,5
60149,6
60153,6
60157,6
60162,6
60163,6
60166,7
60185,6
60197,6
60200,1
60201,5
60202,6
60204,5
60205,6
60207,8
60219,6
60223,5
60227,8
60230,5
60238,3
60245,8
60257,8
60261,6
60263,7
60266,7
60270,6
60271,1
60278,6
60282,7
60285,8
60289,8
60291,1
60292,5
60295,1
60300,2
60302,8
60305,8
60309,8
60311,5
60314,8
60322,6
60326,6
60328,5
60329,2
60331,8
60332,8
60333,6
60338,7
60344,8
60347,6
60355,6
60356,6
60358,1
60359,6
60360,7
60361,1
60363,8
60365,1
60368,8
60371,8
60373,6
60377,4
60380,6
60381,5
60382,7
60389,8
60392,8
60393,1
60395,8
60399,8
60403,3
60410,6
60411,2
60413,5
60419,8
60421,6
60424,8
60432,5
60436,6
60437,7
60446,6
60450,8
60454,7
60461,5
60462,8
60464,7
60465,2
60469,1
60473,8
60474,6
60484,6
60485,5
60493,1
60494,6
60495,1
60497,6
60498,6
60499,8
60500,2
60501,8
60509,8
60513,1
60514,3
60516,8
60517,6
60521,8
60525,8
60530,6
60532,6
60537,8
60539,7
60540,1
60546,8
60549,6
60552,5
60553,8
60559,1
60564,6
60568,8
60581,8
60587,5
60588,8
60589,1
60596,5
60597,7
60600,1
60609,8
60615,5
60621,6
60627,7
60646,1
60647,8
60649,5
60654,5
60656,8
60660,8
60662,2
60666,8
60667,1
60673,6
60682,6
60689,6
60697,8
60699,8
60700,5
60706,5
60709,8
60710,8
60720,8
60721,3
60723,6
60728,8
60735,8
60738,8
60739,8
60742,8
60743,6
60746,8
60747,6
60748,8
60752,6
60756,6
60758,6
60759,8
60760,8
60761,5
60773,8
60775,8
60778,8
60779,4
60780,6
60786,4
60798,6
60802,6
60803,3
60810,8
60816,1
60824,6
60828,7
60829,8
60831,5
60834,7
60842,1
60843,1
60849,6
60859,1
60863,8
60864,6
60867,7
60869,6
60871,6
60872,6
60877,8
60878,8
60883,4
60886,8
60888,5
60892,5
60893,8
60894,6
60896,8
60900,6
60912,6
60913,2
60921,8
60926,1
60928,6
60935,7
60938,8
60944,3
60945,5
60946,5
60947,6
60949,8
60957,5
60960,8
60961,8
60967,8
60975,6
60983,6
60989,5
60992,6
60994,8
60999,8
61000,8
61002,8
61010,6
61014,6
61018,8
61020,8
61021,5
61025,8
61027,7
61028,2
61031,5
61033,6
61036,5
61037,1
61040,6
61044,6
61050,6
61051,8
61052,6
61053,8
61060,1
61065,8
61066,7
61072,7
61074,1
61077,3
61081,8
61082,8
61091,6
61092,5
61094,5
61095,4
61099,4
61107,8
61115,5
61123,4
61140,8
61142,6
61147,8
61154,3
61156,8
61159,7
61161,8
61166,5
61174,6
61175,5
61181,8
61183,5
61184,7
61190,1
61194,8
61196,6
61198,8
61200,6
61204,6
61219,1
61220,8
61221,8
61224,6
61227,7
61229,8
61230,8
61234,1
61235,2
61242,8
61243,6
61244,8
61246,8
61248,6
61258,6
61264,2
61274,5
61277,1
61280,1
61300,6
61306,8
61308,7
61312,8
61315,8
61319,8
61330,1
61338,6
61339,8
61347,6
61348,8
61349,8
61357,8
61358,6
61373,8
61374,1
61376,1
61378,7
61380,8
61385,6
61388,7
61397,7
61398,8
61409,6
61420,1
61424,6
61436,2
61437,6
61440,6
61443,5
61445,4
61446,8
61448,8
61450,6
61455,1
61456,8
61462,8
61463,7
61464,8
61472,8
61479,6
61485,6
61506,1
61507,8
61510,8
61511,5
61517,1
61519,2
61522,5
61523,6
61524,1
61534,6
61535,6
61542,5
61546,8
61548,8
61551,6
61555,8
61557,5
61560,6
61563,6
61567,8
61568,6
61569,6
61570,8
61576,3
61579,6
61580,8
61581,8
61583,6
61585,5
61586,6
61588,8
61606,6
61608,8
61612,5
61614,8
61618,1
61621,1
61628,1
61634,8
61638,2
61640,5
61646,8
61652,6
61653,8
61660,6
61665,1
61666,1
61669,5
61676,6
61693,2
61695,1
61696,2
61699,5
61700,2
61702,6
61716,2
61721,6
61725,1
61729,6
61733,8
61739,2
61740,6
61741,8
61743,8
61748,6
61749,1
61750,6
61753,8
61755,5
61757,5
61758,4
61762,6
61764,6
61765,6
61766,2
61769,8
61771,1
61775,8
61776,5
61779,8
61781,6
61792,8
61793,5
61795,6
61797,5
61799,7
61801,6
61810,4
61811,8
61814,8
61815,8
61816,8
61817,5
61818,1
61821,6
61825,1
61827,8
61833,8
61834,6
61839,8
61848,1
61850,5
61852,8
61858,6
61862,5
61874,6
61881,6
61897,6
61902,8
61904,1
61906,8
61912,2
61915,5
61917,8
61925,6
61926,8
61929,6
61932,6
61933,6
61934,5
61945,6
61947,8
61948,1
61952,6
61960,8
61963,6
61966,7
61969,2
61970,5
61971,7
61972,6
61974,6
61979,8
61985,7
61987,8
61989,8
61992,7
61998,1
61999,8
62003,6
62004,8
62005,8
62010,5
62012,5
62014,8
62018,8
62024,7
62030,1
62032,4
62034,8
62049,8
62052,6
62054,5
62055,8
62057,1
62059,6
62061,6
62065,1
62066,4
62067,5
62069,2
62077,8
62078,8
62087,5
62089,6
62091,5
62096,6
62102,8
62103,8
62104,8
62106,5
62107,6
62109,2
62110,5
62113,8
62114,6
62119,5
62120,8
62122,8
62123,8
62124,8
62125,7
62127,1
62142,1
62145,7
62148,8
62155,5
62158,5
62162,1
62165,5
62168,5
62172,8
62174,8
62178,8
62181,8
62193,8
62198,1
62209,7
62211,4
62212,8
62223,6
62233,8
62242,6
62244,6
62247,8
62248,6
62252,8
62254,6
62258,8
62265,6
62270,1
62271,5
62274,6
62283,8
62290,6
62293,6
62295,5
62297,8
62301,6
62304,4
62309,4
62312,6
62313,8
62319,8
62321,5
62330,8
62336,5
62337,6
62339,8
62343,2
62346,8
62350,6
62351,5
62353,8
62368,8
62370,5
62375,6
62381,1
62386,6
62389,8
62396,6
62400,7
62403,8
62408,6
62412,8
62413,7
62419,5
62427,8
62435,6
62436,6
62440,2
62443,7
62449,8
62451,8
62457,8
62458,8
62459,6
62460,7
62461,8
62462,5
62474,4
62478,1
62481,8
62484,7
62487,8
62492,8
62494,8
62495,8
62496,5
62505,6
62507,8
62511,5
62514,6
62518,5
62519,2
62521,2
62530,5
62531,6
62534,8
62539,1
62542,8
62544,8
62546,8
62547,7
62551,6
62555,6
62556,8
62557,8
62566,6
62567,1
62568,8
62572,6
62574,8
62575,6
62576,8
62577,3
62579,8
62580,6
62582,1
62584,2
62587,8
62594,8
62596,2
62597,6
62598,6
62604,7
62606,8
62607,8
62608,8
62612,8
62613,5
62614,6
62615,8
62623,8
62625,6
62626,6
62627,6
62628,8
62630,1
62631,8
62634,5
62635,8
62638,7
62639,7
62641,8
62645,8
62653,4
62657,6
62659,6
62660,4
62665,6
62668,7
62669,1
62671,7
62676,8
62677,8
62685,6
62689,8
62701,5
62705,6
62706,8
62708,6
62712,8
62716,1
62719,6
62723,8
62729,8
62731,8
62738,1
62741,1
62742,1
62743,8
62748,2
62751,6
62755,6
62756,5
62760,7
62761,3
62768,1
62769,1
62773,1
62780,1
62785,5
62788,6
62795,8
62798,6
62802,6
62803,8
62805,8
62812,6
62825,7
62828,8
62830,5
62832,8
62834,7
62840,1
62843,7
62846,8
62848,8
62851,1
62852,5
62853,8
62858,6
62859,6
62860,2
62862,8
62866,8
62869,8
62874,6
62876,8
62878,2
62883,8
62887,4
62893,5
62894,8
62899,8
62903,8
62909,8
62916,8
62919,5
62932,8
62936,6
62938,8
62940,8
62946,8
62947,1
62956,2
62959,8
62965,5
62968,8
62971,2
62976,8
62989,8
62997,8
62999,8
63002,2
63007,8
63008,8
63030,5
63033,6
63034,5
63039,5
63044,5
63049,6
63051,8
63052,8
63056,8
63057,2
63063,8
63064,6
63066,8
63075,8
63078,8
63084,5
63093,5
63094,8
63095,6
63099,8
63105,8
63107,8
63108,6
63109,5
63113,8
63120,5
63122,4
63123,8
63125,3
63126,2
63135,8
63139,8
63145,8
63146,1
63149,8
63151,7
63160,1
63165,1
63168,8
63170,8
63171,2
63174,5
63177,8
63186,2
63190,1
63191,8
63192,8
63195,6
63198,8
63206,5
63209,5
63214,8
63218,8
63220,7
63221,6
63222,2
63223,8
63224,6
63228,6
63231,5
63235,8
63238,5
63242,2
63246,8
63252,6
63253,8
63259,6
63260,4
63261,8
63262,6
63265,8
63268,8
63269,6
63270,8
63275,8
63276,6
63280,4
63285,5
63291,8
63293,8
63295,8
63298,7
63299,5
63308,8
63309,6
63310,5
63312,5
63319,2
63320,6
63327,1
63328,6
63336,4
63337,8
63338,3
63341,8
63344,8
63356,8
63361,6
63365,6
63367,6
63370,8
63375,6
63376,8
63379,8
63380,8
63386,8
63396,6
63402,6
63405,8
63406,7
63409,6
63413,8
63415,4
63419,8
63423,8
63425,6
63426,6
63427,4
63428,6
63434,8
63436,8
63437,8
63441,5
63442,8
63443,8
63448,8
63449,5
63450,6
63452,6
63458,8
63463,1
63465,1
63471,2
63473,2
63478,6
63482,6
63485,1
63489,6
63491,8
63492,8
63497,8
63498,1
63500,6
63502,6
63505,8
63512,8
63515,1
63519,8
63527,1
63533,5
63543,6
63544,5
63547,8
63553,8
63555,5
63556,8
63557,6
63562,8
63567,3
63568,6
63570,5
63571,6
63574,6
63576,6
63586,5
63590,8
63595,8
63596,8
63600,8
63603,6
63610,7
63617,1
63630,6
63633,8
63641,8
63646,5
63658,2
63663,8
63665,6
63666,8
63667,6
63668,8
63670,8
63674,8
63677,8
63686,7
63689,8
63691,5
63695,7
63710,6
63713,8
63714,6
63715,6
63722,6
63724,1
63725,7
63731,6
63732,8
63734,8
63736,6
63737,6
63739,8
63755,8
63756,8
63763,2
63767,6
63772,3
63781,8
63783,8
63788,1
63797,1
63801,4
63804,6
63807,6
63811,8
63812,1
63815,8
63816,6
63830,1
63834,2
63837,4
63845,2
63847,8
63848,6
63849,6
63855,7
63857,5
63860,2
63869,6
63874,8
63875,5
63878,6
63879,2
63880,7
63890,8
63892,4
63893,6
63897,6
63901,5
63902,6
63912,7
63918,7
63927,7
63930,6
63935,6
63936,6
63939,8
63941,7
63945,6
63960,5
63961,5
63963,5
63970,5
63972,2
63974,6
63989,8
63996,8
63999,2
64006,8
64008,8
64009,8
64017,8
64027,6
64028,5
64033,2
64036,6
64037,6
64041,8
64042,8
64045,8
64050,6
64052,6
64055,4
64058,1
64059,6
64066,8
64070,6
64077,8
64083,8
64084,8
64088,8
64091,8
64093,2
64095,8
64096,1
64098,8
64099,5
64100,1
64102,1
64103,1
64107,5
64110,8
64113,8
64118,5
64127,1
64134,8
64144,7
64147,6
64149,7
64153,1
64157,3
64158,5
64168,8
64169,6
64173,8
64178,7
64181,8
64186,4
64196,6
64197,4
64198,6
64208,8
64209,8
64211,8
64218,8
64219,6
64229,6
64230,5
64243,1
64246,8
64252,8
64257,8
64258,6
64261,7
64265,1
64274,6
64276,8
64279,8
64281,8
64296,4
64297,7
64302,6
64303,8
64307,7
64309,2
64310,8
64312,5
64313,6
64314,5
64322,8
64331,5
64337,8
64341,8
64353,8
64354,8
64357,8
64366,1
64377,1
64379,1
64382,8
64388,6
64394,8
64399,4
64400,8
64403,5
64404,6
64407,5
64412,6
64414,4
64415,6
64418,6
64419,5
64421,1
64426,8
64429,5
64438,8
64440,8
64454,7
64455,5
64459,6
64461,5
64467,6
64471,8
64473,8
64477,6
64479,8
64487,8
64497,8
64498,8
64500,1
64504,1
64507,8
64513,8
64514,8
64518,6
64519,6
64521,8
64524,8
64528,6
64533,8
64534,8
64536,8
64547,6
64549,7
64564,8
64565,8
64569,8
64576,8
64581,8
64582,4
64590,8
64600,7
64602,6
64606,1
64609,8
64610,3
64615,6
64617,8
64618,7
64622,6
64625,5
64627,6
64628,6
64630,6
64648,8
64650,2
64651,8
64653,7
64658,7
64664,6
64670,5
64676,5
64679,6
64686,4
64689,8
64696,5
64705,8
64706,1
64720,8
64722,8
64723,8
64729,8
64739,2
64749,8
64751,7
64757,1
64758,1
64767,8
64768,8
64779,8
64781,6
64782,7
64783,6
64784,8
64785,7
64788,5
64793,8
64796,6
64800,1
64801,4
64802,6
64816,8
64817,8
64823,1
64827,6
64832,5
64841,5
64843,6
64848,6
64849,8
64850,4
64853,5
64857,8
64864,6
64865,6
64866,7
64875,7
64880,3
64881,1
64884,5
64887,5
64893,6
64894,2
64901,1
64902,8
64905,7
64908,7
64918,6
64923,8
64925,8
64932,5
64934,6
64936,6
64938,8
64939,8
64941,6
64944,4
64951,6
64955,6
64957,6
64961,2
64965,6
64966,5
64970,8
64971,8
64975,8
64982,8
64985,1
64986,1
64987,6
64988,8
64997,6
64999,6
65000,8
65002,8
65003,7
65004,8
65008,1
65009,7
65011,8
65028,6
65032,6
65035,1
65036,2
65038,5
65043,3
65047,1
65051,8
65055,8
65061,5
65063,6
65067,1
65068,8
65071,1
65073,5
65074,8
65076,8
65077,8
65082,6
65084,6
65086,8
65087,4
65096,8
65103,5
65105,8
65107,6
65109,8
65111,6
65113,6
65114,8
65117,8
65123,1
65124,8
65131,5
65135,8
65137,2
65143,8
65144,7
65149,5
65151,8
65152,8
65154,6
65157,8
65158,6
65162,7
65168,8
65169,8
65170,8
65172,6
65177,5
65178,8
65180,4
65188,8
65189,8
65191,6
65193,8
65194,8
65197,6
65202,8
65204,8
65220,1
65221,7
65222,6
65225,1
65229,8
65230,6
65231,4
65234,8
65242,6
65250,2
65255,5
65258,6
65269,8
65273,6
65276,8
65288,6
65294,5
65298,6
65303,8
65308,5
65317,8
65319,1
65320,7
65323,2
65324,6
65327,8
65329,2
65331,7
65332,8
65333,8
65336,6
65339,8
65341,8
65342,6
65346,8
65352,1
65356,8
65357,7
65359,6
65360,6
65363,1
65365,1
65374,6
65378,8
65381,8
65391,6
65394,8
65395,7
65400,8
65402,5
65409,6
65411,8
65417,1
65422,5
65423,6
65430,6
65434,6
65437,1
65438,5
65439,5
65441,8
65442,7
65443,8
65452,6
65455,6
65456,7
65459,1
65461,2
65463,6
65465,2
65477,7
65481,8
65482,1
65484,8
65486,8
65488,2
65489,8
65491,6
65495,8
65503,8
65509,5
65510,8
65511,8
65516,5
65519,1
65530,8
65546,8
65549,6
65550,8
65556,8
65559,5
65563,6
65564,8
65568,5
65570,1
65573,1
65582,5
65589,6
65594,8
65596,6
65602,5
65604,6
65615,8
65618,6
65621,6
65626,8
65627,6
65629,8
65631,2
65641,7
65648,8
65651,2
65652,8
65654,5
65664,8
65666,1
65672,6
65675,1
65676,8
65683,8
65686,6
65690,5
65691,8
65699,6
65703,6
65704,4
65705,2
65713,1
65724,6
65725,8
65733,6
65738,8
65739,6
65741,8
65749,8
65751,6
65752,6
65759,8
65765,6
65768,8
65770,1
65772,8
65782,2
65783,6
65789,8
65792,6
65796,8
65807,7
65815,8
65818,7
65819,5
65822,7
65829,1
65830,8
65831,7
65832,8
65837,1
65838,1
65840,6
65842,8
65844,5
65851,8
65856,6
65862,1
65866,6
65868,6
65869,1
65877,6
65880,8
65884,5
65886,8
65888,1
65892,8
65893,8
65897,8
65903,1
65904,8
65906,8
65908,6
65910,3
65914,2
65916,7
65923,2
65936,6
65945,5
65950,5
65953,8
65954,5
65955,8
65957,8
65967,8
65973,8
65976,1
65977,6
65980,6
65985,3
65987,6
65992,6
65997,8
65998,1
66006,6
66007,6
66011,6
66012,8
66014,6
66017,2
66018,1
66019,5
66020,5
66023,6
66024,8
66025,1
66030,1
66033,8
66040,6
66047,7
66050,5
66052,8
66058,4
66062,7
66067,8
66070,1
66074,6
66075,1
66078,8
66082,6
66086,6
66091,8
66096,6
66100,6
66109,6
66112,5
66113,8
66114,6
66118,8
66123,6
66130,8
66141,6
66142,6
66149,8
66151,8
66152,6
66155,1
66162,8
66164,8
66166,5
66167,8
66168,6
66170,8
66173,8
66179,8
66183,8
66188,8
66193,8
66194,8
66195,8
66196,1
66198,1
66205,1
66210,4
66220,7
66221,5
66222,8
66228,7
66231,6
66233,5
66234,1
66235,3
66237,2
66242,6
66245,6
66246,8
66248,6
66251,6
66255,5
66261,1
66262,2
66263,8
66266,1
66279,8
66292,6
66293,8
66295,6
66298,6
66302,5
66303,1
66307,5
66318,8
66319,6
66349,8
66352,5
66357,2
66358,1
66359,5
66360,6
66364,6
66365,6
66368,5
66376,8
66380,8
66384,6
66393,2
66394,6
66404,8
66406,8
66408,4
66409,6
66410,8
66412,8
66428,5
66434,7
66435,5
66442,5
66445,6
66451,7
66453,8
66455,8
66457,8
66461,5
66465,8
66470,6
66474,8
66484,8
66489,6
66492,1
66496,8
66498,5
66504,8
66506,8
66508,8
66514,8
66519,6
66523,8
66527,1
66533,7
66535,6
66539,8
66547,1
66552,6
66560,1
66564,6
66571,5
66574,5
66576,6
66578,2
66579,6
66580,8
66582,8
66586,6
66596,1
66600,8
66604,8
66617,6
66620,8
66622,6
66624,6
66630,7
66631,8
66633,2
66636,1
66639,8
66643,5
66657,2
66658,6
66663,6
66665,8
66666,1
66671,1
66675,8
66679,1
66680,6
66697,6
66704,8
66705,8
66708,6
66734,8
66735,8
66738,5
66741,8
66747,8
66748,6
66749,4
66750,6
66751,8
66754,1
66756,5
66764,7
66766,1
66767,8
66769,6
66771,8
66773,5
66778,6
66782,5
66794,8
66801,8
66808,6
66815,6
66825,6
66829,6
66832,1
66845,6
66848,8
66853,5
66860,6
66866,7
66875,6
66879,8
66882,6
66887,8
66889,8
66896,8
66903,2
66906,5
66911,6
66912,6
66913,4
66914,8
66915,6
66918,6
66924,8
66925,8
66932,7
66936,7
66939,6
66940,6
66944,8
66957,8
66958,5
66961,6
66969,8
66970,8
66973,8
66975,1
66976,6
66980,1
66985,8
66986,8
66992,8
66995,7
66996,5
66999,6
67000,8
67009,8
67011,8
67012,5
67022,8
67026,6
67029,7
67035,6
67046,8
67047,7
67050,6
67053,6
67062,6
67063,8
67065,8
67066,5
67072,5
67076,7
67081,5
67083,8
67085,8
67086,8
67090,8
67097,2
67099,7
67100,6
67102,8
67110,2
67120,8
67121,3
67122,8
67132,1
67144,8
67147,8
67155,5
67161,6
67162,6
67167,2
67169,4
67172,1
67174,6
67177,6
67185,7
67187,8
67197,1
67210,8
67212,8
67215,5
67218,8
67220,1
67222,8
67223,8
67234,5
67239,8
67240,6
67241,8
67246,8
67249,1
67252,6
67253,8
67257,6
67258,5
67261,5
67267,6
67274,8
67280,6
67282,8
67286,6
67288,1
67292,8
67300,7
67301,8
67304,6
67316,8
67320,6
67323,8
67329,8
67330,8
67332,8
67334,8
67335,6
67338,7
67344,6
67346,5
67348,8
67351,7
67352,8
67360,7
67373,1
67374,8
67377,8
67379,6
67380,8
67385,8
67387,4
67397,8
67398,7
67401,8
67404,8
67408,6
67419,8
67430,8
67437,8
67440,8
67444,6
67453,8
67455,6
67465,5
67468,6
67472,8
67478,8
67479,5
67497,1
67507,1
67530,8
67532,6
67537,8
67540,8
67541,8
67550,1
67560,8
67564,1
67570,7
67572,8
67576,5
67585,6
67587,8
67594,8
67597,8
67598,5
67600,7
67601,8
67608,8
67614,6
67615,7
67617,1
67618,6
67620,2
67622,7
67625,5
67628,5
67629,7
67638,8
67641,8
67644,5
67650,1
67652,1
67653,8
67660,8
67661,8
67666,6
67667,6
67669,1
67670,5
67671,3
67682,6
67684,6
67690,6
67701,7
67704,8
67705,6
67714,8
67716,2
67720,6
67723,5
67724,8
67725,6
67727,6
67736,7
67738,1
67741,2
67744,6
67746,7
67748,8
67751,8
67758,5
67769,5
67778,8
67781,6
67797,2
67798,6
67801,1
67803,6
67805,8
67810,1
67811,8
67813,8
67820,8
67823,6
67824,7
67827,1
67834,5
67835,8
67838,8
67839,5
67840,8
67841,8
67843,6
67845,6
67847,8
67853,8
67855,6
67861,8
67862,5
67863,8
67866,7
67868,5
67878,5
67885,5
67887,4
67890,1
67891,6
67896,8
67899,6
67910,8
67914,5
67915,8
67919,5
67922,1
67925,6
67926,1
67929,6
67931,5
67932,1
67933,8
67934,1
67940,1
67941,6
67942,8
67943,8
67945,8
67946,7
67948,8
67956,6
67958,5
67960,6
67963,6
67964,8
67965,6
67966,1
67967,5
67977,4
67983,1
67985,1
68007,8
68009,1
68011,5
68012,8
68017,5
68018,1
68019,8
68022,6
68023,6
68028,8
68033,8
68034,6
68041,8
68044,2
68051,8
68062,6
68065,8
68069,8
68070,1
68074,7
68078,2
68085,6
68087,6
68090,8
68092,7
68099,8
68101,1
68110,3
68112,6
68113,5
68115,6
68125,8
68126,6
68129,8
68136,6
68139,7
68141,8
68146,1
68152,1
68160,8
68161,6
68162,4
68163,6
68168,8
68174,8
68176,8
68186,6
68189,6
68195,7
68196,2
68200,8
68202,8
68207,8
68213,8
68219,8
68221,5
68231,8
68234,6
68235,6
68239,6
68241,6
68244,4
68249,7
68252,8
68260,6
68264,7
68267,6
68273,2
68276,6
68279,6
68281,8
68289,8
68290,8
68294,5
68298,2
68307,6
68311,5
68315,6
68318,1
68320,7
68322,8
68324,8
68327,7
68333,6
68334,8
68336,8
68337,5
68347,6
68356,1
68360,8
68363,6
68364,6
68374,6
68377,5
68380,6
68382,8
68383,6
68386,5
68388,1
68389,8
68396,5
68405,8
68412,2
68422,5
68423,2
68429,3
68437,8
68445,6
68449,2
68455,5
68458,7
68466,1
68469,6
68479,8
68480,6
68485,5
68494,6
68496,8
68499,8
68509,1
68513,6
68521,6
68524,6
68533,2
68536,5
68537,6
68542,8
68544,2
68546,6
68549,8
68556,1
68557,8
68559,8
68562,8
68563,5
68567,8
68571,8
68572,8
68575,8
68576,8
68577,6
68580,8
68581,2
68587,5
68590,7
68597,8
68603,6
68605,8
68611,6
68614,1
68618,7
68630,1
68636,8
68637,1
68639,8
68646,1
68648,4
68653,7
68655,8
68657,8
68676,8
68679,8
68684,5
68701,6
68703,2
68704,6
68711,1
68716,8
68718,2
68723,8
68729,8
68731,8
68732,1
68740,5
68753,5
68754,1
68762,6
68770,6
68771,7
68773,7
68781,5
68782,8
68785,8
68789,8
68791,6
68792,7
68796,8
68808,6
68810,5
68812,8
68820,8
68821,6
68824,8
68825,3
68832,6
68838,6
68839,6
68840,1
68841,6
68848,4
68849,1
68852,6
68854,1
68855,5
68857,6
68858,6
68863,8
68864,8
68865,8
68867,8
68871,8
68874,6
68875,6
68878,8
68881,8
68894,2
68895,1
68902,8
68908,8
68911,8
68914,6
68916,8
68918,4
68919,6
68920,3
68940,3
68947,5
68948,8
68961,5
68962,8
68969,8
68973,8
68976,5
68985,8
68986,8
68987,5
68993,7
68996,8
69004,6
69005,8
69010,8
69011,2
69012,6
69013,6
69015,6
69024,5
69029,8
69030,8
69031,5
69033,8
69037,8
69039,2
69040,6
69045,5
69046,6
69048,6
69052,1
69060,8
69062,8
69064,6
69065,1
69071,2
69078,8
69080,1
69089,6
69094,3
69095,5
69097,6
69100,6
69108,8
69116,6
69119,6
69122,5
69128,6
69130,8
69135,8
69139,8
69143,6
69146,1
69151,8
69161,8
69163,1
69167,6
69168,8
69170,2
69173,8
69181,6
69184,6
69191,6
69194,6
69195,8
69197,8
69201,6
69204,6
69213,6
69217,8
69219,8
69242,6
69251,8
69254,7
69255,6
69268,6
69270,7
69273,8
69279,8
69280,8
69281,8
69289,8
69293,6
69294,3
69295,7
69297,6
69307,6
69308,8
69315,6
69316,8
69319,8
69323,8
69337,6
69338,6
69343,5
69344,8
69346,8
69350,8
69361,6
69368,8
69376,8
69378,8
69379,6
69382,8
69383,5
69384,7
69385,8
69386,8
69392,5
69393,6
69394,5
69402,1
69404,6
69407,1
69408,6
69410,6
69419,7
69422,8
69423,6
69425,6
69430,8
69434,2
69448,8
69452,8
69462,1
69467,8
69476,7
69481,8
69486,8
69488,8
69493,1
69494,6
69495,6
69514,7
69517,6
69518,6
69521,6
69524,5
69526,5
69528,5
69538,6
69539,7
69542,8
69544,8
69546,5
69547,8
69560,7
69565,5
69566,8
69567,8
69571,8
69575,6
69587,6
69590,1
69591,5
69595,6
69596,7
69598,8
69599,8
69603,8
69605,7
69615,7
69617,8
69623,8
69624,6
69636,8
69640,8
69645,1
69649,1
69653,6
69656,6
69661,6
69663,7
69670,6
69674,8
69676,8
69677,7
69684,4
69692,6
69702,2
69704,8
69706,5
69713,8
69715,5
69717,8
69720,1
69722,1
69724,1
69736,8
69738,8
69740,8
69744,8
69748,3
69751,6
69756,7
69758,8
69766,2
69768,8
69769,8
69777,8
69779,8
69781,8
69789,8
69795,8
69809,8
69810,8
69813,8
69814,5
69820,6
69826,8
69827,8
69829,8
69830,4
69832,5
69844,6
69845,6
69847,8
69853,8
69855,2
69861,1
69867,7
69868,8
69870,4
69872,1
69875,1
69879,8
69890,6
69895,5
69900,6
69903,6
69904,6
69905,7
69907,8
69910,6
69912,1
69913,1
69914,8
69915,8
69918,8
69921,8
69925,8
69929,6
69932,2
69933,7
69934,5
69937,6
69938,8
69941,8
69947,1
69954,2
69957,6
69958,6
69975,6
69982,6
69985,8
69990,8
69992,4
69993,8
69996,8
69997,8
70013,1
70015,2
70016,5
70018,6
70024,6
70025,4
70032,8
70034,5
70045,7
70048,3
70051,6
70065,5
70066,5
70070,6
70075,8
70085,6
70093,8
70098,4
70102,5
70104,3
70112,7
70118,5
70123,5
70127,8
70133,8
70137,6
70140,5
70141,6
70146,6
70151,8
70156,8
70161,6
70162,2
70166,1
70180,6
70182,6
70187,5
70192,5
70211,1
70219,6
70220,7
70228,8
70231,5
70234,6
70238,1
70241,1
70247,8
70251,8
70252,7
70256,8
70257,8
70260,1
70265,8
70267,8
70268,8
70269,8
70274,7
70277,6
70283,1
70294,6
70304,8
70306,5
70309,8
70312,8
70313,8
70327,1
70331,5
70333,1
70334,8
70337,7
70341,7
70342,6
70343,1
70345,6
70346,3
70347,6
70348,6
70349,6
70350,8
70353,8
70354,6
70355,8
70356,8
70360,2
70362,8
70364,7
70372,5
70377,8
70378,1
70381,8
70382,5
70384,6
70392,6
70393,8
70400,6
70408,8
70410,5
70414,8
70415,1
70416,6
70418,5
70432,3
70434,8
70437,6
70439,6
70445,2
70448,5
70452,8
70454,6
70456,6
70457,6
70461,8
70468,8
70469,6
70475,6
70481,6
70483,8
70489,2
70490,6
70491,6
70492,8
70496,6
70499,8
70502,8
70506,5
70507,1
70511,6
70512,7
70513,4
70523,1
70528,8
70530,8
70537,1
70540,8
70541,6
70542,6
70545,8
70547,6
70548,8
70555,1
70559,8
70566,1
70570,8
70571,8
70581,6
70582,7
70583,1
70586,8
70587,5
70594,5
70596,8
70606,5
70607,8
70608,8
70614,1
70619,5
70620,6
70625,6
70628,5
70631,6
70640,1
70641,8
70642,6
70643,8
70649,7
70650,5
70652,8
70655,6
70661,8
70664,1
70666,8
70671,1
70688,8
70689,6
70690,8
70696,6
70697,8
70701,2
70709,8
70713,8
70714,7
70715,8
70721,1
70722,8
70726,6
70732,1
70733,8
70737,7
70745,6
70755,8
70758,5
70765,8
70768,2
70770,5
70772,6
70774,6
70777,5
70783,8
70787,1
70795,5
70796,8
70808,1
70810,1
70811,5
70812,6
70814,6
70816,6
70822,8
70830,5
70839,6
70841,2
70844,7
70855,2
70856,6
70861,6
70863,5
70866,6
70869,8
70871,8
70879,2
70880,6
70887,5
70888,7
70901,5
70902,6
70903,8
70911,6
70912,8
70917,5
70919,6
70923,5
70925,8
70942,8
70945,3
70949,8
70951,8
70959,5
70960,8
70966,2
70969,6
70970,8
70975,8
70983,7
70984,8
70995,2
70997,1
70998,8
71004,3
71012,6
71016,8
71021,1
71022,8
71024,6
71025,1
71027,1
71040,6
71047,6
71048,2
71052,6
71057,6
71058,1
71059,5
71065,8
71066,8
71069,5
71077,8
71078,8
71079,8
71082,1
71083,6
71089,8
71093,6
71113,8
71114,8
71116,6
71119,1
71121,1
71124,8
71127,6
71131,5
71137,8
71147,8
71149,2
71151,6
71163,8
71167,6
71173,7
71175,2
71177,5
71178,2
71180,8
71186,8
71189,8
71190,8
71194,6
71202,8
71204,6
71209,6
71211,6
71216,8
71222,8
71223,5
71224,6
71232,6
71235,6
71243,8
71245,6
71248,6
71253,5
71256,6
71267,8
71270,8
71275,8
71281,6
71284,6
71292,8
71296,8
71297,8
71300,6
71301,8
71304,7
71305,1
71308,8
71312,8
71313,6
71319,8
71320,6
71321,6
71324,1
71333,5
71337,6
71339,1
71342,8
71344,8
71346,6
71356,8
71371,7
71372,1
71381,1
71382,2
71384,8
71394,8
71396,5
71407,8
71409,6
71411,8
71414,3
71415,8
71420,8
71425,8
71430,3
71441,8
71449,6
71457,8
71458,7
71460,5
71461,6
71463,5
71465,8
71466,8
71468,6
71470,2
71472,2
71473,8
71477,6
71485,8
71490,7
71494,8
71505,1
71510,8
71513,8
71515,8
71520,2
71527,8
71530,8
71533,8
71534,5
71537,8
71539,8
71550,6
71556,8
71558,1
71574,8
71579,6
71588,5
71589,1
71592,5
71595,6
71599,1
71604,8
71605,8
71606,1
71609,5
71616,8
71617,8
71620,6
71622,6
71625,6
71626,6
71629,1
71634,6
71636,8
71641,6
71644,7
71648,8
71651,5
71653,6
71654,5
71657,8
71660,8
71661,8
71662,4
71664,6
71665,6
71671,1
71674,2
71687,1
71689,8
71690,1
71691,8
71692,7
71697,8
71704,6
71707,1
71709,2
71710,6
71712,6
71719,8
71723,6
71726,8
71727,6
71731,6
71733,6
71744,6
71746,5
71749,2
71753,8
71754,6
71755,1
71759,8
71760,8
71772,1
71773,8
71775,8
71778,8
71779,8
71782,5
71790,5
71793,7
71797,1
71798,5
71799,8
71818,5
71819,6
71825,6
71831,5
71832,8
71833,1
71836,5
71837,8
71838,7
71844,2
71846,5
71847,8
71852,8
71855,8
71858,8
71862,8
71864,6
71867,2
71877,6
71878,1
71882,8
71885,8
71886,4
71888,8
71890,8
71891,1
71892,5
71897,6
71898,5
71902,5
71911,8
71920,5
71926,6
71928,5
71946,6
71956,5
71958,6
71959,8
71960,6
71968,2
71972,7
71977,1
71982,1
71983,5
71984,8
71997,5
71998,2
72001,8
72004,8
72005,8
72008,8
72015,8
72021,6
72022,6
72025,8
72026,8
72031,6
72037,5
72040,7
72041,8
72043,8
72046,8
72049,8
72053,8
72055,8
72057,8
72068,6
72071,1
72075,5
72084,8
72088,7
72089,1
72094,8
72095,5
72101,6
72105,6
72106,6
72110,6
72111,6
72112,8
72120,5
72121,8
72122,8
72134,6
72143,6
72144,8
72145,5
72146,6
72152,7
72154,2
72159,8
72160,8
72162,1
72164,5
72167,6
72171,6
72176,6
72178,5
72182,8
72186,6
72187,1
72190,6
72194,7
72196,8
72202,1
72206,5
72217,6
72220,3
72221,5
72222,6
72223,8
72225,6
72230,7
72234,8
72236,8
72239,8
72243,5
72244,6
72245,8
72247,1
72249,8
72256,7
72257,2
72258,1
72259,8
72260,8
72263,1
72268,6
72271,4
72276,8
72279,3
72280,6
72284,1
72287,8
72290,5
72310,2
72311,8
72320,6
72321,5
72336,6
72344,8
72346,3
72350,7
72355,1
72357,6
72359,8
72360,8
72366,8
72368,5
72369,6
72374,6
72379,6
72380,6
72385,7
72386,5
72390,1
72391,4
72392,8
72399,6
72401,8
72404,5
72412,2
72420,6
72422,2
72425,6
72429,2
72432,6
72442,8
72445,6
72455,6
72456,8
72457,1
72462,6
72464,8
72469,1
72474,6
72485,6
72489,6
72493,8
72504,8
72505,8
72506,6
72510,5
72515,8
72516,1
72518,1
72519,6
72520,8
72524,8
72536,5
72548,8
72552,8
72554,1
72557,1
72558,5
72559,5
72566,1
72570,6
72571,2
72590,8
72595,5
72608,1
72619,6
72622,8
72623,8
72625,8
72628,6
72629,7
72630,8
72631,8
72633,6
72636,8
72645,8
72647,6
72650,7
72651,8
72657,6
72659,8
72665,2
72667,4
72670,5
72673,5
72674,8
72675,1
72677,7
72683,4
72684,5
72693,8
72706,5
72711,8
72714,7
72716,6
72721,5
72723,6
72725,8
72728,2
72732,8
72734,6
72739,1
72744,8
72747,8
72751,6
72752,6
72757,4
72759,1
72761,8
72770,6
72771,1
72777,6
72780,8
72781,1
72784,8
72791,6
72797,6
72800,8
72823,2
72827,6
72828,8
72830,6
72832,8
72833,6
72843,3
72848,7
72849,5
72850,6
72856,8
72860,1
72863,1
72867,8
72876,5
72879,6
72897,6
72900,8
72902,5
72905,5
72906,6
72908,8
72909,8
72914,6
72915,2
72917,8
72920,8
72922,5
72925,6
72936,5
72938,1
72942,2
72943,8
72947,6
72949,6
72952,2
72956,6
72960,5
72964,6
72969,8
72971,1
72972,6
72975,8
72979,8
72982,2
72985,8
72993,8
72997,1
73000,2
73005,8
73008,8
73018,6
73022,6
73029,8
73032,8
73034,8
73039,6
73042,6
73043,8
73045,8
73047,8
73050,6
73052,4
73053,1
73056,6
73059,6
73060,5
73063,5
73065,6
73069,6
73074,6
73079,6
73081,1
73084,5
73086,2
73087,6
73090,8
73091,8
73092,6
73095,8
73100,6
73101,1
73107,1
73110,6
73111,5
73113,6
73119,5
73120,5
73125,7
73126,6
73130,7
73137,6
73138,6
73140,8
73143,5
73145,4
73148,6
73154,1
73167,6
73169,5
73172,4
73182,7
73183,6
73184,8
73190,8
73191,1
73193,8
73196,8
73201,6
73202,6
73204,8
73215,6
73218,6
73220,5
73221,2
73234,8
73239,5
73241,5
73244,1
73245,8
73248,7
73250,6
73253,1
73254,5
73255,8
73258,8
73259,5
73264,8
73265,5
73275,8
73277,6
73281,8
73282,8
73283,6
73286,6
73287,6
73292,8
73299,8
73302,8
73314,6
73316,8
73322,8
73326,1
73330,8
73331,4
73339,6
73348,8
73349,8
73352,7
73356,1
73364,2
73365,8
73370,8
73371,8
73383,8
73387,6
73389,6
73392,2
73394,5
73401,6
73412,8
73415,2
73417,6
73422,5
73427,6
73440,5
73443,6
73454,3
73457,7
73462,6
73465,5
73472,8
73475,8
73478,8
73485,1
73490,5
73497,7
73499,8
73505,8
73511,2
73517,8
73529,7
73531,6
73533,8
73540,7
73541,5
73550,5
73556,8
73560,8
73568,6
73572,8
73577,6
73584,1
73585,6
73591,8
73595,7
73596,5
73597,8
73599,6
73605,8
73610,6
73611,7
73613,6
73622,6
73628,8
73634,1
73646,8
73649,6
73651,6
73661,1
73662,5
73667,6
73675,8
73677,8
73682,5
73683,6
73684,8
73688,5
73691,6
73696,6
73701,5
73705,8
73709,5
73711,2
73712,6
73718,8
73719,5
73720,8
73722,3
73723,6
73724,8
73725,6
73728,6
73729,6
73730,5
73731,8
73733,8
73735,8
73743,6
73744,5
73750,8
73751,1
73753,1
73754,5
73756,2
73759,6
73761,8
73767,6
73768,8
73771,2
73773,6
73778,8
73781,8
73782,1
73786,1
73793,5
73796,8
73805,2
73807,8
73808,8
73811,5
73816,8
73818,5
73820,7
73827,6
73831,1
73840,6
73841,8
73854,6
73857,8
73860,8
73864,1
73865,6
73868,6
73869,5
73874,6
73876,1
73877,8
73879,8
73881,8
73889,8
73892,8
73893,8
73897,8
73900,8
73901,6
73902,1
73905,8
73909,2
73912,5
73913,5
73915,6
73916,5
73926,8
73928,3
73929,5
73930,8
73931,5
73932,8
73934,8
73941,8
73948,6
73953,6
73954,1
73955,6
73968,5
73970,6
73972,2
73978,8
73979,8
73982,5
73990,5
74000,8
74003,8
74006,8
74013,8
74018,2
74024,7
74032,1
74037,5
74043,1
74044,8
74046,8
74048,5
74051,4
74052,8
74057,8
74058,4
74059,8
74062,5
74065,8
74069,5
74070,6
74073,8
74074,2
74075,4
74081,8
74082,6
74083,8
74089,6
74091,8
74097,8
74114,8
74116,6
74119,5
74123,7
74125,1
74129,5
74131,7
74135,8
74136,6
74139,1
74141,8
74142,8
74153,6
74158,2
74159,6
74161,2
74162,1
74168,6
74175,3
74185,6
74188,2
74192,1
74194,2
74195,5
74196,6
74207,8
74215,1
74222,8
74225,5
74226,6
74228,5
74229,8
74231,8
74240,8
74245,8
74248,8
74249,7
74251,8
74253,2
74254,1
74265,8
74266,8
74271,2
74277,6
74280,8
74281,8
74283,6
74285,8
74287,8
74288,8
74289,5
74295,1
74302,6
74303,8
74304,8
74305,5
74309,8
74321,1
74322,8
74332,1
74333,8
74334,6
74346,6
74351,1
74352,8
74356,1
74357,6
74363,8
74364,6
74367,8
74378,8
74379,8
74380,1
74381,8
74386,6
74387,8
74391,8
74399,8
74405,6
74406,1
74408,5
74419,6
74421,7
74423,6
74424,8
74427,5
74429,6
74436,6
74443,5
74455,6
74456,7
74469,8
74471,5
74475,6
74476,2
74488,8
74491,1
74496,5
74502,6
74504,8
74506,6
74513,5
74515,8
74516,8
74517,8
74522,7
74529,8
74530,5
74537,8
74539,6
74541,8
74544,2
74549,8
74551,6
74555,4
74556,8
74558,2
74560,5
74561,5
74565,8
74569,5
74574,1
74580,8
74586,6
74588,5
74590,5
74597,1
74604,6
74612,8
74615,5
74618,8
74621,6
74623,6
74625,8
74628,8
74631,8
74642,7
74647,6
74648,5
74650,8
74655,8
74662,6
74664,6
74665,5
74667,6
74673,6
74676,6
74678,6
74682,8
74683,6
74684,7
74688,8
74689,8
74691,5
74696,6
74697,7
74700,6
74709,6
74710,6
74712,5
74713,8
74714,6
74715,8
74718,8
74719,5
74720,8
74722,6
74723,8
74731,7
74736,8
74737,8
74738,6
74741,8
74748,4
74750,8
74754,6
74757,6
74758,8
74766,6
74772,3
74778,5
74779,6
74780,8
74781,8
74782,8
74783,8
74793,5
74795,8
74799,1
74800,8
74808,6
74811,6
74813,1
74818,6
74830,6
74839,6
74840,8
74850,6
74851,5
74852,7
74853,1
74854,5
74861,6
74862,8
74866,8
74868,1
74871,8
74874,8
74879,7
74887,8
74888,7
74890,6
74893,5
74894,1
74895,6
74896,3
74897,6
74902,1
74906,6
74908,6
74910,8
74912,2
74921,8
74928,6
74936,1
74938,7
74964,8
74969,2
74971,1
74975,6
74985,8
74998,8
75001,8
75002,8
75003,8
75004,5
75006,5
75009,6
75012,7
75013,2
75014,1
75017,8
75021,1
75022,8
75032,8
75034,8
75042,8
75045,8
75057,6
75061,2
75065,6
75066,6
75070,5
75074,6
75076,5
75081,6
75086,6
75088,8
75093,8
75098,6
75101,6
75102,6
75103,7
75104,5
75114,5
75116,1
75121,8
75122,8
75130,6
75133,6
75134,6
75135,5
75136,2
75137,6
75144,5
75151,8
75152,6
75157,8
75160,5
75164,8
75165,1
75166,6
75169,1
75175,7
75180,5
75181,8
75183,6
75185,8
75189,6
75190,2
75191,6
75202,8
75208,8
75211,6
75213,1
75218,8
75219,1
75232,5
75234,8
75236,6
75241,7
75246,8
75255,8
75261,6
75272,6
75280,2
75282,8
75285,8
75292,2
75298,8
75299,8
75301,8
75303,8
75310,8
75312,6
75327,8
75332,8
75334,7
75336,8
75337,8
75338,5
75344,6
75348,8
75349,8
75353,8
75354,1
75358,8
75359,8
75361,6
75367,5
75375,8
75384,8
75392,8
75393,2
75396,8
75401,6
75402,8
75404,5
75409,5
75419,8
75423,1
75428,6
75436,5
75437,8
75439,8
75440,5
75443,8
75446,8
75452,1
75460,7
75463,5
75468,6
75469,8
75474,5
75477,1
75478,3
75485,8
75486,3
75488,6
75495,1
75497,1
75499,8
75500,1
75528,8
75529,8
75530,6
75531,8
75534,6
75537,6
75538,1
75541,8
75542,8
75543,6
75547,8
75549,6
75552,8
75554,6
75555,7
75557,8
75562,1
75563,8
75566,8
75568,8
75569,1
75579,6
75580,8
75583,6
75585,8
75589,8
75592,6
75613,3
75615,6
75618,7
75619,7
75621,8
75632,6
75637,7
75638,8
75643,2
75650,8
75654,5
75656,1
75663,1
75668,6
75669,7
75672,8
75677,2
75678,8
75686,8
75694,6
75699,7
75707,6
75715,8
75718,8
75719,1
75723,8
75725,5
75730,6
75732,7
75744,8
75747,5
75761,8
75772,1
75777,8
75780,1
75781,8
75790,7
75792,8
75799,1
75801,7
75802,1
75804,8
75809,8
75810,4
75815,6
75816,7
75819,8
75825,8
75827,1
75831,7
75833,8
75834,3
75838,6
75840,8
75842,6
75844,8
75846,8
75849,5
75853,6
75860,6
75863,8
75865,8
75868,8
75890,7
75891,5
75895,8
75896,5
75901,1
75903,5
75910,6
75911,8
75916,8
75923,1
75924,8
75925,4
75927,8
75935,2
75937,5
75939,8
75940,6
75942,8
75943,8
75946,5
75952,6
75954,8
75958,6
75963,8
75964,6
75966,6
75967,6
75969,5
75976,8
75983,6
75987,1
75992,8
76012,6
76018,6
76019,2
76024,7
76027,6
76029,6
76030,8
76032,6
76035,1
76045,8
76053,5
76058,8
76073,6
76076,3
76077,8
76090,6
76091,7
76092,3
76095,6
76097,8
76098,1
76102,6
76103,8
76105,8
76108,8
76110,5
76116,1
76117,8
76118,8
76122,8
76127,2
76141,6
76145,6
76150,2
76152,6
76153,8
76157,8
76164,8
76170,5
76175,8
76183,6
76188,1
76189,5
76191,8
76192,6
76195,8
76211,5
76212,8
76217,7
76219,8
76222,5
76224,8
76229,8
76232,8
76234,7
76235,6
76238,8
76239,5
76241,8
76242,8
76245,8
76247,8
76252,6
76259,5
76260,8
76263,5
76266,7
76270,5
76272,6
76306,5
76309,8
76313,8
76315,1
76316,5
76317,8
76325,8
76326,6
76328,7
76333,1
76336,8
76343,8
76357,6
76363,5
76364,5
76371,8
76372,6
76373,6
76378,8
76383,3
76395,8
76397,6
76402,4
76411,6
76423,8
76429,6
76430,5
76435,6
76437,6
76438,5
76440,8
76442,8
76445,8
76453,8
76456,6
76460,7
76473,8
76475,8
76482,8
76483,6
76484,6
76490,5
76492,6
76495,8
76498,8
76500,8
76506,8
76509,6
76511,5
76513,8
76515,5
76519,8
76526,5
76530,8
76532,1
76533,6
76539,4
76540,8
76542,5
76543,5
76548,8
76552,6
76553,5
76557,1
76558,6
76559,8
76560,8
76571,8
76572,8
76574,4
76575,8
76576,4
76580,8
76581,7
76583,1
76586,6
76587,8
76588,7
76590,6
76595,2
76598,8
76599,7
76612,8
76613,8
76620,7
76623,8
76629,1
76630,4
76632,5
76633,8
76638,8
76646,7
76650,3
76657,6
76659,5
76663,6
76665,7
76668,8
76669,8
76676,5
76680,5
76681,6
76683,7
76684,1
76693,3
76700,6
76707,6
76709,5
76716,6
76717,6
76718,6
76720,8
76724,7
76726,8
76727,6
76728,8
76729,6
76734,5
76735,6
76738,6
76747,1
76752,6
76753,8
76756,1
76758,8
76759,2
76772,8
76774,1
76779,8
76783,5
76784,8
76789,6
76790,2
76791,2
76796,1
76798,8
76817,6
76819,8
76823,8
76831,8
76843,6
76844,8
76845,7
76846,1
76848,6
76850,8
76860,1
76865,5
76866,6
76878,6
76879,5
76883,8
76891,5
76893,7
76898,8
76900,8
76902,8
76903,8
76919,2
76920,8
76922,8
76927,7
76932,6
76938,6
76939,1
76941,8
76945,5
76946,8
76949,6
76952,7
76956,1
76959,8
76970,1
76981,8
76982,6
76987,1
76989,1
76992,6
76993,5
76994,8
76995,8
76997,1
76999,8
77003,1
77007,1
77010,8
77014,1
77015,1
77017,5
77018,8
77027,6
77029,5
77039,5
77045,6
77048,7
77053,7
77054,1
77055,8
77062,8
77072,6
77074,8
77075,8
77077,8
77078,8
77082,8
77083,7
77093,7
77096,1
77100,7
77101,6
77123,8
77130,2
77131,8
77132,8
77133,1
77136,8
77144,6
77145,6
77146,6
77147,2
77150,3
77152,8
77154,6
77163,5
77172,8
77176,8
77180,8
77185,5
77187,6
77193,1
77194,8
77197,6
77201,8
77207,6
77208,8
77212,6
77213,1
77215,6
77217,1
77221,8
77227,2
77229,6
77231,6
77237,6
77244,8
77245,6
77248,2
77251,8
77253,6
77254,1
77255,8
77259,8
77261,5
77266,6
77269,8
77272,6
77276,1
77280,6
77283,6
77286,5
77291,1
77293,8
77298,1
77299,2
77304,8
77305,8
77306,7
77308,2
77310,8
77312,7
77314,8
77319,6
77320,6
77323,8
77328,6
77329,8
77334,2
77335,6
77338,5
77341,8
77345,2
77348,8
77353,8
77356,2
77357,8
77362,8
77363,6
77365,7
77366,6
77367,8
77368,7
77372,8
77376,6
77383,6
77389,8
77393,8
77400,6
77403,2
77405,8
77406,6
77411,8
77431,1
77433,8
77434,6
77437,5
77441,8
77444,8
77446,8
77448,5
77452,8
77455,6
77456,8
77458,1
77463,5
77470,8
77472,8
77476,5
77481,8
77483,5
77484,8
77486,1
77487,6
77488,7
77489,8
77492,7
77494,3
77495,2
77508,2
77509,6
77511,7
77512,6
77513,6
77515,6
77516,8
77520,8
77522,2
77524,8
77531,8
77543,8
77547,8
77551,8
77552,2
77554,6
77556,6
77565,8
77567,5
77568,7
77572,1
77581,8
77582,7
77588,8
77590,5
77594,8
77595,6
77602,8
77608,5
77612,5
77614,6
77618,1
77624,6
77628,6
77629,8
77635,7
77636,8
77637,2
77638,5
77647,5
77649,1
77650,7
77651,5
77659,6
77663,8
77668,1
77669,1
77670,5
77678,5
77682,8
77684,6
77694,6
77702,8
77704,6
77708,8
77711,7
77713,5
77714,6
77717,6
77720,8
77723,6
77724,8
77726,6
77729,8
77731,8
77734,7
77736,7
77740,7
77741,5
77748,8
77749,6
77750,6
77751,6
77759,8
77771,6
77775,1
77779,8
77783,8
77794,5
77795,6
77803,6
77806,8
77809,8
77810,6
77811,8
77815,8
77819,7
77825,5
77830,8
77833,1
77834,1
77837,6
77842,6
77847,8
77849,8
77851,8
77852,8
77855,5
77861,1
77862,6
77863,4
77865,8
77866,2
77870,4
77874,5
77879,7
77883,8
77884,2
77889,6
77892,6
77894,8
77895,6
77902,3
77903,4
77904,7
77905,8
77908,6
77909,1
77913,8
77917,1
77921,1
77927,6
77928,1
77942,8
77947,8
77948,7
77949,8
77951,6
77953,6
77959,8
77963,1
77965,1
77971,6
77978,8
77983,8
77986,8
77997,3
77998,8
78002,8
78006,6
78012,8
78016,7
78021,5
78024,8
78026,7
78033,6
78034,1
78040,8
78043,7
78055,6
78059,8
78060,6
78063,6
78070,8
78072,8
78079,6
78093,1
78094,8
78096,2
78097,5
78101,1
78111,6
78113,7
78118,6
78120,6
78124,8
78133,8
78136,6
78138,2
78144,6
78145,8
78147,2
78148,6
78150,5
78152,8
78155,5
78157,8
78159,8
78160,8
78161,6
78166,7
78167,7
78170,5
78177,8
78183,5
78192,6
78193,6
78197,1
78203,1
78204,6
78205,5
78208,8
78210,1
78217,6
78219,2
78220,8
78221,1
78225,2
78228,6
78234,4
78235,8
78238,8
78245,5
78246,6
78248,7
78254,8
78256,8
78257,8
78260,8
78262,5
78265,8
78269,6
78286,8
78287,8
78290,8
78291,8
78293,1
78296,4
78300,8
78304,6
78310,5
78316,6
78318,3
78319,6
78321,8
78326,8
78328,1
78332,8
78340,8
78342,5
78343,8
78345,8
78352,7
78353,6
78358,4
78366,5
78376,6
78378,6
78382,6
78383,5
78389,5
78390,6
78394,6
78398,6
78400,5
78406,8
78408,1
78410,6
78411,8
78416,6
78418,8
78423,6
78424,8
78426,2
78429,8
78431,5
78439,8
78444,8
78449,6
78450,8
78452,8
78453,8
78454,8
78456,8
78459,8
78473,6
78482,5
78497,5
78504,3
78510,5
78516,8
78521,8
78522,5
78523,6
78527,8
78531,8
78534,1
78535,6
78537,8
78538,8
78541,8
78543,5
78544,6
78545,6
78551,8
78558,6
78563,8
78564,6
78566,5
78567,6
78577,1
78584,1
78586,6
78587,8
78589,4
78590,6
78595,6
78600,8
78607,4
78612,8
78618,8
78620,6
78625,6
78630,6
78631,6
78638,7
78639,8
78640,1
78641,6
78648,2
78651,8
78652,3
78665,8
78666,5
78667,7
78668,5
78669,6
78672,1
78674,8
78678,8
78682,6
78685,8
78687,5
78698,5
78699,6
78704,8
78707,1
78713,8
78715,8
78717,2
78721,8
78725,8
78726,6
78727,6
78733,8
78735,6
78738,8
78745,6
78749,8
78754,6
78757,5
78758,8
78764,8
78768,8
78777,6
78781,8
78795,1
78796,8
78804,5
78808,6
78809,8
78830,8
78833,6
78836,8
78840,8
78847,6
78848,6
78855,8
78857,6
78867,6
78868,1
78869,6
78881,7
78888,5
78889,6
78896,6
78898,6
78908,8
78909,6
78914,8
78924,6
78925,1
78949,6
78950,8
78952,6
78958,5
78959,6
78975,8
78977,4
78978,1
78986,8
78992,5
79004,6
79007,8
79020,5
79022,1
79027,1
79028,8
79031,7
79035,1
79038,8
79047,5
79048,6
79051,6
79054,2
79060,6
79064,2
79065,2
79067,8
79071,1
79072,1
79073,8
79080,5
79083,1
79084,8
79085,6
79089,8
79093,7
79099,8
79102,5
79125,2
79129,5
