tenure,monthly_fee,total_paid,avg_weekly_visits,num_group_classes,distance_km,extra_spending,age,contract_type,personal_trainer,signup_promo,gender,Churn
6,38.75,235.78,1.58,3,3.2,55.09,55,Annual,Yes,No,Male,0
56,51.79,2874.15,3.9,0,3.8,44.1,54,6-month,No,No,Male,0
47,65.13,3336.5,3.97,3,10.8,23.85,65,Month-to-month,Yes,No,Female,0
32,47.53,1471.44,1.92,2,6.9,5.58,54,6-month,Yes,Yes,Male,0
31,56.66,1633.13,5.19,2,1.5,5.85,49,Month-to-month,Yes,Yes,Male,0
62,42.98,2684.52,1.58,5,7.4,40.55,27,6-month,No,No,Male,1
6,29.12,169.65,3.84,4,7.4,12.76,64,6-month,Yes,No,Female,0
50,66.58,3358.47,4.39,7,0.3,8.62,39,Month-to-month,Yes,No,Female,0
14,59.57,821.74,0.73,4,15.1,11.35,27,Month-to-month,Yes,No,Female,1
6,39.4,228.05,3.25,0,3.5,15.51,24,6-month,No,Yes,Male,0
38,62.67,2355.39,0.0,5,10.7,22.2,69,Month-to-month,No,Yes,Male,0
71,47.2,3095.59,3.57,2,9.2,14.83,23,Annual,No,No,Female,0
53,54.45,2664.62,1.07,2,2.5,1.08,28,6-month,Yes,No,Female,0
55,51.87,2816.6,3.24,3,13.3,19.12,64,6-month,No,No,Male,1
52,66.33,3516.78,3.48,3,8.2,23.37,54,Month-to-month,Yes,Yes,Male,0
57,47.49,2479.78,3.96,2,13.2,22.75,52,6-month,No,Yes,Female,0
37,51.76,1958.54,3.66,1,17.6,14.97,23,Annual,Yes,No,Female,0
9,52.37,459.91,2.57,4,3.1,5.1,35,Month-to-month,No,No,Female,0
61,58.51,3638.85,2.01,5,7.8,3.12,59,Month-to-month,No,Yes,Female,0
32,59.87,1938.37,2.4,5,1.9,11.33,47,Month-to-month,No,No,Female,1
36,49.78,1879.53,1.05,6,13.1,31.86,20,Month-to-month,Yes,No,Female,0
27,42.86,1148.68,2.22,2,1.4,8.82,50,6-month,No,Yes,Male,0
13,59.22,706.7,2.12,3,2.4,128.45,20,Month-to-month,No,No,Male,0
67,55.66,4108.89,1.48,0,4.2,36.87,19,6-month,No,Yes,Female,0
57,72.59,4158.27,0.24,4,6.2,12.14,30,Month-to-month,No,Yes,Male,1
47,50.51,2392.0,0.84,3,11.0,11.0,36,Month-to-month,No,Yes,Female,1
29,54.12,1558.79,0.0,2,1.6,13.55,47,Month-to-month,No,Yes,Male,1
60,47.76,3066.63,2.1,2,7.7,17.28,48,Annual,Yes,No,Female,0
39,57.11,2091.06,2.97,3,4.0,9.7,64,6-month,No,Yes,Female,0
32,40.11,1194.82,0.0,5,6.1,54.68,36,Month-to-month,No,Yes,Female,1
32,36.09,1114.53,2.81,2,14.7,26.23,34,6-month,No,Yes,Female,1
16,59.2,965.78,2.34,1,6.8,13.25,33,Month-to-month,No,No,Female,0
6,52.23,302.05,0.97,1,9.1,23.26,41,Month-to-month,No,No,Female,1
40,54.0,2077.5,1.94,2,1.1,14.02,42,Month-to-month,Yes,Yes,Female,0
64,42.19,2549.7,3.87,3,3.5,34.39,29,Annual,Yes,Yes,Female,0
4,43.23,180.32,1.23,0,6.3,69.56,56,6-month,No,Yes,Male,0
62,43.06,2717.45,2.6,3,2.0,17.07,46,6-month,No,No,Male,0
60,62.0,3867.96,2.95,3,1.4,4.55,57,Month-to-month,No,No,Female,0
20,37.18,723.54,1.43,2,3.5,5.61,19,Month-to-month,Yes,Yes,Male,1
46,37.76,1730.59,3.81,5,6.3,40.25,49,6-month,No,Yes,Female,0
12,38.26,476.38,3.02,2,10.6,67.57,64,Month-to-month,No,No,Female,0
55,48.51,2560.01,2.17,6,10.6,9.02,58,Annual,No,Yes,Female,0
51,67.83,3632.93,5.57,3,5.7,8.62,33,6-month,No,Yes,Male,0
25,69.31,1770.13,3.82,2,6.9,26.75,25,Month-to-month,No,Yes,Female,1
4,60.72,258.55,0.31,6,1.7,4.13,66,6-month,Yes,No,Female,0
70,48.74,3571.86,1.99,2,20.3,26.73,26,Annual,No,No,Male,0
32,56.33,1655.03,5.71,2,15.9,29.8,41,Month-to-month,Yes,Yes,Male,0
65,44.84,2831.11,1.22,2,8.1,7.93,58,6-month,No,No,Female,0
49,47.9,2072.67,2.59,6,5.1,1.91,47,Annual,No,No,Female,0
56,60.26,3045.02,4.1,2,12.8,7.73,32,Month-to-month,Yes,No,Female,0
55,55.61,2907.56,3.35,5,20.5,32.29,62,Annual,No,No,Male,0
14,44.64,666.68,3.54,3,8.9,24.64,28,Month-to-month,Yes,Yes,Female,1
26,35.18,913.69,3.46,4,10.7,15.2,67,6-month,Yes,No,Male,1
34,66.35,2305.66,2.53,0,4.2,42.06,24,6-month,No,No,Male,0
36,45.92,1611.37,1.47,1,2.1,22.95,19,6-month,Yes,No,Male,0
3,66.03,194.82,3.07,6,5.8,20.76,41,Month-to-month,Yes,Yes,Male,1
39,42.99,1732.35,1.98,3,9.7,3.18,40,6-month,No,No,Male,0
11,30.73,335.04,1.87,6,1.7,24.19,46,Month-to-month,Yes,No,Male,1
54,58.91,3146.11,4.43,5,19.4,31.99,44,Month-to-month,No,No,Female,0
49,69.71,3503.63,2.0,2,9.2,65.91,33,Month-to-month,No,No,Male,1
67,47.88,3035.11,4.72,6,10.7,9.46,35,6-month,No,Yes,Female,0
54,59.63,3248.8,2.83,3,1.0,15.27,36,Month-to-month,No,No,Female,0
26,43.1,1133.34,2.29,1,4.4,48.05,70,Month-to-month,No,No,Male,0
70,40.2,2564.0,0.14,4,6.9,29.4,69,Annual,Yes,Yes,Male,0
29,74.34,2036.16,5.26,3,2.5,27.52,47,Month-to-month,No,No,Female,0
23,40.83,908.1,2.49,2,24.8,6.1,31,Month-to-month,Yes,No,Female,0
66,43.52,2801.43,0.0,3,15.2,15.38,45,Month-to-month,No,Yes,Male,1
27,64.43,1781.8,3.78,3,7.2,30.99,39,Month-to-month,No,No,Female,0
5,50.58,241.2,2.43,2,11.7,7.7,18,6-month,Yes,No,Male,1
34,43.18,1398.95,1.29,2,5.1,19.11,37,Month-to-month,Yes,Yes,Male,0
58,70.28,4204.44,3.71,1,13.5,14.52,36,Month-to-month,No,Yes,Male,0
13,46.88,638.35,0.0,2,5.9,28.67,48,Annual,Yes,No,Male,0
33,36.99,1280.67,1.57,9,18.6,23.02,60,Annual,No,No,Male,0
9,47.55,403.77,2.11,5,3.9,1.2,61,6-month,Yes,Yes,Male,0
50,45.0,2145.85,3.61,3,2.0,14.82,70,Annual,No,No,Female,0
34,40.31,1253.03,5.41,1,6.4,59.86,66,Annual,Yes,No,Female,0
24,68.97,1439.48,2.18,0,3.6,37.97,26,Month-to-month,No,No,Male,0
16,62.27,933.86,3.1,1,9.0,14.16,39,6-month,No,No,Female,0
41,43.17,1711.22,6.07,3,3.1,33.87,25,6-month,No,No,Male,0
48,49.87,2417.26,2.51,4,24.8,11.88,40,Month-to-month,No,Yes,Male,1
68,69.46,4918.67,3.11,1,1.9,28.52,59,Month-to-month,No,No,Male,0
31,69.63,2146.26,0.89,3,9.3,9.03,48,Month-to-month,No,No,Female,1
11,36.35,428.28,5.05,2,5.0,72.26,56,6-month,No,Yes,Male,0
60,40.13,2297.86,1.57,2,16.8,14.69,64,6-month,No,No,Male,0
45,50.66,2434.13,2.85,2,5.2,18.67,67,6-month,No,No,Female,0
51,44.67,2181.94,2.81,2,5.2,42.02,22,Month-to-month,No,No,Male,1
7,57.62,412.97,2.61,3,4.9,18.24,34,Month-to-month,No,Yes,Female,0
22,41.5,922.59,1.94,2,9.5,21.13,69,Month-to-month,No,No,Male,0
56,50.34,2984.85,2.81,1,4.8,20.85,39,Month-to-month,Yes,Yes,Female,0
60,44.24,2849.92,4.78,2,4.2,24.3,58,Annual,Yes,No,Female,0
31,45.13,1327.88,5.47,2,1.9,5.87,44,Annual,No,No,Male,0
58,48.5,2488.07,2.27,6,3.3,26.17,42,Annual,Yes,No,Female,0
61,46.15,2785.12,1.92,1,11.4,11.17,33,Annual,Yes,No,Male,0
28,40.89,1167.12,1.45,0,3.7,9.78,50,Annual,Yes,Yes,Female,0
65,59.93,3892.79,5.99,5,7.4,13.7,20,Month-to-month,Yes,No,Male,0
21,72.95,1754.65,2.67,3,1.2,4.17,69,Month-to-month,No,No,Female,1
17,53.4,932.44,3.95,0,11.1,13.56,59,Month-to-month,No,No,Male,0
49,49.51,2491.44,3.41,2,28.4,5.36,28,Month-to-month,No,No,Male,1
46,72.58,3121.48,5.37,4,2.4,1.03,50,Month-to-month,No,Yes,Female,0
10,49.22,478.65,2.18,2,3.0,33.54,67,Month-to-month,No,Yes,Male,0
60,51.78,3180.53,1.06,6,5.4,13.48,21,Annual,Yes,Yes,Male,0
14,62.2,884.38,4.92,2,1.4,22.07,27,Month-to-month,No,No,Male,0
58,43.07,2506.44,3.67,3,2.6,29.15,45,Annual,No,No,Female,0
0,46.14,49.04,3.09,2,10.6,49.16,69,6-month,Yes,No,Male,1
58,36.25,2031.2,4.5,3,6.5,13.85,21,6-month,No,Yes,Male,0
57,59.59,3468.26,3.17,1,6.5,17.85,18,6-month,No,Yes,Male,0
56,63.9,3461.75,4.54,5,1.1,27.45,40,Month-to-month,No,No,Female,0
48,39.61,2171.48,2.82,5,1.9,2.75,55,6-month,Yes,Yes,Male,0
34,53.9,1762.92,3.67,2,4.5,12.1,53,Month-to-month,Yes,Yes,Female,0
51,46.71,2630.37,3.18,3,15.2,17.2,19,Annual,No,Yes,Female,0
20,76.1,1503.67,2.08,5,4.3,9.98,41,Month-to-month,No,Yes,Female,1
56,39.73,2153.27,2.23,3,7.6,10.07,42,Month-to-month,No,No,Female,0
40,56.91,2272.54,1.99,1,3.7,7.92,44,6-month,No,Yes,Female,0
33,47.27,1471.12,2.85,4,6.5,115.93,18,6-month,No,Yes,Male,0
36,71.25,2447.67,1.91,2,20.1,17.16,41,Month-to-month,No,Yes,Male,1
41,44.26,1963.36,3.07,5,8.5,7.36,20,6-month,Yes,No,Male,0
2,64.99,132.97,3.02,5,5.3,14.09,42,Month-to-month,No,No,Female,0
10,36.89,386.02,2.77,2,10.1,6.78,59,6-month,No,No,Female,0
17,50.0,830.36,2.79,4,9.9,18.58,19,Month-to-month,No,No,Female,1
8,36.26,300.22,1.76,4,9.2,22.18,66,Month-to-month,No,No,Male,1
32,62.8,2024.12,2.13,4,4.4,49.87,48,Month-to-month,No,Yes,Female,0
48,39.53,1830.45,0.33,1,1.6,3.52,55,Month-to-month,Yes,No,Male,0
47,42.22,2299.99,2.34,2,5.8,37.78,43,Month-to-month,Yes,Yes,Female,1
34,60.14,1902.73,1.22,2,2.7,18.09,62,Month-to-month,No,Yes,Male,0
62,65.62,4086.17,2.63,0,2.4,32.3,33,Month-to-month,No,No,Female,1
41,53.41,2251.4,1.57,3,7.5,39.19,26,Month-to-month,Yes,Yes,Male,1
5,60.7,308.24,0.0,4,6.3,45.49,43,Month-to-month,No,Yes,Female,1
55,60.38,3247.39,5.43,2,10.1,5.15,49,Month-to-month,No,Yes,Female,0
41,37.5,1488.14,2.2,3,9.1,28.8,62,6-month,No,No,Female,0
46,29.93,1400.98,4.38,1,9.9,7.55,44,Annual,No,No,Female,0
41,60.65,2395.84,1.81,1,25.8,7.31,22,Month-to-month,No,No,Male,1
40,33.22,1405.98,4.71,3,4.4,24.94,63,Annual,No,No,Female,0
6,63.94,388.25,1.0,2,8.7,25.96,61,Month-to-month,No,Yes,Female,1
40,58.12,2305.15,2.73,4,7.4,30.75,47,Month-to-month,No,No,Male,1
58,63.64,3714.38,1.08,0,1.1,11.11,20,6-month,Yes,No,Male,0
22,60.46,1365.63,5.88,2,5.7,22.53,66,6-month,Yes,Yes,Male,0
44,41.67,1955.24,2.18,4,2.4,24.18,53,Annual,No,Yes,Female,0
2,50.17,102.39,3.58,4,11.4,14.49,66,Month-to-month,No,Yes,Female,1
25,52.01,1313.99,3.09,3,4.2,42.21,24,6-month,Yes,No,Female,0
31,48.1,1559.63,2.47,1,3.3,1.98,36,Month-to-month,No,No,Female,0
71,63.89,4214.69,3.17,5,14.7,6.85,30,Month-to-month,No,No,Female,0
15,40.82,595.89,4.27,4,8.0,41.89,57,Month-to-month,No,No,Female,0
20,39.36,781.44,3.37,2,9.4,24.86,34,Annual,No,No,Male,0
29,51.71,1434.44,2.71,2,7.6,29.89,64,Month-to-month,No,No,Female,0
72,59.17,4416.47,3.18,1,2.6,9.29,40,Annual,No,No,Male,0
62,46.44,2884.16,4.99,4,1.8,39.13,37,6-month,No,Yes,Male,0
2,46.2,87.21,1.96,5,9.3,45.01,50,6-month,No,Yes,Female,1
17,55.63,887.27,0.09,2,13.7,23.36,59,6-month,No,Yes,Male,1
59,43.55,2569.07,1.07,2,5.2,6.06,38,Annual,Yes,Yes,Male,0
4,43.26,178.78,1.17,3,14.0,22.82,18,Month-to-month,Yes,Yes,Male,0
62,29.79,1855.7,1.35,0,5.3,12.27,66,Month-to-month,No,Yes,Female,1
20,39.77,898.99,1.4,1,4.5,9.95,40,6-month,No,No,Female,0
66,66.22,4329.42,2.47,1,7.1,20.65,23,Month-to-month,No,Yes,Male,1
21,70.91,1445.91,2.82,4,3.1,2.2,51,Month-to-month,Yes,Yes,Male,0
31,46.29,1529.19,2.81,1,10.5,15.93,56,Month-to-month,No,No,Male,1
48,72.52,3538.39,1.55,0,14.5,9.43,37,Month-to-month,No,Yes,Male,1
9,32.72,314.25,3.79,2,2.7,6.18,26,Month-to-month,No,No,Male,0
40,51.32,2199.79,3.19,1,4.3,13.17,64,Month-to-month,No,Yes,Male,0
36,51.9,1835.89,4.56,4,14.5,11.5,63,Annual,No,Yes,Male,0
57,66.52,3680.29,3.6,1,3.6,38.94,52,Month-to-month,No,Yes,Female,0
72,44.66,3333.38,2.05,4,3.5,16.99,32,Annual,No,Yes,Female,0
48,28.03,1291.08,4.2,2,18.2,25.14,46,Annual,Yes,No,Female,0
29,41.49,1175.04,2.86,1,20.7,48.42,50,Month-to-month,No,No,Female,0
29,43.64,1143.31,3.54,4,7.7,9.54,63,6-month,No,No,Male,0
30,54.47,1622.12,3.44,4,7.2,17.79,65,6-month,Yes,No,Male,0
59,46.77,2963.58,2.34,4,21.2,27.88,57,6-month,No,No,Male,0
23,34.33,790.96,2.63,4,15.1,19.77,53,Month-to-month,No,No,Female,0
12,65.38,719.87,2.33,5,21.6,15.48,30,Month-to-month,Yes,Yes,Female,0
24,53.2,1408.93,1.39,1,4.1,14.06,24,Month-to-month,No,No,Male,1
1,43.39,41.99,0.0,3,5.0,23.82,60,6-month,No,Yes,Female,1
7,38.99,273.61,1.6,2,1.0,7.77,23,Annual,Yes,No,Female,0
6,47.46,289.55,2.76,5,1.2,7.37,45,6-month,No,No,Female,0
56,61.86,3614.63,3.91,5,1.4,55.42,45,6-month,Yes,No,Male,0
52,47.55,2531.3,3.53,6,5.1,1.9,28,Annual,Yes,Yes,Male,0
50,46.98,2332.75,2.14,2,3.1,8.32,32,6-month,No,No,Male,0
33,65.04,2145.11,1.62,2,7.5,30.28,69,Month-to-month,Yes,Yes,Female,1
52,42.24,2119.93,2.27,3,3.8,39.36,57,Annual,Yes,Yes,Female,0
11,52.05,542.82,1.23,3,16.8,4.32,39,Month-to-month,No,No,Female,1
65,58.59,3750.43,0.0,2,2.9,42.61,57,Month-to-month,Yes,No,Male,1
36,43.7,1695.18,0.49,3,0.9,125.88,19,Month-to-month,No,Yes,Female,0
68,42.31,2724.29,4.29,3,1.8,50.44,27,Annual,No,Yes,Female,0
11,41.69,428.28,4.91,5,15.3,16.18,66,Month-to-month,No,No,Male,1
36,54.29,1971.99,3.48,1,2.9,16.17,60,Month-to-month,No,No,Male,0
50,43.31,2276.35,2.42,5,11.1,21.75,24,Month-to-month,No,No,Male,0
36,43.82,1524.43,0.69,3,7.4,6.73,28,Month-to-month,No,Yes,Male,1
32,71.46,2175.38,2.29,4,13.8,11.61,42,Month-to-month,No,Yes,Male,0
12,50.34,615.16,3.3,3,18.1,15.53,38,6-month,No,No,Male,1
27,47.09,1282.15,3.58,2,7.9,32.99,45,Annual,Yes,Yes,Female,0
17,34.89,638.17,3.4,2,8.1,31.08,62,Month-to-month,Yes,No,Male,1
22,49.03,1143.66,4.07,1,0.5,6.06,58,Month-to-month,No,Yes,Female,0
49,59.61,2736.25,5.03,2,6.9,14.52,57,Month-to-month,Yes,Yes,Female,0
46,56.94,2483.99,1.97,6,4.4,4.68,22,Month-to-month,No,No,Male,0
44,48.45,1834.34,6.15,3,10.1,44.78,41,6-month,Yes,Yes,Male,0
26,57.0,1496.38,0.0,6,11.1,13.76,57,6-month,No,No,Female,0
70,45.37,3054.22,1.49,5,2.0,23.14,55,6-month,No,Yes,Male,0
6,67.84,447.41,2.76,3,5.8,17.28,55,Month-to-month,Yes,No,Female,0
25,58.98,1437.55,3.21,5,16.1,30.23,60,6-month,No,No,Female,0
8,32.58,256.32,2.26,1,11.1,5.87,34,Month-to-month,No,Yes,Male,1
24,45.03,1042.76,1.86,4,8.7,2.87,61,Month-to-month,No,No,Female,0
70,36.88,2593.13,5.36,0,9.6,3.66,60,Annual,Yes,No,Female,0
26,56.36,1564.26,1.79,3,0.4,6.03,29,6-month,Yes,Yes,Female,1
66,30.2,1783.17,1.17,3,6.6,4.91,27,Annual,No,No,Male,0
36,28.07,1067.01,4.7,3,3.7,8.7,35,Annual,Yes,No,Female,0
51,54.24,2494.81,3.6,2,18.0,10.17,69,6-month,Yes,Yes,Male,1
33,42.5,1381.79,3.92,0,25.8,2.02,47,Annual,No,Yes,Female,0
19,63.96,1149.35,2.75,2,3.8,17.35,67,Month-to-month,Yes,No,Female,0
55,38.58,2012.34,0.71,3,19.7,24.71,38,Month-to-month,Yes,Yes,Male,1
70,38.98,2539.25,2.61,5,10.6,5.23,53,Month-to-month,No,Yes,Female,1
19,69.37,1343.81,0.53,8,0.4,18.87,70,Month-to-month,No,Yes,Female,0
56,56.01,3066.1,2.81,2,16.3,6.88,36,Month-to-month,No,No,Male,0
19,56.03,1092.94,3.35,3,13.7,41.43,56,Month-to-month,Yes,No,Female,0
52,55.69,2991.12,3.9,3,6.6,23.43,40,6-month,No,No,Female,0
57,54.0,3035.2,2.38,4,10.6,47.31,65,6-month,No,No,Male,0
32,51.52,1702.55,3.47,2,11.5,56.36,58,6-month,Yes,Yes,Female,0
53,66.87,3556.85,1.33,4,17.9,1.3,56,Month-to-month,No,No,Female,0
19,50.22,931.24,3.76,5,18.2,17.22,29,6-month,No,Yes,Male,1
5,59.84,312.88,3.38,4,4.7,44.42,68,Month-to-month,No,No,Male,1
7,48.65,365.65,1.46,4,3.4,36.67,34,Month-to-month,No,Yes,Female,1
32,29.66,1008.75,3.19,1,3.7,8.34,39,Month-to-month,No,No,Male,1
65,38.16,2269.25,3.92,2,3.3,10.87,41,Month-to-month,Yes,Yes,Male,0
9,70.55,636.94,2.6,3,4.9,16.32,55,Month-to-month,Yes,No,Female,1
33,46.44,1632.38,1.43,3,5.1,48.77,59,Annual,No,No,Male,0
51,61.23,2931.07,2.73,0,3.1,36.63,67,6-month,No,Yes,Male,0
14,30.65,427.05,3.22,5,5.8,53.32,25,6-month,No,Yes,Male,0
52,69.82,3494.31,1.42,2,16.2,41.98,62,Month-to-month,Yes,Yes,Female,0
22,40.84,910.55,1.19,1,6.9,17.3,24,Annual,No,No,Male,0
59,56.1,3793.31,3.18,6,2.0,74.51,46,6-month,No,Yes,Male,0
42,55.72,2339.18,3.57,6,3.9,4.07,65,Month-to-month,Yes,No,Female,0
39,59.52,2301.79,5.29,3,21.3,14.65,58,6-month,Yes,Yes,Female,0
12,49.26,656.87,3.37,1,15.6,15.45,69,Month-to-month,No,No,Male,1
33,59.12,1970.26,0.93,3,3.1,40.7,20,Month-to-month,No,Yes,Male,1
62,56.85,3414.03,5.15,4,18.1,11.29,46,Month-to-month,No,Yes,Female,1
1,76.32,70.02,3.87,4,11.8,64.15,21,Month-to-month,Yes,No,Female,0
55,59.39,3443.68,0.0,2,20.0,28.33,55,Month-to-month,No,No,Female,1
35,66.51,2189.48,1.16,4,1.3,12.88,27,Month-to-month,Yes,No,Male,0
52,44.29,2280.15,1.86,4,4.1,5.83,28,Month-to-month,No,No,Male,1
48,38.56,1890.6,3.59,2,12.3,0.91,33,Annual,Yes,No,Male,0
31,47.77,1527.82,0.0,1,9.3,1.15,63,Month-to-month,No,Yes,Male,0
22,58.95,1190.27,2.35,1,18.8,15.06,35,Month-to-month,Yes,Yes,Male,0
45,61.89,2634.48,3.52,1,13.9,94.14,63,Month-to-month,No,No,Male,0
10,27.45,277.5,0.0,7,1.2,27.48,49,Annual,No,No,Male,0
42,41.76,1614.74,3.47,4,10.4,33.77,26,6-month,No,Yes,Male,0
6,36.1,223.96,3.63,2,14.5,7.97,30,Annual,Yes,Yes,Female,0
47,66.77,2928.8,1.4,5,2.6,8.34,57,Month-to-month,No,Yes,Female,0
45,62.64,2777.01,1.0,4,7.6,1.66,62,Month-to-month,No,No,Male,0
6,38.51,225.15,1.38,3,2.9,42.53,29,6-month,No,Yes,Male,0
55,40.63,2322.68,0.0,3,8.9,0.8,43,Month-to-month,No,Yes,Male,1
30,25.68,750.08,2.08,3,5.7,20.14,41,Annual,Yes,No,Male,0
57,37.48,2211.71,2.79,1,6.9,16.56,42,Annual,No,No,Female,0
3,49.36,156.56,0.91,3,14.6,17.63,35,Month-to-month,No,No,Male,1
13,43.32,561.88,3.76,4,4.6,49.08,64,Annual,Yes,Yes,Female,0
36,37.04,1349.38,2.63,3,5.2,19.01,64,6-month,No,No,Female,1
13,43.46,545.16,2.84,4,5.5,7.53,37,Month-to-month,No,No,Female,0
24,49.87,1130.31,1.98,1,8.3,36.85,42,Month-to-month,No,No,Female,1
48,55.98,2513.47,3.47,2,4.7,41.17,65,Month-to-month,Yes,Yes,Female,0
10,48.89,491.25,4.18,7,3.5,8.32,61,Annual,Yes,Yes,Female,0
49,63.54,3023.41,1.97,1,12.5,6.7,45,Month-to-month,No,No,Male,1
7,89.36,638.6,3.49,3,5.2,11.3,50,Month-to-month,No,No,Female,0
12,49.27,582.41,3.5,2,6.3,10.07,62,6-month,No,Yes,Female,0
42,47.65,1950.59,3.04,0,10.9,27.95,43,Month-to-month,No,No,Female,1
57,42.03,2371.87,4.68,3,4.2,12.18,63,Month-to-month,No,No,Male,0
12,41.16,441.24,1.56,8,2.0,20.7,53,6-month,No,No,Male,0
21,45.6,1001.33,1.95,1,17.7,91.7,38,Month-to-month,No,No,Male,1
67,59.68,3925.75,1.49,1,9.2,15.1,18,Month-to-month,No,No,Male,1
72,59.52,4200.23,3.44,5,6.8,10.64,60,Month-to-month,No,No,Female,0
42,50.37,2283.48,2.15,4,7.3,51.49,46,Month-to-month,Yes,Yes,Male,0
32,74.85,2356.45,1.6,2,20.2,96.76,48,Month-to-month,No,Yes,Male,1
25,53.42,1374.43,4.66,0,11.0,55.0,28,6-month,No,No,Female,0
44,45.24,1794.18,4.85,3,0.3,16.19,63,Annual,Yes,Yes,Female,0
43,61.39,2555.29,2.07,3,6.7,36.05,59,Month-to-month,No,Yes,Male,0
21,40.63,902.18,0.72,4,7.3,60.66,21,Annual,No,No,Female,0
1,48.77,50.88,4.92,2,6.8,10.35,63,6-month,Yes,No,Female,0
11,40.74,463.14,3.11,3,1.0,21.41,40,6-month,No,No,Female,0
69,58.22,3853.75,3.05,4,2.4,9.08,57,6-month,Yes,Yes,Female,0
30,54.27,1646.57,2.64,1,1.3,4.94,69,6-month,Yes,No,Female,0
35,35.47,1217.06,1.46,2,22.4,31.35,67,Annual,Yes,No,Male,0
34,64.05,2215.05,1.96,1,6.9,14.57,63,Month-to-month,Yes,No,Female,1
57,70.13,4173.68,3.38,2,7.8,6.35,25,Month-to-month,Yes,No,Male,0
4,38.32,154.76,1.92,1,5.8,6.38,47,Month-to-month,No,No,Male,1
6,45.93,290.02,3.06,4,3.1,40.22,29,Month-to-month,No,Yes,Male,1
20,46.68,985.37,2.52,2,3.4,31.44,60,6-month,No,Yes,Male,0
35,28.49,938.0,1.13,1,22.5,33.04,55,Month-to-month,No,No,Female,1
48,59.92,2597.4,4.61,3,6.0,10.35,37,Month-to-month,No,No,Female,0
35,65.6,2414.06,3.27,4,4.2,49.71,25,Month-to-month,No,No,Male,1
32,49.24,1581.98,2.93,2,14.0,43.17,65,Month-to-month,No,No,Male,0
68,49.94,3635.39,3.22,4,5.2,52.18,45,6-month,Yes,No,Female,0
11,47.84,535.34,0.17,0,2.0,4.89,55,6-month,Yes,No,Female,0
41,49.78,2203.55,1.86,4,3.0,26.49,54,Month-to-month,No,Yes,Female,1
39,50.07,2027.48,0.51,6,13.9,26.4,52,Month-to-month,No,No,Female,1
34,48.17,1669.92,2.66,2,4.4,9.06,29,Month-to-month,No,Yes,Female,1
58,47.62,2706.79,2.92,2,8.4,16.34,26,Month-to-month,No,No,Male,0
19,30.44,563.2,2.68,2,6.0,23.52,39,6-month,Yes,Yes,Female,0
69,54.99,3456.42,4.03,5,11.6,50.6,67,6-month,No,No,Male,0
24,73.74,1825.34,0.55,2,5.3,20.66,60,Month-to-month,No,No,Male,0
39,51.06,1908.75,1.46,2,3.5,29.48,66,Month-to-month,Yes,No,Male,0
38,52.65,1973.23,3.04,3,2.9,3.12,37,Annual,No,No,Female,0
62,52.86,3270.47,2.84,3,12.4,12.63,37,6-month,No,No,Male,0
32,49.1,1527.61,0.79,2,4.2,14.05,54,Month-to-month,No,No,Male,1
20,37.96,765.99,4.06,0,8.0,45.46,20,Month-to-month,Yes,No,Female,1
1,39.29,34.48,4.51,3,15.5,46.31,68,Month-to-month,No,Yes,Male,1
26,38.82,1010.44,3.05,2,6.8,4.77,61,Annual,No,No,Female,0
60,56.84,3522.8,0.54,3,9.1,9.56,58,Month-to-month,No,No,Female,1
0,65.76,59.9,2.71,5,4.3,25.21,58,Month-to-month,Yes,Yes,Female,1
65,49.11,3078.92,2.94,2,5.3,15.54,60,Annual,No,No,Male,0
39,49.63,2070.87,2.15,3,15.8,13.18,46,6-month,No,No,Female,0
10,41.33,411.23,4.25,7,11.5,11.86,34,Month-to-month,Yes,Yes,Male,0
22,52.36,1110.08,2.35,4,5.8,23.39,70,Month-to-month,No,Yes,Male,1
40,65.76,2730.9,5.24,2,6.9,23.47,26,Month-to-month,No,No,Male,0
23,44.44,963.18,3.52,2,5.6,10.59,66,6-month,Yes,No,Male,0
7,54.52,361.35,2.86,2,10.5,12.07,57,Month-to-month,No,Yes,Female,0
48,39.3,1794.95,3.7,1,4.1,16.33,61,Annual,No,Yes,Male,0
49,40.58,2127.95,4.49,4,10.5,19.55,41,Annual,No,Yes,Male,0
8,47.4,359.14,3.67,5,19.7,0.65,57,Month-to-month,Yes,No,Male,1
20,60.75,1210.12,2.4,5,7.5,8.56,54,6-month,No,No,Female,0
17,46.72,840.66,1.64,4,2.2,9.99,62,Month-to-month,No,No,Male,1
48,59.2,2693.98,1.04,3,6.1,15.63,34,Month-to-month,No,No,Male,0
53,47.88,2308.37,0.0,1,18.6,23.07,57,6-month,No,Yes,Male,0
53,41.33,2427.46,2.73,3,6.9,9.2,29,Month-to-month,Yes,No,Male,1
68,56.75,3884.48,2.0,3,2.7,14.69,69,Month-to-month,No,No,Male,1
56,53.82,2913.77,2.07,9,5.9,1.68,44,Month-to-month,No,Yes,Male,1
23,60.45,1378.77,3.84,2,16.6,52.48,66,Month-to-month,No,Yes,Female,0
7,63.31,460.09,2.35,7,4.1,4.09,24,Month-to-month,No,Yes,Female,1
44,50.68,2051.49,4.96,2,16.8,70.72,36,6-month,No,No,Male,0
66,43.37,2792.67,1.75,5,5.6,21.64,47,Annual,No,Yes,Female,0
71,53.79,3975.49,1.24,3,28.9,36.21,69,6-month,No,Yes,Male,0
16,34.11,586.86,0.87,0,4.4,17.02,30,Annual,No,Yes,Male,1
17,41.79,763.58,3.44,7,3.3,23.71,42,Month-to-month,No,No,Female,1
2,44.1,88.69,4.0,0,0.5,23.48,25,Annual,Yes,Yes,Female,0
10,54.3,584.92,1.73,3,6.3,39.1,59,Month-to-month,Yes,No,Female,0
40,46.78,1707.77,1.12,1,5.5,26.35,43,Month-to-month,No,No,Male,1
39,39.08,1535.4,4.49,1,18.5,3.59,30,Annual,No,No,Male,0
27,35.29,824.47,0.61,1,12.6,2.39,49,Month-to-month,Yes,Yes,Female,1
22,48.53,1145.51,3.81,4,16.3,6.1,55,Month-to-month,Yes,Yes,Male,1
60,59.7,3662.45,1.76,2,13.9,17.25,60,Month-to-month,Yes,No,Male,0
33,44.7,1608.54,3.02,1,6.5,40.44,35,Month-to-month,No,No,Male,0
59,59.09,3378.29,3.9,1,30.0,9.1,33,Month-to-month,Yes,Yes,Female,0
70,49.43,3221.56,3.12,3,6.1,3.58,54,Month-to-month,No,No,Female,0
23,31.24,747.6,2.12,1,9.0,5.67,48,Annual,No,No,Female,0
14,60.95,846.16,4.31,2,22.6,74.13,29,Month-to-month,No,Yes,Female,1
69,64.53,4700.2,2.88,6,12.9,37.78,48,Month-to-month,No,Yes,Male,1
46,55.92,2674.43,7.0,2,7.5,5.56,49,Month-to-month,No,No,Male,0
21,48.74,1007.61,0.28,4,10.2,12.85,26,Annual,No,No,Female,0
45,50.42,2265.24,0.26,2,4.0,19.08,70,Month-to-month,No,No,Male,0
37,61.37,2243.54,3.79,2,5.0,26.23,19,Month-to-month,No,Yes,Male,1
66,44.79,2960.13,2.46,2,9.0,114.83,52,Month-to-month,No,No,Female,1
18,59.73,1047.5,3.53,4,2.7,17.32,50,6-month,No,No,Male,0
72,60.42,4483.29,1.07,4,3.7,7.65,34,6-month,Yes,Yes,Female,0
68,46.74,2901.45,2.57,5,1.1,54.19,46,6-month,Yes,No,Female,0
13,41.99,492.86,3.09,4,6.7,81.02,33,6-month,Yes,No,Male,0
12,36.48,427.85,1.79,4,7.5,15.32,68,Month-to-month,Yes,Yes,Male,1
38,60.21,2215.49,2.8,2,14.3,27.62,41,Month-to-month,No,Yes,Male,1
3,64.64,188.78,0.73,4,3.2,16.96,49,Month-to-month,No,No,Male,1
21,37.08,826.91,3.01,2,5.0,28.16,36,Month-to-month,No,No,Female,1
31,58.69,1830.97,4.38,1,11.8,34.71,28,Month-to-month,No,No,Female,1
70,65.83,4786.33,0.89,4,13.4,23.23,26,Month-to-month,Yes,No,Female,0
72,60.96,4502.65,0.81,2,12.9,49.06,57,Month-to-month,No,No,Female,0
11,47.17,557.98,4.05,2,3.5,22.83,68,6-month,No,Yes,Male,0
65,45.57,2866.78,0.79,1,1.3,7.35,19,Month-to-month,No,No,Male,1
6,53.89,332.59,3.59,1,7.3,45.79,25,6-month,No,Yes,Female,1
54,50.9,2718.51,2.57,1,6.5,48.77,55,6-month,No,Yes,Male,0
61,55.96,3223.64,1.96,3,7.7,0.91,29,Month-to-month,No,No,Female,0
65,53.2,3246.92,4.41,4,8.8,86.92,61,Month-to-month,No,Yes,Female,0
16,52.92,837.25,3.71,1,9.9,6.56,58,6-month,No,No,Female,0
65,52.84,3615.4,2.86,4,9.9,15.39,27,6-month,No,Yes,Female,0
8,59.71,463.68,0.0,3,5.1,12.58,22,Month-to-month,No,Yes,Male,1
37,57.01,2055.72,3.43,5,5.8,8.45,32,Month-to-month,No,No,Male,0
34,50.04,1642.07,1.11,2,4.5,24.93,25,6-month,No,Yes,Male,0
23,44.52,962.35,2.21,3,12.1,4.43,23,6-month,Yes,No,Male,0
1,48.76,47.57,2.51,2,2.7,20.23,67,Month-to-month,No,No,Female,0
56,67.81,4011.67,4.97,1,21.5,36.85,28,Month-to-month,Yes,Yes,Female,1
24,50.5,1227.81,2.17,4,6.7,17.89,47,Annual,Yes,Yes,Male,0
48,66.09,3081.39,0.65,4,6.6,54.58,31,Month-to-month,No,No,Female,0
29,54.91,1562.01,4.41,6,5.7,4.27,28,Annual,No,No,Female,0
27,52.07,1429.24,3.44,1,12.3,12.27,32,Month-to-month,No,Yes,Male,1
64,71.61,4444.12,3.49,4,7.1,7.48,31,Month-to-month,No,No,Male,1
6,59.69,374.01,4.43,3,4.7,34.2,42,Month-to-month,No,Yes,Male,1
53,46.23,2601.86,4.74,4,11.9,18.93,50,Month-to-month,Yes,No,Male,0
54,56.29,2863.84,1.34,4,4.0,13.09,68,Annual,No,Yes,Male,1
27,66.33,1763.61,0.69,2,12.5,37.69,55,Month-to-month,No,No,Female,0
19,39.51,765.67,3.6,1,1.8,65.15,21,Annual,Yes,Yes,Male,0
0,44.42,47.31,2.16,4,16.4,27.55,27,Month-to-month,No,Yes,Male,1
68,48.18,2848.79,2.28,2,3.8,42.72,36,Annual,No,Yes,Male,0
69,50.63,3381.82,1.04,1,2.3,0.63,49,Annual,Yes,No,Female,0
17,47.63,706.54,3.26,8,5.4,28.49,29,6-month,No,No,Female,0
2,78.58,163.11,3.02,2,4.8,102.06,47,Month-to-month,No,Yes,Male,1
8,47.19,377.54,2.3,4,8.8,28.27,57,6-month,No,Yes,Female,0
4,54.38,228.68,0.7,3,2.2,29.23,19,Month-to-month,Yes,No,Male,1
60,27.48,1629.12,4.07,4,8.6,24.83,67,Annual,No,Yes,Male,0
65,51.35,3299.5,2.83,4,5.4,16.02,55,Month-to-month,No,Yes,Male,1
11,65.07,728.56,3.95,5,7.1,13.61,40,Month-to-month,No,Yes,Female,1
54,38.32,2077.55,0.0,1,2.7,17.42,29,Month-to-month,No,No,Female,1
13,57.54,728.3,2.57,1,6.8,26.95,65,6-month,No,No,Male,0
26,47.64,1292.73,1.57,2,3.9,6.36,34,Annual,No,Yes,Male,0
43,70.7,3208.43,2.55,2,1.5,17.26,63,Month-to-month,Yes,Yes,Female,0
52,29.95,1582.41,3.73,2,10.5,41.96,65,6-month,No,No,Female,0
63,45.61,3071.97,2.98,5,3.3,17.5,36,Annual,No,Yes,Female,1
3,60.67,195.42,2.52,6,8.6,13.23,19,Month-to-month,Yes,No,Female,0
14,48.77,662.38,2.52,2,3.4,26.78,23,Month-to-month,No,Yes,Female,1
20,58.9,1178.8,0.47,4,6.6,2.68,51,6-month,Yes,Yes,Male,0
22,46.11,1033.24,1.32,4,26.8,15.86,69,6-month,No,Yes,Male,1
72,49.56,3282.39,3.96,3,14.0,5.79,60,Month-to-month,No,No,Female,0
56,38.67,2176.26,1.84,2,20.0,22.14,60,Annual,No,Yes,Male,0
23,41.99,959.16,3.98,5,14.5,11.35,65,Month-to-month,No,Yes,Male,1
70,38.98,2626.47,3.57,3,6.5,27.41,56,Annual,Yes,No,Male,0
36,34.59,1260.19,3.64,5,12.3,16.2,29,Annual,No,No,Male,0
36,48.98,1679.48,2.93,1,5.8,30.62,41,Annual,No,Yes,Female,0
31,41.08,1174.08,1.93,2,2.2,20.2,36,Month-to-month,Yes,Yes,Male,1
10,71.4,628.43,2.3,2,8.0,5.28,29,Month-to-month,No,No,Female,0
68,76.65,4761.37,3.33,4,1.6,5.93,44,Month-to-month,No,No,Male,0
1,44.42,41.7,0.0,2,5.7,3.91,35,Month-to-month,No,No,Female,1
12,39.54,474.87,4.12,2,15.4,24.21,61,6-month,No,Yes,Male,0
16,45.4,737.79,1.85,3,13.4,12.73,42,Month-to-month,Yes,No,Male,0
20,51.91,1006.12,2.39,2,5.7,13.4,50,Month-to-month,Yes,No,Male,0
9,73.03,676.69,2.4,5,20.0,38.0,51,Month-to-month,No,No,Female,1
1,50.33,51.08,2.45,2,9.5,43.33,26,Month-to-month,No,Yes,Male,1
49,52.14,2437.67,0.79,3,10.9,20.45,23,Month-to-month,No,No,Male,1
70,55.77,3712.84,2.7,0,4.8,5.24,43,6-month,Yes,Yes,Male,0
8,48.0,407.24,3.27,5,12.1,20.96,55,6-month,No,No,Female,1
21,25.0,510.78,0.0,5,6.0,47.71,51,Month-to-month,No,No,Female,1
36,33.48,1308.99,0.81,4,3.0,8.61,56,Annual,No,No,Male,0
67,46.49,2914.09,3.66,1,9.6,38.42,62,Annual,Yes,No,Female,0
50,48.39,2386.15,3.42,5,6.8,44.34,70,Month-to-month,No,No,Female,0
55,43.01,2182.77,2.89,2,6.4,50.13,59,6-month,No,Yes,Male,0
42,67.02,2531.05,1.61,3,10.2,22.47,59,Month-to-month,No,No,Male,1
30,40.88,1182.74,3.43,4,1.7,27.24,51,Month-to-month,No,No,Male,0
14,75.93,1099.67,0.94,3,4.1,9.38,70,Month-to-month,No,No,Female,1
63,40.77,2482.11,2.32,3,8.7,10.6,61,Month-to-month,No,Yes,Female,0
58,56.18,3348.16,0.8,7,2.7,16.09,21,Annual,No,Yes,Female,0
1,50.01,47.72,2.29,1,3.6,1.0,21,Annual,No,Yes,Female,0
52,43.86,2430.95,1.16,0,12.1,4.07,67,Annual,Yes,No,Female,0
6,34.89,200.33,3.48,4,2.2,27.11,67,6-month,Yes,Yes,Male,0
53,50.88,2890.41,3.06,1,13.9,45.96,60,6-month,No,Yes,Male,0
60,38.17,2292.0,1.76,0,10.4,10.78,58,Annual,No,No,Female,0
9,45.8,390.11,3.92,2,11.1,3.22,48,Month-to-month,Yes,Yes,Female,0
31,52.66,1559.31,1.26,0,2.5,23.91,53,Month-to-month,No,No,Female,1
9,50.54,462.78,2.45,4,14.3,12.14,36,6-month,No,No,Male,0
41,42.85,1653.61,1.7,4,7.8,14.68,50,Month-to-month,No,Yes,Male,1
67,46.83,3175.15,3.47,3,20.2,15.36,25,Month-to-month,No,No,Male,1
5,43.5,209.18,3.34,1,10.5,9.11,46,Month-to-month,Yes,No,Male,0
29,49.36,1350.74,4.19,6,6.4,6.63,21,6-month,No,No,Female,0
71,59.32,4024.27,2.61,2,1.8,70.74,29,Month-to-month,No,No,Female,0
21,56.21,1085.38,0.0,2,9.0,36.15,37,Month-to-month,No,No,Female,1
9,74.74,675.33,1.94,2,13.1,33.13,51,Month-to-month,No,No,Male,1
35,32.9,1160.13,4.53,2,12.0,0.14,39,Month-to-month,No,Yes,Male,0
37,34.71,1231.91,2.08,3,2.9,5.77,40,Annual,Yes,Yes,Male,0
48,55.06,2530.7,0.01,0,19.7,31.19,58,Month-to-month,No,Yes,Female,1
22,61.84,1254.47,3.08,2,4.2,3.16,57,6-month,No,No,Female,0
69,47.97,3193.55,3.18,3,13.8,17.78,31,6-month,Yes,No,Male,0
38,53.35,2066.29,1.55,3,3.3,18.41,29,Month-to-month,Yes,No,Female,0
20,40.11,771.35,2.18,2,3.2,11.32,32,Annual,No,No,Female,0
70,58.1,4102.53,1.4,2,3.4,24.7,25,6-month,No,Yes,Male,0
67,49.86,3426.4,3.18,3,3.5,9.56,27,6-month,No,No,Female,0
36,36.21,1221.12,2.57,2,2.1,9.56,67,Month-to-month,Yes,Yes,Female,1
1,62.77,69.42,0.98,1,2.8,5.08,68,Month-to-month,No,Yes,Male,1
43,36.29,1626.23,2.49,2,0.7,50.41,45,Annual,No,Yes,Male,0
40,31.55,1234.96,1.55,6,1.1,6.16,25,6-month,Yes,No,Male,0
10,44.21,401.71,4.4,6,22.9,10.57,70,Annual,No,No,Male,1
46,46.52,2022.61,3.66,1,8.5,16.33,45,Annual,No,Yes,Male,0
61,67.97,4536.45,2.34,2,6.6,12.22,30,Month-to-month,No,No,Male,0
7,42.15,300.7,2.61,3,8.4,50.81,37,6-month,No,No,Female,0
52,67.2,3387.09,3.82,2,4.7,37.65,38,Month-to-month,No,No,Female,0
10,49.98,486.93,2.27,4,6.3,15.69,48,6-month,No,Yes,Male,0
54,61.3,3531.66,3.49,4,5.1,15.65,36,Month-to-month,No,No,Female,0
30,61.73,1885.76,4.42,3,9.7,7.86,18,Month-to-month,No,Yes,Female,0
0,48.3,47.19,1.86,3,12.7,0.56,32,6-month,No,No,Female,1
70,49.69,3181.64,4.64,5,3.6,3.01,63,6-month,No,Yes,Female,0
12,53.93,638.97,4.26,2,2.7,49.38,64,6-month,Yes,Yes,Female,0
43,63.08,2785.05,2.82,6,4.3,27.44,39,Month-to-month,No,No,Female,0
13,38.88,516.58,1.92,2,3.8,9.73,59,Month-to-month,No,No,Female,0
68,41.94,2698.49,2.81,4,9.8,24.31,31,Annual,Yes,Yes,Female,0
53,60.73,3206.92,2.18,2,6.7,86.64,33,Month-to-month,No,Yes,Male,0
58,55.42,3295.97,1.47,4,3.0,30.23,34,Month-to-month,No,Yes,Male,0
31,35.07,1162.03,3.19,1,1.1,4.84,62,6-month,No,No,Female,0
34,40.89,1361.36,1.17,4,11.0,14.02,69,Month-to-month,No,No,Male,1
46,51.83,2592.06,2.06,2,3.7,25.2,68,6-month,No,Yes,Male,0
57,39.62,2309.87,2.08,3,5.0,45.49,37,Month-to-month,No,Yes,Female,0
61,44.34,2619.89,0.73,0,8.9,17.75,55,Annual,No,Yes,Male,0
1,46.71,44.24,3.36,5,9.1,14.46,42,Annual,No,Yes,Female,0
48,30.64,1306.75,2.2,2,12.2,9.56,62,Annual,No,Yes,Male,0
7,44.64,296.1,4.19,2,14.6,3.49,63,6-month,No,Yes,Male,0
21,54.26,1222.63,2.18,6,3.4,32.68,63,Month-to-month,No,No,Female,1
60,47.28,2767.24,1.97,4,11.1,13.86,70,6-month,No,Yes,Male,0
18,45.26,746.54,1.32,2,13.3,3.35,30,Annual,Yes,Yes,Female,1
58,38.71,2145.84,2.55,4,12.9,8.12,69,6-month,No,Yes,Male,0
33,53.2,1755.54,2.56,2,7.6,21.27,29,6-month,No,No,Female,0
16,57.26,898.37,3.46,1,15.1,18.16,25,6-month,Yes,No,Female,0
24,29.08,709.56,2.59,5,26.1,28.85,58,6-month,No,Yes,Male,0
38,51.28,1911.83,5.22,0,6.4,10.43,47,6-month,No,No,Female,0
55,38.12,2029.57,3.09,4,3.6,16.22,58,Month-to-month,No,No,Male,0
44,53.28,2331.39,1.22,3,7.9,2.43,49,Month-to-month,Yes,No,Female,0
68,42.83,2740.66,1.11,4,4.7,8.93,40,6-month,Yes,Yes,Female,0
63,41.5,2631.2,3.2,6,4.2,38.22,59,Month-to-month,No,No,Male,0
54,30.73,1573.03,1.18,0,20.6,20.41,51,Annual,No,No,Female,0
44,45.58,1982.06,3.27,4,5.2,12.55,43,6-month,Yes,No,Female,0
21,69.12,1471.0,3.66,5,5.1,31.73,45,Month-to-month,No,No,Male,1
30,40.7,1195.67,3.7,3,4.3,22.65,42,Annual,Yes,Yes,Male,0
8,57.53,458.52,1.37,1,8.7,40.39,27,6-month,No,No,Female,1
27,38.28,1066.65,3.7,2,10.4,4.56,37,6-month,No,Yes,Female,0
67,62.64,4034.71,2.92,2,16.5,23.82,24,Month-to-month,No,Yes,Female,0
31,58.02,1945.34,1.71,3,2.7,19.87,56,Annual,No,No,Female,0
8,48.14,359.82,2.29,3,16.2,36.97,54,Month-to-month,No,No,Female,0
47,44.89,2234.2,3.11,2,3.2,8.08,52,6-month,No,No,Female,0
70,38.17,2722.54,1.63,5,2.6,26.11,33,Month-to-month,No,No,Female,0
63,49.67,3194.58,2.89,2,5.9,35.13,70,6-month,No,No,Male,0
20,43.81,918.3,4.38,3,2.9,28.66,57,6-month,Yes,No,Male,0
33,52.05,1715.18,3.75,2,8.7,5.85,49,6-month,No,Yes,Male,0
38,54.97,2104.94,2.61,4,4.2,16.24,51,Month-to-month,No,Yes,Female,1
18,42.74,770.85,2.8,4,12.3,4.7,66,Annual,No,No,Male,0
19,30.28,598.91,1.8,3,9.8,19.89,18,6-month,Yes,Yes,Female,0
17,60.75,1084.36,1.84,1,10.5,33.75,69,Month-to-month,No,No,Female,1
72,37.82,2718.97,0.5,3,8.2,31.84,43,Annual,No,Yes,Male,0
54,53.36,2826.52,2.83,1,7.9,23.67,19,6-month,No,No,Male,1
61,25.0,1443.44,3.39,1,3.9,2.72,36,Annual,No,Yes,Female,0
59,39.23,2334.38,2.41,3,4.3,26.72,20,Annual,Yes,No,Female,0
70,33.25,2268.37,1.36,3,4.5,25.4,50,Annual,No,Yes,Female,0
7,51.11,325.5,2.59,7,11.7,31.08,70,6-month,No,No,Female,0
64,40.31,2559.72,4.24,6,8.7,7.33,51,6-month,No,Yes,Male,0
4,53.46,214.11,3.67,5,4.4,10.31,49,Month-to-month,Yes,No,Female,0
34,50.87,1796.3,2.46,2,6.8,75.64,21,Month-to-month,No,No,Male,0
43,42.56,1825.2,5.16,6,15.9,4.42,33,6-month,No,No,Male,0
26,55.75,1372.51,6.01,4,0.3,21.36,32,Month-to-month,Yes,No,Male,0
10,55.49,582.32,1.88,1,6.2,6.93,41,Annual,Yes,Yes,Male,0
14,44.8,560.94,2.18,8,7.0,14.19,61,Month-to-month,No,Yes,Female,0
60,52.59,2907.11,3.4,1,4.2,16.05,41,Month-to-month,Yes,Yes,Male,0
23,62.34,1412.11,1.31,1,1.8,26.22,26,Month-to-month,No,No,Male,1
22,56.86,1228.56,3.6,5,3.9,18.39,23,Month-to-month,Yes,No,Female,0
67,49.69,3279.94,2.63,1,3.3,1.1,23,Month-to-month,Yes,No,Male,0
10,49.29,470.96,2.98,6,7.1,7.84,66,Month-to-month,No,No,Female,0
66,49.16,3388.2,1.75,1,3.6,12.99,29,Annual,No,No,Male,0
67,31.03,2051.18,1.48,5,6.8,34.7,35,Month-to-month,Yes,No,Male,1
43,62.97,2512.12,0.0,4,18.5,10.42,44,Month-to-month,Yes,Yes,Female,1
12,36.26,441.55,4.43,1,2.7,17.21,47,Month-to-month,No,No,Female,0
11,40.85,429.94,3.72,3,13.1,20.82,61,Month-to-month,Yes,No,Female,1
20,49.86,945.65,3.38,4,5.8,20.04,64,Month-to-month,No,No,Female,1
42,47.62,1982.76,2.95,2,0.7,17.55,29,6-month,No,No,Female,0
11,58.86,696.69,0.0,5,12.4,5.94,65,6-month,No,No,Male,0
33,62.06,1816.69,1.52,5,12.3,10.43,39,Month-to-month,No,No,Female,1
8,56.41,412.06,2.17,4,2.7,32.87,27,6-month,Yes,Yes,Female,1
39,36.38,1347.12,1.09,1,8.8,38.15,45,Month-to-month,Yes,Yes,Female,1
1,56.57,60.98,0.3,6,5.6,41.98,26,Month-to-month,Yes,No,Female,1
51,26.89,1287.37,1.23,4,7.6,8.88,36,Annual,No,No,Female,0
4,46.83,195.95,2.56,4,3.8,11.85,25,Month-to-month,Yes,No,Male,1
14,47.16,684.94,2.56,2,3.0,23.49,57,Annual,No,No,Female,0
12,50.29,633.64,3.68,4,2.4,62.37,30,Month-to-month,Yes,No,Female,0
60,63.69,3624.05,5.18,4,14.8,92.88,67,Month-to-month,No,No,Male,0
3,35.64,106.77,3.39,3,2.7,8.87,34,Month-to-month,Yes,No,Male,0
31,55.75,1778.4,2.27,5,8.7,7.6,26,Month-to-month,No,No,Male,0
43,55.7,2427.78,4.84,1,2.8,3.51,56,Annual,Yes,No,Female,0
37,50.9,2139.32,0.44,1,26.4,27.34,44,Month-to-month,No,No,Male,0
49,43.47,2321.23,0.0,3,2.7,2.84,26,Annual,No,No,Female,1
58,43.72,2670.31,1.35,2,2.7,24.98,38,Annual,No,No,Female,1
28,44.96,1297.38,3.56,3,16.4,25.55,29,6-month,Yes,Yes,Male,1
60,52.88,3282.14,2.72,2,5.2,55.27,54,Month-to-month,No,No,Male,0
23,48.39,1168.94,1.03,5,2.1,7.34,38,Month-to-month,Yes,Yes,Female,0
71,50.29,3872.27,1.55,1,6.1,1.07,23,Month-to-month,No,No,Female,0
36,54.92,1891.96,0.89,2,3.2,3.88,19,6-month,No,No,Female,0
53,47.32,2648.55,0.89,2,29.4,13.17,68,Month-to-month,Yes,No,Male,1
63,40.12,2553.9,4.52,2,1.2,7.18,31,Annual,No,Yes,Male,0
57,38.82,2323.02,2.31,3,10.2,10.61,61,6-month,No,Yes,Male,0
62,48.89,3036.7,4.8,1,16.8,32.48,42,Month-to-month,No,No,Female,0
39,52.03,1979.05,1.34,3,11.1,11.13,54,6-month,Yes,Yes,Male,0
3,59.15,173.22,3.14,5,3.7,11.74,47,Month-to-month,No,No,Female,1
35,45.0,1581.14,2.8,2,13.5,20.79,40,Annual,No,Yes,Female,0
13,56.46,751.97,3.64,2,7.2,8.89,51,Month-to-month,No,No,Male,0
64,25.58,1600.16,2.83,5,9.8,25.3,23,Annual,No,No,Male,0
17,46.72,734.9,3.78,1,11.4,33.61,38,Annual,No,No,Male,0
16,47.57,785.33,3.22,5,2.6,7.58,24,Annual,Yes,Yes,Male,0
18,42.53,760.01,1.08,6,9.4,52.1,47,Month-to-month,Yes,No,Male,1
46,46.83,1926.99,3.45,4,10.9,3.1,46,Annual,Yes,No,Male,0
41,49.94,1880.53,2.37,1,6.2,4.14,63,Month-to-month,Yes,Yes,Male,0
69,55.42,3873.14,1.49,2,3.7,11.86,18,6-month,No,No,Male,0
30,49.31,1525.77,3.4,1,5.8,4.5,56,Month-to-month,No,No,Female,0
20,84.59,1783.9,3.7,2,20.2,20.78,53,Month-to-month,Yes,No,Female,0
3,48.37,141.18,1.87,5,8.7,87.29,48,Month-to-month,Yes,Yes,Male,0
0,34.31,33.17,2.04,4,6.6,12.0,65,Month-to-month,No,No,Male,1
27,39.0,1080.78,0.7,6,2.7,11.26,59,Month-to-month,No,Yes,Male,1
67,31.9,2043.24,0.15,4,13.4,4.14,35,Annual,No,Yes,Male,0
38,68.36,2487.62,2.18,4,9.3,101.66,33,Month-to-month,No,No,Female,0
65,44.87,2941.02,3.53,2,4.6,51.42,56,6-month,No,Yes,Female,0
7,67.79,480.41,1.75,2,4.0,37.58,68,Month-to-month,Yes,Yes,Male,1
6,54.56,335.91,4.36,2,2.3,14.48,35,6-month,Yes,No,Female,0
60,53.98,3252.99,2.23,3,9.6,41.7,54,6-month,No,No,Male,0
7,52.4,347.98,2.24,5,1.1,27.69,28,Month-to-month,No,No,Female,0
3,44.23,130.15,2.12,4,9.9,8.96,53,6-month,No,No,Male,1
29,56.68,1648.19,3.78,3,1.2,99.67,33,Annual,No,No,Female,0
67,38.17,2716.16,1.25,6,5.5,1.45,59,Annual,Yes,No,Female,0
50,48.23,2491.52,2.33,3,13.6,13.02,55,Month-to-month,No,No,Female,0
7,53.26,375.5,1.79,4,0.9,7.96,18,Month-to-month,No,Yes,Male,1
61,56.2,3535.2,1.77,3,15.8,0.35,57,6-month,No,Yes,Female,1
61,57.51,3730.38,2.55,6,3.9,1.42,25,Month-to-month,Yes,Yes,Male,0
58,48.8,2644.32,2.35,2,5.8,62.62,30,Annual,No,Yes,Female,0
65,60.4,3928.39,3.87,5,3.9,10.53,48,Month-to-month,No,Yes,Male,0
17,42.17,657.93,2.49,4,4.3,13.63,49,Annual,No,No,Female,0
71,56.09,3981.46,3.22,3,3.0,10.86,50,Month-to-month,No,No,Male,0
23,63.97,1434.68,2.72,2,12.8,11.38,35,Month-to-month,Yes,No,Female,1
58,41.07,2541.12,4.32,4,10.6,1.28,65,Annual,No,No,Female,0
42,46.86,2080.48,2.11,4,2.7,23.44,51,Annual,Yes,No,Male,0
56,56.22,3468.58,2.11,1,8.8,26.22,46,Annual,No,Yes,Male,0
45,38.89,1725.11,3.47,4,7.5,9.42,57,Annual,Yes,No,Male,0
46,54.33,2529.95,2.09,2,4.8,33.71,32,Month-to-month,Yes,Yes,Male,0
44,51.92,2278.1,3.15,3,9.2,63.54,40,Month-to-month,No,No,Male,0
56,81.79,4881.6,5.54,3,5.6,1.63,43,Month-to-month,Yes,Yes,Male,0
53,39.61,2096.38,1.23,7,11.7,14.2,24,Month-to-month,No,No,Male,0
9,64.59,553.52,4.49,1,3.1,23.23,34,Month-to-month,No,No,Female,0
60,53.9,2959.1,1.86,2,10.9,1.94,60,Annual,No,Yes,Female,0
39,56.31,2334.49,4.24,0,1.1,52.1,54,Month-to-month,No,No,Male,0
23,80.69,1886.48,3.39,2,7.0,30.62,66,Month-to-month,No,No,Male,0
37,45.38,1695.38,3.28,2,6.4,31.09,50,Month-to-month,No,No,Female,0
70,47.76,3600.88,2.3,1,3.2,52.24,20,Month-to-month,No,No,Male,0
62,54.82,3424.28,2.17,6,9.4,13.84,28,Month-to-month,No,Yes,Male,0
60,59.0,3277.84,1.56,4,10.0,14.19,35,6-month,No,No,Female,1
33,63.84,1975.02,2.51,6,3.8,18.24,37,Month-to-month,Yes,No,Female,1
57,49.36,2898.86,2.26,0,4.8,25.14,70,6-month,No,Yes,Male,0
28,40.85,1184.77,2.75,2,8.2,26.44,53,Annual,No,Yes,Female,0
50,52.97,2944.71,0.67,6,1.4,6.21,64,6-month,No,No,Male,0
46,41.72,1927.12,2.53,3,4.0,3.97,68,6-month,No,No,Female,0
18,52.71,1039.43,4.14,1,4.2,28.46,49,Month-to-month,No,Yes,Female,0
19,39.31,706.42,3.73,1,5.1,26.49,38,Month-to-month,No,No,Female,0
4,70.18,271.0,2.53,3,11.2,42.47,45,Month-to-month,Yes,No,Male,1
10,35.11,332.76,5.83,5,10.7,36.33,56,Annual,Yes,No,Male,0
31,49.37,1551.33,1.75,3,3.0,2.82,57,6-month,Yes,No,Female,1
34,59.14,2137.77,2.39,6,6.8,4.06,40,Month-to-month,No,Yes,Female,0
12,49.14,586.33,0.61,1,7.9,7.19,23,Month-to-month,Yes,No,Male,1
30,40.1,1149.93,1.98,2,9.0,20.53,38,Annual,No,No,Male,0
44,48.19,2193.94,4.82,2,2.2,49.05,41,6-month,Yes,Yes,Male,0
16,52.31,834.32,2.02,1,0.6,20.53,51,6-month,No,No,Male,0
24,45.92,1141.32,0.51,1,22.1,15.87,49,Annual,Yes,No,Female,0
26,39.43,1023.97,3.63,4,3.5,4.36,68,6-month,Yes,No,Female,0
36,45.46,1634.25,3.01,1,6.0,15.17,54,6-month,No,Yes,Female,0
26,59.62,1712.35,3.58,6,8.1,30.6,35,Month-to-month,No,No,Female,0
53,46.73,2354.62,2.11,3,5.8,11.69,60,Month-to-month,No,Yes,Male,1
23,38.09,897.19,1.19,1,6.2,9.97,41,Annual,No,Yes,Female,1
31,42.09,1355.99,2.26,3,7.8,39.65,36,6-month,Yes,Yes,Male,0
27,62.49,1781.74,3.22,1,3.2,25.5,20,Month-to-month,No,No,Male,0
13,43.38,534.87,2.41,1,3.3,36.18,58,6-month,No,Yes,Male,0
50,75.18,3844.88,3.0,3,3.5,7.56,51,Month-to-month,No,No,Male,0
17,50.29,837.22,1.8,2,8.6,60.37,21,Annual,No,No,Female,0
21,54.91,1152.3,3.05,5,10.1,9.48,37,Month-to-month,No,Yes,Female,1
57,27.83,1556.26,2.5,4,2.9,13.47,40,Annual,No,No,Female,0
69,42.02,2831.53,1.58,4,3.2,28.34,24,Month-to-month,No,No,Male,1
48,46.26,2398.83,2.68,3,9.3,9.57,58,Month-to-month,No,Yes,Female,0
66,45.29,3148.95,2.0,3,11.2,22.47,50,Month-to-month,No,Yes,Male,0
62,35.98,2081.36,3.3,2,12.2,23.14,29,Annual,Yes,Yes,Male,0
35,45.21,1564.38,3.64,5,3.6,14.41,54,Month-to-month,No,Yes,Female,1
56,61.96,3455.67,3.15,1,8.7,24.15,47,Month-to-month,No,No,Male,0
23,53.75,1323.16,0.37,5,18.5,11.29,24,6-month,Yes,Yes,Female,0
33,46.06,1435.25,1.25,4,4.3,25.5,48,Month-to-month,Yes,Yes,Male,1
39,51.07,1926.79,1.67,3,10.6,30.72,49,Month-to-month,No,No,Female,0
70,64.93,4383.3,1.46,2,7.0,17.7,27,Month-to-month,No,No,Female,0
61,25.9,1427.13,1.79,2,24.6,33.95,62,Annual,No,No,Male,0
35,54.0,1708.34,3.7,2,0.7,7.81,57,Month-to-month,No,Yes,Female,1
47,40.67,1937.81,3.41,4,7.8,18.21,46,Month-to-month,Yes,No,Female,0
14,43.57,587.63,1.95,5,15.5,66.79,55,Month-to-month,Yes,Yes,Male,0
58,42.22,2478.31,3.27,3,2.8,17.86,60,Month-to-month,No,No,Male,1
40,68.07,2505.07,2.93,5,10.8,14.57,44,Month-to-month,Yes,Yes,Female,0
38,60.31,2161.91,2.46,4,4.4,5.24,44,Month-to-month,Yes,No,Female,1
55,46.38,2496.89,3.99,5,1.2,8.48,39,Month-to-month,Yes,No,Male,0
46,49.36,2101.99,1.64,2,4.3,16.56,30,Month-to-month,No,No,Male,0
5,42.53,209.45,2.57,3,3.0,40.12,47,Annual,Yes,No,Male,0
21,46.14,953.67,1.13,4,13.1,32.49,26,Month-to-month,No,No,Female,0
12,59.6,700.8,1.2,3,24.9,6.73,19,Month-to-month,Yes,Yes,Female,1
53,38.59,1904.81,0.73,4,4.6,23.22,30,Annual,No,No,Female,0
2,45.16,95.61,1.22,4,4.3,17.92,23,Annual,Yes,No,Male,0
14,47.69,627.15,2.61,3,0.9,19.17,51,6-month,No,Yes,Female,0
43,68.09,2901.29,2.11,2,12.3,30.66,26,Month-to-month,No,Yes,Male,0
50,61.71,3058.39,2.15,8,17.3,28.07,33,Month-to-month,Yes,No,Male,1
36,50.77,1830.16,2.11,2,9.5,26.56,40,Month-to-month,Yes,No,Male,0
62,60.98,3518.06,4.8,0,4.2,28.11,46,Month-to-month,No,No,Female,1
67,51.51,3497.21,1.02,3,8.0,1.49,26,Month-to-month,Yes,Yes,Male,1
9,37.11,322.2,0.88,2,12.0,68.63,60,6-month,Yes,No,Male,1
69,59.04,4180.61,1.4,1,5.8,18.67,24,Month-to-month,No,Yes,Male,0
44,59.45,2733.25,2.41,3,10.1,32.01,23,6-month,Yes,No,Male,0
46,56.27,2593.88,3.17,6,4.8,40.18,26,Month-to-month,No,No,Male,0
6,72.4,421.86,3.3,2,1.9,10.05,24,Month-to-month,No,No,Male,0
45,32.57,1582.69,3.73,3,11.6,15.78,25,6-month,No,Yes,Female,0
52,39.08,2073.57,2.36,4,7.3,40.39,57,Annual,Yes,No,Female,0
42,53.14,2144.12,1.98,3,8.1,49.32,50,Month-to-month,Yes,No,Male,0
6,46.63,263.74,4.62,4,12.8,18.16,19,6-month,Yes,Yes,Male,0
38,47.48,1837.85,0.0,4,3.1,2.6,49,Month-to-month,No,No,Female,1
68,38.49,2573.07,2.58,5,4.4,7.39,28,Month-to-month,No,No,Female,0
52,62.14,3052.17,3.06,3,17.1,11.49,22,6-month,No,Yes,Male,0
10,44.62,447.93,4.94,1,7.8,22.63,40,Month-to-month,Yes,No,Female,1
70,56.69,3718.52,0.34,5,12.0,24.5,61,Month-to-month,No,No,Male,0
69,66.34,4595.22,1.95,2,6.7,32.85,69,Month-to-month,Yes,Yes,Female,0
12,48.28,586.97,0.74,3,9.9,38.59,22,Month-to-month,No,No,Male,1
58,52.32,2904.62,0.16,3,10.2,12.96,45,Month-to-month,Yes,Yes,Male,1
29,41.97,1237.24,2.23,6,3.8,38.19,44,Month-to-month,No,No,Male,1
43,42.45,1755.14,3.58,1,26.1,55.59,25,Annual,No,Yes,Female,0
32,51.07,1630.61,4.07,2,8.0,26.16,49,6-month,No,No,Male,0
57,62.78,3297.75,1.81,4,1.5,5.66,48,Month-to-month,No,No,Female,1
72,52.35,3783.07,3.37,2,1.8,20.26,19,Month-to-month,No,No,Female,1
58,59.75,3647.57,2.24,2,4.6,44.26,37,6-month,No,No,Male,0
67,54.57,3379.28,3.22,5,1.1,3.61,66,Month-to-month,No,No,Female,0
69,56.3,4024.03,4.0,5,15.5,5.97,21,Month-to-month,No,No,Female,0
6,46.6,271.5,2.25,2,3.9,6.19,22,6-month,No,No,Female,0
18,60.3,1133.17,3.9,1,2.4,27.93,44,Month-to-month,No,Yes,Male,1
52,45.47,2568.02,0.92,5,8.4,8.15,69,Month-to-month,Yes,No,Male,1
43,45.42,1960.62,3.35,3,10.0,44.57,51,Month-to-month,No,No,Male,0
3,58.7,180.8,3.84,3,4.8,17.07,53,Month-to-month,No,Yes,Female,0
6,43.31,264.54,3.71,4,10.1,69.47,68,Month-to-month,No,No,Female,1
37,55.96,2169.25,0.96,1,11.9,31.49,21,Annual,Yes,No,Male,0
44,54.86,2385.79,2.23,3,4.7,17.53,56,Month-to-month,No,No,Female,0
12,50.56,626.72,2.89,5,2.1,34.92,66,6-month,No,No,Male,0
12,39.11,452.64,3.08,3,4.3,7.23,59,6-month,No,Yes,Male,0
9,38.15,362.49,2.65,2,5.5,23.62,29,Month-to-month,No,No,Female,0
41,61.93,2403.66,4.36,2,6.8,23.24,66,Month-to-month,No,Yes,Male,0
0,52.51,51.27,0.82,1,12.1,15.83,42,Month-to-month,No,Yes,Male,1
41,51.05,2025.7,2.19,5,5.7,4.32,35,6-month,No,No,Male,0
34,65.71,2276.24,0.31,2,3.4,22.48,28,Month-to-month,No,No,Female,0
34,53.55,1890.0,3.31,3,4.2,21.59,47,6-month,No,No,Female,0
49,44.67,2246.7,3.22,4,7.6,9.51,26,Annual,Yes,Yes,Female,0
38,55.97,2069.98,6.85,0,8.2,3.82,69,6-month,No,No,Female,0
53,40.02,2275.66,3.83,7,19.3,8.17,31,Annual,No,No,Male,0
55,55.51,3230.71,2.93,2,5.5,59.06,47,6-month,No,Yes,Male,0
67,38.86,2637.96,2.83,8,3.4,10.31,20,Annual,No,No,Male,0
58,49.22,2767.3,2.09,6,0.8,22.33,24,Annual,Yes,No,Female,0
37,57.74,1991.66,2.67,6,1.2,21.27,63,6-month,No,No,Female,0
35,45.69,1654.86,2.86,1,9.3,15.33,68,Annual,No,Yes,Male,1
17,61.12,1022.72,0.0,6,4.0,61.32,39,Annual,No,No,Female,0
43,66.07,2976.45,2.76,3,14.4,29.77,36,Month-to-month,No,No,Female,0
10,45.35,476.78,2.63,0,1.0,27.04,52,6-month,No,Yes,Female,0
67,44.43,2910.66,4.78,2,4.5,17.88,31,Month-to-month,No,No,Male,0
61,43.51,2655.49,2.33,1,11.7,10.22,33,Annual,Yes,Yes,Female,0
8,52.07,415.92,1.5,2,15.7,18.49,51,Month-to-month,Yes,No,Female,1
57,49.1,3000.9,2.85,2,9.9,30.37,43,Annual,No,No,Male,0
8,34.94,274.35,2.6,3,12.6,35.59,36,6-month,Yes,Yes,Female,0
52,40.56,2177.52,2.33,3,3.3,30.49,32,Annual,Yes,No,Female,0
6,56.01,337.22,0.84,6,5.1,1.12,39,Month-to-month,No,Yes,Male,1
35,37.93,1430.08,2.3,3,16.4,2.58,62,6-month,No,No,Female,0
48,42.9,1990.73,1.75,2,3.0,13.97,29,6-month,Yes,Yes,Female,0
53,46.52,2336.96,2.22,2,6.6,2.51,30,Annual,No,Yes,Female,1
30,37.29,1013.4,3.45,4,10.6,6.81,20,Annual,No,No,Male,0
67,43.04,2907.28,1.62,1,15.0,4.78,28,6-month,No,No,Female,0
56,43.69,2475.6,2.21,1,6.0,14.6,21,6-month,No,No,Female,0
15,52.69,781.72,3.2,4,5.0,18.06,51,Month-to-month,No,No,Female,0
48,41.16,2065.22,2.15,3,8.8,4.13,32,Annual,Yes,No,Female,0
53,54.21,3091.36,5.89,4,20.1,48.57,53,Month-to-month,Yes,No,Female,0
24,49.18,1134.45,2.82,4,8.7,23.82,40,6-month,No,Yes,Female,0
53,49.8,2609.12,0.89,3,9.0,17.2,57,6-month,Yes,No,Male,0
65,41.41,2463.78,1.41,1,6.0,33.92,61,Month-to-month,No,Yes,Male,0
59,57.33,3392.32,1.28,3,3.2,16.79,19,Month-to-month,No,No,Male,1
55,39.58,2107.38,1.43,2,5.0,25.22,29,Month-to-month,No,No,Male,0
46,30.85,1388.48,3.2,3,5.9,10.57,62,Annual,Yes,No,Female,0
19,34.81,656.26,1.06,2,5.0,7.4,52,Month-to-month,No,Yes,Male,1
58,53.25,3162.51,2.07,2,6.4,4.96,19,Month-to-month,No,No,Female,0
26,50.71,1300.3,3.99,1,9.2,18.89,67,6-month,No,No,Female,0
38,53.83,2246.23,1.82,6,4.0,22.99,62,Month-to-month,No,Yes,Male,1
22,48.64,1063.73,3.37,3,12.2,77.67,39,Annual,No,No,Female,0
22,78.52,1602.89,0.31,3,8.8,1.05,44,Month-to-month,Yes,Yes,Male,1
11,59.04,624.37,2.02,3,6.9,16.94,69,Month-to-month,Yes,No,Male,0
70,47.35,3410.55,1.35,3,5.6,34.69,70,Month-to-month,No,No,Male,0
10,48.72,502.39,2.89,4,3.0,6.88,51,Month-to-month,No,No,Male,1
6,55.01,329.16,1.15,4,9.3,41.28,48,Month-to-month,Yes,No,Female,0
68,51.67,3504.64,5.19,1,26.3,34.7,68,6-month,Yes,No,Male,0
40,49.42,1990.54,0.37,6,15.3,43.55,30,Month-to-month,No,No,Female,1
31,64.85,2072.22,3.98,2,10.2,26.42,33,Month-to-month,Yes,Yes,Female,1
53,65.26,3443.93,3.64,0,16.6,7.54,49,Month-to-month,No,No,Male,0
27,38.53,972.37,2.9,3,4.3,17.73,52,Month-to-month,No,No,Male,0
9,41.72,361.15,2.57,3,3.6,37.69,34,Annual,No,No,Male,0
53,50.36,2583.14,4.91,3,6.4,8.38,26,Month-to-month,No,Yes,Female,0
12,38.57,434.31,5.71,4,6.8,2.67,48,Annual,Yes,No,Male,0
40,66.43,2487.15,2.23,5,14.3,4.17,66,Month-to-month,No,No,Male,0
69,82.02,5734.57,2.71,2,11.9,30.45,19,Month-to-month,Yes,Yes,Female,0
68,50.34,3403.29,1.78,2,1.0,9.13,35,Month-to-month,No,Yes,Female,0
26,50.84,1362.43,0.98,4,12.1,23.58,61,Month-to-month,No,Yes,Male,0
56,50.23,3047.75,3.1,0,5.7,33.7,26,6-month,No,No,Male,0
44,48.18,2193.16,2.82,3,8.4,11.48,62,Month-to-month,Yes,No,Male,0
34,53.59,1876.61,0.41,4,6.2,5.57,46,Month-to-month,No,Yes,Female,1
10,48.08,443.51,3.09,3,4.0,6.3,21,6-month,No,Yes,Male,0
27,37.65,1042.14,2.87,1,8.3,70.32,26,6-month,Yes,No,Female,0
47,34.26,1601.4,1.72,2,3.7,6.83,21,Annual,Yes,No,Female,0
72,34.5,2620.49,1.63,3,5.8,25.03,32,Annual,No,No,Female,0
0,46.81,43.71,3.05,4,3.2,36.1,31,6-month,No,No,Female,0
52,64.02,3462.54,4.59,4,2.4,23.73,38,Annual,Yes,No,Female,0
61,36.41,2148.5,3.02,4,25.4,14.62,47,6-month,No,No,Female,0
69,52.42,3422.99,3.51,1,4.5,16.68,25,Month-to-month,No,Yes,Male,1
30,41.0,1350.6,1.42,2,5.8,20.57,70,6-month,Yes,Yes,Female,0
8,42.89,343.26,1.96,5,15.1,2.93,20,Month-to-month,No,No,Female,1
19,43.0,809.75,3.29,5,7.3,28.11,55,6-month,No,Yes,Male,0
62,34.17,2054.82,0.73,5,3.1,62.74,37,Annual,Yes,No,Male,0
64,64.23,4032.26,2.77,0,3.2,8.23,29,Month-to-month,Yes,No,Female,0
46,43.75,1965.56,3.14,1,2.9,16.94,28,Annual,No,No,Female,0
8,35.66,280.85,2.45,6,20.0,47.11,59,Annual,Yes,No,Male,0
8,50.24,397.66,2.92,0,0.8,58.43,53,Month-to-month,No,Yes,Female,0
34,64.56,2159.7,2.58,8,2.6,0.78,56,Month-to-month,No,No,Male,0
42,36.48,1444.87,1.69,1,4.6,33.28,18,Annual,No,No,Male,0
2,49.98,99.7,0.97,5,4.6,54.7,64,Annual,No,Yes,Female,0
50,70.41,3555.52,2.38,3,4.2,1.69,52,Month-to-month,No,No,Female,0
39,51.32,2072.17,4.2,3,9.5,25.39,23,Month-to-month,No,Yes,Male,0
0,54.13,56.88,3.83,4,7.8,54.97,46,6-month,No,Yes,Female,0
6,44.56,262.11,2.05,4,3.6,12.79,59,Month-to-month,Yes,Yes,Female,1
33,44.19,1478.08,2.02,5,4.4,22.64,45,Month-to-month,No,No,Female,0
52,62.53,3361.14,1.93,4,30.0,11.85,53,Month-to-month,No,No,Male,1
60,39.95,2322.04,1.93,5,8.1,25.51,44,Month-to-month,No,No,Female,0
31,44.89,1401.73,2.87,2,0.3,39.52,21,6-month,No,Yes,Male,0
21,43.44,924.26,3.87,5,3.1,45.45,46,6-month,Yes,Yes,Female,0
70,40.43,2566.05,5.44,7,4.2,8.86,57,6-month,Yes,Yes,Female,0
33,56.88,1870.09,1.42,2,25.0,4.19,44,6-month,No,Yes,Female,1
23,55.56,1282.38,3.35,2,4.5,25.37,70,Month-to-month,No,No,Male,0
32,60.09,1850.32,3.21,1,4.7,30.58,41,Month-to-month,Yes,Yes,Male,1
0,48.37,50.47,2.07,5,1.3,3.68,53,Month-to-month,No,Yes,Male,1
22,47.94,1143.0,1.17,4,6.7,13.58,36,Month-to-month,No,Yes,Female,1
37,59.74,2242.67,2.86,4,11.2,52.8,18,Month-to-month,No,No,Female,0
67,54.71,3441.81,5.26,3,6.3,13.27,37,Month-to-month,Yes,Yes,Male,0
53,50.93,2663.7,2.85,3,4.4,42.65,56,Month-to-month,No,Yes,Female,0
57,54.17,2940.62,1.48,4,5.5,9.78,23,Month-to-month,No,No,Male,0
39,51.52,2207.28,2.3,3,10.8,42.62,27,6-month,No,No,Male,0
8,52.07,404.45,1.02,1,5.1,17.27,38,6-month,No,No,Male,0
28,46.44,1308.68,2.52,4,5.2,14.23,63,Annual,Yes,No,Male,0
72,45.31,3433.74,3.39,2,8.8,18.27,43,6-month,No,No,Female,0
3,54.33,155.81,1.6,0,3.8,7.86,21,6-month,No,Yes,Female,1
64,61.57,3789.64,0.0,3,2.9,3.79,58,Month-to-month,No,Yes,Male,0
49,54.68,2837.6,2.86,1,1.3,12.79,47,6-month,No,No,Male,0
20,56.08,1186.09,1.85,3,5.8,30.6,41,Month-to-month,Yes,Yes,Female,0
56,64.56,3434.34,1.52,4,3.7,1.96,31,Month-to-month,No,No,Male,1
61,62.31,3601.97,1.51,2,12.2,46.04,58,Month-to-month,No,No,Male,0
3,66.13,203.71,3.02,4,5.2,14.2,66,Month-to-month,No,Yes,Female,0
7,64.84,465.87,1.97,2,11.2,31.33,59,Month-to-month,No,Yes,Male,1
48,44.24,2059.52,3.71,4,9.7,12.57,21,6-month,Yes,Yes,Male,0
72,56.41,4110.81,3.74,8,1.2,28.75,35,Annual,Yes,Yes,Female,0
1,39.64,37.38,2.15,4,2.2,30.27,62,6-month,No,No,Female,0
48,58.6,2880.15,1.82,3,21.2,52.13,44,6-month,No,Yes,Male,1
9,62.81,571.29,2.67,5,3.9,2.04,50,Month-to-month,No,No,Male,0
47,70.7,3043.31,2.31,2,8.3,16.12,35,Month-to-month,No,Yes,Male,1
45,42.55,1876.59,0.22,4,5.7,39.58,42,6-month,Yes,No,Female,0
6,74.45,438.87,4.99,3,1.2,16.68,21,Month-to-month,No,No,Male,1
49,61.2,3088.06,3.43,3,3.1,14.35,36,Month-to-month,No,No,Male,0
65,57.29,3526.05,1.9,4,2.6,13.06,63,Month-to-month,Yes,Yes,Male,0
63,42.31,2808.85,0.01,3,10.5,18.9,63,Annual,No,No,Female,0
2,51.8,103.71,2.27,2,3.1,29.8,61,6-month,No,No,Female,0
17,49.47,883.68,1.74,2,8.9,14.4,56,Month-to-month,Yes,No,Male,0
17,37.48,592.5,2.42,2,1.9,40.12,22,6-month,No,No,Male,0
33,55.55,1855.51,0.0,1,0.4,22.18,29,Month-to-month,No,Yes,Female,0
10,59.72,601.4,1.89,5,6.8,15.33,52,Month-to-month,Yes,Yes,Male,1
62,54.03,3379.03,1.97,4,8.6,18.95,27,Month-to-month,No,No,Female,0
56,64.35,3660.89,2.25,2,4.6,39.27,62,Month-to-month,No,No,Female,0
59,49.83,2976.03,2.19,3,6.6,9.16,50,6-month,Yes,No,Female,0
14,56.9,707.16,2.57,1,1.6,13.26,20,Month-to-month,No,No,Female,0
1,53.74,58.13,4.48,3,4.9,9.93,46,6-month,No,No,Male,0
66,73.7,4704.19,1.83,3,12.2,13.49,38,Month-to-month,No,No,Male,1
21,59.76,1217.5,1.32,2,21.6,17.92,65,6-month,No,Yes,Male,0
47,38.48,1813.67,0.25,1,5.9,39.04,30,6-month,No,No,Female,0
66,60.02,4055.03,1.84,2,8.0,29.75,70,6-month,No,No,Female,0
2,63.06,117.78,0.68,5,12.4,17.56,43,6-month,Yes,No,Male,0
0,31.18,28.84,3.75,2,7.0,16.94,27,Annual,No,Yes,Male,0
0,54.97,59.02,2.38,3,8.4,25.95,26,Month-to-month,No,No,Female,1
11,36.93,399.14,3.72,5,17.2,12.58,29,6-month,No,No,Female,0
3,44.31,134.9,4.41,1,8.1,8.8,19,6-month,Yes,Yes,Male,0
59,43.88,2457.02,1.38,2,4.7,26.2,20,Month-to-month,No,Yes,Male,0
44,60.28,2865.82,2.05,1,17.0,9.1,19,Month-to-month,No,Yes,Female,1
71,55.11,4075.56,4.23,5,7.5,6.97,67,Month-to-month,No,No,Female,0
58,51.4,2897.62,2.75,4,2.1,82.75,68,Month-to-month,No,No,Female,1
70,49.33,3717.68,3.18,5,5.2,1.46,61,Month-to-month,Yes,No,Male,0
17,60.05,1054.83,3.84,8,23.4,1.0,21,Month-to-month,No,No,Male,0
21,47.26,1032.72,3.67,4,13.1,16.35,23,6-month,No,No,Male,0
62,43.69,2828.62,3.03,1,4.0,28.26,29,Month-to-month,No,Yes,Male,0
17,36.56,609.94,4.32,3,14.3,14.87,55,Annual,Yes,Yes,Male,0
4,64.55,281.48,2.41,1,5.1,12.6,51,Month-to-month,No,Yes,Female,0
48,46.06,2404.73,3.18,3,3.2,66.25,41,6-month,No,Yes,Male,0
58,60.47,3821.5,2.27,3,12.4,9.84,51,Month-to-month,No,No,Male,0
70,71.17,4406.15,3.83,2,2.2,18.08,67,Month-to-month,No,Yes,Female,0
67,71.19,4778.82,1.59,5,3.3,13.69,23,Month-to-month,Yes,Yes,Male,0
8,55.28,450.28,0.31,4,6.9,20.6,32,6-month,Yes,No,Female,0
56,62.09,3422.22,3.35,5,7.8,14.13,46,Month-to-month,Yes,Yes,Male,0
61,38.06,2323.08,1.17,0,11.0,25.06,37,Annual,No,Yes,Male,0
50,31.66,1580.75,1.04,2,2.7,18.33,42,Month-to-month,No,No,Female,0
59,45.66,2875.5,4.14,2,7.0,12.15,19,6-month,No,Yes,Male,0
61,63.48,4106.68,3.76,7,0.6,4.37,29,Month-to-month,No,Yes,Male,0
32,50.41,1641.45,2.05,3,0.8,0.2,28,6-month,Yes,Yes,Male,0
2,67.4,137.8,0.0,2,3.4,27.22,60,Month-to-month,Yes,No,Female,1
33,54.61,1805.09,3.19,4,11.0,7.07,57,Month-to-month,Yes,Yes,Male,0
14,56.32,867.87,3.36,1,9.2,18.32,69,Month-to-month,No,Yes,Male,0
8,52.25,426.02,3.17,4,5.1,4.35,66,Month-to-month,No,No,Male,0
9,49.77,487.15,3.11,3,1.1,34.36,33,Month-to-month,No,Yes,Female,0
50,45.19,2370.05,2.26,3,7.7,33.17,51,Annual,No,No,Male,0
36,57.71,2139.61,1.97,1,30.0,7.72,28,Month-to-month,Yes,Yes,Female,0
39,47.25,1703.44,1.06,2,6.2,29.69,57,Month-to-month,No,No,Male,0
54,44.25,2537.54,1.59,6,2.2,34.15,37,Annual,No,No,Female,0
40,61.53,2249.66,2.92,4,5.8,48.12,45,Month-to-month,Yes,No,Female,0
45,65.99,2942.28,2.94,4,1.3,4.77,64,Month-to-month,No,No,Male,0
6,47.71,266.81,3.53,3,3.9,12.44,48,6-month,No,Yes,Female,0
62,45.54,2962.6,0.67,3,10.4,16.34,58,Annual,No,No,Male,0
32,38.33,1201.95,0.34,0,16.2,13.5,25,6-month,No,No,Female,1
11,83.99,954.51,2.01,4,4.8,54.44,57,Month-to-month,Yes,No,Female,0
59,31.31,1654.18,1.17,1,1.8,25.55,41,Annual,No,Yes,Male,0
53,49.46,2739.91,2.74,7,10.9,6.7,65,Month-to-month,No,Yes,Male,0
3,44.96,140.57,0.8,7,7.4,66.11,33,Annual,Yes,No,Female,0
14,53.69,713.4,4.03,4,5.7,27.99,30,Annual,No,Yes,Male,0
1,43.96,42.78,1.43,1,6.6,12.88,51,Annual,No,No,Female,0
19,68.7,1393.25,4.57,7,5.0,2.67,63,Month-to-month,No,No,Male,0
7,53.33,378.63,3.18,0,6.2,14.35,24,Month-to-month,No,Yes,Female,1
51,45.66,2428.76,1.13,2,7.1,45.96,66,6-month,Yes,Yes,Female,0
38,55.24,1914.45,5.22,1,7.6,17.75,48,Month-to-month,No,Yes,Male,0
71,66.45,4681.09,2.85,1,6.5,13.48,54,Month-to-month,No,Yes,Female,0
54,42.73,2427.14,2.72,3,2.9,25.59,63,Annual,Yes,No,Male,0
44,40.05,1698.76,2.42,5,20.8,15.38,39,6-month,No,No,Male,0
37,58.23,2085.63,3.11,3,5.9,31.14,64,Month-to-month,No,Yes,Female,1
3,34.56,103.68,3.18,1,1.0,35.77,66,Month-to-month,Yes,Yes,Male,0
5,51.99,250.11,1.38,2,5.2,7.6,56,Month-to-month,No,Yes,Female,0
44,66.87,3153.4,2.22,3,5.5,41.24,19,Month-to-month,No,Yes,Female,1
0,60.79,63.02,2.65,7,3.3,7.58,48,Month-to-month,No,Yes,Female,1
3,35.4,106.24,3.26,4,2.4,20.28,33,Annual,No,No,Female,0
15,42.59,706.53,3.28,2,7.1,56.25,22,6-month,No,No,Male,0
64,79.1,5036.27,2.71,3,7.0,19.44,23,Month-to-month,No,Yes,Female,0
33,49.12,1662.92,1.78,0,2.1,2.72,65,Month-to-month,No,Yes,Female,1
51,42.34,2062.32,1.72,1,7.1,21.55,38,6-month,No,Yes,Female,0
30,46.17,1383.68,0.95,7,8.5,32.17,23,Annual,No,No,Female,0
12,47.29,587.74,3.27,6,1.9,32.74,57,Annual,No,No,Male,0
27,54.38,1518.21,1.7,3,5.1,40.5,51,Month-to-month,No,Yes,Female,0
6,33.02,189.35,2.25,3,20.6,20.93,39,Annual,Yes,Yes,Female,0
56,49.69,2604.23,2.81,3,9.9,36.04,45,Month-to-month,No,Yes,Male,0
13,69.07,902.29,2.51,2,9.9,6.74,47,Month-to-month,Yes,No,Male,0
27,43.09,1187.42,2.49,4,10.0,30.61,67,Annual,Yes,No,Female,0
71,54.68,3503.18,1.32,2,13.9,12.0,39,Month-to-month,No,Yes,Female,0
43,60.42,2880.78,2.85,3,3.4,47.91,19,Month-to-month,Yes,No,Male,0
33,57.61,1932.42,2.09,3,1.2,20.55,19,Month-to-month,Yes,No,Female,0
39,58.56,2054.29,2.39,5,5.0,13.26,55,Month-to-month,Yes,No,Male,0
57,52.93,3082.97,4.01,2,4.1,36.37,21,Month-to-month,No,No,Male,0
18,57.55,953.24,3.16,5,4.4,19.06,68,6-month,No,No,Male,0
46,51.65,2255.7,1.76,2,10.5,2.61,20,Month-to-month,No,No,Female,1
63,38.17,2462.2,2.31,6,3.4,6.06,52,Month-to-month,No,No,Male,0
41,43.11,1657.45,4.58,2,21.3,73.8,60,Annual,Yes,No,Female,0
32,42.65,1300.8,2.1,3,0.9,24.67,25,Month-to-month,No,No,Female,0
10,25.0,260.82,2.55,4,14.8,21.38,22,Annual,Yes,Yes,Female,0
18,61.48,1101.18,3.36,2,1.5,15.3,70,Month-to-month,Yes,No,Male,0
69,51.66,3485.99,2.78,7,10.2,24.25,35,6-month,No,No,Male,0
39,37.25,1441.17,2.02,1,9.8,26.97,31,Month-to-month,No,Yes,Male,1
21,42.91,978.28,1.53,2,5.1,3.69,47,Annual,No,Yes,Female,0
30,59.6,1864.38,2.49,3,11.0,13.06,31,Month-to-month,No,No,Female,0
42,44.29,1732.43,3.36,1,3.1,8.39,46,Annual,Yes,No,Male,0
39,68.44,2870.91,4.22,0,2.6,4.1,34,Month-to-month,Yes,No,Male,0
51,52.18,2605.89,0.6,2,10.3,1.36,50,6-month,No,No,Male,0
18,34.51,618.78,4.79,1,4.1,79.03,22,Month-to-month,No,No,Female,0
47,63.1,2822.89,2.13,4,19.7,106.16,45,Month-to-month,No,Yes,Male,0
32,49.63,1551.86,3.7,2,10.3,77.67,47,Month-to-month,No,Yes,Female,0
68,37.41,2569.57,1.54,2,8.1,36.38,44,Month-to-month,No,No,Female,0
11,53.41,589.82,0.41,2,4.4,22.64,32,Month-to-month,Yes,Yes,Female,1
10,44.61,484.77,0.79,3,2.2,11.19,53,6-month,Yes,No,Male,0
33,42.37,1319.16,2.07,1,13.0,13.34,35,Month-to-month,No,No,Female,0
37,78.36,2878.43,3.18,2,12.9,4.69,33,Month-to-month,No,Yes,Male,0
50,46.62,2087.57,2.54,6,3.4,16.49,27,Month-to-month,Yes,No,Female,1
29,55.87,1574.12,2.17,8,1.9,2.3,42,Month-to-month,No,Yes,Female,1
66,42.81,2972.74,3.95,7,6.7,20.51,42,Month-to-month,No,Yes,Male,0
34,40.68,1487.57,2.5,4,6.4,5.05,40,6-month,No,No,Male,0
9,53.66,521.44,2.86,3,11.6,38.36,35,Month-to-month,No,No,Male,0
8,38.5,302.17,6.54,5,5.1,12.21,36,Annual,Yes,Yes,Female,0
71,83.26,5820.0,2.49,6,18.1,46.52,53,Month-to-month,No,No,Male,1
9,50.05,428.67,1.6,4,9.1,47.01,70,Month-to-month,No,Yes,Female,1
69,44.04,3009.36,3.13,4,20.1,29.35,53,Annual,No,No,Female,0
20,64.69,1370.17,3.45,1,1.8,52.83,65,Month-to-month,Yes,No,Female,0
6,73.14,457.13,2.89,1,7.2,19.57,45,Month-to-month,No,Yes,Female,1
22,41.34,886.42,2.7,1,17.0,44.33,53,Annual,Yes,Yes,Male,0
44,31.14,1347.99,4.43,6,2.0,24.61,37,Annual,No,Yes,Female,1
31,51.26,1566.25,4.26,4,12.3,46.71,57,6-month,No,No,Male,0
57,36.19,2006.5,2.35,5,1.2,22.01,46,Month-to-month,No,Yes,Male,1
44,57.69,2567.98,1.66,2,2.2,42.68,64,6-month,No,No,Female,0
29,44.75,1345.8,3.06,3,1.9,40.44,40,Annual,No,No,Female,0
46,32.28,1655.77,1.66,4,2.3,21.78,37,Annual,No,No,Male,0
70,54.97,3850.21,3.65,4,11.1,8.04,40,Month-to-month,No,No,Male,0
30,59.45,1845.52,3.05,4,5.0,43.01,46,Month-to-month,No,Yes,Male,0
11,52.39,547.18,5.97,4,6.0,21.77,22,Month-to-month,No,No,Female,0
29,70.19,2046.37,4.42,4,3.1,44.99,36,Month-to-month,No,Yes,Female,0
61,36.24,2193.44,1.1,1,6.4,11.41,44,6-month,Yes,No,Male,0
15,61.45,952.45,1.83,4,16.5,2.34,65,Month-to-month,Yes,No,Female,1
69,42.71,3019.21,0.01,4,2.0,1.71,49,Month-to-month,Yes,No,Female,1
42,71.99,3127.73,0.0,0,30.0,7.81,50,Month-to-month,No,No,Male,1
43,46.97,2005.73,2.65,3,5.4,44.2,35,Month-to-month,Yes,No,Female,0
23,72.38,1636.19,0.95,2,2.9,12.77,47,Month-to-month,No,Yes,Male,0
67,75.22,4736.77,4.63,3,1.9,28.35,65,Month-to-month,Yes,Yes,Male,0
2,60.13,121.51,4.01,7,8.4,27.41,41,Month-to-month,No,No,Male,1
21,39.72,830.0,2.15,4,7.5,1.04,58,Annual,No,Yes,Male,0
30,25.0,801.29,2.07,0,2.3,30.22,48,Month-to-month,No,Yes,Female,0
34,53.05,1789.04,4.43,5,14.5,29.28,60,Month-to-month,Yes,No,Male,0
34,66.02,2184.13,4.73,1,9.4,8.15,33,Month-to-month,Yes,No,Female,0
10,64.25,660.79,1.29,2,14.0,24.47,40,Month-to-month,No,No,Female,1
16,42.8,637.81,1.12,1,15.5,52.7,45,Month-to-month,No,No,Male,1
6,52.06,316.88,2.11,3,1.8,19.35,29,Month-to-month,Yes,No,Male,0
41,29.64,1177.42,3.06,0,15.4,37.16,28,Month-to-month,No,Yes,Female,0
25,59.13,1388.44,1.83,6,10.5,16.16,49,Month-to-month,No,No,Male,1
41,51.09,2108.49,3.09,6,9.3,76.43,30,6-month,No,No,Female,0
43,66.3,2510.44,5.04,1,5.2,6.75,30,Month-to-month,No,No,Female,0
51,66.83,3506.42,0.67,4,14.8,22.07,27,Month-to-month,No,No,Male,0
39,45.25,1772.44,1.92,0,16.4,3.26,57,6-month,Yes,No,Female,0
47,60.21,2744.83,0.7,2,8.8,26.92,28,Month-to-month,No,Yes,Male,1
42,52.83,2323.95,1.41,2,9.3,1.61,45,Month-to-month,No,Yes,Male,0
47,57.42,2767.43,2.12,3,25.1,17.3,43,Month-to-month,No,Yes,Male,1
45,43.53,1834.3,1.55,5,0.3,59.6,24,Month-to-month,No,Yes,Male,1
23,61.22,1449.77,3.18,3,17.7,36.94,21,Month-to-month,No,Yes,Female,1
17,34.89,608.24,2.7,6,6.7,4.14,57,Annual,Yes,No,Male,0
57,37.38,2083.49,2.89,3,18.7,48.88,35,Annual,No,Yes,Male,0
25,37.58,929.05,2.1,2,3.0,16.98,65,Annual,No,Yes,Female,0
40,52.89,2289.17,2.22,3,8.6,15.08,43,Month-to-month,No,Yes,Female,1
14,57.72,824.7,2.04,4,8.5,13.91,36,Month-to-month,No,No,Female,1
31,48.5,1410.94,2.18,4,10.0,12.82,25,Month-to-month,No,No,Female,1
38,73.86,2824.66,3.04,5,5.5,6.23,24,Month-to-month,No,No,Female,0
45,56.61,2353.0,0.0,2,4.3,12.16,36,Month-to-month,No,Yes,Male,0
38,57.33,2234.89,2.87,4,10.0,16.45,30,Month-to-month,No,No,Male,0
26,56.97,1439.73,1.37,3,10.9,1.26,46,Month-to-month,No,No,Female,1
70,65.03,4446.7,2.06,0,6.1,9.12,18,Month-to-month,Yes,Yes,Female,0
37,60.76,2144.55,0.47,4,9.6,32.52,66,Month-to-month,No,No,Female,0
59,36.15,2097.95,2.03,0,21.0,16.42,42,6-month,No,Yes,Female,0
53,62.36,3344.51,2.86,3,7.1,37.04,35,Month-to-month,No,Yes,Male,0
40,50.28,1946.73,3.09,6,0.7,2.75,20,Annual,No,No,Female,0
64,37.13,2287.17,0.96,1,8.9,2.58,18,Month-to-month,No,Yes,Female,0
9,54.24,490.16,3.03,4,2.2,22.79,28,Month-to-month,No,No,Female,1
67,53.02,3498.01,3.98,2,8.2,7.76,53,Month-to-month,Yes,No,Male,0
62,60.8,3724.37,1.86,2,12.9,8.68,20,Month-to-month,No,No,Male,1
36,55.2,1919.46,2.5,5,5.9,12.1,68,Month-to-month,No,Yes,Male,1
53,60.82,3070.76,0.0,1,11.9,9.33,23,Month-to-month,No,Yes,Female,1
37,41.61,1529.8,1.33,2,12.1,13.46,70,6-month,No,No,Female,1
19,54.89,1080.67,2.85,5,15.6,26.07,36,Month-to-month,No,No,Female,1
58,41.59,2403.63,3.74,1,23.2,103.77,42,Month-to-month,No,Yes,Female,1
17,36.2,606.12,1.72,2,18.8,9.42,56,Annual,No,No,Female,0
22,36.22,739.93,5.97,4,0.5,44.42,27,Month-to-month,No,No,Male,0
37,39.77,1436.5,2.91,2,4.1,0.68,26,6-month,No,Yes,Female,0
61,40.31,2392.98,0.84,4,2.9,15.03,53,Month-to-month,Yes,Yes,Male,0
28,51.16,1438.62,4.17,2,10.6,19.19,44,Month-to-month,No,Yes,Female,1
36,63.95,2307.53,0.87,1,6.0,9.1,60,Month-to-month,No,Yes,Male,1
3,57.27,191.8,2.93,1,3.3,13.76,42,Month-to-month,Yes,Yes,Male,1
8,40.35,316.98,1.29,0,4.2,17.09,47,6-month,Yes,Yes,Female,1
4,48.28,200.89,0.74,2,4.7,6.25,35,Month-to-month,No,No,Male,1
5,39.99,208.28,3.75,1,11.8,24.01,36,Month-to-month,No,Yes,Male,1
63,38.05,2472.37,2.16,1,1.4,21.99,70,Month-to-month,No,No,Female,0
61,28.78,1756.19,4.74,2,3.3,15.67,35,Annual,Yes,No,Female,0
59,44.12,2932.47,1.18,5,0.3,14.67,65,6-month,No,No,Male,0
4,34.18,130.92,0.47,2,11.7,32.79,41,Annual,Yes,Yes,Male,0
5,37.86,193.89,1.88,4,14.6,29.44,50,6-month,No,Yes,Female,0
20,48.76,1010.58,6.26,7,9.5,9.42,28,6-month,No,No,Male,0
41,52.27,1966.91,3.58,5,10.6,45.32,35,Month-to-month,No,No,Male,0
24,50.41,1124.48,3.22,6,7.8,22.61,40,Annual,Yes,No,Male,0
35,50.6,1880.37,3.26,3,9.4,14.04,58,Month-to-month,No,No,Male,0
12,41.79,509.02,1.87,2,0.9,45.63,61,Month-to-month,Yes,Yes,Male,0
53,48.09,2402.44,6.05,2,9.1,2.25,47,6-month,No,Yes,Female,0
22,55.89,1304.3,3.1,3,3.1,8.87,47,Month-to-month,No,No,Female,0
4,53.82,213.37,2.97,0,10.7,47.58,20,Month-to-month,No,No,Female,1
54,85.65,4842.98,3.78,1,5.6,23.39,31,Month-to-month,No,No,Female,0
65,41.54,2929.16,0.84,2,17.3,26.17,65,Month-to-month,Yes,No,Female,0
1,36.98,36.62,1.36,4,8.1,16.58,55,Annual,No,No,Female,0
31,40.76,1141.38,2.18,3,2.8,7.51,63,Month-to-month,No,No,Female,0
60,54.06,3117.8,3.79,4,2.0,15.88,36,Annual,No,Yes,Female,0
51,51.53,2364.33,0.81,1,3.1,31.14,53,Month-to-month,No,Yes,Male,0
62,49.74,2943.9,2.41,3,6.5,16.21,27,6-month,Yes,Yes,Male,0
30,50.5,1619.58,2.23,4,16.5,30.99,56,Month-to-month,No,Yes,Female,1
27,41.4,1076.74,0.45,3,4.6,24.39,20,Annual,Yes,No,Female,0
51,50.7,2441.68,1.84,5,8.9,8.52,70,Month-to-month,No,Yes,Female,0
11,40.99,485.77,3.2,5,1.8,24.38,63,Month-to-month,No,No,Female,0
17,48.48,815.95,0.57,1,10.5,34.72,52,Month-to-month,No,Yes,Male,1
43,51.18,2225.26,4.33,1,5.8,5.98,47,Month-to-month,No,Yes,Male,0
48,55.74,2528.6,3.11,4,8.8,12.61,59,Month-to-month,No,Yes,Female,0
8,46.13,391.61,2.95,5,18.4,14.74,19,6-month,Yes,No,Male,0
37,51.46,1906.92,2.51,6,7.2,21.49,28,Annual,No,No,Male,0
26,59.51,1607.51,1.08,7,2.1,62.91,44,6-month,No,Yes,Female,1
36,37.79,1261.1,1.66,7,7.6,7.94,23,Month-to-month,No,No,Male,1
69,60.4,4435.78,2.97,4,7.4,14.17,33,Month-to-month,No,Yes,Female,0
5,36.2,183.83,1.65,2,11.9,8.56,47,Annual,No,No,Male,0
72,47.26,3276.45,2.75,3,7.1,2.26,31,Annual,No,Yes,Female,0
32,68.16,2133.77,1.33,2,17.8,28.65,38,Month-to-month,No,Yes,Female,1
56,41.21,2245.39,3.09,3,12.3,60.55,66,Annual,Yes,No,Female,0
30,44.77,1359.57,3.18,6,7.2,31.0,55,Month-to-month,Yes,No,Male,1
22,36.07,797.84,0.38,2,6.6,6.71,68,Annual,No,Yes,Female,1
56,49.71,3003.86,2.59,2,2.5,6.76,30,Annual,No,Yes,Male,0
50,38.19,1714.51,0.52,2,5.0,13.82,57,6-month,No,No,Female,0
10,49.36,508.27,0.08,4,1.4,9.38,66,Month-to-month,No,Yes,Female,1
51,49.48,2317.81,1.73,1,5.9,7.51,31,6-month,Yes,Yes,Female,0
54,59.98,3645.62,6.14,5,1.1,36.84,23,Month-to-month,No,Yes,Male,0
28,50.18,1509.47,3.51,3,7.4,38.53,23,6-month,No,No,Male,0
67,38.46,2570.05,4.31,4,2.3,12.24,69,Month-to-month,No,No,Female,0
46,47.01,2207.06,3.29,0,9.0,38.09,20,6-month,No,No,Male,0
24,38.87,935.65,2.77,2,6.9,37.75,41,Annual,Yes,No,Male,0
0,57.14,55.35,3.66,5,4.2,6.16,20,Month-to-month,No,No,Female,1
49,56.51,2666.0,1.67,2,1.7,16.38,33,Month-to-month,Yes,Yes,Female,0
15,59.11,884.51,3.11,7,6.4,3.09,69,6-month,No,Yes,Male,0
55,55.81,2658.7,4.03,2,6.1,8.16,26,Month-to-month,No,Yes,Female,0
38,60.15,2434.78,3.41,2,22.4,46.97,27,Month-to-month,Yes,No,Female,0
34,61.37,2263.96,4.12,0,4.8,58.66,19,Month-to-month,Yes,No,Male,0
11,56.17,609.61,2.74,4,11.3,24.52,56,Month-to-month,Yes,No,Male,1
51,34.93,1909.13,4.7,2,3.6,38.21,29,6-month,No,No,Female,0
12,57.93,677.08,2.23,1,2.7,10.19,34,6-month,Yes,Yes,Female,1
30,59.11,1722.48,5.25,5,9.6,9.84,57,Month-to-month,No,Yes,Female,0
61,42.97,2646.67,3.25,3,4.5,27.78,58,Month-to-month,No,No,Male,0
67,47.12,3238.04,2.0,4,6.3,14.18,43,Month-to-month,No,No,Female,0
72,57.31,3950.14,0.97,3,0.5,1.28,61,Month-to-month,No,No,Female,0
69,44.03,3087.83,1.45,4,3.7,13.51,48,6-month,Yes,Yes,Female,0
40,50.12,2032.47,1.25,3,4.2,43.42,31,Month-to-month,Yes,No,Female,0
14,63.26,785.36,2.38,3,2.4,16.33,29,Month-to-month,No,No,Male,0
61,42.53,2557.29,0.84,3,4.9,39.3,35,Annual,No,No,Female,0
58,44.58,2555.44,4.18,3,1.2,2.11,18,Month-to-month,No,No,Male,0
72,53.14,3707.48,2.64,2,7.4,17.64,44,6-month,No,No,Female,0
47,46.03,2096.69,2.59,3,4.9,12.16,24,Month-to-month,No,No,Female,0
10,70.08,717.42,0.98,1,4.7,16.7,20,Month-to-month,Yes,Yes,Female,0
36,75.58,2502.55,1.5,1,9.7,13.21,28,Month-to-month,No,No,Male,1
32,49.63,1673.71,0.0,3,2.5,52.81,19,6-month,No,No,Female,0
61,51.42,3115.51,4.6,3,18.3,44.46,25,Annual,No,Yes,Female,0
28,52.78,1569.08,0.66,2,2.5,14.28,61,Month-to-month,No,Yes,Male,0
23,59.73,1330.11,0.76,1,12.5,15.36,66,Month-to-month,No,No,Male,1
5,39.37,206.35,4.34,0,16.4,8.94,42,Month-to-month,Yes,No,Male,0
60,39.61,2441.38,3.0,2,0.8,5.16,45,6-month,No,Yes,Male,0
55,41.55,2080.8,2.66,4,3.4,20.29,44,6-month,No,No,Male,0
3,57.48,170.82,2.94,2,1.8,1.7,50,6-month,No,No,Female,0
31,39.73,1387.57,3.74,3,9.4,11.32,50,Annual,No,No,Male,0
35,55.13,2011.15,2.63,2,3.8,4.92,34,Month-to-month,No,No,Female,1
34,45.04,1446.77,0.49,4,2.6,25.48,35,6-month,Yes,No,Female,0
67,40.31,2637.07,3.45,1,5.5,34.14,54,6-month,No,Yes,Female,0
10,55.77,580.78,3.05,2,6.5,15.8,58,Month-to-month,Yes,Yes,Male,1
22,37.69,843.2,4.02,4,14.9,13.11,29,Annual,No,No,Male,0
13,74.61,896.43,0.88,3,14.9,36.83,19,Month-to-month,No,No,Male,1
17,46.5,720.94,1.55,3,3.3,9.09,18,6-month,No,Yes,Male,0
66,41.85,2860.25,3.01,7,1.4,35.6,24,6-month,No,No,Female,0
68,50.63,3394.28,1.27,1,8.5,23.26,38,Annual,No,Yes,Female,0
3,49.51,156.47,0.0,2,5.3,16.69,67,Month-to-month,Yes,No,Female,1
46,41.76,1953.85,2.76,1,15.7,51.01,49,Month-to-month,No,Yes,Female,1
16,51.63,792.27,3.66,1,16.1,36.17,64,Annual,Yes,Yes,Male,0
14,42.38,592.14,2.33,1,8.9,3.84,65,6-month,No,Yes,Male,0
21,58.61,1204.54,3.21,3,7.2,11.67,22,Month-to-month,Yes,No,Female,0
14,47.11,669.06,3.02,4,7.7,13.55,25,6-month,No,No,Female,0
35,40.52,1354.47,2.51,2,7.0,41.21,47,Month-to-month,No,No,Male,1
72,59.84,3981.32,2.68,2,7.6,31.77,66,6-month,Yes,No,Male,0
42,42.73,1780.29,4.25,6,4.2,4.26,56,Annual,No,Yes,Male,0
52,42.66,2123.16,1.25,4,3.9,9.58,41,Month-to-month,No,No,Female,0
36,52.55,1981.18,3.5,5,4.6,12.19,31,Month-to-month,No,No,Male,0
1,37.47,37.02,0.96,5,21.5,22.86,32,Annual,Yes,No,Female,0
6,53.53,325.38,1.47,3,0.5,25.09,18,6-month,No,Yes,Female,1
19,44.96,838.14,4.05,5,3.8,43.39,50,Annual,No,No,Male,0
17,59.43,1018.39,0.93,2,4.5,12.9,52,Month-to-month,No,No,Male,1
61,37.92,2383.3,2.19,1,8.5,38.64,45,Annual,No,No,Male,0
61,45.23,2791.99,5.57,7,3.6,4.01,59,Month-to-month,No,No,Female,0
62,38.54,2194.0,3.83,5,16.8,2.74,56,Month-to-month,Yes,No,Female,0
46,57.62,2591.56,1.54,3,14.1,24.1,56,Month-to-month,No,Yes,Male,1
40,54.6,2407.01,1.76,2,17.4,10.65,21,6-month,Yes,No,Male,0
47,34.08,1631.56,2.28,3,7.3,14.02,26,Annual,No,Yes,Male,0
29,53.32,1511.63,4.21,2,15.9,13.27,64,6-month,No,No,Female,0
48,36.98,1729.72,1.2,5,3.3,22.46,48,6-month,No,No,Male,0
57,45.6,2781.52,1.12,4,6.4,20.93,25,Month-to-month,No,Yes,Male,1
55,60.69,3426.11,3.43,5,0.9,28.17,30,Month-to-month,Yes,No,Male,0
44,63.71,2626.09,0.31,6,9.4,48.23,67,Month-to-month,No,No,Female,1
4,62.58,275.34,1.32,4,9.2,74.2,50,Month-to-month,No,No,Male,0
52,51.46,2713.7,2.39,5,7.3,39.21,42,Month-to-month,No,No,Female,1
26,41.94,1104.56,2.46,3,5.3,32.84,43,Annual,No,No,Female,0
54,44.6,2586.6,0.73,2,11.7,16.79,49,6-month,Yes,No,Female,0
39,36.54,1436.65,2.96,2,15.4,0.39,48,6-month,No,No,Female,0
64,39.62,2589.66,3.22,2,22.2,10.15,48,Month-to-month,No,Yes,Male,1
24,61.45,1362.7,1.64,3,9.0,24.55,34,Month-to-month,No,Yes,Male,1
67,52.4,3495.16,4.66,4,6.1,2.01,21,Month-to-month,No,No,Male,0
61,59.65,3408.93,2.94,3,4.2,27.02,45,Month-to-month,No,No,Male,0
24,57.35,1340.7,1.19,2,9.9,3.14,48,Month-to-month,No,Yes,Male,1
35,56.81,2013.17,4.61,6,3.3,9.23,45,Month-to-month,No,Yes,Female,0
38,54.54,1840.24,1.82,5,9.4,12.78,69,Month-to-month,No,No,Male,0
56,47.36,2695.2,2.73,3,3.4,6.82,27,6-month,Yes,Yes,Male,1
50,53.01,2761.67,1.87,2,6.3,9.36,57,Month-to-month,Yes,No,Female,1
62,40.45,2278.15,3.31,3,2.9,26.17,19,Month-to-month,No,No,Female,0
27,60.69,1582.97,1.87,3,4.5,29.68,35,Month-to-month,No,No,Male,0
36,46.91,1560.9,1.95,0,8.8,30.41,52,Month-to-month,No,Yes,Male,0
31,41.76,1328.15,2.29,5,12.8,29.22,44,Month-to-month,No,No,Male,0
66,44.78,2881.21,1.85,4,5.1,38.16,30,Month-to-month,No,Yes,Female,0
22,45.82,1064.7,3.89,3,0.5,36.83,43,6-month,Yes,No,Male,0
42,54.03,2120.42,0.86,6,1.1,42.62,46,Month-to-month,Yes,Yes,Female,0
8,54.42,439.65,2.45,2,1.1,25.13,23,Annual,Yes,Yes,Female,0
62,51.16,3039.4,2.62,4,16.2,39.63,18,Month-to-month,No,Yes,Female,1
28,66.69,1868.87,2.34,2,30.0,57.26,30,Month-to-month,No,No,Male,0
24,50.49,1191.89,3.76,2,6.0,5.52,32,Month-to-month,No,No,Female,1
42,53.35,2319.46,0.54,2,1.2,29.9,46,Month-to-month,Yes,No,Male,1
36,65.43,2389.41,3.24,3,2.7,3.83,20,Month-to-month,Yes,Yes,Female,0
61,39.51,2548.43,0.88,0,2.4,22.6,38,Annual,Yes,No,Male,0
38,65.22,2466.4,1.84,2,15.7,8.41,33,Month-to-month,No,Yes,Female,1
37,44.25,1562.52,0.75,0,4.6,39.3,50,6-month,Yes,Yes,Male,0
7,72.34,521.91,2.07,7,30.0,27.79,56,Month-to-month,No,Yes,Female,1
1,61.36,61.13,1.75,1,2.3,31.87,56,Month-to-month,No,Yes,Male,1
29,79.61,2277.96,4.63,3,2.6,12.38,51,Month-to-month,No,No,Female,0
72,47.18,3454.74,2.81,1,4.6,52.72,44,Month-to-month,No,Yes,Male,0
66,37.37,2372.88,3.07,1,4.2,14.91,26,Month-to-month,No,Yes,Male,0
45,41.69,2043.05,1.06,1,13.9,7.77,50,Annual,No,Yes,Female,0
46,30.57,1480.11,3.46,2,6.8,12.08,24,6-month,No,No,Male,0
28,29.48,840.53,4.63,2,10.4,7.24,40,Annual,Yes,No,Male,0
12,65.75,799.09,3.63,5,8.2,10.84,24,Month-to-month,Yes,No,Female,0
0,39.2,39.28,0.79,4,8.2,14.61,32,6-month,No,Yes,Female,0
24,47.16,1102.46,1.9,3,5.6,47.75,63,6-month,No,No,Female,0
23,45.94,1083.34,2.64,3,14.7,3.38,18,6-month,No,No,Male,0
13,29.37,373.72,1.75,3,12.6,10.25,33,Annual,Yes,No,Male,0
18,39.51,769.56,5.79,2,3.2,30.02,22,6-month,Yes,Yes,Female,0
1,46.67,50.02,1.87,1,4.7,19.24,70,Annual,No,Yes,Female,0
44,39.27,1746.94,2.44,2,2.9,30.49,64,6-month,No,Yes,Female,0
67,65.84,4615.33,1.72,3,7.1,60.97,47,Month-to-month,No,No,Male,0
50,50.21,2321.64,2.8,2,8.8,17.07,27,6-month,No,Yes,Male,0
32,33.6,1084.13,4.3,3,4.2,7.01,70,Month-to-month,No,No,Female,0
30,41.73,1142.19,2.65,2,4.8,16.59,22,Annual,No,Yes,Male,0
22,45.84,1013.7,2.22,1,3.2,12.0,30,Annual,No,Yes,Female,0
10,53.7,515.38,1.1,3,2.6,11.68,47,Month-to-month,Yes,Yes,Male,1
43,48.29,2170.44,4.07,7,4.6,7.22,68,Month-to-month,No,No,Male,0
41,54.79,2255.42,2.31,3,5.7,42.25,25,Month-to-month,Yes,No,Female,1
0,44.61,43.78,2.26,2,3.2,3.22,66,Month-to-month,No,No,Male,0
30,42.19,1243.12,0.0,3,2.5,36.04,29,Month-to-month,No,No,Male,1
20,49.82,886.96,2.33,5,25.8,30.19,27,6-month,Yes,Yes,Female,0
12,53.15,665.98,1.98,5,4.4,2.09,69,6-month,No,Yes,Female,1
51,45.89,2501.71,0.13,2,7.6,23.23,70,Annual,No,Yes,Male,0
38,64.55,2548.54,3.79,4,10.0,4.53,24,Month-to-month,No,No,Female,0
46,64.14,2877.13,1.8,4,8.2,16.33,36,Month-to-month,Yes,Yes,Male,0
52,62.95,3131.23,4.96,2,10.8,15.96,38,Month-to-month,No,No,Male,0
71,41.46,2697.06,4.34,1,7.1,8.79,25,Annual,Yes,No,Male,0
58,62.24,3540.07,1.56,3,1.5,15.38,67,Month-to-month,Yes,No,Male,0
45,68.73,2735.71,4.28,2,7.4,48.86,37,Month-to-month,Yes,No,Female,0
64,59.25,3386.74,4.59,1,5.0,3.53,60,Month-to-month,Yes,No,Female,0
34,39.5,1407.94,1.77,0,3.0,14.1,22,Annual,No,Yes,Male,0
71,49.71,3812.05,1.16,6,20.9,3.64,38,Month-to-month,Yes,No,Male,1
55,57.49,3063.58,0.0,5,1.1,74.97,49,6-month,No,No,Female,0
47,30.38,1461.5,2.99,4,9.2,9.25,28,6-month,No,No,Female,0
65,46.12,2923.82,1.23,4,8.8,8.32,49,6-month,No,Yes,Female,0
37,54.37,2130.14,3.03,4,17.5,83.73,40,Month-to-month,Yes,No,Female,0
52,55.85,2937.2,1.76,2,8.0,26.61,35,Month-to-month,No,Yes,Male,0
20,66.25,1365.84,1.49,4,4.0,38.07,39,Month-to-month,Yes,No,Female,0
70,53.17,3383.75,1.77,4,1.0,34.98,34,Month-to-month,No,No,Male,0
45,37.42,1676.02,0.81,3,1.2,10.36,32,6-month,No,No,Female,0
57,63.99,3551.39,1.77,4,4.4,29.96,19,Month-to-month,No,No,Female,1
33,40.28,1420.33,1.54,5,15.6,32.34,46,Month-to-month,No,No,Male,1
63,52.15,3195.78,2.48,1,1.4,2.2,53,Month-to-month,No,No,Male,1
5,50.27,248.22,2.64,2,7.3,5.38,67,6-month,No,No,Female,0
8,55.66,403.88,1.11,3,14.6,32.67,31,Month-to-month,Yes,No,Female,1
37,51.26,1911.15,3.93,5,19.7,4.1,41,6-month,No,No,Female,0
53,39.24,2090.43,2.29,2,5.3,2.3,43,Month-to-month,No,Yes,Male,1
59,25.0,1453.66,4.45,4,13.2,6.23,52,Annual,No,Yes,Female,0
32,43.38,1476.59,2.81,5,4.4,1.38,44,6-month,No,No,Female,0
47,63.66,2995.0,2.59,2,9.3,16.59,42,Month-to-month,Yes,Yes,Female,0
40,53.07,2056.02,1.86,2,9.5,8.94,59,Month-to-month,Yes,No,Male,1
70,59.0,3964.69,3.3,4,2.9,6.33,25,Month-to-month,Yes,No,Female,0
47,62.45,3045.11,2.54,0,0.4,46.01,51,Month-to-month,No,Yes,Male,0
30,46.86,1291.86,3.62,4,7.1,16.36,28,Month-to-month,No,No,Male,0
70,37.69,2550.84,4.59,5,11.7,20.0,69,Annual,No,No,Female,0
7,46.37,322.53,1.56,3,13.8,15.2,54,6-month,No,No,Female,0
71,64.04,4453.53,3.3,2,8.5,24.52,51,Month-to-month,Yes,Yes,Male,0
11,44.16,483.98,3.26,4,11.2,41.58,64,6-month,No,No,Male,0
21,53.02,1176.4,3.1,3,3.5,17.26,36,Month-to-month,No,Yes,Female,1
59,55.83,3249.42,1.94,1,14.6,29.14,23,Annual,No,Yes,Male,0
53,59.18,2980.23,1.96,2,12.4,17.4,64,Month-to-month,No,No,Female,1
70,36.09,2720.69,1.74,1,10.1,10.3,67,6-month,No,No,Female,0
54,56.84,3026.82,1.72,5,3.7,23.56,45,6-month,Yes,Yes,Female,0
46,67.49,3170.27,1.41,2,6.6,53.39,41,Month-to-month,No,No,Male,0
25,49.61,1331.91,2.36,4,5.0,35.99,27,Month-to-month,Yes,Yes,Female,1
0,52.08,50.21,1.51,2,5.3,3.8,30,Month-to-month,No,Yes,Male,0
9,39.16,383.87,3.07,5,10.7,24.67,47,Annual,Yes,Yes,Male,1
21,47.86,1094.68,2.57,1,10.1,6.33,26,Month-to-month,No,Yes,Female,1
2,43.7,84.21,2.72,1,0.8,21.09,24,6-month,Yes,No,Female,0
37,56.57,2033.15,2.14,2,3.6,2.93,32,6-month,No,No,Female,0
56,45.83,2660.88,2.59,4,8.8,19.7,36,Annual,Yes,No,Male,0
70,60.51,4542.75,2.18,3,5.4,7.53,30,Month-to-month,No,No,Male,0
35,75.88,2765.87,3.51,3,2.2,17.98,19,Month-to-month,No,Yes,Female,0
63,45.77,2877.56,1.92,4,13.5,11.91,35,6-month,Yes,Yes,Male,0
71,38.81,2829.22,2.99,4,30.0,13.8,22,Month-to-month,No,No,Female,1
62,51.18,3286.25,0.8,2,2.2,55.0,57,Annual,Yes,No,Male,0
33,47.96,1607.56,3.43,1,0.8,21.1,29,Month-to-month,No,Yes,Female,0
23,45.26,1017.53,1.77,8,18.9,14.72,19,Month-to-month,No,Yes,Female,1
71,57.61,4257.56,1.31,2,3.2,45.86,50,Annual,No,Yes,Male,0
17,67.53,1132.98,1.02,1,11.2,36.9,38,Month-to-month,No,No,Female,1
30,70.4,1912.49,0.92,3,3.1,8.15,44,Month-to-month,No,No,Male,0
5,60.04,279.75,1.87,8,21.7,52.34,50,Month-to-month,No,Yes,Female,1
57,76.41,4637.96,4.45,4,11.9,3.21,40,Month-to-month,No,No,Female,0
47,55.72,2479.18,1.66,4,3.2,7.53,23,Annual,No,Yes,Female,0
6,38.67,233.28,0.0,3,2.7,22.58,48,Month-to-month,Yes,No,Female,0
16,65.53,1115.65,2.98,3,3.0,24.01,47,Month-to-month,No,No,Female,1
40,36.61,1477.65,1.05,3,4.4,49.82,28,Month-to-month,No,No,Male,0
39,33.79,1469.72,3.56,3,13.9,15.04,57,Annual,Yes,No,Female,0
58,60.2,3475.25,1.95,5,1.0,51.76,54,Month-to-month,No,Yes,Female,0
19,33.06,602.39,2.14,2,3.6,88.93,53,Annual,No,Yes,Female,0
67,43.74,2719.61,4.06,1,12.1,9.86,46,Annual,Yes,No,Male,0
32,43.19,1254.32,3.3,4,12.4,16.95,51,Month-to-month,No,No,Male,0
60,43.29,2798.33,0.88,5,15.0,7.81,25,Annual,No,Yes,Female,0
17,46.06,739.47,1.07,2,1.7,8.5,24,6-month,Yes,No,Male,0
2,55.2,101.52,0.18,4,5.2,18.93,47,Month-to-month,Yes,Yes,Male,0
4,46.7,183.47,5.88,1,3.4,11.56,58,Month-to-month,No,No,Female,0
27,32.09,841.21,1.38,4,20.1,8.49,23,Annual,No,No,Female,0
69,45.0,3002.09,4.02,5,7.2,10.48,50,6-month,No,No,Female,0
3,42.3,135.13,1.81,4,2.8,9.73,53,6-month,No,No,Male,0
26,39.78,1046.02,1.1,3,19.3,21.28,70,Annual,Yes,Yes,Male,0
7,46.99,343.32,2.53,3,5.7,5.13,29,Month-to-month,No,Yes,Male,0
68,40.65,3081.54,2.08,3,7.0,32.66,59,Annual,Yes,Yes,Male,0
49,47.81,2249.99,3.54,2,22.4,36.09,20,Annual,Yes,Yes,Male,0
55,46.02,2560.65,3.56,4,7.4,33.96,59,Month-to-month,Yes,Yes,Male,0
52,61.89,2994.62,1.73,1,16.0,10.98,27,Month-to-month,Yes,Yes,Female,0
47,47.44,2401.43,0.63,1,4.5,11.11,42,Month-to-month,No,No,Male,1
56,40.44,2241.52,0.94,1,11.6,22.45,43,Annual,No,Yes,Female,0
0,56.53,47.82,0.0,3,7.8,11.0,68,Month-to-month,Yes,No,Female,0
63,41.63,2448.15,2.14,3,13.2,20.0,55,6-month,No,No,Male,0
54,62.49,3625.99,2.48,4,7.1,19.5,44,Month-to-month,No,Yes,Male,0
53,56.36,2714.6,1.01,4,7.0,17.11,37,Month-to-month,Yes,No,Male,0
28,57.86,1612.08,0.86,6,15.4,31.7,69,6-month,No,No,Female,1
58,37.49,2228.31,2.48,5,3.6,19.76,37,Month-to-month,Yes,No,Male,0
27,50.86,1411.99,1.68,2,4.0,4.43,62,Annual,No,Yes,Male,0
3,29.89,101.15,2.22,4,24.9,28.09,41,Month-to-month,No,No,Female,1
66,43.03,2828.89,2.02,3,3.4,2.96,28,Annual,No,No,Male,0
17,70.27,1137.04,2.82,2,4.7,59.72,63,Month-to-month,No,No,Female,1
7,40.28,269.6,1.77,0,3.4,7.02,22,Annual,No,Yes,Female,0
45,46.66,2222.09,1.86,3,4.1,7.26,60,6-month,No,No,Male,0
17,39.48,588.77,0.05,1,1.6,54.62,60,Month-to-month,Yes,No,Male,0
62,52.81,3312.59,2.43,1,10.0,14.93,67,Month-to-month,No,Yes,Female,1
32,72.92,2525.12,2.62,5,11.3,12.98,70,Month-to-month,No,Yes,Female,0
0,42.51,42.7,2.27,2,0.6,12.12,59,6-month,No,No,Female,0
69,48.84,3591.93,4.99,7,4.9,15.22,19,Annual,Yes,Yes,Male,0
37,37.42,1236.34,2.71,4,4.8,50.57,41,Month-to-month,Yes,Yes,Female,0
19,68.8,1390.61,2.3,0,2.3,11.01,61,Month-to-month,Yes,No,Male,0
49,54.45,2695.41,3.15,4,2.2,51.63,48,6-month,Yes,Yes,Male,0
38,37.43,1383.95,5.25,1,4.7,21.21,44,Month-to-month,No,No,Male,0
2,44.06,85.81,2.83,1,15.2,43.42,47,6-month,No,Yes,Female,0
55,42.22,2524.46,0.0,2,8.1,11.13,30,Month-to-month,No,No,Female,1
29,33.02,917.71,3.06,3,8.3,39.24,70,6-month,No,Yes,Male,0
51,42.42,2078.94,1.36,1,3.8,6.51,27,Annual,No,No,Male,0
65,49.97,3510.28,0.0,2,2.3,21.28,57,Month-to-month,Yes,No,Male,0
44,62.77,2803.34,4.71,3,22.4,6.1,21,Month-to-month,No,Yes,Female,0
49,55.79,2801.56,4.43,5,14.7,9.63,46,Month-to-month,No,Yes,Male,0
18,44.89,766.37,1.32,1,14.1,5.77,70,6-month,Yes,No,Female,0
17,51.43,828.59,1.33,5,8.4,41.34,52,Month-to-month,No,No,Male,0
30,39.05,1274.58,2.71,1,13.1,20.44,61,Annual,No,No,Female,0
62,53.71,3385.67,1.35,2,10.7,32.89,68,6-month,No,No,Female,0
38,45.97,1744.39,2.32,5,2.8,33.38,49,Month-to-month,No,No,Female,0
25,56.5,1388.91,1.57,3,22.9,5.31,28,6-month,No,Yes,Female,0
56,52.89,2937.99,1.98,8,13.2,25.29,54,Month-to-month,Yes,No,Male,0
62,28.16,1676.72,0.67,3,5.8,66.32,67,Annual,Yes,Yes,Male,0
65,57.95,3839.15,3.57,3,2.1,15.19,55,Month-to-month,Yes,No,Female,0
21,60.81,1233.91,4.06,5,2.2,22.55,36,6-month,No,No,Male,0
51,42.67,2129.44,2.37,4,8.4,43.54,28,Annual,No,No,Female,0
43,47.07,2070.02,2.45,5,6.1,13.23,36,6-month,No,No,Male,0
32,31.3,1071.88,3.32,1,4.1,36.08,57,Annual,No,No,Female,1
28,61.05,1813.88,2.5,4,8.2,28.29,29,Month-to-month,No,Yes,Female,1
8,37.25,288.1,4.75,4,6.7,18.85,31,Annual,No,No,Female,0
20,50.54,999.39,0.79,2,5.5,22.92,36,6-month,Yes,Yes,Male,0
40,53.84,1969.33,3.62,5,2.4,6.33,32,6-month,Yes,Yes,Male,0
64,47.76,3149.79,2.35,4,6.7,77.81,44,Month-to-month,No,No,Male,0
63,46.3,3022.19,1.04,3,16.8,14.81,53,Month-to-month,No,Yes,Male,0
13,51.16,664.7,5.42,2,2.1,23.55,27,6-month,No,Yes,Male,0
49,63.24,3292.24,5.6,7,16.0,4.6,61,Month-to-month,Yes,No,Female,0
6,44.0,255.8,2.23,1,16.5,29.06,26,6-month,No,No,Female,0
49,45.75,2249.51,3.08,5,7.8,16.84,56,Annual,Yes,No,Male,0
24,33.49,756.01,1.89,3,7.8,21.83,33,Annual,No,No,Male,0
32,44.9,1425.11,2.1,3,7.2,11.93,49,Month-to-month,No,No,Female,0
52,45.46,2304.06,1.03,1,9.0,28.99,18,Annual,No,No,Female,0
31,46.98,1498.34,0.84,5,4.9,33.19,27,Month-to-month,No,No,Male,1
58,63.0,3579.76,4.9,3,10.4,11.12,52,Month-to-month,No,No,Male,1
38,48.6,1954.58,2.45,2,0.8,7.01,25,Annual,No,Yes,Female,0
72,41.59,2735.98,2.57,0,27.7,7.46,28,Month-to-month,No,No,Female,0
46,49.08,2318.68,1.45,3,11.9,45.02,58,Month-to-month,Yes,No,Male,1
21,61.83,1117.63,2.75,3,8.2,10.11,64,Month-to-month,No,No,Female,1
56,67.33,3744.4,0.55,6,11.6,40.12,60,Month-to-month,No,No,Female,1
29,45.67,1401.14,1.49,3,7.2,19.44,38,Annual,No,No,Female,0
38,60.3,2276.19,0.94,4,11.0,13.37,48,Month-to-month,Yes,No,Male,0
9,54.17,516.63,4.18,3,7.2,2.12,42,Month-to-month,No,Yes,Male,1
8,36.89,280.05,0.35,4,5.0,65.61,24,6-month,No,No,Female,1
41,43.55,1799.37,0.97,3,9.6,18.13,67,Month-to-month,No,Yes,Female,0
13,41.55,517.29,0.0,4,8.3,12.51,59,6-month,No,No,Female,1
72,45.43,3508.66,1.34,2,10.3,19.06,19,Annual,Yes,No,Male,0
62,50.27,2980.47,1.9,2,4.4,21.86,18,6-month,Yes,Yes,Female,0
51,37.82,1832.0,3.77,2,1.2,9.74,55,Annual,No,Yes,Male,0
53,56.2,3163.6,2.21,3,7.9,13.91,35,Month-to-month,No,Yes,Female,0
43,47.03,1892.62,1.97,5,11.4,5.9,44,Annual,No,No,Male,0
4,64.38,246.51,2.89,2,22.8,10.13,42,Month-to-month,Yes,No,Female,1
28,63.32,1819.48,1.92,3,9.4,16.99,51,Month-to-month,No,Yes,Male,0
36,46.81,1701.81,5.63,5,3.1,4.58,61,6-month,Yes,No,Male,1
66,50.58,3216.42,1.73,1,15.4,15.19,69,Month-to-month,No,Yes,Male,0
16,50.58,803.53,3.04,3,7.5,13.93,30,Annual,Yes,Yes,Female,0
36,29.36,1150.12,3.57,4,15.5,10.86,24,6-month,No,No,Female,0
25,51.52,1220.97,1.69,7,4.2,35.55,33,Annual,No,No,Male,0
9,81.18,729.67,2.71,2,6.2,6.09,53,Month-to-month,No,Yes,Female,1
7,56.82,391.37,1.85,2,12.0,19.24,33,Month-to-month,No,Yes,Female,1
26,36.5,995.25,2.86,2,13.1,10.18,55,6-month,No,Yes,Male,0
6,47.95,269.59,2.63,4,8.9,20.11,29,Month-to-month,Yes,Yes,Male,0
4,65.2,251.6,2.32,4,10.1,19.47,42,Month-to-month,No,No,Male,1
25,55.14,1353.55,1.0,3,12.8,80.76,23,6-month,No,No,Male,1
14,41.82,564.56,4.92,3,6.8,104.07,27,Annual,Yes,Yes,Female,0
40,61.12,2493.97,3.26,2,7.5,8.92,69,6-month,No,Yes,Male,0
1,65.34,67.53,0.43,2,22.4,16.28,27,Month-to-month,Yes,Yes,Male,1
22,67.72,1519.01,1.95,3,4.4,8.67,40,Month-to-month,No,No,Male,1
33,36.51,1096.51,0.46,1,1.8,19.21,40,6-month,Yes,No,Female,0
70,53.85,3700.81,3.49,1,7.6,9.14,54,Month-to-month,No,Yes,Male,1
46,63.95,2900.7,2.47,4,7.4,8.69,53,Month-to-month,No,Yes,Female,0
64,45.96,2768.34,2.51,4,2.4,12.23,44,Month-to-month,Yes,No,Female,0
25,47.82,1140.77,1.4,4,7.1,12.64,47,Month-to-month,No,Yes,Female,1
32,54.47,1894.61,2.09,2,1.8,1.18,59,Month-to-month,No,No,Female,1
30,37.59,1171.35,3.52,5,4.1,13.37,23,Month-to-month,No,No,Female,1
64,52.11,3127.53,3.87,1,9.4,68.0,28,6-month,No,No,Female,0
70,45.37,3274.16,3.6,7,1.9,9.08,20,Month-to-month,Yes,No,Male,0
70,38.4,2761.69,0.48,4,5.6,35.34,34,6-month,Yes,No,Male,0
54,52.87,2738.55,2.26,0,0.8,25.8,37,Month-to-month,No,Yes,Female,1
36,51.72,1904.58,2.83,1,4.4,12.12,24,Annual,No,Yes,Female,0
39,51.56,1960.89,1.54,3,15.4,7.69,23,Month-to-month,No,No,Female,1
71,54.33,3500.3,0.34,2,29.3,5.66,42,Month-to-month,No,No,Female,0
20,54.4,1061.94,0.83,3,6.1,7.7,25,Month-to-month,No,Yes,Female,1
25,50.53,1193.07,4.45,3,9.1,4.37,56,Month-to-month,Yes,No,Female,0
65,47.27,2973.99,0.95,4,2.5,2.23,54,Month-to-month,No,No,Female,0
28,58.6,1680.61,2.56,1,8.7,6.92,48,Annual,Yes,Yes,Female,0
17,43.44,756.43,2.3,2,17.2,37.76,43,Annual,No,Yes,Female,0
40,52.94,2155.54,2.3,6,7.1,28.46,64,Month-to-month,No,Yes,Female,0
23,50.31,1173.78,2.08,2,14.1,10.64,52,Month-to-month,No,Yes,Male,1
65,43.07,2648.36,3.53,2,4.1,41.42,65,6-month,Yes,Yes,Male,0
66,53.34,3378.45,2.55,7,1.2,7.74,36,6-month,No,Yes,Female,0
22,50.0,1163.24,1.69,4,5.2,3.46,46,Month-to-month,Yes,Yes,Female,0
38,47.04,1945.94,2.57,5,4.0,62.87,22,6-month,No,Yes,Male,1
71,65.7,4661.1,0.84,3,13.4,20.68,43,Month-to-month,No,Yes,Male,1
54,59.58,3264.55,3.12,2,13.6,26.07,21,6-month,No,No,Male,0
15,43.17,716.17,1.61,4,2.3,8.46,37,Month-to-month,Yes,No,Male,1
43,50.13,2109.12,1.69,2,9.7,9.44,18,Month-to-month,No,No,Female,0
45,63.86,2896.91,3.17,1,11.8,10.91,30,Month-to-month,No,No,Male,0
47,45.19,2053.23,1.97,3,4.6,28.18,63,6-month,No,No,Female,0
1,54.21,48.45,2.04,7,7.6,5.75,56,Month-to-month,No,No,Female,0
21,67.8,1381.32,4.02,0,10.8,7.04,69,6-month,No,No,Female,0
62,42.67,2694.69,1.23,2,14.5,31.2,68,6-month,No,Yes,Female,0
17,48.59,760.63,3.15,4,7.7,98.03,25,6-month,No,Yes,Female,0
21,50.87,1094.73,3.73,8,9.3,14.2,27,Month-to-month,Yes,No,Female,0
23,59.5,1279.67,4.02,4,11.7,5.52,68,Month-to-month,No,No,Female,0
12,47.34,550.39,5.33,3,2.3,5.05,60,Month-to-month,No,No,Female,1
11,51.24,558.0,1.67,3,0.6,18.54,31,6-month,No,No,Female,0
25,26.33,627.69,1.37,5,10.6,47.14,34,Annual,No,No,Male,0
63,49.12,3098.58,3.56,3,7.9,34.83,52,Month-to-month,No,Yes,Female,0
0,48.16,47.88,3.72,5,2.1,23.0,47,Annual,No,Yes,Male,0
20,46.05,924.03,1.47,1,11.1,4.74,38,Month-to-month,No,No,Female,1
4,43.56,187.03,3.13,4,2.1,18.71,35,Month-to-month,No,Yes,Male,0
40,65.37,2507.12,6.04,2,7.4,3.1,50,Month-to-month,No,Yes,Female,0
18,40.11,739.02,2.64,2,10.7,52.72,66,6-month,No,No,Female,0
57,30.86,1692.88,3.7,4,13.6,8.5,62,Month-to-month,Yes,No,Female,1
42,72.65,3052.84,4.55,7,5.2,11.75,57,Month-to-month,Yes,Yes,Female,0
57,60.74,3628.35,5.75,3,12.9,42.12,63,6-month,No,Yes,Male,0
46,52.54,2536.29,2.82,4,5.8,11.27,21,Month-to-month,No,No,Male,0
32,71.41,2232.16,4.13,4,3.1,54.73,64,Month-to-month,Yes,Yes,Male,0
62,53.58,3472.83,1.47,2,4.1,7.46,38,Month-to-month,Yes,Yes,Female,0
34,53.37,1840.32,2.53,2,4.6,28.98,32,Month-to-month,No,Yes,Male,0
69,42.72,2965.6,1.92,4,0.3,33.03,63,Month-to-month,No,No,Female,1
72,38.65,2821.28,0.05,2,11.6,8.01,59,Month-to-month,No,No,Male,1
42,60.98,2558.12,0.42,7,9.0,4.18,22,6-month,Yes,Yes,Female,0
49,58.63,2747.87,3.06,5,4.1,23.51,36,Month-to-month,No,No,Male,1
18,60.6,1083.24,3.08,3,9.6,14.78,53,6-month,No,Yes,Male,0
59,50.19,3173.09,1.15,4,2.0,0.52,27,Month-to-month,Yes,No,Male,0
49,55.2,2620.82,4.52,1,9.9,4.48,26,Month-to-month,No,No,Male,0
65,36.63,2766.37,1.06,1,11.2,29.3,34,Month-to-month,No,No,Female,1
19,59.6,1089.89,2.83,4,1.7,22.4,34,Month-to-month,No,No,Male,0
57,56.61,3367.64,1.96,3,12.2,9.34,36,Month-to-month,Yes,Yes,Female,1
34,74.74,2355.9,2.64,3,5.8,3.7,60,Month-to-month,No,No,Female,1
13,41.97,557.0,3.67,4,5.9,26.63,47,Annual,Yes,No,Male,0
12,46.04,506.58,3.48,4,1.7,38.4,41,Annual,Yes,Yes,Female,0
41,54.49,2333.46,3.42,6,13.8,23.46,50,Month-to-month,No,No,Female,1
23,43.69,1006.47,3.25,2,13.9,5.8,69,6-month,No,Yes,Male,0
7,44.64,328.03,0.85,1,18.8,9.33,39,6-month,No,Yes,Male,0
31,25.13,732.2,3.97,2,14.8,68.55,42,Annual,No,Yes,Female,0
47,42.4,2012.73,1.12,2,7.8,17.35,61,Month-to-month,No,Yes,Male,1
23,38.64,916.04,2.36,4,8.6,75.92,28,Month-to-month,No,Yes,Male,0
69,57.63,4096.97,2.04,2,0.6,9.58,20,Month-to-month,Yes,No,Male,1
56,68.83,3683.32,2.96,4,0.5,14.3,50,Month-to-month,Yes,No,Male,0
37,55.79,2079.5,1.87,3,6.2,3.5,63,Month-to-month,No,No,Female,1
68,47.37,3138.91,2.29,3,6.0,4.95,50,Annual,No,Yes,Female,0
31,55.96,1752.15,4.6,4,3.0,3.58,56,Annual,No,Yes,Male,0
10,57.67,528.56,0.82,4,6.4,5.6,26,Month-to-month,No,Yes,Male,0
2,46.86,100.66,2.5,4,3.5,26.51,37,Month-to-month,No,No,Male,1
68,56.95,3755.42,1.05,1,13.9,66.75,34,Month-to-month,Yes,No,Male,0
70,67.07,4808.99,3.38,5,7.3,17.41,50,Month-to-month,Yes,No,Female,0
53,56.62,2826.59,1.56,2,3.9,1.57,31,6-month,Yes,No,Female,0
7,62.48,401.01,2.55,4,13.9,13.71,40,Month-to-month,No,No,Male,1
21,44.23,959.97,0.78,2,2.0,11.81,25,Annual,No,Yes,Female,0
2,36.77,75.93,4.18,2,24.2,30.91,23,Annual,No,No,Male,0
3,56.87,177.87,2.59,1,8.0,4.37,34,6-month,Yes,No,Male,0
17,39.11,676.78,2.68,1,6.1,13.96,69,6-month,Yes,No,Female,0
41,66.68,2895.15,3.58,4,1.3,44.54,22,Month-to-month,Yes,Yes,Male,0
4,31.53,128.29,0.87,3,6.7,19.25,36,Month-to-month,Yes,No,Female,0
71,55.31,3746.0,1.7,2,5.7,24.64,46,Month-to-month,No,Yes,Female,0
33,38.3,1415.85,2.72,2,10.6,25.54,62,6-month,No,Yes,Male,0
19,41.28,751.61,0.21,1,6.0,9.13,20,Month-to-month,Yes,Yes,Female,1
37,42.44,1636.44,0.35,5,2.1,30.44,59,Annual,No,No,Female,0
57,47.75,2789.58,1.43,5,5.4,8.02,56,Month-to-month,Yes,No,Female,0
22,51.43,1191.49,1.02,1,3.5,17.0,58,Month-to-month,Yes,No,Male,1
3,73.49,219.44,2.05,2,2.0,1.36,50,Month-to-month,No,Yes,Female,1
3,42.74,130.38,3.18,1,15.5,4.19,19,Annual,No,Yes,Female,0
62,60.74,3647.8,3.47,2,1.1,11.14,19,Month-to-month,No,Yes,Female,0
8,58.81,484.13,4.85,6,14.2,13.53,62,Month-to-month,Yes,No,Female,0
46,53.35,2296.59,2.47,4,7.0,8.81,63,Month-to-month,Yes,No,Female,0
28,46.09,1372.47,2.7,2,11.2,14.09,43,6-month,No,No,Female,0
56,50.79,3178.6,2.47,1,16.4,2.36,37,Annual,No,Yes,Female,0
4,47.5,200.46,2.92,3,3.9,32.65,64,Month-to-month,No,No,Male,1
65,49.75,2898.54,3.02,2,7.3,33.2,62,Annual,No,No,Female,0
50,60.67,2952.82,3.7,5,4.3,7.46,38,Month-to-month,No,Yes,Male,0
32,41.61,1396.91,3.69,5,5.7,16.69,26,6-month,No,No,Male,0
15,40.71,576.55,3.18,5,10.7,9.3,52,Month-to-month,No,No,Female,0
71,59.29,3926.13,4.46,1,6.4,10.97,64,Month-to-month,No,No,Male,0
22,46.34,1026.56,2.53,1,7.2,15.18,33,6-month,Yes,Yes,Male,0
35,60.31,2060.4,1.7,0,2.8,11.94,26,Month-to-month,No,No,Female,1
28,59.42,1619.29,1.92,4,6.2,36.08,56,Month-to-month,No,No,Male,1
16,32.43,482.66,2.36,1,4.6,24.37,21,Annual,Yes,No,Male,0
30,40.83,1328.68,1.09,3,6.8,11.31,70,Annual,No,No,Male,0
11,50.02,523.33,1.7,5,2.6,19.56,38,Month-to-month,No,No,Male,1
0,50.39,49.3,1.02,6,4.0,30.55,34,6-month,No,No,Male,0
21,38.97,835.52,2.95,5,8.2,7.86,70,6-month,Yes,Yes,Male,0
8,66.31,524.41,2.96,2,10.2,41.03,35,Month-to-month,No,No,Female,1
30,39.13,1145.77,0.2,1,7.6,9.92,28,Annual,No,No,Male,1
62,68.72,4460.54,1.65,0,5.3,61.01,57,Month-to-month,No,No,Female,0
11,49.41,553.48,4.87,4,3.8,19.97,48,6-month,Yes,No,Female,1
0,47.61,48.38,3.32,3,1.0,2.73,43,Month-to-month,No,No,Male,0
8,25.79,201.97,3.09,6,15.8,5.84,19,Month-to-month,Yes,No,Female,0
37,65.45,2262.64,1.64,3,13.5,4.66,32,Month-to-month,Yes,No,Female,1
20,51.58,1090.63,2.87,6,17.4,23.95,54,Month-to-month,No,No,Female,0
35,55.66,1877.5,2.48,3,17.0,7.28,69,Annual,No,Yes,Male,0
2,50.52,94.14,1.46,7,8.4,19.92,19,Annual,No,Yes,Female,0
24,50.85,1197.94,1.86,0,27.8,22.6,21,Month-to-month,No,No,Female,1
29,67.97,1963.92,1.89,2,5.8,13.94,20,Month-to-month,No,No,Female,0
31,56.6,1630.48,0.56,3,7.3,46.96,64,Month-to-month,No,No,Female,0
40,67.84,2652.42,0.78,2,3.9,21.11,47,Month-to-month,No,No,Male,0
56,59.94,3353.19,2.24,7,1.9,1.62,20,Month-to-month,No,Yes,Male,1
34,39.09,1242.95,1.4,2,4.5,21.27,52,Annual,No,No,Male,1
61,39.68,2554.52,2.11,2,4.3,13.56,52,6-month,No,No,Male,0
38,60.62,2153.3,0.41,2,11.3,39.7,25,Month-to-month,No,No,Male,1
19,63.2,1239.53,3.54,5,7.8,26.16,36,Month-to-month,Yes,Yes,Male,0
16,52.04,838.86,5.2,1,9.4,11.53,34,6-month,Yes,No,Female,0
23,52.38,1357.63,3.84,2,8.4,8.09,53,Month-to-month,No,No,Male,0
43,56.75,2447.34,3.97,3,8.6,37.04,44,Month-to-month,No,No,Male,0
17,60.84,961.62,3.31,1,4.0,19.98,53,Month-to-month,Yes,Yes,Female,1
66,51.16,3162.18,2.85,6,8.3,55.9,49,Month-to-month,No,No,Female,1
35,43.65,1503.26,2.61,2,11.8,15.85,33,Month-to-month,No,Yes,Male,1
63,44.69,2463.99,1.31,5,15.2,44.72,19,6-month,Yes,No,Female,0
49,52.59,2402.7,3.4,4,13.4,16.49,36,Month-to-month,No,No,Male,0
24,47.7,1180.45,3.32,4,10.5,10.16,43,6-month,No,No,Male,0
16,67.59,1198.39,1.9,0,7.7,18.31,57,Month-to-month,No,No,Male,0
54,41.75,2242.89,3.18,3,4.8,66.11,60,Annual,No,Yes,Male,0
24,49.03,1114.3,1.6,4,8.6,12.44,18,Month-to-month,No,Yes,Male,1
18,51.42,973.16,1.68,7,17.9,6.4,66,Month-to-month,No,Yes,Male,1
67,62.95,4492.77,3.51,4,5.5,17.59,37,Month-to-month,No,No,Female,0
35,49.72,1700.69,3.06,4,20.7,47.48,61,Month-to-month,No,No,Male,1
3,50.7,156.85,2.2,1,8.9,10.12,28,Month-to-month,No,No,Male,1
36,51.28,1966.59,2.05,2,15.7,113.23,63,6-month,No,No,Male,0
33,59.83,2007.0,2.73,2,4.3,1.3,44,Month-to-month,No,Yes,Male,0
63,53.39,3247.42,0.11,8,3.8,22.9,52,Month-to-month,No,No,Female,1
51,48.46,2406.84,1.51,5,2.1,15.7,29,Month-to-month,No,Yes,Male,1
13,39.59,482.93,0.86,3,17.8,8.09,66,6-month,No,No,Male,0
10,46.97,451.27,2.52,1,8.8,58.31,54,Annual,No,No,Female,0
44,62.48,2834.7,3.92,2,11.7,21.36,32,6-month,No,Yes,Male,0
3,51.3,152.2,3.12,4,7.3,50.96,59,6-month,No,Yes,Male,0
23,45.0,956.21,1.84,7,7.8,6.49,28,6-month,No,Yes,Male,0
10,46.49,472.84,1.58,6,1.8,15.45,33,6-month,No,No,Male,0
1,61.7,65.1,1.52,3,9.0,3.98,27,Month-to-month,No,No,Female,1
67,64.21,4263.81,5.1,2,12.6,48.95,47,6-month,Yes,No,Male,1
6,57.87,345.78,2.59,6,0.8,7.88,58,6-month,No,Yes,Female,0
0,51.52,55.31,2.76,3,4.9,5.04,43,Month-to-month,No,Yes,Male,1
68,48.88,3519.09,0.0,3,3.5,40.49,52,6-month,No,No,Female,0
13,66.62,889.71,0.96,5,10.3,51.79,30,Month-to-month,Yes,No,Female,1
59,65.84,4161.19,2.44,2,9.9,14.71,59,Month-to-month,No,Yes,Male,0
2,43.15,91.37,1.85,4,11.6,43.21,57,Month-to-month,No,No,Female,1
11,41.25,451.1,2.67,7,7.4,21.57,66,6-month,Yes,No,Female,0
8,56.96,464.51,2.66,4,1.1,24.04,33,Annual,No,Yes,Male,0
51,47.45,2434.69,3.28,4,8.6,4.91,31,Month-to-month,No,No,Male,0
45,53.31,2636.4,0.07,2,1.9,6.44,49,Month-to-month,No,Yes,Male,0
34,63.31,2198.98,1.06,5,9.8,33.47,21,Month-to-month,Yes,No,Female,1
17,60.4,1045.04,2.37,1,2.0,11.61,63,Month-to-month,Yes,No,Female,0
6,36.39,238.78,1.66,2,2.9,1.55,39,Annual,No,Yes,Female,0
41,63.38,2621.18,2.1,2,14.6,22.87,52,Month-to-month,Yes,Yes,Female,1
16,56.4,887.33,2.64,4,6.3,15.46,31,Month-to-month,No,No,Male,1
43,49.27,1889.83,1.53,4,6.4,9.19,38,Month-to-month,Yes,No,Male,1
50,49.93,2443.01,2.75,1,2.8,2.15,44,Annual,Yes,Yes,Male,0
62,59.1,3699.41,3.21,3,13.6,13.89,46,Month-to-month,No,No,Male,1
36,37.65,1422.07,2.58,2,8.9,14.65,54,6-month,No,Yes,Male,0
0,41.24,41.23,3.44,4,8.4,16.72,64,Month-to-month,Yes,No,Male,0
20,63.47,1214.65,0.0,4,2.4,29.21,59,Month-to-month,Yes,No,Female,1
62,45.83,2897.98,1.74,3,7.3,21.59,51,6-month,No,No,Female,0
38,70.92,2457.03,3.66,4,30.0,2.51,20,Month-to-month,No,Yes,Female,1
45,56.59,2711.88,1.38,4,3.8,27.26,47,6-month,No,No,Male,0
33,53.19,1881.06,1.2,2,14.3,25.15,23,Month-to-month,No,No,Male,1
11,36.25,363.81,2.34,4,0.6,21.42,39,6-month,Yes,No,Female,0
65,36.89,2296.62,2.48,4,11.4,9.54,68,6-month,No,No,Male,0
56,52.65,3000.51,1.8,1,9.2,34.77,58,6-month,No,No,Female,0
72,72.71,5696.39,4.9,2,5.8,55.0,28,Month-to-month,No,No,Male,1
62,42.46,2625.71,2.87,1,8.9,14.27,27,6-month,No,Yes,Female,0
21,32.95,705.47,1.33,4,9.0,4.09,32,Annual,No,No,Female,1
18,36.71,669.18,0.63,2,9.0,6.2,55,Month-to-month,No,Yes,Male,1
18,37.79,627.43,3.03,5,5.0,5.14,34,Month-to-month,Yes,No,Male,0
67,42.25,2782.6,1.3,2,4.5,20.77,47,Annual,No,No,Female,1
40,48.66,1872.6,5.3,4,3.4,22.05,45,Month-to-month,No,No,Female,0
33,38.48,1284.79,3.06,2,1.6,7.94,22,6-month,No,Yes,Female,1
70,45.06,3046.5,3.23,1,6.4,21.43,52,6-month,No,Yes,Female,0
44,54.08,2383.4,2.82,2,13.0,19.99,62,Month-to-month,Yes,Yes,Female,0
66,64.92,4273.58,3.96,0,4.3,8.62,42,6-month,No,Yes,Female,0
71,49.74,3536.95,0.0,6,2.4,16.85,48,6-month,No,No,Male,1
5,36.06,189.93,0.94,2,3.5,107.74,55,Month-to-month,No,No,Male,1
26,41.16,1090.83,3.84,5,7.2,16.99,50,Annual,No,No,Male,0
53,46.46,2432.32,4.45,1,7.2,5.16,34,Month-to-month,No,No,Female,0
59,56.46,3413.99,0.89,2,3.2,11.91,48,Month-to-month,Yes,Yes,Female,1
10,45.37,441.43,0.14,6,6.5,39.96,47,Annual,Yes,Yes,Male,0
23,71.82,1563.0,2.72,4,5.7,10.78,66,Month-to-month,Yes,Yes,Male,1
40,36.12,1522.37,3.13,2,9.8,14.55,67,Annual,Yes,No,Male,0
58,53.77,3016.12,2.69,2,16.8,49.49,46,Month-to-month,Yes,No,Male,0
8,70.93,538.74,2.42,6,4.2,5.25,65,Month-to-month,Yes,Yes,Female,0
43,54.84,2537.24,0.09,4,3.7,19.36,58,Month-to-month,No,No,Male,1
21,43.28,948.83,2.01,3,7.1,11.87,40,6-month,Yes,No,Male,0
15,54.27,806.56,2.21,2,8.2,23.14,46,6-month,No,Yes,Male,0
37,48.13,1860.31,1.79,2,10.1,11.46,49,Annual,No,No,Male,0
30,44.07,1291.39,0.01,9,1.3,3.27,60,Annual,Yes,No,Male,0
46,46.28,2180.17,3.26,5,23.4,4.51,26,6-month,No,Yes,Male,0
23,45.2,1042.5,3.63,1,5.2,46.18,59,6-month,No,No,Female,0
60,57.75,3402.04,1.47,2,3.9,18.42,67,Month-to-month,Yes,Yes,Male,1
5,45.52,230.55,2.26,2,2.4,13.52,70,Annual,Yes,Yes,Female,0
62,41.44,2425.45,1.85,1,4.4,56.45,19,6-month,Yes,No,Female,1
2,51.43,99.93,1.87,2,1.5,23.82,49,Annual,No,No,Male,0
53,39.33,1870.71,3.14,1,14.2,10.56,44,Month-to-month,Yes,Yes,Female,0
25,49.41,1215.1,3.17,4,5.8,21.46,37,Month-to-month,No,Yes,Female,1
27,44.25,1209.93,3.9,5,3.7,45.65,48,6-month,Yes,No,Male,0
1,73.98,68.64,3.87,2,12.4,33.43,65,Month-to-month,No,No,Female,1
51,50.49,2624.03,2.28,4,5.5,11.02,18,Month-to-month,Yes,Yes,Female,1
12,40.49,432.5,6.19,1,3.7,19.51,52,Annual,No,No,Male,0
48,38.6,1798.24,4.51,2,18.9,14.2,30,Month-to-month,No,Yes,Male,1
52,55.78,2886.2,1.64,5,4.5,91.16,50,Month-to-month,No,Yes,Female,0
61,56.62,3450.06,2.66,5,0.8,32.84,58,Month-to-month,No,No,Female,0
51,62.9,3245.17,0.0,4,6.4,6.73,57,Month-to-month,Yes,Yes,Female,1
22,53.56,1080.64,2.54,1,5.8,34.72,24,6-month,No,Yes,Female,0
53,51.87,2771.94,4.68,5,3.8,2.09,44,Annual,No,No,Female,0
60,39.51,2451.21,6.12,5,3.3,1.78,55,Annual,Yes,Yes,Male,0
23,45.38,1020.4,2.34,1,6.9,19.99,55,6-month,No,Yes,Female,0
9,39.68,352.82,2.94,0,4.6,19.47,38,6-month,No,No,Female,0
64,49.93,2965.24,3.29,5,5.2,20.37,70,Month-to-month,No,No,Female,0
10,52.06,543.02,5.07,3,8.0,28.41,29,Annual,No,Yes,Female,0
43,58.79,2367.48,1.22,3,5.0,12.61,55,Month-to-month,No,Yes,Female,0
17,55.69,997.78,5.95,2,4.0,36.01,29,Month-to-month,No,Yes,Female,1
9,50.83,507.67,2.09,2,10.3,11.25,58,Annual,No,No,Male,0
56,35.35,1930.15,0.98,3,4.6,20.6,37,Annual,No,No,Male,0
10,44.35,426.36,2.09,3,3.8,7.67,55,Month-to-month,No,No,Female,0
48,41.04,1951.49,1.45,3,1.9,14.14,23,6-month,Yes,Yes,Male,0
50,40.57,2129.32,3.05,2,3.0,10.72,51,Month-to-month,Yes,No,Male,0
4,50.93,194.41,0.35,1,2.3,14.35,48,Month-to-month,No,No,Female,1
12,51.25,548.9,2.68,2,1.8,29.37,51,Month-to-month,No,No,Female,0
57,68.1,4100.45,3.36,2,3.4,35.02,69,Month-to-month,No,Yes,Female,0
37,56.43,2089.94,4.43,3,8.1,38.66,70,Month-to-month,Yes,No,Female,1
8,65.29,516.26,3.38,4,6.3,11.25,45,Month-to-month,Yes,Yes,Female,0
72,58.02,4188.04,4.35,3,4.9,23.04,52,Month-to-month,No,No,Female,0
19,49.64,904.24,1.71,5,8.8,7.69,23,Month-to-month,No,No,Female,0
0,48.85,48.37,3.01,2,4.1,28.0,20,Annual,No,No,Female,0
67,56.9,3861.06,0.0,0,7.7,3.0,37,6-month,No,Yes,Male,0
1,53.93,55.22,2.35,4,10.0,63.99,29,Annual,No,No,Female,0
40,53.68,2149.96,3.0,1,0.9,8.56,45,Month-to-month,No,No,Male,0
72,53.59,3391.32,3.12,2,6.2,24.54,32,6-month,No,No,Male,0
42,34.41,1421.16,0.45,3,8.5,104.86,39,Annual,No,Yes,Male,0
42,51.74,2177.33,1.99,1,8.1,12.34,54,Month-to-month,No,No,Female,1
28,31.62,890.8,2.17,3,6.5,24.99,40,Month-to-month,Yes,Yes,Female,1
9,72.95,642.06,1.94,1,4.2,3.4,26,Month-to-month,No,No,Female,1
41,60.97,2743.3,3.44,5,5.4,23.02,43,Month-to-month,Yes,Yes,Male,1
65,48.64,3088.95,2.22,4,14.9,5.19,65,Month-to-month,Yes,No,Female,0
6,43.9,269.11,2.63,1,1.1,15.9,59,Month-to-month,No,No,Male,1
64,65.28,4078.3,1.86,4,3.5,2.48,26,Month-to-month,Yes,No,Female,0
30,46.57,1429.12,3.88,6,6.2,22.34,61,6-month,No,No,Male,0
39,44.82,1617.53,3.98,4,1.8,13.64,62,Month-to-month,No,No,Male,0
12,47.34,610.59,2.1,6,5.1,13.01,53,Month-to-month,No,No,Male,0
45,43.96,2009.96,6.21,3,10.4,1.95,66,6-month,No,No,Female,0
13,61.21,774.08,1.5,3,9.2,19.83,48,Month-to-month,No,No,Male,1
19,66.93,1245.19,3.81,1,6.2,13.21,70,Month-to-month,No,No,Male,1
52,65.45,3275.34,1.26,5,7.0,8.32,24,Month-to-month,No,No,Male,1
3,55.01,161.98,3.5,3,0.4,6.14,18,Month-to-month,No,Yes,Male,0
32,65.21,2083.03,3.4,1,2.4,26.86,40,Month-to-month,Yes,Yes,Male,0
43,48.29,2016.64,1.18,3,3.8,21.12,43,Month-to-month,No,Yes,Female,1
9,36.79,343.03,2.33,2,4.8,17.3,48,Month-to-month,Yes,No,Female,1
21,46.05,1073.8,4.93,7,10.7,77.53,59,Annual,No,No,Female,0
25,41.14,1016.24,1.44,3,19.6,37.76,58,Annual,No,No,Male,0
48,48.68,2074.42,3.02,1,5.3,27.37,66,Month-to-month,Yes,No,Female,0
71,45.41,3165.94,2.94,3,5.1,17.5,33,Month-to-month,No,No,Male,0
61,50.39,3055.41,2.45,5,6.1,25.41,45,Month-to-month,No,Yes,Male,1
13,46.55,627.61,0.25,2,3.3,57.4,51,Annual,No,No,Female,0
1,39.72,38.28,3.58,2,16.1,2.91,30,Annual,Yes,No,Male,0
3,37.75,109.25,2.52,4,2.9,21.44,47,Month-to-month,No,No,Male,0
43,42.12,1744.94,3.93,1,3.1,24.66,36,Month-to-month,No,Yes,Male,0
11,47.09,484.32,2.8,1,4.0,5.36,37,Month-to-month,Yes,Yes,Male,0
16,45.05,656.08,2.58,2,17.7,18.13,39,Annual,No,No,Female,0
61,42.59,2607.18,2.98,2,8.4,30.15,44,Annual,No,No,Male,0
63,47.76,2788.81,1.22,4,6.1,27.7,60,Month-to-month,No,Yes,Female,1
61,54.38,3264.34,4.53,2,4.9,16.91,21,6-month,No,No,Female,0
18,64.56,1199.16,2.01,4,5.8,20.88,67,Month-to-month,No,No,Female,1
45,51.07,2191.2,2.03,3,2.5,18.44,29,6-month,Yes,Yes,Female,0
44,40.44,1879.87,4.18,1,0.7,3.67,42,Annual,No,Yes,Female,0
13,57.7,722.14,2.82,4,11.4,11.7,57,Month-to-month,No,Yes,Female,1
40,52.67,1944.93,2.19,7,2.0,18.27,68,Month-to-month,No,No,Female,0
38,45.0,1673.14,3.04,7,15.7,10.6,19,6-month,No,No,Female,0
28,49.88,1419.54,3.31,1,8.6,29.68,54,Month-to-month,No,Yes,Male,1
54,41.55,2331.98,2.35,3,5.3,2.72,47,Annual,No,No,Male,0
49,57.5,2869.09,3.7,1,8.1,11.54,42,Month-to-month,No,Yes,Male,1
38,31.51,1302.25,0.85,6,6.7,13.07,40,Annual,Yes,Yes,Male,0
52,68.36,3587.3,2.84,7,5.8,29.82,23,Month-to-month,No,No,Female,0
55,59.59,3189.03,3.54,4,6.2,18.36,23,Month-to-month,No,No,Male,0
41,49.94,2040.93,3.31,3,11.5,19.17,44,Month-to-month,No,No,Female,0
19,65.4,1161.23,0.0,5,8.3,17.18,58,Month-to-month,No,Yes,Male,1
55,59.66,3417.1,2.34,2,5.5,6.71,38,Month-to-month,Yes,No,Male,0
52,41.99,2031.31,0.92,3,10.1,19.39,55,6-month,No,No,Male,0
71,58.1,3909.75,4.17,1,17.0,20.74,24,Month-to-month,No,Yes,Male,0
10,61.98,615.31,1.99,2,5.5,13.03,50,Month-to-month,Yes,No,Male,1
30,57.9,1653.77,4.03,4,3.5,25.13,64,Month-to-month,No,No,Male,0
67,54.01,3684.63,0.92,1,10.7,8.4,18,Month-to-month,No,No,Female,0
37,43.32,1625.48,3.01,3,5.5,12.49,24,Annual,No,Yes,Female,0
68,45.78,3224.78,2.51,3,13.0,44.87,55,Annual,Yes,Yes,Male,0
0,60.21,61.93,6.09,3,2.4,9.0,67,Month-to-month,No,No,Female,0
2,46.06,93.13,4.03,4,4.3,11.47,52,6-month,No,No,Female,0
58,51.74,2987.88,3.95,2,20.6,21.58,19,6-month,No,Yes,Male,0
26,46.31,1246.02,5.14,3,4.2,51.07,25,Annual,Yes,Yes,Female,0
37,51.73,1913.6,2.87,3,13.3,33.06,28,Month-to-month,No,Yes,Female,0
31,41.77,1385.27,2.37,2,3.4,20.67,23,Month-to-month,Yes,No,Female,0
29,71.61,2169.21,2.22,8,10.1,16.68,55,Month-to-month,No,No,Female,1
68,38.56,2585.95,2.93,2,2.9,1.83,32,Annual,Yes,No,Female,0
6,48.77,309.95,0.0,2,10.9,19.64,68,6-month,No,Yes,Male,0
56,57.77,3477.92,2.5,4,5.0,7.63,26,Month-to-month,No,Yes,Male,0
64,58.04,4107.81,2.79,2,4.3,6.97,21,Month-to-month,No,Yes,Female,1
47,40.68,2020.27,2.3,3,5.1,4.85,61,6-month,Yes,Yes,Female,0
28,43.47,1152.08,0.51,3,6.3,33.32,31,Annual,No,Yes,Female,0
11,45.31,474.52,2.31,3,7.1,10.22,58,Month-to-month,No,Yes,Male,1
49,43.76,2031.53,0.51,1,2.2,4.28,49,6-month,No,No,Male,0
34,56.14,2004.67,4.81,3,7.7,14.25,57,Month-to-month,No,No,Female,0
10,66.25,746.64,2.17,6,1.8,47.37,67,Month-to-month,No,No,Male,0
26,68.85,1822.79,0.0,0,12.0,5.94,24,Month-to-month,No,Yes,Female,1
70,40.29,2826.27,2.23,3,8.1,52.23,40,6-month,Yes,No,Female,0
19,28.61,557.25,3.66,1,8.1,22.94,24,Annual,No,No,Male,0
13,55.45,741.35,2.73,2,10.8,51.69,48,Month-to-month,Yes,No,Female,0
49,43.43,2262.74,1.31,3,8.3,13.84,66,Month-to-month,Yes,Yes,Male,1
14,53.15,722.29,1.62,2,17.5,31.55,36,Month-to-month,No,No,Male,1
67,60.88,4172.2,2.13,4,2.9,64.92,44,Month-to-month,No,Yes,Female,1
62,50.01,3227.41,1.93,1,2.1,9.83,24,Month-to-month,No,Yes,Female,0
71,51.75,3720.71,0.86,5,17.8,14.85,24,Month-to-month,No,No,Female,0
66,53.27,3241.11,2.41,2,8.4,19.25,19,Month-to-month,No,No,Female,0
17,76.12,1172.19,0.77,4,9.0,21.71,37,Month-to-month,No,Yes,Male,0
15,36.66,511.95,3.73,3,2.7,0.26,53,Month-to-month,No,No,Female,1
25,47.23,1246.19,3.89,2,8.7,24.72,18,6-month,No,No,Male,0
34,52.47,1924.39,1.2,7,5.8,20.27,64,Month-to-month,No,Yes,Male,0
64,56.69,3428.57,1.57,2,10.0,11.64,50,6-month,Yes,Yes,Male,0
53,34.39,1896.87,1.95,4,6.5,93.72,26,Annual,No,No,Male,0
47,60.51,2554.48,2.46,3,5.7,37.22,43,6-month,No,No,Male,0
64,62.25,3860.56,2.83,1,6.6,52.98,48,Month-to-month,No,Yes,Male,0
47,56.86,2721.78,3.1,2,3.9,12.7,65,Month-to-month,Yes,No,Female,0
27,62.91,1769.85,3.07,3,4.6,9.79,57,6-month,Yes,Yes,Female,0
30,67.69,1962.02,4.52,2,13.7,26.01,62,Month-to-month,Yes,Yes,Female,0
37,63.16,2324.59,2.58,3,8.8,18.7,33,Month-to-month,Yes,Yes,Male,1
6,49.54,296.2,0.81,4,5.5,10.99,20,Month-to-month,No,No,Male,1
54,59.94,3020.72,0.41,3,8.8,11.15,38,Month-to-month,No,No,Female,1
47,59.99,2967.6,4.63,4,7.9,3.76,64,Month-to-month,Yes,No,Male,0
53,49.58,2653.12,3.16,1,4.7,38.13,66,6-month,No,Yes,Male,0
38,39.31,1434.21,2.77,3,3.9,32.75,42,Month-to-month,No,No,Male,0
57,34.77,1975.52,3.08,4,4.5,0.91,35,Month-to-month,Yes,Yes,Female,0
69,36.33,2644.56,2.71,4,12.3,32.29,49,Annual,Yes,No,Female,0
41,57.98,2281.51,3.06,1,5.4,68.47,32,Month-to-month,No,Yes,Female,0
32,40.11,1209.75,2.02,3,13.5,33.9,25,6-month,No,Yes,Female,0
7,65.46,432.87,3.87,4,4.2,9.35,22,Month-to-month,Yes,No,Female,1
56,56.52,3545.2,1.82,5,3.5,21.44,69,Month-to-month,No,No,Female,0
65,51.05,3465.72,1.33,1,5.7,1.96,50,Annual,Yes,No,Male,0
51,58.71,2847.75,0.3,3,7.5,6.59,58,Month-to-month,Yes,No,Female,1
63,44.34,2809.13,2.19,0,6.6,32.24,42,Month-to-month,Yes,Yes,Male,0
62,40.19,2523.35,4.15,7,8.2,6.25,34,Annual,No,No,Male,0
58,51.24,2980.47,1.91,7,8.4,13.61,68,6-month,No,Yes,Male,0
36,44.64,1561.18,0.71,5,9.7,15.67,69,6-month,No,No,Male,0
7,40.58,264.24,2.87,4,2.8,31.4,49,Month-to-month,No,No,Male,0
0,56.0,53.97,1.65,2,4.0,13.83,66,Month-to-month,No,No,Female,0
14,45.63,622.41,4.51,3,6.9,6.5,30,6-month,No,No,Male,0
31,66.21,2137.45,3.9,6,4.7,22.17,24,Month-to-month,Yes,Yes,Male,1
54,50.93,2773.66,0.85,0,5.7,4.1,21,Month-to-month,Yes,Yes,Female,1
33,46.08,1562.94,2.27,5,6.3,48.35,36,6-month,Yes,No,Male,0
1,33.76,31.86,1.52,0,5.2,3.8,65,Month-to-month,No,Yes,Female,1
15,56.35,834.64,0.99,2,4.6,33.86,22,Month-to-month,No,No,Male,1
71,69.29,5178.77,2.43,3,3.3,26.39,57,Month-to-month,Yes,No,Male,0
72,46.1,3107.64,3.56,7,5.4,33.57,28,Month-to-month,Yes,Yes,Female,0
27,40.43,1183.88,2.39,6,4.5,5.85,49,6-month,No,No,Male,0
58,51.08,2979.46,1.83,3,10.4,8.71,62,Annual,No,No,Female,0
52,48.16,2585.41,0.0,6,9.0,9.86,41,Month-to-month,Yes,No,Female,0
67,57.45,3482.6,1.63,2,2.7,13.57,48,Month-to-month,No,No,Male,1
64,42.05,2788.38,3.22,2,16.1,4.05,20,Month-to-month,Yes,Yes,Female,0
45,53.89,2319.67,0.76,1,4.6,16.06,67,Month-to-month,Yes,No,Female,1
28,60.16,1690.78,4.17,5,2.1,16.33,48,Month-to-month,Yes,Yes,Female,0
45,52.5,2221.13,1.74,7,4.2,32.88,46,Annual,No,Yes,Female,1
23,45.0,1087.0,2.75,4,1.8,15.16,24,Month-to-month,Yes,No,Male,0
25,65.3,1546.36,1.98,2,2.0,1.75,24,Month-to-month,No,No,Female,1
44,38.43,1730.89,0.97,2,28.1,2.61,58,Annual,No,No,Female,0
41,44.59,1861.37,3.07,7,10.1,7.43,69,Month-to-month,Yes,No,Male,0
42,33.36,1420.19,1.72,4,2.5,13.14,65,Annual,No,No,Male,0
28,45.48,1262.02,1.42,4,1.4,55.6,40,Month-to-month,Yes,No,Female,0
29,60.45,1801.39,0.0,3,5.7,38.85,67,Month-to-month,No,No,Male,1
0,45.24,45.11,4.19,2,1.2,11.87,54,Annual,No,Yes,Male,0
43,62.9,2668.93,2.51,1,5.5,7.94,21,Month-to-month,Yes,No,Male,0
42,51.74,2253.46,3.94,3,7.9,16.46,47,Month-to-month,No,No,Male,0
68,45.75,3430.25,3.31,3,8.3,16.41,40,Month-to-month,No,No,Female,0
36,44.63,1604.46,3.94,2,2.5,14.95,55,6-month,No,No,Male,0
34,54.71,1736.53,1.77,6,7.1,3.82,49,6-month,Yes,Yes,Female,0
4,56.87,224.37,0.72,2,12.0,10.28,38,Month-to-month,No,No,Male,0
14,48.87,706.03,3.49,4,4.7,9.91,41,6-month,Yes,Yes,Female,0
24,71.07,1675.52,2.67,3,2.4,20.97,23,6-month,No,No,Female,0
27,65.09,1631.08,1.89,1,4.5,38.43,52,Month-to-month,No,Yes,Male,0
26,47.84,1259.7,3.47,4,2.8,9.89,45,Month-to-month,No,Yes,Male,0
28,63.15,1750.54,2.9,1,30.0,19.81,44,Month-to-month,Yes,Yes,Female,1
56,31.69,1718.94,3.33,5,10.7,0.1,66,Month-to-month,No,No,Female,1
9,49.41,450.85,1.17,2,9.2,18.88,23,Month-to-month,No,Yes,Male,1
24,53.29,1336.49,3.77,3,1.4,5.37,33,Month-to-month,No,No,Male,0
11,72.43,780.24,2.49,4,4.9,8.15,26,Month-to-month,No,Yes,Female,0
22,43.31,991.56,3.91,3,4.3,20.83,42,Month-to-month,No,Yes,Male,0
49,44.1,2172.63,3.76,4,3.7,16.46,51,6-month,No,Yes,Female,0
3,65.57,186.83,3.39,5,13.1,1.59,39,Month-to-month,No,Yes,Male,1
24,42.28,916.5,2.36,3,24.2,21.07,60,Annual,No,Yes,Male,0
1,45.93,46.46,3.42,4,3.7,54.3,21,Annual,No,No,Female,0
69,42.65,2934.53,3.94,3,0.9,3.62,18,6-month,Yes,No,Female,0
53,25.0,1277.72,3.29,3,3.8,9.75,70,Annual,Yes,Yes,Male,0
17,45.12,744.31,2.76,1,12.7,13.01,36,Annual,No,Yes,Female,0
14,67.76,893.18,3.43,7,10.7,12.18,69,Month-to-month,No,No,Female,1
7,39.78,282.17,1.82,1,6.2,31.89,29,6-month,Yes,No,Male,1
34,53.43,1720.93,4.47,5,9.1,25.93,44,Month-to-month,No,No,Female,0
55,61.49,3335.59,0.31,6,4.7,18.99,68,6-month,No,No,Male,0
42,60.81,2493.22,2.54,1,3.6,13.62,22,Month-to-month,No,Yes,Female,0
64,62.72,3712.76,1.97,2,3.0,26.08,35,Month-to-month,Yes,No,Female,0
25,49.44,1273.71,1.67,0,6.0,1.33,50,Month-to-month,No,No,Female,0
20,45.62,904.57,2.9,0,3.9,60.04,41,Annual,No,No,Male,0
34,68.16,2593.61,1.04,5,2.6,33.13,38,Month-to-month,Yes,No,Male,1
14,61.77,827.5,5.3,4,6.8,36.22,56,Month-to-month,Yes,No,Male,0
71,46.57,3602.08,0.74,5,4.3,73.64,34,Month-to-month,No,No,Female,0
13,44.8,584.0,1.26,5,13.0,32.33,24,Month-to-month,No,Yes,Male,0
34,29.47,978.21,1.14,4,7.8,4.53,45,Annual,Yes,No,Female,0
38,48.56,1754.29,2.76,3,19.6,17.81,33,6-month,Yes,Yes,Female,0
4,37.32,139.33,3.82,2,8.4,31.59,22,Month-to-month,Yes,No,Female,0
34,59.95,1972.75,3.18,3,5.6,17.46,65,Month-to-month,No,Yes,Male,0
33,67.87,2156.94,4.41,3,11.6,19.25,22,Month-to-month,No,No,Male,1
18,60.76,1070.68,1.42,2,18.1,39.88,52,Month-to-month,No,No,Male,1
9,39.52,342.65,3.36,0,1.2,13.45,42,Annual,No,No,Male,0
3,47.81,149.83,2.11,2,11.7,46.92,44,6-month,No,Yes,Female,0
0,58.0,54.85,2.8,6,6.0,8.71,54,Month-to-month,No,No,Male,1
35,62.02,2089.69,3.94,2,8.5,19.37,52,6-month,No,No,Male,1
6,59.43,351.96,0.3,5,19.1,1.72,30,Month-to-month,Yes,Yes,Male,1
70,40.45,2714.3,5.09,2,6.3,1.73,51,6-month,No,Yes,Male,0
17,65.92,1173.14,2.31,2,2.4,85.73,29,Month-to-month,No,Yes,Male,0
47,38.94,1745.02,0.41,7,1.6,17.41,31,6-month,Yes,No,Female,0
49,57.22,2757.39,1.6,2,18.7,13.3,67,Month-to-month,No,Yes,Female,1
36,34.98,1233.78,2.63,5,7.8,21.01,68,Annual,No,No,Female,0
64,54.01,3388.14,1.6,4,6.4,26.34,31,Month-to-month,Yes,Yes,Female,0
8,63.64,563.13,0.0,6,17.2,5.28,35,Month-to-month,No,Yes,Male,1
17,64.73,1168.28,2.63,3,3.4,32.33,43,Month-to-month,No,Yes,Female,0
18,68.98,1271.33,1.56,0,3.4,10.82,39,Month-to-month,No,Yes,Female,1
9,59.26,540.29,3.35,7,21.2,81.31,33,Month-to-month,No,Yes,Female,0
21,50.69,1161.06,1.11,4,2.9,19.49,23,6-month,No,No,Female,0
22,45.94,1000.1,5.44,2,2.0,10.01,62,6-month,No,No,Male,0
55,37.65,2036.45,3.17,0,21.0,19.38,45,Month-to-month,Yes,Yes,Female,1
22,50.94,1114.66,2.76,1,11.3,3.35,31,6-month,Yes,No,Female,0
63,29.77,1859.94,3.31,6,6.0,23.47,50,6-month,No,No,Female,0
56,60.06,3407.96,0.13,2,28.0,26.71,22,Month-to-month,Yes,No,Male,1
65,61.79,4021.96,1.85,1,4.2,13.91,44,Month-to-month,No,Yes,Female,0
7,42.55,265.3,4.82,2,9.7,0.57,56,Month-to-month,No,Yes,Male,0
71,45.77,3285.38,2.08,3,8.9,62.95,58,Month-to-month,Yes,No,Male,0
44,60.28,2709.95,2.42,5,17.5,2.45,52,6-month,Yes,No,Female,1
71,40.22,2915.82,1.89,3,3.3,10.83,35,Annual,No,No,Male,0
25,46.0,1109.75,4.4,5,21.0,30.54,69,6-month,No,No,Female,0
69,53.74,3443.13,2.18,5,26.0,25.12,49,Month-to-month,No,No,Female,0
42,60.52,2682.44,0.87,3,15.4,7.21,55,6-month,No,No,Female,0
5,52.1,255.61,5.85,5,3.7,7.05,29,6-month,Yes,No,Male,0
29,40.34,1141.58,0.71,3,7.6,17.73,25,Month-to-month,Yes,No,Male,0
10,33.73,326.7,2.37,3,8.9,4.97,67,Annual,No,No,Female,1
68,64.66,4501.31,1.41,5,8.7,17.45,62,Month-to-month,No,Yes,Female,0
22,53.48,1228.63,1.59,0,1.6,32.76,57,Month-to-month,No,Yes,Male,0
16,43.08,702.26,1.12,4,10.6,9.78,29,Month-to-month,No,No,Female,1
40,65.54,2666.47,1.8,3,8.0,14.43,31,Month-to-month,Yes,No,Female,1
31,39.17,1190.37,3.78,5,5.7,22.67,43,Annual,No,Yes,Female,0
7,40.42,276.34,0.03,1,6.1,45.32,22,Month-to-month,No,No,Female,0
59,52.68,3044.01,4.14,6,28.7,24.2,42,Month-to-month,No,Yes,Female,0
61,86.26,5358.22,3.91,2,15.6,8.99,26,Month-to-month,Yes,No,Female,0
54,55.17,2893.67,3.16,2,1.3,36.97,56,Month-to-month,Yes,No,Male,0
45,47.58,2198.33,2.66,5,5.8,31.16,25,Month-to-month,No,No,Male,0
29,44.92,1341.9,2.86,0,13.7,36.05,19,Month-to-month,Yes,No,Male,0
39,42.35,1704.9,4.35,3,15.8,11.93,55,6-month,Yes,Yes,Male,0
38,63.48,2360.32,0.23,5,8.5,41.68,50,Month-to-month,No,No,Male,1
12,43.72,501.69,3.45,3,2.6,9.94,18,6-month,No,No,Male,0
5,57.48,287.4,1.53,1,2.3,7.0,52,Month-to-month,No,No,Male,1
18,45.52,799.39,3.57,4,10.5,42.28,31,6-month,No,Yes,Male,0
33,39.7,1268.88,1.7,4,4.8,16.8,70,Annual,No,Yes,Female,0
11,56.63,614.12,3.42,5,3.0,17.2,39,Month-to-month,Yes,No,Male,1
7,57.87,416.92,0.49,1,0.5,5.06,27,Month-to-month,Yes,No,Female,0
62,63.53,3769.33,0.3,1,1.8,5.87,19,Annual,Yes,Yes,Female,0
27,58.19,1702.09,2.35,3,7.8,7.35,24,Month-to-month,No,No,Female,1
42,58.17,2505.58,4.37,1,5.4,11.01,31,6-month,No,Yes,Female,0
38,55.64,2064.8,3.2,2,17.0,11.34,38,Month-to-month,Yes,No,Male,0
53,38.24,2098.55,3.19,5,2.1,1.71,59,Month-to-month,No,No,Male,0
54,31.79,1640.18,3.62,1,3.7,30.64,41,Month-to-month,No,Yes,Male,0
21,25.04,529.87,1.98,4,4.3,62.14,63,Annual,No,Yes,Female,0
61,51.25,3193.52,3.29,3,7.3,5.06,36,Month-to-month,No,No,Female,1
27,50.0,1393.78,1.75,0,4.3,15.64,42,6-month,Yes,No,Female,0
60,56.48,3364.22,2.09,3,3.3,34.84,66,6-month,No,Yes,Male,0
29,68.97,1891.96,2.25,4,8.6,40.13,55,Month-to-month,Yes,Yes,Male,0
8,60.34,482.38,1.79,5,7.0,10.5,69,Month-to-month,Yes,Yes,Female,1
55,74.28,4334.22,2.41,2,11.6,1.7,62,Month-to-month,Yes,No,Male,0
2,60.03,116.0,2.17,2,5.3,42.13,21,Month-to-month,No,Yes,Female,0
56,60.89,3288.97,1.58,4,14.8,37.34,22,6-month,Yes,No,Male,0
3,57.4,170.11,2.32,4,3.0,5.54,19,Month-to-month,No,No,Male,1
15,42.15,650.07,2.7,1,10.5,40.73,60,Month-to-month,No,Yes,Female,0
44,37.89,1575.45,1.07,4,12.4,11.02,56,6-month,No,No,Male,0
68,61.17,4031.24,3.04,2,0.6,40.36,62,6-month,No,Yes,Male,0
29,49.14,1352.2,1.86,2,10.6,44.67,59,Month-to-month,No,No,Female,1
8,51.58,440.73,2.76,1,5.9,35.87,55,6-month,Yes,No,Female,1
17,47.1,763.13,1.64,4,7.4,51.43,22,Month-to-month,Yes,No,Female,0
65,50.14,3277.68,3.87,2,16.7,5.61,39,6-month,No,No,Male,0
53,73.39,3759.14,3.74,2,6.4,27.55,69,Month-to-month,No,Yes,Male,1
7,66.04,471.06,1.14,1,2.8,17.99,45,Month-to-month,Yes,No,Female,1
28,48.14,1411.6,3.18,6,10.0,28.45,20,Month-to-month,No,Yes,Female,0
19,45.13,849.86,4.38,2,5.6,14.68,26,6-month,No,No,Female,0
12,42.86,533.66,1.27,5,6.5,10.04,38,6-month,No,No,Female,0
61,62.05,3893.24,1.37,2,6.0,22.54,57,Month-to-month,No,Yes,Male,1
45,38.33,1744.98,3.46,3,11.3,32.1,60,Annual,No,No,Male,0
13,39.81,540.09,0.8,2,8.6,9.11,56,Annual,No,No,Male,0
47,56.01,2927.21,1.49,2,6.6,5.18,52,Month-to-month,Yes,Yes,Female,0
30,48.01,1528.83,1.18,3,8.2,35.59,51,6-month,No,Yes,Male,0
4,64.63,237.92,3.47,1,2.9,5.46,47,Month-to-month,No,No,Female,0
32,46.28,1378.69,1.6,2,10.7,5.42,62,Annual,No,Yes,Female,0
13,51.27,663.34,2.13,4,8.7,8.97,55,Month-to-month,Yes,No,Female,0
17,74.86,1143.38,1.53,3,18.2,34.01,22,Month-to-month,Yes,Yes,Male,1
64,55.07,3497.26,3.99,2,4.0,38.08,67,Month-to-month,No,No,Female,0
51,62.2,2930.68,1.38,1,4.1,15.76,45,Month-to-month,Yes,No,Female,1
9,50.25,455.73,0.67,1,7.7,47.39,27,6-month,Yes,No,Female,0
62,61.9,3910.52,0.62,0,6.4,59.88,34,Month-to-month,No,No,Female,1
41,40.44,1644.98,3.4,4,2.8,13.22,61,Month-to-month,No,Yes,Female,0
63,50.38,3117.56,3.5,3,2.4,27.18,49,Month-to-month,No,No,Female,0
54,51.83,2698.73,4.12,2,14.3,7.4,64,Annual,No,No,Female,0
24,49.74,1198.93,0.86,2,3.7,1.31,18,6-month,No,No,Female,0
39,67.5,2471.87,2.2,4,5.3,15.7,46,Month-to-month,No,Yes,Male,1
38,48.88,1772.58,5.66,1,2.2,19.4,33,Month-to-month,No,No,Female,0
52,62.18,3300.12,2.11,1,26.2,25.46,57,Month-to-month,Yes,No,Male,0
18,43.93,776.52,1.77,2,3.9,15.5,22,Annual,Yes,No,Female,0
24,37.74,884.15,2.47,2,5.9,2.4,22,6-month,No,No,Female,1
17,65.81,1171.59,3.19,1,1.5,10.93,41,6-month,No,No,Male,0
21,42.96,899.71,3.17,4,7.4,40.81,65,Annual,No,Yes,Female,0
11,56.16,602.82,1.7,2,21.6,2.88,66,Month-to-month,No,No,Female,1
2,31.02,64.1,1.74,2,2.4,15.1,37,6-month,No,No,Female,0
68,73.4,4764.56,2.11,1,7.6,9.77,20,Month-to-month,No,Yes,Male,1
5,48.63,204.25,1.55,4,4.6,11.97,28,Month-to-month,No,No,Male,1
64,45.41,3103.74,0.89,4,6.6,36.51,66,Month-to-month,No,No,Female,0
0,44.82,42.15,4.85,2,4.9,71.05,50,Month-to-month,Yes,Yes,Female,0
56,52.38,3176.05,1.97,2,2.1,8.25,55,Annual,No,Yes,Female,0
23,66.29,1481.41,2.04,2,8.1,3.68,27,Month-to-month,No,No,Female,1
37,33.58,1124.88,2.09,6,11.9,5.86,64,Annual,No,No,Female,0
20,45.9,874.81,2.4,2,4.8,5.47,52,6-month,Yes,No,Male,1
35,51.96,1851.7,3.07,4,14.2,16.2,60,6-month,Yes,No,Male,0
32,31.51,1086.44,1.9,2,14.3,36.01,37,Annual,Yes,No,Female,0
38,54.33,2156.28,3.98,6,11.9,11.06,40,Month-to-month,Yes,Yes,Male,0
28,56.8,1670.44,3.28,3,2.7,6.83,18,Month-to-month,No,Yes,Female,0
39,49.77,1817.76,2.25,4,9.9,36.81,41,Month-to-month,No,No,Male,0
60,65.14,4067.62,1.63,5,9.2,3.5,58,Month-to-month,No,No,Male,0
31,39.27,1202.61,3.91,3,3.2,16.63,18,Annual,No,Yes,Male,0
26,60.86,1720.74,2.29,2,4.4,25.45,64,Month-to-month,Yes,No,Male,0
9,56.59,520.83,0.88,2,6.7,4.78,44,Month-to-month,No,Yes,Male,1
26,60.24,1596.3,3.83,4,4.3,16.73,58,Month-to-month,No,Yes,Male,0
9,59.59,499.0,1.56,4,5.9,36.57,44,Month-to-month,No,No,Male,0
13,59.69,800.39,3.63,1,18.7,10.55,54,6-month,No,No,Female,0
69,58.73,3927.43,0.0,3,3.4,26.05,58,Month-to-month,No,No,Female,1
6,48.8,302.65,2.02,5,3.3,2.18,49,6-month,No,No,Female,1
35,51.44,1783.04,4.01,1,13.6,7.19,48,6-month,No,No,Male,0
60,42.12,2463.43,2.51,2,6.9,4.65,31,6-month,No,Yes,Female,0
69,45.35,3208.58,3.28,3,7.6,12.95,33,Month-to-month,Yes,No,Male,1
10,37.31,375.98,1.33,2,5.4,6.62,58,6-month,Yes,No,Female,0
11,50.65,522.2,2.95,2,5.4,53.55,30,Month-to-month,Yes,No,Female,0
27,56.89,1652.28,2.5,4,6.1,21.64,50,Month-to-month,No,No,Female,1
40,40.67,1609.79,2.82,2,7.6,4.42,58,6-month,No,Yes,Female,0
70,50.17,3662.72,5.15,3,11.8,9.69,49,6-month,No,Yes,Female,0
15,43.7,651.6,4.2,1,2.9,9.94,44,Month-to-month,No,No,Female,1
12,27.04,310.21,3.53,1,3.6,37.05,34,Annual,No,Yes,Female,0
18,25.0,445.54,3.55,8,13.7,23.83,23,Month-to-month,Yes,Yes,Male,0
63,25.0,1618.54,1.32,5,7.2,15.82,26,6-month,No,No,Female,0
2,46.76,104.8,1.89,3,4.9,24.58,60,Annual,No,No,Female,0
27,72.97,2069.91,0.51,7,8.3,40.99,25,Month-to-month,No,Yes,Female,0
8,41.52,323.11,0.85,0,4.3,80.61,38,Annual,Yes,No,Male,0
11,55.6,565.18,1.35,1,13.2,61.53,66,6-month,No,No,Female,0
66,56.91,3761.3,2.46,6,3.8,18.13,32,6-month,No,No,Male,0
0,61.96,62.13,0.91,3,4.2,11.77,36,6-month,No,No,Male,0
23,57.89,1397.26,2.45,4,4.8,21.58,24,6-month,No,No,Female,0
66,52.75,3711.37,2.3,3,9.2,31.83,43,Month-to-month,Yes,No,Male,0
44,59.03,2678.92,1.03,2,14.2,8.41,28,6-month,No,No,Male,0
5,57.53,301.31,4.48,3,9.9,19.25,51,Month-to-month,No,No,Female,1
33,37.8,1234.93,0.78,2,11.8,22.23,20,Annual,No,No,Female,1
70,51.63,3769.84,3.95,2,1.6,54.7,39,Month-to-month,No,No,Male,0
29,55.36,1630.9,0.0,3,1.6,6.65,56,Month-to-month,Yes,No,Female,0
38,49.8,2081.81,2.32,3,2.1,2.28,42,Annual,Yes,No,Male,0
38,41.56,1597.28,0.94,7,6.3,2.05,50,Month-to-month,Yes,No,Female,1
48,40.01,1902.55,1.65,7,4.6,37.24,34,Month-to-month,No,No,Female,0
13,55.71,752.06,4.85,4,2.2,46.7,69,6-month,No,Yes,Male,0
61,51.62,3388.96,2.05,7,0.3,10.98,58,Month-to-month,No,No,Female,0
72,36.29,2719.36,1.06,2,9.6,31.86,26,Month-to-month,Yes,No,Male,1
10,54.37,555.52,3.13,7,15.9,42.35,64,Month-to-month,Yes,Yes,Male,0
59,42.51,2502.37,2.04,6,12.1,22.88,34,Month-to-month,No,Yes,Female,0
59,71.6,4039.09,2.7,2,6.0,70.93,35,Month-to-month,No,Yes,Female,0
54,49.21,2814.65,1.31,2,7.7,14.27,51,Month-to-month,No,No,Female,0
27,61.82,1768.17,1.38,3,3.8,30.69,42,Month-to-month,Yes,No,Female,1
34,65.89,2004.3,1.48,1,6.5,58.69,47,Month-to-month,No,Yes,Male,0
61,45.45,2654.7,3.54,2,6.2,19.98,53,Month-to-month,No,No,Male,0
11,53.65,611.35,2.21,4,8.8,22.1,46,6-month,No,No,Female,0
60,44.32,2592.82,1.14,3,3.6,31.42,26,6-month,No,No,Male,1
67,56.16,3867.62,2.71,3,25.8,39.89,22,Month-to-month,No,No,Female,1
49,58.61,2729.61,2.6,5,2.4,16.1,48,Month-to-month,No,Yes,Male,0
24,50.39,1158.89,3.25,6,7.7,37.33,19,Annual,No,Yes,Male,0
40,47.82,1802.85,1.87,1,10.6,13.3,61,6-month,No,Yes,Male,0
3,50.14,149.57,2.4,6,2.5,48.41,56,Month-to-month,No,Yes,Female,1
68,58.49,3976.92,3.05,1,1.4,32.76,50,Month-to-month,Yes,No,Female,0
24,64.2,1447.52,1.19,3,10.8,5.65,55,Month-to-month,Yes,No,Male,0
4,36.02,136.65,3.65,1,26.1,5.36,39,Annual,No,No,Male,0
57,48.68,2715.04,2.52,0,1.0,39.37,19,Annual,No,Yes,Male,0
48,41.9,1976.41,1.07,5,26.0,1.38,62,Annual,No,No,Female,0
45,61.88,2676.86,1.06,1,11.1,13.43,62,Month-to-month,Yes,No,Female,0
3,69.96,216.14,2.37,1,6.4,34.68,51,Month-to-month,Yes,Yes,Male,1
54,54.66,2889.02,1.78,1,12.1,9.39,58,Month-to-month,No,No,Male,1
46,56.64,2625.33,3.48,6,14.6,19.96,22,Month-to-month,Yes,No,Male,0
57,64.32,3741.06,2.13,3,5.7,8.95,29,Month-to-month,No,Yes,Male,0
60,50.83,2912.69,2.89,5,30.0,5.14,29,6-month,No,No,Male,0
15,41.65,641.1,1.4,2,25.4,45.63,48,Month-to-month,Yes,Yes,Female,0
15,31.08,469.81,2.47,3,4.1,6.63,54,Annual,No,No,Female,0
67,52.94,3561.58,4.21,4,8.3,8.09,31,Month-to-month,No,Yes,Male,0
38,42.92,1562.15,2.31,1,2.5,12.57,41,Month-to-month,No,No,Male,0
31,42.07,1363.02,1.78,4,1.9,13.22,62,Annual,No,Yes,Male,0
20,61.58,1130.25,1.38,3,5.1,14.67,37,6-month,No,Yes,Female,1
46,38.7,1767.29,2.48,1,8.0,43.69,27,Month-to-month,No,No,Female,1
55,53.18,2799.93,4.33,7,3.2,21.02,69,6-month,No,Yes,Male,0
0,29.63,28.99,0.73,4,11.9,10.33,62,Month-to-month,Yes,Yes,Male,1
40,51.0,1895.19,2.44,2,8.6,14.47,68,Month-to-month,No,Yes,Female,0
72,73.41,5094.45,0.27,3,6.9,27.28,52,Month-to-month,No,No,Female,1
20,51.72,976.4,1.97,2,3.5,0.71,54,Month-to-month,No,Yes,Female,1
20,47.12,871.23,2.84,3,3.9,12.88,27,6-month,No,No,Female,1
64,62.63,4111.48,0.45,1,5.4,51.26,54,Month-to-month,No,Yes,Male,0
4,50.43,194.34,1.92,2,4.1,16.65,63,6-month,No,Yes,Male,0
29,50.13,1437.54,2.88,5,4.9,18.69,54,6-month,No,No,Female,0
33,55.64,1867.65,2.67,2,3.6,14.22,61,Month-to-month,No,Yes,Female,1
58,73.62,4326.72,2.94,3,9.2,44.18,19,Month-to-month,No,Yes,Male,0
9,42.64,380.62,1.23,4,2.2,56.01,51,Month-to-month,Yes,No,Male,1
31,53.22,1591.64,2.88,3,13.0,0.17,23,6-month,No,No,Male,0
11,51.33,553.03,1.72,2,4.3,66.86,44,6-month,No,Yes,Female,1
57,40.95,2354.12,3.43,0,9.5,3.71,23,6-month,No,Yes,Male,0
46,66.27,3206.05,0.0,3,6.7,35.25,51,Month-to-month,No,Yes,Female,1
36,55.27,1756.72,2.12,4,1.9,35.69,44,Month-to-month,No,No,Female,0
28,49.44,1410.36,2.63,3,12.5,4.86,53,Month-to-month,No,No,Female,1
11,49.82,514.99,4.25,5,20.0,13.25,52,Month-to-month,No,Yes,Female,0
67,58.72,3829.26,2.61,1,5.8,21.06,23,6-month,Yes,No,Male,0
47,50.26,2334.74,2.74,1,1.2,69.22,67,Month-to-month,No,Yes,Male,0
23,42.36,968.01,2.99,3,8.8,20.1,39,Month-to-month,No,No,Female,0
30,52.41,1521.32,4.13,6,7.0,22.97,19,Month-to-month,Yes,No,Male,0
53,51.41,2878.83,2.0,5,3.2,41.47,67,Month-to-month,No,Yes,Male,0
52,45.26,2418.03,0.68,1,7.1,8.93,63,6-month,No,Yes,Female,0
33,56.55,1821.8,0.43,3,16.2,7.76,58,Month-to-month,Yes,No,Female,1
22,43.01,1019.98,3.36,1,14.2,30.96,57,Annual,Yes,No,Male,0
48,42.02,1943.21,2.79,2,5.1,24.72,22,Annual,Yes,No,Female,0
48,47.09,2170.33,2.17,0,5.0,12.86,35,Annual,No,Yes,Female,0
43,51.76,2234.75,1.74,4,3.0,40.34,63,6-month,No,Yes,Male,0
5,53.92,261.48,2.74,5,5.2,57.18,22,6-month,No,No,Male,0
34,40.95,1418.33,2.77,3,7.8,39.71,21,6-month,No,Yes,Male,0
44,45.86,1985.4,3.12,3,7.6,12.06,23,Month-to-month,No,Yes,Male,0
69,44.41,3111.35,1.06,1,8.4,18.91,54,Month-to-month,No,Yes,Male,1
38,47.52,1722.58,0.21,4,8.3,9.2,60,6-month,Yes,No,Male,0
25,51.01,1388.85,1.31,2,3.6,51.71,35,Month-to-month,No,Yes,Male,1
40,57.4,2235.87,0.74,3,12.3,18.28,66,Month-to-month,Yes,No,Female,0
12,47.43,609.19,0.68,4,13.9,2.55,32,Annual,No,No,Female,0
6,54.9,306.73,4.54,4,7.0,30.1,35,Month-to-month,No,No,Male,1
49,62.06,3310.32,0.0,1,30.0,19.1,43,Month-to-month,No,No,Male,0
71,47.03,3313.66,3.11,7,9.1,16.47,39,6-month,No,Yes,Male,0
61,49.12,2957.0,3.68,4,2.3,2.79,22,Month-to-month,No,No,Male,0
42,44.12,1616.27,3.78,3,5.4,8.89,49,Annual,Yes,No,Female,0
2,46.5,86.71,2.86,8,5.1,20.53,69,Month-to-month,Yes,No,Female,1
72,27.82,1903.49,4.22,2,1.2,34.75,37,Annual,No,No,Male,0
32,60.19,1815.07,4.82,3,5.6,26.27,68,6-month,Yes,No,Male,0
21,50.22,1085.52,2.11,3,12.0,7.47,62,Month-to-month,No,Yes,Female,0
65,44.12,2798.85,3.08,6,13.5,10.71,27,Month-to-month,No,No,Male,0
54,45.76,2465.83,4.16,1,21.0,6.56,70,Month-to-month,No,No,Female,0
54,50.73,2760.58,1.38,4,9.5,14.07,68,Month-to-month,Yes,No,Male,0
20,30.69,514.49,2.18,3,11.3,33.71,54,Month-to-month,No,No,Male,0
72,42.67,3019.34,1.69,5,4.2,11.22,68,Annual,No,No,Male,0
33,49.92,1813.22,3.1,2,10.3,13.59,35,Month-to-month,No,Yes,Female,1
38,44.39,1773.03,0.03,1,8.9,17.05,24,Annual,No,Yes,Male,1
54,59.23,3266.23,4.37,1,5.2,3.64,25,Month-to-month,No,Yes,Male,0
48,30.62,1476.23,3.19,3,21.5,21.35,18,Annual,Yes,No,Female,0
12,50.41,646.51,3.27,3,2.3,19.44,63,Month-to-month,No,No,Male,0
22,52.65,1189.85,0.0,3,7.1,20.07,42,Month-to-month,No,Yes,Female,0
26,41.45,1066.7,1.15,2,16.2,6.55,44,6-month,Yes,No,Female,0
69,46.78,3278.4,4.44,4,3.2,65.36,35,Month-to-month,Yes,No,Male,0
52,41.6,2246.1,2.27,4,4.5,68.47,45,Annual,No,No,Female,0
26,43.71,1205.45,0.26,0,11.6,13.37,43,Month-to-month,No,No,Female,1
53,40.18,1975.32,2.79,2,11.6,1.48,41,Month-to-month,No,No,Female,0
53,58.07,3090.97,3.38,2,6.1,0.18,45,Month-to-month,No,Yes,Male,1
28,34.73,1017.52,3.19,4,8.4,5.57,31,6-month,No,No,Male,0
29,67.83,1905.44,2.3,4,7.1,6.04,57,Month-to-month,Yes,No,Female,0
65,65.41,4201.25,3.98,6,12.6,14.67,18,Month-to-month,Yes,No,Male,0
41,78.97,3496.75,1.59,4,12.9,8.85,51,Month-to-month,No,Yes,Female,1
10,54.26,547.8,3.2,4,17.3,10.93,24,Month-to-month,Yes,Yes,Male,0
52,52.39,2616.34,2.68,2,17.2,40.42,45,Month-to-month,Yes,No,Female,0
43,44.32,1765.94,2.33,2,8.6,10.0,51,Annual,No,No,Female,0
37,61.97,2275.19,2.01,3,2.7,52.11,44,Month-to-month,No,No,Female,0
52,46.38,2335.78,2.05,3,3.8,17.6,69,6-month,Yes,No,Male,0
66,61.51,4307.13,2.54,2,4.3,18.75,67,Month-to-month,Yes,No,Male,0
24,43.61,1005.84,2.12,7,6.3,35.22,68,Month-to-month,No,No,Male,1
30,58.52,1830.56,3.45,1,7.5,40.47,33,Month-to-month,Yes,No,Female,0
13,57.05,739.35,1.8,2,3.1,25.52,70,Month-to-month,No,Yes,Male,0
47,56.39,2584.37,4.54,1,1.0,17.49,28,Month-to-month,Yes,No,Female,0
29,48.17,1373.9,1.75,2,9.9,11.35,37,Month-to-month,No,No,Male,1
24,66.89,1702.92,3.7,1,6.7,37.33,34,Month-to-month,No,No,Male,0
50,52.69,2733.33,3.75,6,22.5,29.47,28,Annual,No,Yes,Female,1
29,43.9,1284.81,2.72,3,4.1,10.98,59,Month-to-month,No,No,Female,1
33,62.2,1986.41,2.6,2,20.0,10.1,57,Month-to-month,No,No,Male,0
32,26.22,868.47,1.55,6,3.3,41.86,33,Month-to-month,No,Yes,Male,1
18,61.69,1115.1,1.83,3,6.5,0.18,54,Month-to-month,No,No,Male,1
9,55.71,490.02,2.79,5,7.0,17.69,52,6-month,Yes,Yes,Male,0
60,49.75,2842.78,2.44,3,1.7,14.98,68,Month-to-month,No,No,Male,0
6,54.95,319.79,4.04,5,8.1,37.45,38,6-month,Yes,No,Female,0
23,52.84,1148.07,1.91,4,3.7,29.1,27,Month-to-month,Yes,Yes,Male,0
48,63.39,2912.82,1.99,2,14.7,4.91,39,Month-to-month,Yes,Yes,Male,0
9,45.84,467.64,0.34,1,11.4,9.71,20,Annual,No,No,Male,0
47,51.41,2191.23,3.34,6,9.1,19.8,57,Month-to-month,No,No,Male,0
53,51.12,2825.8,3.22,2,4.5,10.22,70,6-month,No,Yes,Female,0
48,70.81,3478.69,3.77,3,2.5,4.0,27,Month-to-month,No,No,Male,0
22,46.18,934.4,3.84,5,19.3,5.84,64,Annual,No,Yes,Male,0
1,43.23,44.97,3.53,2,18.3,58.4,50,Month-to-month,Yes,Yes,Female,1
64,50.29,3550.83,3.58,1,4.4,11.34,52,Month-to-month,No,Yes,Male,0
23,50.33,1156.23,3.29,4,12.8,23.76,48,6-month,No,No,Male,0
58,62.14,3769.41,3.49,4,3.2,1.06,26,Month-to-month,No,No,Female,0
14,45.82,636.43,0.11,4,3.8,33.68,60,Month-to-month,Yes,No,Female,1
11,40.39,453.33,1.07,0,6.7,24.77,30,Annual,No,Yes,Male,1
56,46.61,2364.31,0.86,5,9.3,36.05,66,6-month,Yes,No,Female,0
68,56.89,3868.26,4.15,3,2.3,3.55,62,6-month,Yes,No,Male,0
62,48.75,3023.81,1.48,4,1.1,67.94,25,6-month,No,No,Female,0
54,35.4,1869.15,1.69,4,3.6,44.77,41,Annual,No,Yes,Male,0
18,39.92,771.0,2.51,7,6.2,3.31,31,Annual,Yes,Yes,Male,1
66,55.55,3656.72,0.88,2,2.2,9.81,63,6-month,No,Yes,Male,0
48,53.97,2570.17,2.99,3,4.8,24.8,25,Month-to-month,No,Yes,Male,0
12,56.41,664.28,0.0,1,4.9,3.71,28,Month-to-month,No,No,Male,1
9,61.17,538.49,0.97,2,25.4,56.53,70,6-month,Yes,Yes,Female,0
63,37.53,2346.94,2.76,3,9.5,32.06,55,Annual,No,No,Male,0
20,65.94,1299.72,0.89,3,7.9,10.0,50,Month-to-month,No,No,Female,1
55,49.02,2755.07,4.19,5,5.4,28.99,22,Month-to-month,No,No,Male,0
10,52.41,538.54,2.56,3,17.3,10.55,67,Month-to-month,No,No,Male,0
20,55.13,1182.85,3.97,8,2.4,59.28,27,Month-to-month,Yes,No,Male,0
20,61.21,1196.89,2.97,1,10.7,19.67,69,Annual,Yes,No,Male,0
20,52.96,1006.13,2.48,4,18.0,23.64,47,Month-to-month,Yes,No,Male,1
49,47.45,2343.65,1.2,3,12.2,5.76,65,6-month,Yes,Yes,Male,1
66,64.58,4301.65,3.71,2,3.9,12.43,42,6-month,No,No,Female,0
66,39.87,2754.93,3.07,3,2.2,41.38,32,Annual,Yes,No,Male,0
54,62.09,3120.68,5.21,2,12.6,13.46,23,Month-to-month,No,No,Female,0
14,34.53,481.58,3.58,4,10.9,5.35,44,Annual,No,No,Female,0
70,34.5,2554.35,1.98,6,14.3,3.36,50,6-month,No,No,Female,0
39,44.69,1820.17,2.88,0,11.6,21.53,30,6-month,No,No,Male,1
39,53.35,2203.23,3.05,2,15.0,2.13,35,Month-to-month,No,Yes,Male,1
51,34.92,1749.23,4.01,4,5.4,22.3,40,Month-to-month,No,No,Female,0
56,47.77,2380.08,4.22,4,7.2,0.6,24,6-month,No,No,Female,0
69,58.72,4101.94,2.29,5,2.6,19.68,40,Month-to-month,Yes,Yes,Female,0
42,72.45,3113.91,0.92,4,2.1,17.05,36,Month-to-month,Yes,Yes,Female,1
44,48.11,2046.75,0.09,2,8.9,9.75,66,6-month,No,Yes,Male,0
54,43.38,2384.01,1.02,6,4.3,16.22,33,6-month,No,No,Female,0
18,42.91,776.83,1.73,4,18.4,27.03,54,Month-to-month,Yes,Yes,Male,1
22,53.73,1094.74,4.46,5,10.8,49.94,58,Month-to-month,No,No,Male,0
45,67.21,3180.41,4.48,0,7.6,13.98,57,Month-to-month,No,No,Male,0
4,54.91,203.03,3.75,4,1.7,20.01,41,Annual,No,No,Male,0
23,41.55,989.42,4.1,4,3.1,4.86,57,Annual,No,Yes,Female,0
52,62.33,3095.98,1.58,2,3.8,19.63,42,Month-to-month,No,No,Male,0
71,57.75,4136.57,0.53,3,5.1,14.54,46,Month-to-month,No,Yes,Male,0
37,51.71,1922.42,1.19,2,13.2,24.47,46,Month-to-month,No,No,Male,0
29,45.14,1315.11,0.0,3,2.0,4.45,36,Month-to-month,No,Yes,Male,1
32,52.96,1786.67,1.05,1,25.1,71.31,35,Annual,No,No,Male,0
50,61.32,3195.49,1.84,2,11.9,11.06,62,Month-to-month,No,Yes,Male,1
39,58.41,2189.39,2.72,2,2.7,21.32,23,Month-to-month,No,No,Male,1
1,50.87,51.0,2.68,3,17.5,17.19,36,Month-to-month,No,No,Male,1
39,55.38,2224.68,1.6,3,10.7,22.19,42,Month-to-month,Yes,No,Female,0
29,35.84,1067.55,3.24,2,4.2,38.46,45,Annual,Yes,No,Male,0
51,43.29,2267.21,1.63,2,12.0,24.15,26,6-month,Yes,No,Male,0
63,49.17,3107.04,2.51,4,2.9,54.02,26,6-month,No,Yes,Male,0
70,47.18,3444.73,1.06,1,7.2,40.8,52,Month-to-month,Yes,Yes,Male,0
44,48.44,2214.47,3.92,4,10.0,2.97,49,Annual,Yes,No,Female,0
26,55.84,1477.61,2.53,1,3.0,55.68,27,Month-to-month,Yes,No,Male,0
32,46.04,1457.7,3.38,2,7.9,12.6,42,Annual,No,No,Male,0
12,27.07,351.65,0.92,5,9.3,16.38,54,Annual,Yes,Yes,Male,0
68,49.91,3341.77,2.73,7,5.0,2.34,64,Month-to-month,No,No,Male,0
61,29.46,1717.64,3.24,3,3.9,36.59,19,Annual,No,Yes,Female,0
62,74.83,4568.88,0.0,4,7.4,13.87,34,Month-to-month,Yes,No,Male,1
23,48.4,1122.68,4.02,3,5.7,14.71,57,6-month,Yes,Yes,Male,0
23,77.74,1760.57,0.88,4,19.4,18.12,34,Month-to-month,No,Yes,Female,1
62,52.67,3129.4,2.77,2,10.2,32.63,25,Month-to-month,No,Yes,Female,0
39,58.48,2268.09,4.82,4,5.8,50.75,24,Month-to-month,No,Yes,Female,0
51,40.85,2200.32,3.74,3,6.8,2.1,50,Month-to-month,No,Yes,Female,0
35,64.97,2119.21,0.56,2,4.1,11.88,43,Month-to-month,Yes,Yes,Female,1
32,55.41,1785.96,2.27,3,14.7,5.99,31,Month-to-month,Yes,Yes,Female,1
46,51.62,2240.9,4.1,2,10.8,38.04,58,6-month,No,No,Female,0
59,35.63,1986.06,1.44,3,20.3,30.12,27,Month-to-month,Yes,Yes,Female,0
24,55.74,1226.58,2.03,1,7.9,24.13,52,Month-to-month,Yes,Yes,Male,1
59,34.93,2061.02,2.0,3,6.0,15.15,65,Annual,No,Yes,Female,0
17,42.64,661.15,3.24,4,8.1,32.96,22,Annual,No,No,Female,0
29,66.74,1948.08,0.5,3,19.8,19.72,42,Month-to-month,Yes,No,Female,1
66,66.33,4345.96,3.31,3,5.0,26.74,33,Month-to-month,No,Yes,Male,0
69,56.76,4003.77,1.69,2,4.5,46.8,59,6-month,No,No,Male,0
67,40.87,2445.63,2.49,5,5.4,26.85,35,6-month,No,No,Male,0
23,55.45,1166.63,2.21,4,4.0,14.58,58,Month-to-month,No,No,Female,1
61,52.43,3132.44,3.28,3,8.5,7.79,49,6-month,No,No,Male,0
68,55.99,3802.04,2.47,4,5.0,7.72,60,Month-to-month,No,No,Male,1
71,55.69,4147.36,4.37,5,16.8,10.63,59,Month-to-month,No,Yes,Female,0
1,41.37,41.01,3.79,3,2.7,23.55,55,6-month,Yes,No,Female,0
54,52.89,2737.76,1.47,4,11.0,50.25,70,6-month,No,Yes,Male,0
72,47.44,3608.35,4.27,0,15.4,6.69,61,Annual,No,Yes,Male,0
55,71.26,3794.53,2.92,3,2.6,45.13,31,Month-to-month,No,No,Female,0
17,70.86,1114.0,2.72,4,9.8,9.51,23,Month-to-month,No,Yes,Female,1
55,63.52,3550.79,3.6,1,13.5,50.83,28,Month-to-month,Yes,No,Female,0
7,52.62,368.54,1.15,4,1.6,9.59,40,Month-to-month,No,No,Male,0
35,44.92,1638.88,0.71,0,3.5,8.67,40,Month-to-month,No,No,Female,1
45,48.42,2064.08,2.53,1,14.7,2.62,57,Month-to-month,No,No,Male,0
33,74.43,2461.62,1.71,2,14.7,11.88,53,Month-to-month,Yes,No,Female,0
51,58.35,2874.46,5.2,3,6.6,10.43,25,6-month,No,Yes,Male,0
17,31.44,541.08,1.51,1,8.1,27.04,56,Month-to-month,No,Yes,Male,0
44,65.3,2771.77,2.55,2,10.6,7.11,50,Month-to-month,Yes,No,Female,1
47,53.35,2509.04,2.75,1,13.1,20.16,61,6-month,No,No,Male,0
46,71.59,3482.72,4.1,2,7.6,10.38,41,Month-to-month,No,Yes,Male,0
21,31.16,656.41,1.21,2,13.1,34.8,34,Annual,Yes,No,Male,0
22,67.02,1450.04,0.4,3,1.0,31.08,32,Month-to-month,No,No,Male,1
18,55.53,1070.11,4.31,2,5.9,28.59,62,Month-to-month,No,No,Male,0
33,44.38,1454.51,2.6,4,10.5,0.42,31,Annual,Yes,No,Male,0
42,40.57,1723.79,3.55,5,8.9,6.9,53,6-month,Yes,Yes,Female,0
26,64.17,1738.87,3.61,4,17.8,37.2,42,6-month,No,Yes,Male,1
29,58.2,1672.52,3.84,1,3.5,9.01,19,6-month,No,No,Male,0
20,53.19,1057.22,2.01,2,3.2,34.35,44,Month-to-month,No,No,Female,0
15,62.38,929.51,1.66,0,19.3,3.1,69,6-month,No,No,Male,1
47,45.84,2188.11,0.0,3,1.8,25.89,35,Annual,No,Yes,Male,0
59,41.99,2776.61,1.21,3,11.8,23.28,31,Annual,No,No,Male,0
21,73.74,1638.57,2.58,3,11.0,23.93,44,Month-to-month,Yes,No,Male,0
62,54.97,3581.17,1.59,5,4.8,54.93,22,Month-to-month,Yes,No,Female,0
41,34.82,1363.74,1.02,6,18.9,5.9,38,6-month,No,Yes,Male,0
12,45.19,530.76,2.57,5,6.9,35.01,41,Month-to-month,No,No,Female,1
26,61.43,1643.25,4.25,6,7.4,20.25,39,Month-to-month,Yes,No,Male,0
0,72.6,65.82,2.43,2,3.5,65.09,46,Month-to-month,No,No,Male,1
2,39.71,76.26,1.03,1,3.9,11.08,43,Month-to-month,Yes,No,Female,1
24,59.64,1517.19,4.15,2,3.1,40.94,42,Month-to-month,No,Yes,Female,0
33,60.39,2097.83,1.49,4,9.9,59.98,35,Month-to-month,No,No,Male,1
58,60.28,3545.37,4.42,5,9.7,6.34,58,Month-to-month,No,Yes,Male,0
9,71.43,665.62,2.16,6,1.0,10.2,35,Month-to-month,No,No,Male,0
61,54.37,3681.07,2.63,0,14.2,35.1,24,Annual,No,No,Male,0
17,52.67,884.09,4.53,2,6.3,27.46,53,Month-to-month,Yes,No,Male,0
10,61.73,683.59,0.74,0,1.8,14.23,61,Month-to-month,No,No,Male,1
51,55.84,2915.58,1.13,1,18.1,21.34,18,Month-to-month,Yes,Yes,Male,1
56,48.68,2700.16,2.08,4,5.4,13.7,43,Month-to-month,No,Yes,Male,0
44,31.3,1475.93,2.32,1,5.3,14.09,23,Annual,Yes,No,Male,0
8,55.42,426.22,5.93,7,6.6,9.04,22,Annual,No,Yes,Male,0
8,57.17,458.66,1.35,5,13.3,29.82,58,Month-to-month,No,No,Male,1
28,46.19,1279.26,0.8,4,4.7,9.99,69,Month-to-month,No,No,Female,1
32,50.36,1739.15,1.28,1,15.9,2.6,19,Month-to-month,No,Yes,Female,0
72,50.44,3563.13,2.8,3,3.1,17.87,65,Month-to-month,No,No,Male,0
20,46.58,920.08,3.14,3,5.1,23.57,31,Month-to-month,No,Yes,Male,1
14,58.14,811.41,1.58,4,0.7,5.01,34,Month-to-month,No,No,Male,1
69,59.18,3698.97,2.53,0,5.5,20.63,42,Month-to-month,No,Yes,Male,0
11,52.22,610.4,5.03,1,2.2,4.85,44,6-month,No,No,Female,0
1,46.42,46.35,2.55,1,2.5,7.46,26,Month-to-month,No,No,Male,1
30,49.23,1446.44,2.92,2,2.3,8.38,30,Month-to-month,No,No,Male,0
29,70.55,2130.49,4.96,3,6.8,28.44,42,Month-to-month,No,No,Female,1
45,53.36,2374.1,1.59,4,6.7,5.69,44,Month-to-month,Yes,No,Female,0
64,55.3,3602.99,1.51,3,11.6,39.58,40,Month-to-month,No,Yes,Female,0
68,53.25,3460.46,1.89,1,5.2,43.81,31,Month-to-month,No,No,Male,0
21,66.33,1347.42,1.81,8,10.1,7.49,30,Month-to-month,No,No,Male,0
71,66.72,4800.78,0.13,5,7.4,27.4,37,Month-to-month,Yes,Yes,Male,0
46,42.96,1918.09,2.68,2,4.3,23.61,37,Annual,Yes,Yes,Female,0
5,36.57,168.29,2.78,5,13.7,22.13,32,Annual,No,Yes,Female,0
68,46.28,3371.74,2.26,6,3.8,45.84,29,Month-to-month,No,No,Male,0
10,74.25,689.8,2.82,5,1.5,12.81,41,Month-to-month,No,No,Male,0
42,40.91,1791.65,2.84,4,0.8,20.74,63,6-month,Yes,No,Male,0
57,41.95,2368.02,0.79,6,4.6,25.75,21,6-month,No,Yes,Male,0
18,69.24,1315.87,2.88,4,5.9,1.19,24,Month-to-month,No,Yes,Male,0
19,49.64,945.5,3.23,5,6.0,32.84,46,Month-to-month,No,No,Male,1
34,69.11,2337.11,0.42,2,0.7,62.73,60,Month-to-month,Yes,Yes,Male,1
64,57.52,3768.41,4.4,3,8.8,1.58,29,6-month,No,No,Female,0
16,45.79,734.1,0.89,3,5.2,21.68,34,Month-to-month,No,No,Male,1
48,60.82,2952.02,1.02,1,11.1,14.84,26,Month-to-month,Yes,No,Female,1
33,62.82,2063.65,2.76,2,6.8,23.72,62,Month-to-month,No,Yes,Male,0
8,81.15,677.92,3.2,1,9.8,32.82,36,Month-to-month,Yes,Yes,Male,1
51,47.58,2346.89,3.51,4,1.9,9.16,35,Month-to-month,No,Yes,Male,0
60,40.18,2581.15,3.23,4,11.1,24.06,56,6-month,No,No,Female,0
42,55.17,2360.75,1.82,2,8.3,45.89,24,Month-to-month,No,No,Female,1
12,42.59,539.27,2.64,1,3.9,36.73,36,Month-to-month,No,No,Male,0
11,53.8,571.79,2.09,1,17.8,30.35,37,Month-to-month,No,No,Male,1
30,38.76,1279.25,2.73,3,26.4,13.09,57,Annual,Yes,No,Male,0
36,44.41,1648.46,2.59,1,3.9,11.61,27,Month-to-month,No,Yes,Male,0
40,58.12,2551.46,1.84,6,11.7,22.12,69,Month-to-month,Yes,No,Female,0
17,64.58,1079.64,2.05,3,6.4,22.48,39,Month-to-month,No,Yes,Male,1
36,50.76,1732.47,0.09,3,9.6,37.11,68,Annual,Yes,No,Female,0
21,48.02,1002.26,3.58,5,7.8,21.74,26,6-month,No,Yes,Female,0
50,33.78,1758.22,2.89,1,11.5,32.99,29,Annual,No,Yes,Female,0
58,46.91,2894.24,0.0,5,1.0,2.48,21,6-month,No,No,Female,0
47,57.17,2612.31,3.53,2,9.3,29.6,67,Month-to-month,Yes,No,Male,0
0,66.1,69.76,2.43,4,8.1,30.46,51,Month-to-month,Yes,No,Female,1
72,57.72,4236.08,1.28,6,7.0,43.74,63,Month-to-month,Yes,Yes,Male,0
1,44.28,46.44,1.17,6,14.9,1.51,21,6-month,No,No,Female,1
72,41.72,2838.52,1.61,2,2.6,53.38,19,6-month,No,No,Male,0
2,56.66,109.08,1.29,2,11.1,15.99,45,Month-to-month,Yes,No,Male,1
37,49.99,1730.63,1.46,3,3.6,12.23,69,Annual,No,No,Male,0
7,67.98,475.66,4.71,2,4.5,34.6,36,Month-to-month,No,Yes,Male,0
6,72.75,458.32,2.98,0,3.9,14.17,68,Month-to-month,No,Yes,Female,1
49,56.31,2936.94,5.15,6,6.9,25.84,63,Month-to-month,No,No,Female,0
53,52.22,2676.16,2.79,3,11.2,26.19,57,Annual,Yes,Yes,Female,0
8,54.89,448.94,3.25,6,6.5,93.98,67,Annual,No,Yes,Female,1
71,59.3,4302.2,1.36,6,12.5,84.95,49,Month-to-month,No,No,Male,0
23,36.3,762.62,2.28,4,5.0,41.33,50,Annual,No,Yes,Male,0
23,50.51,1179.63,2.39,1,1.7,8.52,70,Annual,No,Yes,Male,0
21,28.65,546.47,3.31,3,7.8,27.35,37,Annual,Yes,No,Male,0
33,43.98,1443.94,2.44,3,5.6,5.96,28,Annual,Yes,No,Female,0
12,46.36,538.26,2.96,2,17.5,17.82,46,Month-to-month,No,No,Female,0
31,51.18,1633.71,2.91,3,2.9,13.77,59,6-month,Yes,No,Female,0
15,49.9,775.26,2.11,3,8.7,65.98,27,6-month,Yes,No,Female,0
3,47.92,153.67,1.97,2,6.5,15.57,65,6-month,No,Yes,Male,1
26,76.03,1984.05,1.63,1,1.8,38.57,65,Month-to-month,No,No,Female,1
49,55.52,2765.34,3.91,4,1.2,20.28,44,6-month,Yes,No,Female,0
55,39.65,2088.68,2.11,5,1.3,39.01,66,Annual,No,Yes,Female,0
25,51.08,1238.32,2.93,6,11.2,1.13,33,Month-to-month,No,No,Male,0
23,39.32,880.74,2.3,3,6.4,16.98,61,Annual,No,No,Male,0
57,70.42,3988.11,3.88,6,9.7,38.14,41,Month-to-month,No,Yes,Male,0
49,58.07,3134.46,0.0,1,10.0,38.44,62,Month-to-month,No,No,Male,1
60,25.0,1510.25,2.89,3,19.4,31.77,69,Month-to-month,No,Yes,Male,0
66,62.99,4438.75,0.87,1,13.0,12.04,23,6-month,Yes,No,Male,0
59,56.9,3457.44,3.01,3,6.3,32.18,57,6-month,Yes,No,Female,0
68,58.43,4134.58,2.31,3,9.2,28.65,36,Month-to-month,Yes,No,Male,0
30,41.71,1263.23,0.58,3,2.4,21.58,46,6-month,Yes,No,Male,0
28,59.65,1660.69,2.94,4,2.0,36.06,56,Month-to-month,No,Yes,Male,0
23,62.47,1449.2,2.79,1,5.7,7.24,23,Month-to-month,No,No,Female,1
17,42.68,697.1,2.2,2,3.7,16.91,57,Annual,Yes,Yes,Male,0
54,49.1,2573.71,2.36,2,6.7,3.29,54,6-month,No,No,Female,0
52,45.04,2341.34,2.71,2,4.5,4.17,45,6-month,Yes,No,Male,0
58,36.29,2116.17,4.03,5,12.4,8.12,32,6-month,Yes,Yes,Female,0
12,54.89,592.4,2.09,4,9.1,59.49,33,Annual,Yes,No,Male,0
35,47.72,1585.31,3.82,3,3.9,37.72,70,Month-to-month,Yes,No,Male,0
16,67.21,1107.92,2.45,1,10.1,9.77,64,Month-to-month,No,No,Female,1
65,50.43,3400.13,4.18,1,2.4,14.48,45,Month-to-month,Yes,No,Male,0
19,57.93,1010.96,2.19,2,6.2,12.61,60,6-month,No,No,Female,1
10,42.87,432.5,1.63,4,12.6,28.7,50,6-month,No,No,Male,1
41,62.23,2988.64,1.07,2,1.0,7.71,48,6-month,Yes,No,Male,0
64,39.26,2655.95,2.46,4,15.3,66.85,70,Month-to-month,No,Yes,Male,0
66,49.61,3082.69,1.47,7,4.7,69.77,20,Month-to-month,No,Yes,Female,0
7,48.36,341.32,4.33,2,12.7,24.61,57,6-month,No,No,Female,0
23,43.32,1006.66,1.37,3,4.7,12.91,27,Annual,Yes,Yes,Female,0
11,66.58,725.05,1.6,1,1.5,48.15,43,Month-to-month,No,Yes,Female,0
22,73.39,1695.3,3.26,1,4.1,36.23,46,Month-to-month,No,No,Female,1
38,70.12,2817.35,4.04,0,14.4,6.5,47,Month-to-month,Yes,Yes,Male,0
20,64.15,1248.52,3.45,1,7.3,18.32,58,Month-to-month,No,No,Female,1
4,53.51,220.85,3.88,4,12.9,17.57,65,Month-to-month,No,No,Female,0
37,48.77,1740.15,2.4,4,4.8,0.84,28,Month-to-month,Yes,Yes,Female,1
3,44.59,133.0,2.41,3,3.3,33.98,67,6-month,No,No,Female,0
16,60.86,1051.97,5.12,2,12.4,13.57,38,Month-to-month,Yes,No,Male,0
0,63.22,60.3,4.7,4,6.3,23.74,43,Month-to-month,No,No,Female,0
6,61.23,382.63,3.43,4,8.2,45.19,42,Month-to-month,Yes,No,Male,0
31,47.44,1375.96,3.94,4,8.7,20.81,36,Annual,No,No,Female,0
62,62.87,3781.23,3.62,3,0.9,35.48,39,Month-to-month,Yes,Yes,Male,1
56,67.61,3660.1,0.93,3,10.4,16.97,59,Month-to-month,No,Yes,Male,0
7,63.8,427.2,2.45,2,2.5,3.1,19,Month-to-month,Yes,Yes,Female,1
2,60.4,112.3,4.45,5,1.2,55.09,26,6-month,No,No,Female,0
24,33.45,751.05,3.44,4,4.3,57.71,44,Annual,Yes,No,Male,0
47,46.42,1983.01,2.42,2,5.6,5.96,39,Month-to-month,No,Yes,Male,0
54,48.19,2494.58,4.46,4,16.5,71.42,54,Month-to-month,Yes,No,Female,1
60,57.57,3294.67,2.98,2,10.8,14.84,19,Month-to-month,No,No,Male,0
24,50.53,1209.78,3.48,3,1.2,18.84,34,6-month,Yes,No,Female,0
12,46.73,598.27,2.99,3,8.2,32.82,62,Annual,No,No,Male,0
1,49.96,51.18,3.2,1,6.2,26.43,31,Month-to-month,No,Yes,Male,0
10,57.43,583.35,3.3,1,2.8,1.7,20,Month-to-month,No,No,Female,0
4,43.3,167.05,4.19,0,10.0,49.24,30,6-month,Yes,No,Female,0
62,41.29,2618.44,4.36,2,16.4,16.67,46,6-month,No,No,Male,0
19,51.93,1015.88,1.91,1,6.7,11.64,48,Month-to-month,No,No,Male,1
60,47.77,2775.39,2.96,2,4.8,31.2,70,Month-to-month,No,Yes,Male,0
40,55.53,2338.21,4.15,4,7.0,23.66,69,Month-to-month,No,No,Male,0
39,66.83,2559.98,2.33,2,8.2,55.71,35,6-month,Yes,No,Male,0
33,46.76,1517.2,0.8,4,22.6,52.41,24,6-month,No,No,Female,1
59,52.84,3172.24,1.32,3,3.6,11.46,60,6-month,No,No,Female,0
3,39.5,110.76,1.41,2,3.7,15.29,65,Annual,No,No,Female,1
6,47.38,276.4,1.9,1,12.2,6.1,25,Month-to-month,No,Yes,Female,1
30,38.42,1143.33,1.53,4,4.4,52.59,64,Month-to-month,No,Yes,Female,1
28,39.63,1073.75,3.84,3,0.8,41.92,24,Month-to-month,Yes,Yes,Male,0
39,25.0,998.03,2.14,3,16.5,11.64,51,Annual,No,No,Female,0
53,43.31,2201.33,4.14,5,15.9,38.13,29,6-month,No,No,Female,0
42,51.52,2097.58,1.03,9,2.1,8.24,57,Month-to-month,No,No,Female,1
18,71.65,1346.71,2.04,4,6.7,25.18,60,Month-to-month,Yes,Yes,Male,0
23,32.22,739.52,2.64,1,1.2,27.4,61,6-month,No,No,Female,0
54,59.97,3350.22,3.55,3,11.4,23.85,51,6-month,No,Yes,Male,0
14,65.29,938.54,3.99,4,11.1,3.9,45,6-month,Yes,No,Male,0
36,59.08,2311.31,1.8,4,6.4,34.89,62,Month-to-month,Yes,No,Male,1
39,34.97,1330.22,3.79,2,13.4,9.53,67,Annual,Yes,Yes,Male,0
54,56.65,2861.3,0.31,3,1.4,4.58,33,6-month,Yes,No,Male,0
52,37.4,1783.58,3.63,0,7.6,33.99,27,6-month,Yes,No,Male,0
33,55.43,1771.65,0.76,1,0.8,57.21,27,6-month,No,Yes,Male,1
22,41.91,969.74,3.08,4,2.8,4.37,53,Annual,No,Yes,Male,0
26,46.11,1236.1,3.97,5,1.2,0.76,47,Annual,Yes,No,Male,0
30,46.49,1380.32,3.65,2,18.2,11.48,43,6-month,No,No,Male,0
16,56.03,992.31,0.37,4,13.0,25.64,19,Month-to-month,No,No,Male,1
45,40.94,1721.54,1.92,2,0.9,8.34,30,Month-to-month,No,No,Female,0
15,30.89,485.78,3.43,3,8.0,26.41,43,Annual,Yes,No,Male,0
47,43.9,2004.8,3.39,4,0.9,10.75,35,6-month,Yes,No,Female,0
54,65.74,3859.33,2.86,1,10.4,5.47,68,Month-to-month,Yes,No,Female,0
70,49.92,3422.61,0.0,3,12.1,1.15,44,Month-to-month,Yes,Yes,Female,1
8,44.42,374.37,4.06,3,10.5,47.47,52,Annual,No,Yes,Female,0
55,46.5,2531.13,4.29,1,8.0,28.4,65,Annual,Yes,No,Female,0
6,32.33,218.42,2.71,1,5.5,34.18,44,Annual,Yes,No,Male,0
24,42.97,1042.77,2.8,3,7.6,0.27,22,Month-to-month,No,No,Male,1
12,56.6,679.24,3.15,1,2.9,14.35,28,6-month,No,Yes,Female,1
11,47.62,532.56,4.4,2,8.0,53.44,32,Annual,No,No,Male,0
12,64.32,798.54,2.83,6,4.9,98.22,42,Month-to-month,No,No,Male,0
3,53.72,174.09,2.25,2,1.2,40.23,18,Month-to-month,No,No,Male,1
60,39.73,2559.26,3.0,3,2.5,19.18,47,Annual,No,No,Female,0
4,45.85,165.19,2.49,1,12.0,9.15,58,Month-to-month,No,No,Male,0
29,28.28,809.02,2.5,3,1.3,27.3,44,6-month,Yes,Yes,Female,0
51,52.92,2614.15,0.2,1,7.1,2.14,59,6-month,No,Yes,Female,1
72,45.25,3381.92,3.18,3,4.6,6.4,46,6-month,No,Yes,Female,0
62,41.52,2499.45,4.02,1,2.4,15.89,63,Month-to-month,No,No,Male,0
10,52.73,580.04,3.83,4,13.6,39.84,69,6-month,No,Yes,Female,1
72,55.56,3830.94,3.74,0,15.3,20.84,54,Month-to-month,No,Yes,Female,0
47,60.97,2653.48,2.43,3,1.5,32.18,28,Annual,No,No,Female,0
13,65.92,864.76,2.69,2,7.3,26.2,58,Month-to-month,Yes,No,Female,1
32,44.54,1479.15,4.05,4,5.2,11.94,39,6-month,No,Yes,Female,1
67,33.6,2139.32,3.63,5,7.0,3.08,64,6-month,No,Yes,Female,0
28,63.21,1882.03,4.43,5,30.0,8.93,25,Month-to-month,No,Yes,Male,0
13,40.17,505.75,1.63,2,4.7,23.39,48,Month-to-month,No,No,Male,1
63,36.5,2259.22,1.62,4,3.2,9.03,39,6-month,No,No,Female,0
69,55.54,3854.4,2.07,3,5.9,22.57,49,Month-to-month,No,No,Male,1
71,61.3,4227.38,1.27,3,8.4,66.67,23,Month-to-month,No,Yes,Female,1
69,69.21,5243.29,0.78,3,4.5,2.55,67,Month-to-month,No,Yes,Female,0
63,38.05,2240.68,3.11,1,29.9,32.88,36,Annual,No,No,Female,0
33,40.42,1234.51,3.02,1,3.0,2.33,32,6-month,No,No,Female,0
14,46.27,624.09,2.82,3,10.6,27.59,38,Month-to-month,No,No,Female,0
45,31.64,1341.53,2.96,1,17.3,32.52,35,Annual,No,No,Male,0
16,52.03,766.05,0.6,1,0.4,9.78,56,Month-to-month,No,No,Male,1
34,52.26,1799.39,1.88,3,9.0,45.27,39,Month-to-month,No,No,Female,1
47,54.06,2390.75,2.12,1,3.2,27.9,66,Month-to-month,No,No,Female,0
69,60.52,4146.69,2.56,2,2.5,75.33,32,Month-to-month,No,No,Female,1
21,49.36,1010.78,0.6,3,5.6,11.26,44,Month-to-month,Yes,No,Female,0
18,55.1,1059.57,1.29,2,16.5,12.09,60,6-month,Yes,No,Female,0
53,59.32,2945.07,1.93,5,12.4,3.41,59,Month-to-month,No,No,Female,0
0,54.39,55.57,3.88,3,1.2,93.01,58,6-month,No,Yes,Female,0
41,48.96,2000.8,2.84,0,12.4,47.48,39,Month-to-month,No,Yes,Female,1
54,43.49,2268.04,3.83,5,3.1,5.29,69,Month-to-month,Yes,Yes,Male,1
40,67.03,2667.1,2.34,7,14.7,32.08,32,Month-to-month,No,No,Male,0
28,52.07,1487.09,2.5,5,0.7,62.19,62,6-month,No,No,Female,0
60,62.79,3480.25,3.15,2,9.5,12.12,25,6-month,No,No,Female,0
27,54.51,1484.13,2.27,2,2.8,10.34,46,Month-to-month,No,Yes,Male,0
51,49.05,2503.92,1.69,3,12.3,2.36,38,Month-to-month,No,Yes,Female,0
33,50.97,1750.2,0.56,6,19.6,42.91,56,Month-to-month,No,Yes,Female,1
1,38.25,39.07,1.72,3,5.6,9.17,58,Annual,Yes,Yes,Female,0
38,50.78,2088.18,3.59,1,3.9,3.82,19,Month-to-month,Yes,No,Male,0
3,44.73,141.63,4.14,1,5.0,30.27,49,6-month,No,No,Female,0
67,44.9,2974.54,1.49,4,6.0,2.71,67,Month-to-month,No,No,Male,1
43,43.46,1999.7,0.25,5,9.3,24.75,29,Month-to-month,No,No,Female,1
27,51.21,1396.61,3.7,4,1.3,4.5,59,6-month,Yes,No,Female,0
35,58.07,2140.92,2.59,5,2.2,33.42,57,Month-to-month,No,No,Female,0
45,40.72,1826.22,0.75,1,6.9,5.44,19,Month-to-month,No,No,Male,1
18,58.87,1079.95,0.0,5,6.2,9.88,22,Annual,No,Yes,Male,0
21,62.64,1199.4,1.25,8,2.0,19.73,37,Month-to-month,No,Yes,Male,0
30,64.75,1962.74,1.9,1,14.2,11.29,26,Month-to-month,No,Yes,Female,1
18,58.0,1075.15,1.0,2,3.5,95.75,33,Month-to-month,No,No,Male,1
55,61.37,3477.41,3.4,2,22.4,6.78,27,Month-to-month,Yes,No,Female,0
7,46.4,296.99,1.44,2,9.0,4.02,62,6-month,Yes,No,Female,1
60,51.98,3060.45,2.52,2,11.6,13.74,54,Month-to-month,No,Yes,Male,0
25,35.68,856.49,5.59,4,7.6,31.14,27,Annual,No,No,Male,0
40,42.17,1682.98,2.65,2,4.0,8.52,33,6-month,No,Yes,Male,0
11,38.81,380.97,2.35,1,7.4,12.79,54,Annual,No,Yes,Female,0
28,50.52,1362.67,2.38,5,5.4,24.53,64,Annual,No,No,Female,0
55,40.78,2251.38,3.37,1,1.6,22.74,70,Annual,No,No,Male,0
19,45.49,844.14,3.21,1,1.7,47.63,22,6-month,No,No,Female,0
9,51.76,505.1,1.2,2,4.7,3.75,51,Month-to-month,No,Yes,Male,1
38,67.24,2507.65,1.97,4,9.5,21.6,67,Month-to-month,No,Yes,Male,0
11,56.31,617.09,1.63,4,4.7,0.96,65,6-month,No,Yes,Male,0
22,35.33,710.76,2.13,3,4.8,15.34,18,Month-to-month,No,No,Female,0
32,58.72,1784.48,4.87,3,9.7,41.28,20,6-month,No,Yes,Female,0
41,58.12,2482.7,3.3,4,4.6,126.62,66,Month-to-month,Yes,Yes,Female,0
46,52.11,2324.9,2.4,3,28.3,26.28,30,Annual,Yes,No,Male,0
49,52.95,2579.03,4.12,4,3.5,44.07,24,Month-to-month,Yes,No,Male,0
61,36.29,2152.9,2.75,3,12.2,11.35,25,Annual,No,Yes,Male,1
4,39.86,164.87,0.37,4,6.9,11.45,19,Month-to-month,No,Yes,Female,1
26,46.59,1138.38,4.66,2,30.0,18.06,40,Month-to-month,No,No,Male,1
0,44.51,43.18,2.3,0,4.4,17.68,32,Annual,Yes,Yes,Female,0
0,43.45,44.37,0.0,3,10.8,23.61,21,Annual,No,Yes,Male,0
15,55.03,811.66,0.42,4,6.1,4.33,35,6-month,No,Yes,Female,0
43,41.27,1602.02,3.97,2,0.6,56.95,33,Annual,No,Yes,Female,0
65,51.97,3362.56,0.44,3,6.6,20.13,56,Month-to-month,Yes,Yes,Male,0
56,42.12,2157.68,4.25,3,4.3,33.51,28,Annual,No,Yes,Male,0
47,45.04,2109.26,2.61,0,7.9,45.16,65,Month-to-month,Yes,Yes,Female,0
56,36.78,2145.21,3.43,1,3.3,5.8,23,Month-to-month,No,Yes,Female,0
12,56.45,656.49,2.17,2,0.4,52.85,38,Month-to-month,No,No,Male,0
61,52.0,3329.56,3.18,5,18.6,27.32,69,Month-to-month,No,No,Male,1
64,46.17,3050.62,2.91,6,3.7,29.41,31,6-month,No,Yes,Male,0
6,69.26,432.31,2.45,6,11.8,16.99,62,6-month,No,Yes,Male,1
34,52.05,1618.75,1.11,2,5.8,66.49,32,Month-to-month,Yes,No,Male,0
60,44.18,2610.58,2.97,0,7.8,52.95,21,Annual,No,Yes,Female,0
34,33.43,1171.26,0.14,2,7.3,9.73,64,Month-to-month,No,No,Female,0
61,61.83,3662.86,3.71,1,4.6,15.49,60,Month-to-month,No,Yes,Female,0
68,49.19,3041.71,2.76,2,6.6,24.62,20,6-month,No,No,Female,0
34,55.63,1983.29,3.1,4,11.3,16.97,44,Month-to-month,No,Yes,Male,1
4,46.92,195.89,0.0,2,6.9,48.54,41,Month-to-month,No,Yes,Female,1
24,45.06,1152.54,1.04,2,13.0,53.14,55,6-month,No,Yes,Male,1
15,66.52,901.17,1.84,2,4.3,12.57,29,Month-to-month,Yes,Yes,Female,0
34,60.32,2025.46,3.38,2,6.1,10.19,34,Month-to-month,Yes,Yes,Male,0
42,53.06,2175.19,1.27,3,2.2,17.76,36,6-month,No,No,Male,0
33,58.3,1823.92,5.81,2,8.3,25.03,61,Month-to-month,No,Yes,Female,0
14,44.37,625.0,2.16,3,5.7,25.22,31,Annual,No,Yes,Female,0
21,47.44,1009.57,1.18,3,7.2,6.67,32,6-month,No,Yes,Female,0
49,51.82,2497.72,2.26,3,17.8,4.43,59,Month-to-month,Yes,No,Female,0
1,52.75,56.97,1.26,5,5.8,45.0,27,Month-to-month,No,Yes,Male,1
15,67.24,905.76,0.96,3,16.4,10.66,31,Month-to-month,Yes,No,Female,1
65,59.32,3931.11,3.81,3,3.0,15.69,39,6-month,No,No,Female,0
7,57.65,376.27,3.17,2,3.4,39.18,65,Month-to-month,Yes,Yes,Male,0
30,48.09,1447.9,3.17,4,3.2,21.64,36,Annual,No,No,Female,0
15,66.58,1018.72,4.16,4,2.0,15.86,55,Month-to-month,Yes,Yes,Female,0
7,46.39,345.58,3.13,4,6.9,5.97,33,6-month,No,Yes,Female,0
30,63.28,1867.46,1.11,2,9.4,10.89,33,Month-to-month,No,Yes,Male,1
38,37.95,1451.3,3.42,2,23.4,8.67,69,Month-to-month,Yes,No,Female,0
12,38.86,412.94,1.04,5,5.6,14.13,21,Month-to-month,Yes,Yes,Male,1
5,39.63,209.21,1.88,2,17.3,7.81,25,6-month,No,No,Female,1
9,42.75,395.53,2.44,2,2.3,4.68,27,Annual,No,No,Female,1
47,61.74,2920.67,2.31,2,3.5,17.05,26,Month-to-month,No,No,Female,1
62,63.97,3992.69,0.17,1,5.4,28.22,45,Month-to-month,No,No,Male,0
13,48.23,605.49,1.24,1,2.5,2.03,26,Month-to-month,No,Yes,Female,0
23,49.36,1107.72,2.47,2,7.5,6.48,61,Month-to-month,Yes,No,Female,0
25,45.69,1099.07,1.71,7,1.8,31.66,53,Annual,Yes,Yes,Male,0
26,57.56,1428.35,3.96,3,6.4,23.18,38,Annual,No,Yes,Female,0
17,47.25,809.7,4.19,2,6.1,25.33,40,Annual,No,No,Male,0
4,62.94,269.35,1.04,5,8.4,30.9,39,Month-to-month,Yes,Yes,Female,1
38,58.31,2162.13,2.58,3,16.3,36.65,44,Month-to-month,No,Yes,Female,1
26,40.27,1053.11,4.56,5,3.6,14.62,66,6-month,Yes,No,Male,0
24,52.44,1246.36,2.33,4,20.7,17.78,32,Month-to-month,No,No,Male,0
19,40.45,760.62,1.97,5,13.1,5.14,40,6-month,No,Yes,Male,0
67,53.71,3544.37,3.62,4,8.3,16.3,36,Month-to-month,No,No,Female,0
44,45.21,2144.77,2.14,0,1.9,29.64,27,Month-to-month,No,No,Male,0
30,37.0,1104.03,4.15,3,7.4,13.92,50,Annual,Yes,Yes,Female,0
14,43.83,641.05,1.73,3,2.2,13.66,27,Month-to-month,No,No,Male,0
58,40.61,2348.83,1.88,2,10.0,5.85,56,Annual,No,No,Female,0
64,60.44,4200.43,3.53,2,4.4,11.94,63,Month-to-month,Yes,No,Male,0
2,69.3,147.53,2.63,5,15.1,16.24,51,Month-to-month,Yes,No,Female,1
67,38.71,2697.19,2.64,2,15.5,34.22,43,Month-to-month,Yes,No,Female,0
51,74.02,3910.18,0.02,4,10.6,8.62,55,Month-to-month,No,No,Female,1
7,39.28,283.61,2.04,2,2.6,10.3,59,Month-to-month,Yes,No,Female,1
54,43.02,2266.76,3.62,2,5.0,32.33,44,Month-to-month,No,No,Male,0
7,62.84,445.3,1.48,3,15.5,0.82,48,6-month,Yes,Yes,Female,1
3,46.11,154.53,3.41,7,29.7,37.47,34,Annual,No,Yes,Male,1
8,57.26,468.01,2.85,2,4.1,12.45,29,Month-to-month,No,Yes,Male,0
33,52.56,1682.52,2.24,2,7.4,11.11,21,Month-to-month,No,No,Female,0
45,47.07,1963.27,4.27,3,4.2,36.38,31,Month-to-month,No,Yes,Male,0
29,52.81,1494.56,2.06,3,2.7,21.43,35,6-month,No,No,Male,0
8,27.78,209.4,2.15,3,3.3,17.46,25,6-month,No,No,Female,0
14,62.99,898.03,2.23,0,6.3,11.85,64,Month-to-month,No,Yes,Male,1
62,68.52,3957.8,2.6,3,1.3,7.11,23,Month-to-month,No,No,Male,0
70,58.97,3817.47,3.5,1,13.5,37.39,35,Month-to-month,Yes,No,Female,0
55,28.58,1587.06,0.59,4,5.3,24.53,50,Month-to-month,No,Yes,Male,0
7,42.55,275.15,3.63,1,7.8,4.24,26,Month-to-month,No,No,Female,1
59,41.87,2494.68,2.59,5,7.6,41.93,59,Annual,Yes,Yes,Male,0
50,51.3,2769.3,3.22,1,5.4,39.4,53,Month-to-month,Yes,Yes,Male,0
38,49.41,1915.03,5.61,2,4.0,27.61,54,Month-to-month,No,Yes,Female,0
10,43.97,455.13,1.83,2,3.7,26.49,58,Month-to-month,Yes,Yes,Male,0
72,51.21,3796.67,0.91,0,13.0,17.59,65,6-month,No,Yes,Male,0
32,59.56,1722.51,2.75,3,1.9,17.75,45,Month-to-month,No,No,Male,1
3,60.01,160.14,2.96,2,10.6,31.9,66,Month-to-month,No,No,Male,1
15,48.66,745.89,3.63,0,11.0,22.5,67,Month-to-month,Yes,Yes,Female,0
29,59.14,1773.13,1.8,3,3.6,25.93,68,6-month,Yes,Yes,Male,0
4,41.62,170.32,1.42,5,4.6,35.97,64,Month-to-month,No,Yes,Male,1
23,34.35,801.74,0.51,5,8.2,16.06,58,Annual,Yes,No,Male,0
34,29.72,975.67,0.72,1,7.7,66.62,69,Month-to-month,No,Yes,Male,1
69,39.32,2766.36,1.96,1,12.9,3.42,43,Month-to-month,Yes,No,Female,0
6,49.9,312.6,2.35,1,11.2,23.17,28,Annual,No,Yes,Male,0
42,45.32,1857.04,5.18,5,3.3,12.86,36,Annual,No,No,Female,0
66,36.99,2342.15,0.3,1,15.1,42.91,31,Month-to-month,No,No,Male,0
58,44.54,2406.79,2.94,3,4.4,4.84,22,Annual,Yes,No,Female,0
67,57.17,3577.59,1.56,2,1.8,17.66,45,Month-to-month,Yes,No,Female,0
12,72.69,853.38,2.79,2,1.3,17.82,67,Month-to-month,No,No,Female,0
58,37.43,2189.72,1.78,5,10.3,12.03,65,Annual,Yes,No,Female,0
71,52.45,3984.03,3.85,5,25.0,30.53,33,6-month,No,No,Female,0
23,51.62,1151.69,3.84,2,3.1,13.42,39,Month-to-month,No,No,Male,1
36,46.89,1585.67,2.35,3,1.2,6.61,26,6-month,No,Yes,Male,0
38,55.82,2148.7,4.37,2,9.6,11.34,41,Month-to-month,No,No,Female,0
36,48.42,1695.83,3.49,5,2.5,20.35,22,Month-to-month,No,No,Female,0
21,39.4,878.26,4.31,3,12.0,11.12,23,Annual,Yes,No,Female,0
70,38.94,2823.88,2.44,0,5.4,34.21,30,Month-to-month,No,No,Male,0
69,53.53,3798.71,3.74,1,3.3,10.25,56,6-month,No,No,Male,0
27,51.23,1286.48,1.5,4,5.6,21.64,63,6-month,No,Yes,Female,0
58,54.59,3069.33,1.37,4,17.5,46.12,63,6-month,No,No,Female,0
29,38.57,1174.9,5.33,3,1.1,23.29,68,Month-to-month,No,No,Male,0
58,41.29,2366.58,1.09,6,12.3,33.3,24,Annual,No,No,Male,0
42,53.38,1992.87,1.93,7,13.2,44.54,31,6-month,No,Yes,Male,1
34,48.9,1800.95,0.03,4,4.5,15.16,46,6-month,No,Yes,Female,0
9,57.78,511.81,1.4,4,10.0,9.82,62,Month-to-month,Yes,Yes,Female,0
47,46.2,2204.91,1.21,1,8.1,7.93,22,Month-to-month,No,No,Female,1
23,54.71,1284.27,1.63,1,13.1,16.34,49,Month-to-month,Yes,No,Male,1
15,41.28,615.15,2.89,1,5.6,6.42,25,Month-to-month,No,No,Female,1
14,56.0,830.4,3.2,0,1.7,14.8,33,Month-to-month,No,No,Male,0
71,48.64,3424.34,1.19,6,15.7,20.58,55,6-month,Yes,No,Female,0
7,37.9,261.0,1.47,4,3.5,36.04,33,Annual,No,Yes,Female,0
58,45.96,2992.43,3.91,3,4.4,9.44,57,Month-to-month,No,No,Female,0
63,51.58,2984.81,4.72,3,5.2,1.23,39,Month-to-month,No,Yes,Male,0
2,59.4,119.75,4.13,2,14.4,25.64,68,6-month,Yes,Yes,Male,0
43,52.89,2317.41,0.36,1,22.4,13.99,25,Month-to-month,No,Yes,Male,1
42,33.47,1448.64,4.05,2,4.8,5.03,29,Annual,No,Yes,Female,0
26,74.03,2112.46,4.91,3,4.9,14.93,52,Month-to-month,No,No,Female,0
48,45.49,2198.62,0.3,3,7.9,8.32,69,Month-to-month,No,No,Female,1
29,65.8,1802.8,3.91,2,2.7,40.16,19,Month-to-month,Yes,No,Female,1
32,53.53,1734.05,2.79,3,9.7,24.85,49,Annual,No,Yes,Male,0
31,61.55,1903.07,2.07,2,9.7,23.75,65,Month-to-month,No,Yes,Male,1
58,46.84,2876.2,2.64,4,8.1,33.3,62,6-month,Yes,Yes,Female,0
46,49.9,2376.1,3.08,1,1.9,45.32,58,Month-to-month,No,No,Male,0
27,42.83,1144.53,4.0,3,21.9,7.05,44,Month-to-month,Yes,No,Female,1
67,44.27,2897.02,3.94,0,10.3,19.4,36,Annual,Yes,No,Male,0
58,48.85,2890.69,0.54,0,19.9,9.18,51,Month-to-month,Yes,Yes,Male,0
68,60.26,4154.46,1.66,2,2.2,14.7,44,Month-to-month,Yes,Yes,Male,0
53,44.22,2157.28,2.62,5,3.0,17.36,34,Month-to-month,No,No,Male,1
28,42.11,1096.1,4.54,4,3.7,33.69,39,Annual,No,Yes,Male,0
56,40.24,2306.57,0.0,5,22.6,24.05,25,Month-to-month,Yes,No,Male,0
24,52.66,1201.94,1.71,5,7.6,36.24,68,Month-to-month,No,No,Male,1
19,28.44,502.86,0.51,2,6.4,32.13,26,Annual,No,No,Female,0
32,41.07,1335.1,0.72,3,0.5,29.64,44,6-month,No,No,Female,0
70,43.34,2850.39,3.78,1,4.9,2.88,40,Annual,Yes,No,Female,0
41,37.8,1528.35,1.81,3,5.7,1.68,68,6-month,No,No,Male,0
28,50.98,1480.27,0.0,3,8.3,20.01,44,6-month,No,Yes,Male,0
33,45.66,1419.22,2.29,2,22.9,24.3,59,Month-to-month,Yes,No,Male,0
21,41.86,901.89,5.15,3,17.2,28.66,47,Month-to-month,No,Yes,Male,0
48,60.88,3038.61,0.15,2,5.4,19.48,59,6-month,Yes,Yes,Male,1
25,54.2,1285.37,3.19,4,2.9,43.0,38,6-month,Yes,Yes,Male,0
40,45.51,1957.36,4.54,2,5.3,18.98,55,Annual,Yes,Yes,Female,0
26,54.79,1368.36,2.44,3,7.1,4.8,65,6-month,No,Yes,Male,0
23,64.15,1497.74,5.01,2,10.0,9.53,53,Month-to-month,No,Yes,Male,0
70,47.39,3140.8,1.64,3,0.3,24.28,40,Month-to-month,No,No,Female,0
25,51.8,1241.44,4.38,2,5.4,3.74,39,6-month,No,Yes,Male,0
5,46.43,248.81,4.07,5,5.7,15.64,44,Month-to-month,Yes,No,Female,0
27,51.48,1508.38,2.46,0,5.3,20.63,23,6-month,Yes,No,Male,0
38,60.77,2416.45,0.57,3,22.7,8.39,27,6-month,No,Yes,Male,0
6,59.5,348.1,1.2,5,6.0,26.55,44,Month-to-month,No,No,Male,1
22,56.34,1174.31,0.0,5,6.6,1.9,31,6-month,No,No,Female,1
12,41.28,449.9,3.27,2,21.0,18.79,59,6-month,Yes,Yes,Male,0
36,48.81,1772.98,3.12,2,17.0,18.69,36,Annual,Yes,No,Male,0
52,46.95,2223.76,2.6,2,15.4,6.71,24,Month-to-month,Yes,No,Female,1
70,40.4,2774.42,2.34,6,8.0,9.37,41,6-month,Yes,Yes,Female,0
28,50.7,1453.13,4.26,2,4.6,40.34,43,Month-to-month,No,No,Female,0
63,56.41,3382.33,2.89,2,2.8,45.95,32,Month-to-month,Yes,Yes,Female,0
15,41.14,613.6,1.78,3,13.1,27.57,31,Month-to-month,Yes,Yes,Female,1
56,61.89,3379.86,2.69,7,19.8,12.51,48,Annual,No,No,Male,0
41,43.93,1842.29,5.16,1,10.0,9.07,41,Annual,Yes,Yes,Female,0
55,57.26,3143.98,3.31,1,2.4,5.12,56,Month-to-month,Yes,No,Female,0
55,48.49,2572.08,1.99,5,7.6,21.76,28,6-month,No,No,Female,0
38,59.63,2107.52,2.44,2,15.1,12.92,61,Month-to-month,No,No,Female,1
18,45.25,892.66,3.1,2,3.1,8.17,53,6-month,No,Yes,Male,0
38,45.7,1678.2,1.95,0,3.3,44.92,25,Month-to-month,Yes,Yes,Male,0
60,40.09,2294.28,1.84,5,9.5,22.25,52,6-month,No,No,Female,0
70,44.7,3310.99,2.49,5,10.1,2.99,41,Month-to-month,No,No,Female,0
67,56.9,3780.38,4.47,3,9.2,17.28,40,6-month,Yes,No,Male,0
13,53.85,732.6,3.53,1,16.4,4.8,48,Month-to-month,No,Yes,Male,1
43,45.69,1962.58,1.97,4,6.6,28.44,31,6-month,Yes,Yes,Male,0
7,49.65,351.55,3.63,3,4.3,39.29,67,6-month,No,Yes,Male,0
48,54.24,2664.05,2.51,2,12.4,24.54,32,Month-to-month,Yes,Yes,Male,1
72,38.42,2757.66,2.95,3,26.0,14.89,66,Month-to-month,Yes,Yes,Male,0
3,32.98,93.87,2.83,0,4.6,2.96,28,Annual,Yes,Yes,Male,0
47,51.5,2363.84,0.0,3,11.3,11.69,29,6-month,Yes,No,Male,1
69,55.84,3432.9,0.0,3,17.8,15.97,69,Month-to-month,No,No,Male,1
61,38.18,2404.49,2.79,2,8.5,21.71,49,Month-to-month,No,Yes,Male,0
28,58.52,1576.07,1.39,4,2.5,13.05,30,Month-to-month,Yes,No,Male,1
7,36.66,240.52,0.37,1,8.7,45.04,42,6-month,No,No,Female,0
67,35.21,2432.23,1.43,5,9.8,24.6,40,6-month,No,No,Male,0
67,43.55,2913.12,3.7,2,5.5,4.31,58,Month-to-month,No,Yes,Male,0
42,59.1,2621.21,2.97,2,5.4,44.3,44,6-month,No,No,Male,0
71,50.6,3208.97,3.5,1,1.9,24.86,21,6-month,No,No,Male,0
0,32.76,32.15,3.09,6,3.8,7.47,53,6-month,No,No,Male,0
45,56.2,2452.23,1.31,0,4.2,23.77,61,Month-to-month,No,No,Female,0
2,70.78,147.01,3.51,4,3.3,0.42,57,Month-to-month,No,No,Female,0
68,60.54,4152.75,3.26,1,6.3,62.76,29,Month-to-month,No,No,Female,0
49,46.54,2463.92,2.35,3,13.8,3.11,38,Month-to-month,No,No,Female,0
66,70.29,5032.44,2.58,2,4.0,48.24,20,Month-to-month,No,No,Female,0
41,41.45,1757.65,3.53,3,18.7,8.23,45,Month-to-month,Yes,No,Male,0
6,57.65,350.73,1.53,0,9.4,4.1,34,Month-to-month,No,Yes,Male,1
1,52.72,49.03,3.91,3,30.0,21.86,65,6-month,Yes,Yes,Female,1
24,46.19,1140.67,3.23,3,11.4,22.85,30,Month-to-month,No,Yes,Male,0
54,55.36,3306.21,2.5,2,1.6,8.94,24,6-month,No,Yes,Female,0
11,49.86,584.18,4.49,2,16.6,37.83,56,Month-to-month,No,No,Female,0
62,46.44,2800.06,0.82,3,0.9,50.64,41,6-month,No,Yes,Female,0
17,36.6,613.3,1.9,2,1.3,0.44,51,Month-to-month,Yes,No,Female,1
36,53.45,2096.04,1.61,1,13.8,14.71,28,6-month,No,No,Female,0
14,42.8,565.36,2.97,4,23.9,24.7,64,6-month,No,Yes,Female,0
34,66.5,2290.68,4.04,1,24.0,20.97,20,Month-to-month,Yes,Yes,Female,1
33,42.03,1341.13,1.22,5,8.7,9.87,38,6-month,No,Yes,Male,0
0,67.49,65.91,6.8,6,5.3,19.42,26,Month-to-month,Yes,Yes,Male,1
41,46.17,1931.12,1.64,4,6.5,9.71,55,6-month,Yes,Yes,Male,0
57,53.72,3152.15,2.97,3,6.6,21.05,31,Month-to-month,Yes,Yes,Female,0
68,62.88,4172.64,2.5,0,7.4,47.09,42,Month-to-month,No,Yes,Female,0
24,62.94,1576.33,2.56,5,3.6,20.59,47,Month-to-month,No,Yes,Female,1
64,43.63,2894.52,1.47,5,7.2,9.19,32,Annual,No,Yes,Female,0
64,32.08,2132.57,3.89,2,4.6,16.69,58,Month-to-month,No,No,Male,0
72,48.33,3517.32,1.39,3,3.3,24.95,31,6-month,No,No,Female,0
27,68.84,1997.91,0.2,2,19.2,16.08,67,Month-to-month,Yes,Yes,Female,1
62,42.44,2499.91,1.04,8,10.1,10.12,53,Month-to-month,No,Yes,Male,1
41,63.82,2639.71,4.38,2,10.0,13.16,68,Month-to-month,No,Yes,Male,0
4,50.73,199.31,4.13,2,7.6,26.11,21,Annual,No,No,Male,0
19,56.22,1086.88,0.0,6,3.6,48.71,64,6-month,No,Yes,Male,0
49,35.05,1813.12,3.56,1,7.0,6.71,69,Month-to-month,No,No,Female,0
11,48.47,498.52,0.0,2,23.4,37.32,45,6-month,No,No,Male,0
31,75.78,2349.87,2.46,4,10.1,40.31,64,Month-to-month,No,Yes,Female,1
56,46.37,2525.8,0.93,4,6.2,13.62,40,Month-to-month,Yes,Yes,Male,1
10,47.06,498.76,3.66,2,9.1,3.34,42,Month-to-month,Yes,No,Female,1
36,45.02,1748.56,3.22,4,5.3,72.3,41,Month-to-month,No,No,Female,0
15,67.15,949.34,3.77,1,5.0,17.25,51,Month-to-month,Yes,Yes,Male,1
39,55.23,2218.71,2.12,5,14.3,54.89,69,6-month,No,Yes,Male,0
17,48.74,966.79,2.25,4,7.6,30.86,29,Month-to-month,No,Yes,Male,1
70,42.22,2987.12,0.55,4,10.5,8.94,49,Annual,Yes,Yes,Male,0
5,45.08,225.1,1.16,5,7.3,62.57,44,6-month,No,No,Male,0
70,35.2,2515.35,3.73,5,12.1,3.6,57,Annual,No,Yes,Female,0
57,40.57,2418.9,2.98,0,5.0,8.98,41,6-month,No,Yes,Male,0
62,40.8,2706.93,2.64,2,5.7,15.5,21,Annual,No,Yes,Male,0
62,55.17,3689.39,4.14,3,21.9,16.22,60,Month-to-month,No,Yes,Female,0
13,39.51,488.27,0.81,4,1.3,29.02,69,Month-to-month,Yes,No,Female,0
67,37.17,2637.77,3.44,2,11.8,5.39,68,Month-to-month,No,No,Male,0
43,48.39,2075.55,0.97,5,8.2,19.76,45,Annual,No,Yes,Female,1
70,42.61,2956.9,4.42,5,5.9,17.34,36,Month-to-month,No,No,Male,0
64,47.77,3017.44,3.21,4,3.7,0.6,49,6-month,Yes,No,Male,0
42,61.96,2699.63,3.75,2,16.0,12.73,62,6-month,No,No,Male,0
27,45.81,1205.13,1.59,7,23.8,31.44,60,Month-to-month,No,No,Female,1
8,47.87,409.05,5.34,1,5.6,3.53,47,Annual,No,Yes,Male,0
7,71.93,499.76,5.1,2,11.0,1.66,22,Month-to-month,No,No,Male,0
28,52.33,1524.98,3.06,2,10.7,40.38,31,Month-to-month,No,Yes,Female,0
59,48.26,2927.92,4.03,3,11.3,16.72,18,6-month,Yes,Yes,Female,0
36,60.09,2054.84,2.11,6,2.4,102.51,44,Month-to-month,Yes,No,Female,0
35,52.63,1759.29,0.85,9,14.9,10.01,68,Month-to-month,Yes,Yes,Female,1
17,59.0,1036.52,3.53,4,1.7,2.86,50,Month-to-month,Yes,Yes,Male,0
41,57.81,2208.43,1.3,2,10.6,30.23,29,Month-to-month,No,No,Female,0
46,43.32,2007.12,4.2,2,17.2,33.26,20,6-month,No,Yes,Male,0
71,58.0,4021.56,3.86,4,4.7,14.95,23,Annual,No,No,Female,0
53,64.11,3327.82,2.81,2,8.0,10.92,35,Month-to-month,No,No,Male,1
44,44.18,1980.85,2.73,4,12.3,39.03,67,Month-to-month,Yes,No,Female,0
66,58.7,4130.03,3.79,2,5.8,4.73,20,Month-to-month,Yes,No,Female,0
31,53.3,1696.94,2.86,2,3.4,29.6,37,Annual,Yes,Yes,Female,0
68,52.3,3313.93,1.97,5,11.3,26.86,38,6-month,No,No,Female,0
27,41.25,1116.48,0.53,2,2.8,24.01,63,Month-to-month,Yes,Yes,Female,0
9,43.92,411.98,3.75,5,1.0,27.65,50,Month-to-month,No,No,Male,0
30,49.2,1451.86,2.98,4,7.7,19.81,67,Annual,No,Yes,Female,0
9,42.05,376.51,6.08,3,5.9,7.83,63,Annual,Yes,Yes,Female,0
8,60.03,467.08,2.38,2,11.4,7.68,28,Month-to-month,No,Yes,Male,0
64,31.58,2133.56,2.89,2,8.2,8.59,50,Annual,No,No,Male,0
58,58.74,3234.97,2.92,4,26.3,26.74,21,Month-to-month,No,No,Male,1
16,56.72,888.69,3.35,2,16.4,15.34,53,Month-to-month,No,No,Female,0
61,45.22,2613.05,1.24,3,8.9,34.93,20,6-month,No,Yes,Male,0
5,63.13,328.11,2.4,3,15.1,25.15,51,Month-to-month,Yes,Yes,Male,1
20,65.25,1237.73,3.58,3,18.1,0.54,32,Month-to-month,No,No,Female,1
51,36.66,1800.02,2.07,1,18.1,7.24,55,Annual,Yes,No,Male,0
22,50.02,1082.95,3.53,3,3.1,26.02,27,Annual,No,No,Male,0
53,70.91,3780.98,2.63,1,3.7,26.2,32,Month-to-month,Yes,No,Female,0
63,67.3,4157.52,3.02,3,20.3,11.5,65,6-month,No,No,Male,0
4,43.8,175.23,4.0,1,7.9,35.07,50,6-month,No,Yes,Male,0
1,61.12,55.25,2.2,6,8.3,13.79,67,6-month,Yes,Yes,Male,0
68,46.14,3243.96,0.61,2,10.3,21.41,58,Annual,Yes,No,Male,0
37,52.03,1955.81,2.15,4,6.6,21.75,41,6-month,Yes,No,Male,0
36,58.78,2123.18,1.43,0,21.6,4.73,37,Month-to-month,No,No,Male,0
33,54.61,1577.21,0.0,1,9.4,4.89,36,Month-to-month,Yes,No,Female,1
31,46.41,1440.96,2.36,3,14.0,14.36,43,Annual,No,No,Female,0
50,40.86,1972.79,2.76,2,5.5,24.39,39,Annual,Yes,Yes,Female,0
42,49.05,1993.61,3.83,3,6.2,20.9,24,Month-to-month,No,No,Male,0
11,62.29,684.4,1.02,3,3.6,8.85,62,Month-to-month,No,No,Male,1
45,55.88,2665.04,2.62,2,12.8,29.31,30,6-month,No,Yes,Female,0
48,68.09,3568.95,3.97,3,6.9,26.91,25,Month-to-month,No,No,Male,0
8,49.76,422.02,1.75,3,12.8,50.55,27,Month-to-month,No,Yes,Male,1
27,35.34,947.88,3.2,5,12.0,6.93,25,Annual,Yes,No,Female,0
57,42.72,2632.19,4.58,4,3.3,19.74,51,Annual,No,No,Female,0
45,34.51,1667.89,0.08,3,6.3,61.49,32,Annual,No,No,Female,0
9,48.56,438.63,2.85,3,3.0,10.36,18,6-month,No,No,Male,0
2,60.76,110.26,4.01,3,3.4,18.82,48,Month-to-month,No,No,Male,1
42,43.34,1742.77,2.04,3,2.7,17.22,41,Annual,No,No,Male,0
33,67.85,1995.43,4.3,4,3.9,16.81,55,Month-to-month,No,Yes,Female,0
70,54.9,3752.78,3.32,4,4.5,22.25,27,Month-to-month,No,Yes,Male,0
38,47.56,1813.83,4.8,5,30.0,31.5,70,Annual,No,No,Male,0
67,51.23,3139.01,3.26,2,5.8,125.08,24,6-month,No,No,Male,0
15,33.32,522.09,4.91,4,13.4,10.25,20,Annual,Yes,Yes,Male,0
32,65.85,2126.6,2.89,3,10.9,8.65,36,Month-to-month,No,Yes,Female,1
10,35.37,321.3,0.72,2,9.4,30.64,36,Annual,Yes,Yes,Male,0
41,41.18,1706.78,1.68,1,14.6,7.77,66,6-month,Yes,No,Male,0
13,40.69,481.81,3.82,2,8.9,12.17,34,6-month,No,No,Male,0
35,41.16,1590.64,3.8,5,3.6,13.53,50,Annual,No,No,Male,0
25,56.09,1312.39,2.1,1,10.1,47.84,20,Month-to-month,Yes,No,Female,0
13,43.82,542.79,4.85,4,12.0,52.5,49,6-month,No,Yes,Male,0
7,49.93,341.66,2.04,3,2.9,1.51,59,6-month,No,Yes,Female,1
37,55.27,2056.46,3.1,5,8.8,2.21,56,6-month,No,No,Female,0
69,46.04,3110.75,3.06,0,14.1,17.75,40,Annual,No,No,Male,0
14,59.3,764.6,0.77,2,7.4,40.28,46,6-month,Yes,No,Female,0
29,73.83,2149.27,2.36,4,24.3,18.85,50,Month-to-month,No,Yes,Female,1
16,55.97,869.1,5.59,3,4.7,51.86,40,Month-to-month,No,No,Female,0
59,42.24,2416.27,1.3,4,6.0,8.77,41,Annual,No,Yes,Female,0
30,47.19,1528.06,3.31,3,10.5,13.55,67,Annual,No,No,Male,0
71,38.0,2642.47,1.0,9,5.0,21.02,37,Annual,No,Yes,Male,0
17,73.25,1223.77,1.29,2,4.9,11.99,66,Month-to-month,No,No,Male,0
5,65.09,327.76,0.66,4,17.1,60.38,25,Month-to-month,Yes,No,Male,1
42,51.87,2231.53,3.72,3,6.0,12.3,43,6-month,No,No,Female,0
47,37.36,1778.99,1.37,4,14.2,23.09,65,6-month,No,Yes,Male,0
72,60.57,3843.32,4.15,5,3.2,10.5,29,Month-to-month,Yes,No,Male,0
63,48.17,2986.87,1.81,1,5.9,11.03,24,6-month,No,No,Male,0
64,60.4,3788.3,2.67,0,5.7,6.52,51,Month-to-month,No,Yes,Female,1
46,62.36,2694.79,3.03,6,6.1,36.74,48,Month-to-month,Yes,Yes,Female,0
26,47.58,1157.11,0.4,1,3.2,30.59,42,Month-to-month,Yes,No,Female,1
31,62.32,2037.95,2.76,3,5.4,32.73,69,Month-to-month,No,Yes,Male,0
9,69.59,629.99,2.95,0,7.3,11.43,38,Month-to-month,Yes,Yes,Female,0
31,34.04,1026.15,3.98,4,1.4,13.93,33,Annual,Yes,Yes,Male,0
26,60.41,1595.98,1.25,2,4.8,27.82,38,6-month,No,No,Male,0
2,47.49,100.71,1.44,4,10.4,6.57,43,Annual,No,Yes,Male,0
14,48.5,696.36,3.36,4,4.1,15.45,53,Month-to-month,Yes,No,Male,0
39,41.83,1741.44,4.34,4,8.6,27.93,57,Month-to-month,No,Yes,Female,1
26,66.48,1750.69,1.73,5,3.9,9.03,38,Month-to-month,Yes,No,Female,0
72,63.62,4736.15,0.89,2,6.9,69.8,31,6-month,Yes,No,Male,0
34,55.18,1854.26,2.09,3,1.0,25.71,50,Month-to-month,No,Yes,Female,0
69,31.41,2297.05,1.18,4,10.2,16.48,29,6-month,Yes,No,Male,0
48,51.64,2687.66,3.02,3,4.9,12.42,25,Annual,No,Yes,Female,0
2,47.46,95.81,1.1,4,13.1,29.52,23,Annual,Yes,No,Male,0
14,52.59,688.92,3.76,3,6.3,9.75,31,Month-to-month,Yes,No,Female,0
51,43.2,2216.8,2.78,3,5.2,30.32,19,Month-to-month,No,No,Male,0
39,51.53,2000.46,3.81,3,4.3,5.66,53,Month-to-month,No,Yes,Male,0
22,60.7,1380.38,0.0,3,4.8,16.44,32,Month-to-month,Yes,Yes,Male,1
38,66.22,2471.86,0.21,2,4.7,34.77,22,6-month,No,No,Male,1
65,56.09,3664.67,4.18,1,3.8,8.89,53,Month-to-month,No,Yes,Male,0
28,45.19,1303.2,1.56,2,4.1,8.92,65,6-month,No,Yes,Female,0
3,62.59,181.62,0.59,1,23.3,17.87,21,Month-to-month,Yes,No,Female,1
22,40.57,906.72,2.24,4,6.5,20.14,29,Annual,No,No,Female,0
68,41.88,2881.33,2.82,5,1.5,39.98,58,Annual,Yes,No,Female,0
55,45.13,2207.08,2.29,1,1.5,29.81,60,Month-to-month,No,No,Male,0
61,31.07,1881.99,3.11,9,23.7,14.55,40,Annual,Yes,No,Female,0
66,52.16,3188.9,2.93,4,6.3,15.07,43,Month-to-month,No,No,Male,0
8,46.45,397.32,2.86,2,2.7,31.9,47,6-month,No,Yes,Female,0
20,37.71,731.49,4.25,2,14.1,5.22,45,Annual,No,No,Male,0
4,41.29,161.37,2.48,2,4.2,7.29,34,Annual,No,No,Male,0
0,42.42,44.11,2.44,4,7.1,11.15,61,Annual,No,Yes,Male,1
60,54.96,2902.44,3.54,7,8.0,3.11,52,Month-to-month,No,No,Male,0
68,55.91,3577.72,3.22,3,2.9,38.21,43,Annual,No,No,Male,0
11,58.14,680.31,1.33,3,4.3,4.76,58,6-month,Yes,No,Female,0
52,38.51,1996.1,2.38,1,11.3,27.15,31,Month-to-month,Yes,No,Male,0
39,72.53,2619.2,3.07,2,17.3,11.35,22,Month-to-month,Yes,Yes,Female,0
5,52.56,252.56,1.74,1,12.1,14.58,33,6-month,No,No,Female,0
66,49.88,3069.41,1.8,3,8.9,55.37,65,6-month,No,No,Male,0
63,37.63,2290.37,0.69,2,5.2,12.89,56,Month-to-month,No,No,Female,0
41,59.16,2378.05,0.0,4,9.8,10.95,49,Annual,No,Yes,Male,0
51,45.84,2541.59,2.01,1,11.0,14.16,48,6-month,No,Yes,Male,0
28,90.0,2381.59,2.67,4,17.0,13.45,52,Month-to-month,No,Yes,Male,0
57,66.95,3548.99,1.08,4,6.9,18.79,66,Month-to-month,Yes,No,Male,0
32,52.05,1640.54,4.29,3,28.9,13.43,45,6-month,Yes,Yes,Male,1
72,48.34,3484.22,1.14,4,13.4,48.7,35,6-month,No,No,Female,0
4,30.74,120.82,3.69,2,6.4,16.52,22,6-month,Yes,Yes,Male,0
12,64.95,776.62,3.04,2,15.1,7.73,23,Month-to-month,No,No,Female,0
70,56.0,4235.4,5.33,1,5.4,4.02,41,6-month,No,Yes,Female,0
21,41.88,830.31,3.2,4,4.2,5.32,52,6-month,No,No,Female,0
22,26.99,587.57,0.62,2,1.5,32.2,27,Annual,No,No,Male,0
57,64.76,3950.63,3.87,5,23.0,26.91,26,Month-to-month,No,No,Female,1
13,46.47,656.12,4.71,4,5.2,21.75,45,6-month,No,No,Female,0
37,56.01,2107.39,0.2,6,10.9,32.15,25,Month-to-month,No,No,Female,1
20,54.85,997.74,3.33,1,13.5,32.43,65,Month-to-month,No,No,Female,0
14,51.36,747.32,3.62,2,5.4,27.21,63,6-month,No,Yes,Female,0
70,56.13,4095.25,2.22,4,5.8,3.47,42,6-month,No,Yes,Female,0
14,48.8,695.38,0.0,4,1.5,2.61,58,Month-to-month,No,No,Female,1
6,34.84,204.64,2.12,3,3.0,15.87,29,6-month,No,Yes,Female,0
49,49.96,2360.4,1.74,5,2.0,42.41,25,Month-to-month,No,No,Male,0
63,44.19,2913.79,4.49,3,26.8,15.47,44,Month-to-month,Yes,Yes,Female,0
9,60.78,558.6,2.38,5,6.1,16.8,58,Month-to-month,No,No,Male,1
51,61.61,3316.6,1.96,1,4.1,29.7,35,Month-to-month,No,No,Female,0
39,55.53,2137.76,1.74,5,5.0,0.49,29,6-month,Yes,Yes,Female,0
60,45.28,2782.16,2.92,2,7.1,16.81,67,Annual,No,No,Female,0
9,55.74,475.51,2.57,1,3.6,14.37,41,6-month,No,No,Female,0
71,45.19,3458.81,1.47,6,10.7,17.63,40,Month-to-month,Yes,Yes,Female,1
45,59.27,2907.03,2.84,0,13.5,62.18,32,Month-to-month,No,No,Male,0
61,56.06,3416.97,1.78,0,6.2,12.35,60,Month-to-month,Yes,No,Male,0
26,45.13,1068.45,0.0,7,4.4,30.36,29,6-month,Yes,Yes,Male,0
68,57.95,4182.44,3.37,2,5.3,13.02,43,Month-to-month,Yes,No,Male,0
45,50.69,2518.1,3.25,4,3.1,8.12,22,Month-to-month,Yes,No,Female,0
9,53.3,471.75,2.76,6,5.8,14.57,30,6-month,No,Yes,Male,0
67,46.55,3065.29,1.92,5,11.5,45.2,69,6-month,No,Yes,Female,0
58,54.08,3083.35,2.41,2,19.8,36.91,53,Month-to-month,Yes,No,Male,1
21,41.81,865.73,3.57,2,8.9,12.62,30,Month-to-month,No,Yes,Female,1
39,56.89,2342.07,1.68,1,11.3,5.19,19,6-month,No,No,Male,0
28,65.66,1885.39,3.62,2,6.3,34.92,35,Month-to-month,No,Yes,Male,0
39,44.56,1644.95,0.58,5,14.5,33.48,61,Month-to-month,No,No,Female,1
70,39.99,2760.94,2.72,5,3.8,16.9,52,Annual,No,Yes,Female,0
65,52.75,3480.48,2.53,4,2.4,5.1,65,Month-to-month,No,No,Male,0
15,43.43,630.87,3.8,5,6.1,36.88,56,Month-to-month,No,No,Male,1
70,36.33,2598.98,1.31,2,9.7,19.63,47,Month-to-month,Yes,No,Female,0
31,48.29,1506.24,1.45,2,2.2,19.04,69,Month-to-month,Yes,No,Male,0
51,51.44,2769.95,0.69,2,22.1,56.52,31,Month-to-month,Yes,Yes,Male,1
55,40.59,2316.48,1.76,3,3.2,19.8,25,Month-to-month,No,No,Male,1
35,49.86,1705.8,2.83,2,4.9,34.77,27,6-month,No,No,Female,0
33,66.63,2203.49,0.16,2,9.7,48.56,49,Month-to-month,Yes,No,Female,1
33,43.17,1370.04,1.92,3,8.7,11.5,56,Annual,No,Yes,Female,0
62,25.0,1709.96,3.29,3,14.8,7.03,55,Annual,Yes,No,Male,0
28,36.6,1059.62,2.37,1,11.7,23.66,29,Month-to-month,No,Yes,Male,1
20,62.16,1156.57,2.6,2,3.3,76.17,56,Month-to-month,Yes,Yes,Male,1
26,58.13,1493.56,0.54,2,5.1,17.22,45,6-month,No,No,Female,0
14,47.78,614.54,2.37,4,10.3,7.39,70,Annual,No,No,Male,0
28,43.93,1203.87,2.54,4,6.3,8.58,63,Annual,No,No,Female,0
8,46.75,375.43,2.29,4,3.2,13.27,25,Month-to-month,Yes,Yes,Male,0
6,26.25,164.29,2.7,3,1.0,17.1,58,Month-to-month,No,Yes,Female,1
52,44.47,2428.5,2.1,2,17.2,29.83,23,Month-to-month,No,No,Male,1
5,44.2,205.86,1.91,1,4.9,25.9,18,Annual,No,Yes,Male,0
41,46.23,1912.08,1.15,2,10.2,51.28,27,6-month,Yes,No,Male,0
56,42.84,2437.49,3.77,3,3.5,18.62,55,Month-to-month,No,No,Female,0
52,47.97,2505.12,0.91,4,9.0,28.17,65,6-month,Yes,No,Female,0
32,51.45,1522.56,2.71,6,1.3,54.9,18,Month-to-month,Yes,Yes,Female,1
14,45.81,615.22,4.86,5,3.4,21.24,69,6-month,No,No,Male,0
67,60.21,3996.58,3.93,2,5.5,0.94,35,Month-to-month,No,No,Male,0
60,49.55,3088.04,3.16,4,3.8,15.67,32,6-month,No,No,Male,0
44,48.68,2042.36,2.82,1,4.3,17.81,37,6-month,No,No,Female,0
6,44.71,260.79,2.33,5,12.0,7.73,20,6-month,Yes,Yes,Male,0
2,57.63,113.74,1.33,2,4.8,3.76,43,Month-to-month,No,No,Female,1
23,42.34,894.21,2.17,4,2.9,4.76,55,Annual,No,No,Male,0
11,55.7,600.59,3.25,5,4.9,56.15,52,6-month,No,Yes,Female,1
62,56.8,3588.37,3.01,3,1.0,31.2,55,Month-to-month,No,No,Male,0
15,54.28,774.41,3.53,3,5.7,4.12,70,Month-to-month,No,No,Male,0
20,57.07,1113.7,4.09,2,5.3,12.84,45,6-month,No,Yes,Male,0
71,47.7,3286.41,2.29,2,5.6,0.52,27,Month-to-month,No,No,Male,0
59,51.05,3107.79,2.75,4,2.0,14.86,33,Month-to-month,No,No,Female,0
15,75.65,1040.3,0.03,2,8.1,3.2,53,Month-to-month,Yes,No,Male,1
27,41.51,1089.2,5.43,4,6.0,45.64,52,Month-to-month,No,No,Male,0
37,50.81,2022.7,1.96,4,16.8,60.11,27,Month-to-month,No,No,Male,1
48,57.75,2926.59,3.35,2,12.7,62.35,55,6-month,No,No,Female,0
68,51.97,3718.26,1.96,5,3.5,6.4,35,Month-to-month,No,No,Female,0
63,41.83,2814.41,1.93,2,3.4,3.9,23,6-month,No,No,Female,0
71,51.92,3507.38,2.19,2,13.0,13.81,61,Month-to-month,No,No,Male,0
2,52.65,111.98,0.88,2,3.0,13.43,34,Month-to-month,No,No,Male,0
17,63.15,960.86,0.0,2,3.2,8.7,21,Month-to-month,Yes,No,Male,0
41,36.9,1470.59,4.01,3,8.5,15.02,68,6-month,No,No,Female,0
3,36.18,111.92,3.21,4,4.3,3.2,19,Annual,No,No,Female,0
25,53.63,1353.48,1.31,6,8.6,6.36,29,Month-to-month,Yes,No,Female,1
11,54.5,606.1,3.09,4,1.4,21.91,37,Month-to-month,No,No,Female,0
68,55.47,3588.81,3.57,3,4.9,21.46,47,Month-to-month,No,No,Male,0
4,56.47,193.9,1.6,3,13.9,39.29,41,Month-to-month,No,No,Male,1
10,45.53,463.93,3.04,5,3.3,1.34,34,Annual,No,Yes,Female,0
14,64.37,946.45,3.81,5,4.4,18.89,39,Month-to-month,Yes,No,Female,0
10,42.81,430.29,0.63,2,5.5,29.89,59,Annual,No,Yes,Male,0
41,50.93,2113.07,3.19,3,4.6,57.62,49,6-month,Yes,No,Male,0
26,42.29,1119.46,2.97,3,1.4,11.97,41,Month-to-month,Yes,No,Female,0
66,39.21,2477.52,4.94,3,13.1,15.15,56,Annual,Yes,No,Male,0
19,36.07,679.74,3.22,2,5.9,11.8,43,Month-to-month,Yes,Yes,Female,0
39,53.94,1977.67,1.97,4,9.0,17.42,52,6-month,Yes,No,Female,0
48,49.37,2490.09,2.12,1,14.5,41.35,52,Month-to-month,Yes,No,Male,0
45,53.58,2130.17,5.13,4,4.4,36.66,57,Annual,No,Yes,Male,0
58,73.8,4220.31,2.04,3,8.2,7.56,35,Month-to-month,Yes,No,Male,0
14,60.72,923.42,3.26,4,0.3,16.01,45,Month-to-month,No,No,Female,1
37,41.68,1577.8,2.19,2,0.6,11.61,29,Annual,Yes,No,Female,0
58,61.45,3359.35,3.91,1,6.5,11.05,41,Month-to-month,No,Yes,Female,0
63,66.25,4261.03,3.97,0,1.8,27.63,18,Month-to-month,Yes,Yes,Male,0
45,47.0,2199.03,2.47,4,9.2,12.04,24,6-month,No,Yes,Female,0
47,47.68,2258.48,1.97,3,10.4,28.37,35,Month-to-month,Yes,Yes,Male,0
63,26.02,1685.39,1.94,3,3.7,12.43,70,Annual,No,No,Female,0
45,56.39,2380.4,0.25,4,9.9,10.05,55,6-month,No,No,Male,0
69,42.32,2817.68,2.63,2,5.2,15.45,52,6-month,No,No,Female,0
9,57.2,523.25,2.6,3,16.2,85.56,60,Month-to-month,Yes,Yes,Male,1
25,52.51,1291.03,1.44,0,2.2,6.65,30,Month-to-month,No,No,Female,0
8,39.82,311.43,0.11,5,5.9,8.56,70,Annual,Yes,Yes,Female,1
6,71.21,405.4,2.77,2,7.8,2.35,54,Month-to-month,No,No,Female,1
34,44.0,1600.01,2.93,3,11.5,9.65,40,Month-to-month,No,Yes,Male,0
16,61.86,994.34,3.01,5,10.9,1.74,46,Month-to-month,No,Yes,Male,0
29,60.24,1831.74,1.21,2,4.7,1.83,36,Month-to-month,No,No,Male,0
31,50.15,1384.35,3.02,4,5.3,23.63,39,6-month,No,No,Female,0
45,53.34,2512.21,2.27,1,3.2,31.32,66,6-month,No,No,Male,1
69,64.01,4165.05,3.62,1,15.0,66.49,50,6-month,Yes,Yes,Female,0
62,47.59,2909.64,1.23,3,19.4,6.91,45,Annual,No,No,Male,0
27,51.33,1398.83,4.0,2,1.1,6.58,29,Month-to-month,No,No,Female,0
23,54.14,1368.17,4.46,4,12.8,43.18,60,Month-to-month,No,No,Female,0
56,40.42,2468.68,2.65,5,10.5,18.76,69,Month-to-month,No,Yes,Male,0
9,54.4,487.85,3.02,3,0.5,7.2,60,6-month,Yes,Yes,Female,0
39,55.71,2218.3,3.52,2,12.1,32.18,41,Month-to-month,No,Yes,Male,1
30,57.01,1658.79,1.17,3,16.7,16.81,64,6-month,Yes,Yes,Male,0
13,49.59,645.97,1.87,4,11.3,16.32,48,Month-to-month,No,Yes,Male,1
45,25.0,1123.78,2.74,3,3.0,53.96,37,Annual,Yes,Yes,Male,0
23,51.3,1198.89,5.13,3,21.7,25.03,23,Annual,No,No,Male,0
13,51.62,652.24,0.95,3,13.4,25.71,49,Annual,No,No,Male,0
47,57.79,2782.91,4.63,2,3.2,31.95,64,Month-to-month,Yes,Yes,Male,0
12,45.14,551.6,2.25,1,9.4,16.08,70,Annual,No,No,Male,0
49,50.95,2362.66,2.46,7,9.0,31.5,54,Month-to-month,No,No,Female,0
11,48.62,531.92,4.08,7,2.1,56.06,34,Month-to-month,No,No,Male,0
31,45.14,1362.19,5.13,3,7.2,16.39,23,Month-to-month,Yes,Yes,Male,0
58,55.35,3537.38,3.05,3,8.7,22.98,54,Month-to-month,No,No,Female,0
16,55.67,947.72,4.01,5,4.5,7.37,40,6-month,Yes,No,Male,0
56,51.85,3046.44,1.3,3,18.0,8.92,40,Month-to-month,No,Yes,Male,0
52,54.1,2743.26,1.81,1,5.6,14.04,31,Month-to-month,No,Yes,Male,1
65,50.22,3565.23,0.74,0,10.0,15.02,22,6-month,Yes,Yes,Female,1
12,36.06,425.29,1.83,5,6.9,2.8,43,Annual,No,No,Male,0
52,34.55,1732.84,3.23,3,3.7,58.76,38,6-month,No,No,Female,0
68,56.57,4282.76,2.78,2,8.2,33.13,40,6-month,No,Yes,Male,0
55,49.08,2789.53,4.75,6,6.3,21.05,23,Month-to-month,No,No,Male,0
13,46.64,582.52,5.17,5,21.4,6.94,59,Annual,No,No,Male,0
60,68.08,4005.93,2.32,2,12.9,22.38,50,Month-to-month,No,No,Male,1
7,79.73,579.89,1.62,2,1.6,12.88,48,Month-to-month,Yes,No,Female,0
42,62.46,2583.86,4.01,3,3.6,27.46,20,Month-to-month,No,No,Female,0
36,49.13,1760.85,4.14,4,3.1,4.84,41,6-month,No,No,Male,0
38,72.16,2972.7,3.07,2,0.5,45.31,36,Month-to-month,No,Yes,Female,0
37,60.23,2155.0,3.42,3,10.6,14.83,27,6-month,Yes,No,Female,1
2,70.7,138.11,3.21,4,9.2,42.84,67,Month-to-month,Yes,Yes,Male,1
37,62.92,2653.67,1.21,1,2.6,93.25,68,Month-to-month,No,No,Male,1
68,56.44,3929.75,0.92,3,2.7,6.87,67,Month-to-month,Yes,No,Female,0
31,58.5,1859.35,2.43,4,0.9,14.64,34,Month-to-month,No,No,Male,1
20,36.79,792.61,2.24,3,3.3,4.93,27,Month-to-month,No,No,Female,0
72,39.3,2911.63,2.86,2,8.9,9.1,21,6-month,No,Yes,Male,0
7,39.56,295.31,2.33,2,23.1,20.25,46,Month-to-month,No,No,Female,1
35,38.75,1261.17,0.29,3,1.6,3.82,33,Month-to-month,No,Yes,Male,0
37,45.4,1721.57,0.0,5,8.3,52.52,66,6-month,Yes,Yes,Female,0
34,43.86,1479.4,3.46,0,25.3,11.09,27,Month-to-month,No,No,Male,0
67,54.93,3775.92,1.64,2,5.9,26.9,67,Month-to-month,Yes,Yes,Male,0
30,56.38,1505.79,2.2,0,5.8,55.99,37,Month-to-month,Yes,Yes,Male,1
71,56.83,3747.03,1.77,5,6.8,4.55,64,Month-to-month,No,No,Male,1
4,45.96,183.47,1.31,1,6.2,29.2,61,Month-to-month,No,No,Female,1
53,53.19,2925.38,1.28,0,11.0,34.32,54,6-month,No,No,Male,0
43,54.11,2175.52,3.83,1,30.0,4.27,38,Month-to-month,No,No,Male,1
17,52.26,864.25,2.19,4,3.7,5.61,57,6-month,No,No,Male,0
16,43.04,701.14,3.33,3,2.0,20.63,42,Month-to-month,No,No,Male,0
52,39.19,2028.58,3.5,2,2.8,51.93,69,6-month,No,Yes,Female,0
46,39.28,1900.84,2.91,3,11.6,37.89,60,6-month,No,Yes,Male,0
44,64.7,3009.92,3.54,2,7.7,8.15,47,Month-to-month,No,Yes,Male,1
3,47.03,133.69,2.52,5,13.0,32.88,44,Month-to-month,No,No,Male,0
43,49.54,2121.72,4.27,3,1.1,54.02,21,Month-to-month,No,No,Female,0
71,44.21,3057.47,3.57,4,5.6,9.61,56,Annual,No,Yes,Female,0
1,59.81,63.62,3.74,5,10.8,10.85,60,Annual,Yes,No,Female,0
34,41.01,1457.48,1.28,3,1.1,3.09,43,Month-to-month,No,Yes,Female,1
36,34.02,1167.83,2.84,1,8.3,6.79,41,6-month,No,No,Female,0
65,61.33,4262.02,0.11,6,5.8,19.43,36,Month-to-month,No,Yes,Male,1
20,47.15,880.89,4.32,6,19.4,9.67,46,Month-to-month,No,No,Male,0
34,48.54,1612.79,1.69,5,1.8,2.85,44,6-month,No,Yes,Female,0
52,52.8,2597.29,1.87,1,13.8,9.61,62,Month-to-month,Yes,Yes,Male,0
4,65.55,256.35,0.72,3,4.6,76.58,69,Month-to-month,Yes,Yes,Male,1
58,39.25,2022.52,2.45,5,1.1,53.42,33,Annual,No,No,Female,0
60,49.25,2954.75,2.15,1,3.9,24.98,23,Month-to-month,Yes,No,Female,0
52,49.95,2374.81,4.87,2,12.7,23.37,45,6-month,No,Yes,Female,0
47,43.62,2000.82,3.62,1,11.9,50.96,64,Month-to-month,No,No,Female,0
54,60.29,3443.94,1.83,0,9.9,25.71,29,Month-to-month,Yes,Yes,Female,0
57,53.65,3082.85,0.33,2,2.8,19.36,51,Month-to-month,Yes,No,Male,0
65,44.22,3195.25,0.0,4,19.8,29.23,21,Annual,No,No,Male,0
31,67.75,2213.76,1.17,3,6.7,8.08,69,Month-to-month,Yes,No,Male,0
33,68.32,2373.44,0.77,3,5.6,19.72,25,Month-to-month,Yes,No,Male,1
46,44.37,1985.02,2.95,0,6.7,22.7,31,6-month,No,No,Male,0
14,41.23,569.28,2.31,6,2.0,14.9,31,Annual,No,No,Male,0
62,40.37,2569.34,2.52,5,1.1,20.58,38,Annual,No,Yes,Female,0
56,62.09,3390.11,1.27,0,5.9,12.22,59,6-month,No,No,Male,0
46,58.28,2682.86,2.7,5,0.8,5.99,23,Month-to-month,No,Yes,Female,0
22,30.72,714.09,0.65,5,12.3,10.37,25,6-month,No,No,Female,0
25,43.96,1106.84,2.39,2,17.3,21.33,20,Annual,Yes,Yes,Male,0
31,58.41,1679.6,3.58,2,29.4,19.23,22,Annual,Yes,Yes,Male,0
48,45.79,2274.11,2.02,3,3.6,21.41,42,Annual,No,No,Male,0
56,49.15,2694.36,3.08,0,11.9,14.1,28,Month-to-month,No,No,Male,0
49,37.97,1811.61,0.0,3,11.5,2.09,22,Month-to-month,No,Yes,Male,1
67,42.65,3204.4,0.0,2,6.0,27.08,55,6-month,No,Yes,Female,0
70,50.17,3538.34,2.93,3,9.5,16.84,49,Month-to-month,No,Yes,Male,0
51,41.75,2352.78,3.86,3,15.6,27.26,21,Month-to-month,Yes,No,Female,0
27,62.77,1631.49,2.19,1,4.9,20.06,47,Month-to-month,Yes,Yes,Male,1
43,46.76,1943.62,5.29,3,10.2,10.42,37,6-month,No,No,Female,0
31,44.52,1347.52,0.62,2,9.3,17.94,68,Annual,No,Yes,Female,0
45,42.53,1904.48,1.62,2,8.0,83.82,55,6-month,Yes,No,Female,0
59,41.26,2397.95,2.68,3,3.2,40.77,66,Annual,No,No,Female,0
26,51.7,1277.7,3.1,3,2.6,23.14,53,6-month,Yes,Yes,Male,0
36,49.6,1869.85,1.74,2,5.0,107.71,33,6-month,No,No,Female,0
3,48.47,146.15,1.12,5,12.4,8.82,40,Month-to-month,No,No,Male,0
53,42.75,2361.63,3.31,1,8.0,14.01,66,6-month,No,Yes,Male,0
35,57.48,2044.51,2.67,3,10.0,19.28,56,Month-to-month,No,No,Female,0
33,55.09,2050.7,2.05,4,9.5,6.54,20,Month-to-month,No,No,Female,1
38,57.1,2186.4,3.15,8,28.0,70.89,29,Month-to-month,No,Yes,Male,1
15,38.29,602.65,2.32,1,11.5,75.95,56,Annual,No,Yes,Male,0
43,43.64,1998.65,2.32,3,3.2,31.85,40,6-month,No,No,Male,1
54,52.77,2684.33,2.27,1,5.9,1.66,48,Annual,No,Yes,Female,0
25,45.76,1084.22,1.43,4,13.2,3.4,42,Annual,No,No,Male,0
9,41.72,356.91,1.3,2,0.9,24.19,36,Annual,Yes,Yes,Female,0
28,58.23,1601.02,1.82,0,6.5,53.68,36,Month-to-month,No,No,Male,1
14,42.22,582.33,2.54,3,4.8,12.08,61,Annual,No,Yes,Female,1
27,45.21,1235.64,0.07,4,2.8,26.33,42,Annual,No,No,Male,0
45,43.21,2100.41,3.73,4,2.6,48.8,36,Annual,Yes,No,Male,0
8,45.13,332.35,2.52,3,11.2,8.19,66,Month-to-month,No,Yes,Female,1
54,70.28,3503.8,1.12,3,12.3,45.43,46,Month-to-month,Yes,No,Male,0
16,32.89,511.22,4.6,4,4.9,14.08,55,Annual,No,No,Male,0
65,59.27,3666.22,2.55,3,5.2,15.74,54,Month-to-month,No,No,Male,0
53,50.26,2464.05,0.76,1,6.1,23.0,32,Month-to-month,Yes,Yes,Male,1
19,53.11,992.4,4.54,2,0.4,6.04,32,Month-to-month,No,No,Female,0
41,40.76,1691.08,4.26,2,21.8,27.86,45,Month-to-month,No,No,Male,1
8,68.43,545.54,1.32,4,10.7,9.58,24,Month-to-month,No,Yes,Male,1
7,49.07,333.99,2.08,8,13.2,7.12,34,Annual,No,No,Male,0
69,43.97,3036.41,1.91,5,4.9,13.2,54,Annual,No,Yes,Female,0
58,68.62,3637.42,0.04,3,10.6,5.32,29,Annual,No,Yes,Male,1
11,49.96,569.04,2.92,3,2.1,6.34,27,Month-to-month,Yes,Yes,Male,0
20,58.35,1167.38,3.6,1,10.2,35.19,68,Month-to-month,Yes,No,Male,0
14,63.41,904.02,3.35,0,6.9,26.0,29,Month-to-month,Yes,No,Male,0
28,59.74,1679.22,2.54,5,2.2,15.82,50,Month-to-month,No,No,Female,1
21,33.03,638.17,3.72,2,19.0,6.96,28,Month-to-month,No,Yes,Male,0
23,41.51,934.04,1.02,4,10.9,30.17,65,6-month,No,No,Female,1
38,42.08,1709.64,4.86,4,29.8,44.18,57,Annual,Yes,No,Female,0
13,51.71,692.69,1.5,2,3.1,111.14,56,Month-to-month,No,Yes,Female,1
64,53.91,3416.39,1.64,2,5.7,47.29,34,Month-to-month,No,Yes,Male,0
53,38.9,2147.15,1.75,5,11.1,12.18,51,Month-to-month,Yes,Yes,Female,0
55,56.92,3291.98,1.66,2,0.7,5.77,57,Month-to-month,No,No,Female,1
12,41.36,531.11,2.25,3,8.2,16.87,51,Month-to-month,Yes,No,Male,1
51,52.14,2766.7,2.2,2,11.2,44.04,48,Month-to-month,No,Yes,Female,0
61,56.56,3707.51,2.67,0,2.7,12.13,46,Month-to-month,Yes,Yes,Male,0
12,65.74,791.76,1.44,3,7.0,2.62,44,Month-to-month,No,No,Male,1
54,50.24,2841.49,2.72,4,3.7,26.5,48,Annual,No,Yes,Male,0
26,69.52,1717.65,1.08,1,8.9,12.98,65,Month-to-month,Yes,No,Male,0
57,64.47,3822.48,3.45,3,10.4,6.78,30,Month-to-month,No,No,Female,0
34,50.71,1742.59,3.44,3,6.8,48.38,48,Month-to-month,Yes,Yes,Female,1
58,43.91,2626.0,2.49,3,12.2,7.33,61,Month-to-month,No,No,Female,0
10,46.63,495.83,1.66,4,2.1,11.76,30,6-month,No,No,Male,1
28,41.38,1106.84,2.9,5,12.5,10.08,23,Annual,No,No,Male,0
19,38.9,793.19,1.35,4,21.8,2.83,70,Annual,No,No,Female,0
18,60.23,1121.59,2.54,2,2.4,15.39,59,6-month,Yes,Yes,Male,0
22,48.2,1076.62,2.3,3,2.3,2.37,34,Month-to-month,No,No,Male,1
27,45.99,1167.94,5.92,6,17.5,5.46,21,Month-to-month,No,No,Female,1
9,57.34,500.8,0.9,4,8.0,6.76,43,Month-to-month,Yes,No,Male,0
51,48.14,2572.04,0.0,2,11.4,3.86,55,Month-to-month,Yes,No,Female,1
40,43.92,1758.02,1.67,3,3.9,24.86,37,Annual,Yes,No,Male,0
60,64.86,4122.67,0.27,4,4.7,20.25,56,Month-to-month,No,No,Male,0
51,56.17,2984.95,1.56,4,15.1,27.27,57,Month-to-month,No,No,Male,1
10,56.21,541.51,0.81,3,5.3,37.58,33,Month-to-month,Yes,No,Female,1
5,57.05,284.99,1.32,2,4.3,38.91,42,Month-to-month,Yes,Yes,Female,0
30,40.36,1205.52,1.12,6,1.1,42.42,59,Annual,No,No,Male,0
35,58.92,2156.18,3.75,3,4.6,18.17,36,Month-to-month,No,Yes,Female,0
17,56.6,966.78,2.44,2,2.4,16.99,37,Month-to-month,No,No,Female,0
57,63.93,3637.3,3.9,2,2.8,27.13,52,Month-to-month,No,Yes,Female,0
42,46.5,1998.7,2.55,3,3.5,46.84,39,Annual,Yes,No,Male,0
54,52.98,2826.22,3.71,1,13.0,16.78,44,Month-to-month,No,No,Male,1
7,55.73,406.4,2.11,4,1.0,13.87,49,6-month,Yes,No,Male,0
59,52.07,3102.04,4.57,3,7.3,21.68,18,Month-to-month,No,Yes,Male,0
15,57.47,916.69,3.11,4,4.8,16.96,54,Month-to-month,No,No,Male,0
32,51.05,1699.85,1.49,3,8.5,2.1,52,Annual,No,Yes,Female,0
32,59.62,1929.53,3.3,4,9.4,14.53,60,Month-to-month,No,No,Female,0
59,51.24,3248.74,2.54,5,3.5,18.72,26,Month-to-month,No,Yes,Female,1
20,43.52,846.6,2.24,3,13.5,24.55,19,6-month,No,No,Female,0
17,75.17,1290.56,2.62,7,22.5,25.26,68,Month-to-month,Yes,Yes,Female,0
24,63.74,1542.18,3.48,5,2.2,20.55,20,Month-to-month,Yes,No,Male,0
26,44.18,1173.92,0.0,2,10.8,33.15,57,Annual,Yes,No,Female,0
13,39.61,501.61,2.04,5,6.1,67.88,56,Month-to-month,No,Yes,Female,1
12,40.79,493.51,3.39,2,6.9,16.28,37,Month-to-month,Yes,No,Male,0
16,51.78,805.72,2.82,4,13.7,24.99,37,Month-to-month,Yes,No,Male,0
34,50.67,1603.24,1.04,4,10.7,51.38,21,6-month,No,No,Female,0
25,53.02,1317.58,0.0,3,5.2,16.05,61,Month-to-month,No,Yes,Male,1
28,38.58,1096.3,4.71,1,14.9,19.33,35,Month-to-month,No,No,Male,0
52,44.61,2203.71,2.26,3,6.2,1.94,68,6-month,No,No,Female,0
17,60.36,1009.39,4.47,1,3.5,13.8,52,6-month,No,No,Male,0
66,40.25,2731.52,3.53,3,7.7,22.55,19,Annual,No,No,Female,0
54,65.86,3680.0,1.47,5,16.3,21.28,65,Month-to-month,No,No,Female,1
12,57.26,714.05,0.0,5,1.6,17.2,65,Month-to-month,No,No,Female,1
22,46.57,973.89,1.9,2,10.1,12.16,57,Month-to-month,No,Yes,Male,1
13,53.28,771.34,2.45,7,0.8,22.15,66,6-month,Yes,No,Male,0
19,76.06,1336.13,3.09,3,11.4,45.17,58,Month-to-month,Yes,No,Male,1
26,39.67,1022.57,1.06,6,9.0,12.69,49,6-month,No,Yes,Male,0
9,50.45,401.97,2.73,1,18.6,5.92,24,Month-to-month,Yes,No,Female,0
1,43.71,41.57,2.73,0,1.9,42.83,42,Annual,No,Yes,Female,0
32,31.5,964.05,3.78,5,8.2,23.47,30,Annual,No,No,Male,0
51,46.52,2523.36,2.1,3,3.4,5.09,37,Month-to-month,Yes,Yes,Male,1
22,43.26,1032.34,3.08,3,5.0,29.92,59,Annual,Yes,Yes,Male,0
62,36.43,2285.72,2.87,3,20.8,33.55,63,Annual,Yes,No,Female,0
26,55.7,1414.18,3.64,3,8.6,4.26,37,Month-to-month,No,No,Male,1
65,66.04,3741.02,1.43,4,10.1,27.33,28,Month-to-month,No,No,Male,0
17,51.47,839.93,0.0,5,4.8,38.53,63,6-month,No,No,Male,1
39,65.9,2335.64,2.19,10,6.6,7.6,52,Month-to-month,No,No,Male,0
55,56.02,2978.4,2.2,2,14.0,12.17,20,Month-to-month,No,No,Female,1
4,78.26,308.04,1.0,1,18.6,43.0,40,Month-to-month,No,No,Male,0
67,46.3,3135.24,0.54,2,6.7,36.56,50,Annual,No,Yes,Male,0
26,54.03,1391.41,1.75,3,16.2,14.8,24,Month-to-month,Yes,No,Male,1
36,51.2,1801.09,2.35,4,6.6,27.81,44,6-month,No,Yes,Female,1
45,51.63,2265.13,2.62,5,3.6,12.51,45,Month-to-month,No,No,Female,0
46,37.05,1692.39,0.0,3,7.9,43.83,60,Month-to-month,Yes,No,Female,0
1,44.07,46.47,0.22,7,3.3,4.61,39,Annual,No,Yes,Female,0
63,52.44,3416.23,3.97,0,8.3,4.22,26,Month-to-month,No,Yes,Male,0
45,39.08,1700.21,2.25,3,2.2,22.37,39,Month-to-month,Yes,No,Female,0
72,54.27,3842.59,2.5,4,11.0,19.09,28,Month-to-month,No,Yes,Male,1
34,42.86,1600.09,0.77,3,2.3,112.52,59,6-month,No,No,Female,0
44,51.52,2198.93,2.49,2,3.6,25.95,44,Month-to-month,No,Yes,Female,1
32,57.44,1897.99,2.01,4,4.2,6.26,44,Month-to-month,No,Yes,Male,1
64,55.97,3758.77,1.7,2,2.6,11.27,50,Month-to-month,No,Yes,Male,0
60,50.89,3057.14,0.6,3,6.5,8.88,63,Month-to-month,No,Yes,Male,1
66,54.14,3457.46,1.37,4,0.3,7.94,26,Month-to-month,No,No,Female,1
36,47.16,1538.65,5.06,3,5.8,22.78,20,Month-to-month,No,No,Male,0
57,55.11,3236.47,2.05,7,0.3,14.79,66,Month-to-month,No,No,Male,0
26,55.58,1461.63,3.53,6,8.6,12.08,68,Month-to-month,Yes,Yes,Male,1
33,55.21,1755.97,2.24,4,2.1,54.71,62,6-month,No,Yes,Female,0
55,55.12,3114.0,2.09,2,9.1,20.23,27,6-month,Yes,Yes,Female,0
5,57.61,290.07,1.67,2,15.8,0.22,24,Month-to-month,Yes,No,Male,0
51,53.34,2615.36,4.25,7,4.3,41.43,37,Month-to-month,No,No,Male,1
1,79.21,73.56,2.98,5,7.0,89.12,63,Month-to-month,No,Yes,Female,0
42,33.35,1370.66,1.47,5,1.8,6.63,64,Annual,No,Yes,Female,0
34,52.21,1902.21,1.99,2,9.2,46.45,66,Month-to-month,No,No,Female,0
34,50.78,1784.99,3.9,5,10.7,5.18,32,Month-to-month,No,Yes,Male,0
36,45.29,1661.86,0.0,2,1.5,2.1,30,Month-to-month,No,No,Female,0
35,61.86,2211.65,2.9,0,10.9,6.42,33,Month-to-month,No,Yes,Male,0
29,48.14,1336.91,3.2,4,5.2,15.87,63,Month-to-month,No,No,Female,1
32,49.32,1540.36,1.53,1,4.4,30.67,21,Month-to-month,No,No,Female,1
41,39.28,1615.77,2.7,3,13.5,8.64,47,6-month,Yes,No,Male,0
55,46.17,2531.7,3.15,1,4.1,9.43,23,6-month,No,No,Female,0
40,41.8,1583.44,0.9,0,1.9,17.4,60,6-month,No,No,Male,0
46,40.96,1779.19,3.59,5,6.0,14.32,33,6-month,No,No,Female,0
61,63.73,3871.86,2.89,8,11.7,59.9,49,Month-to-month,No,No,Male,0
72,25.04,1758.44,2.3,2,6.2,24.57,40,Annual,No,Yes,Male,1
7,64.18,443.03,2.64,4,5.2,15.34,33,6-month,No,No,Male,1
52,41.21,2121.97,3.42,3,9.6,48.0,59,Annual,No,No,Male,0
16,55.89,956.83,5.51,3,3.1,15.11,54,6-month,No,No,Male,0
14,73.83,1010.17,3.29,1,7.3,47.29,60,Month-to-month,Yes,Yes,Female,1
57,54.03,3154.72,3.55,4,0.9,37.46,55,Month-to-month,No,No,Female,0
5,55.63,263.44,2.75,3,9.2,33.55,58,Month-to-month,No,Yes,Male,0
61,54.89,3580.05,4.97,3,14.2,6.56,56,Month-to-month,No,Yes,Female,0
56,70.44,4291.27,0.59,2,18.0,15.66,24,Month-to-month,No,No,Female,1
72,55.03,3884.69,0.24,3,12.5,19.88,58,Month-to-month,No,No,Female,0
48,48.52,2183.04,2.7,9,10.6,13.13,39,Month-to-month,No,Yes,Male,1
63,47.65,2742.53,3.36,6,6.2,17.73,52,Annual,No,No,Male,0
8,62.98,508.47,0.0,1,11.0,23.48,21,6-month,No,No,Female,1
64,46.61,2938.3,2.5,2,6.8,2.13,41,6-month,No,Yes,Male,0
11,59.14,696.19,2.27,2,2.1,17.81,35,Month-to-month,Yes,No,Male,0
22,64.69,1444.23,3.47,1,14.7,45.23,35,6-month,No,No,Female,0
9,55.14,479.39,3.06,5,0.9,49.42,40,Annual,No,No,Male,0
29,63.24,1917.55,0.15,3,4.5,2.23,66,6-month,Yes,No,Male,1
54,66.87,3233.64,1.1,4,3.5,50.25,55,6-month,No,No,Male,0
19,50.37,955.74,1.45,1,6.9,5.92,61,Month-to-month,No,Yes,Male,0
60,83.62,5037.86,3.46,4,12.1,31.7,48,Month-to-month,No,Yes,Female,0
44,50.36,2270.76,2.99,1,10.3,22.81,62,6-month,No,Yes,Female,0
45,59.01,2583.87,1.69,4,1.3,73.98,57,Annual,Yes,Yes,Male,0
68,41.22,2781.91,2.69,2,2.2,3.83,22,Month-to-month,Yes,Yes,Male,0
31,68.05,2054.83,1.12,3,10.6,117.97,52,Month-to-month,Yes,No,Male,1
25,51.5,1320.17,5.16,6,27.1,34.31,39,Month-to-month,No,Yes,Male,1
72,47.09,3516.8,3.25,6,4.1,24.8,44,Month-to-month,Yes,Yes,Male,0
40,49.71,1904.47,3.52,5,2.0,8.58,36,Annual,No,No,Male,1
44,42.46,1935.9,4.29,2,4.9,8.54,22,6-month,No,No,Male,0
21,61.34,1210.86,3.82,5,1.7,47.26,64,Month-to-month,No,No,Female,0
15,55.2,817.61,2.54,3,5.8,24.43,30,Month-to-month,No,Yes,Male,1
12,56.59,709.37,2.26,4,7.1,2.31,35,Month-to-month,No,No,Male,0
16,57.32,895.69,4.17,3,14.1,16.47,51,Month-to-month,No,Yes,Female,0
14,58.36,797.28,2.53,4,9.7,51.29,67,Month-to-month,Yes,Yes,Female,1
54,49.54,2701.02,1.53,2,11.8,3.37,32,Annual,No,No,Female,0
4,49.65,168.35,5.06,0,5.7,31.01,60,6-month,No,No,Female,0
45,55.56,2412.03,1.28,1,21.1,28.26,24,Month-to-month,No,No,Female,0
69,49.27,3333.3,0.24,5,1.7,42.9,64,6-month,No,Yes,Female,0
55,37.67,2048.65,3.79,3,5.9,19.56,30,6-month,No,No,Female,0
29,62.54,1832.71,1.55,3,5.7,9.09,23,Month-to-month,No,Yes,Female,1
4,54.79,218.7,3.07,3,3.6,41.06,49,6-month,No,No,Male,0
60,55.93,3560.69,4.86,2,15.9,18.69,69,6-month,No,Yes,Female,0
0,45.4,49.37,0.71,2,0.3,8.1,67,Annual,No,No,Male,0
49,70.2,3421.57,2.45,5,2.6,21.81,37,Month-to-month,Yes,Yes,Female,1
48,42.35,1965.82,4.43,3,7.0,53.8,22,Month-to-month,Yes,Yes,Female,0
14,56.0,832.92,3.39,3,5.1,1.13,22,Month-to-month,No,No,Male,0
54,51.0,2718.2,2.27,2,6.1,14.33,28,Month-to-month,No,Yes,Male,0
12,52.39,608.63,5.61,3,2.8,20.44,51,Month-to-month,No,Yes,Female,0
16,36.38,605.61,2.38,2,4.2,35.96,41,6-month,Yes,Yes,Female,0
59,42.07,2484.23,3.02,6,13.6,11.67,63,Month-to-month,Yes,No,Male,0
71,43.93,3251.47,4.64,5,10.2,10.67,22,Month-to-month,No,No,Female,0
19,25.0,458.16,3.78,3,6.4,10.35,56,Annual,No,No,Male,0
67,53.55,3537.27,4.22,2,11.4,12.92,68,Month-to-month,No,No,Male,0
66,43.74,3008.65,1.33,2,13.2,32.31,55,Month-to-month,No,No,Female,0
56,54.03,2691.28,4.1,3,23.7,11.78,68,6-month,Yes,No,Female,0
10,50.82,496.31,2.72,3,11.0,11.98,67,Month-to-month,Yes,No,Male,0
21,50.78,1120.31,1.53,2,12.8,5.11,36,Month-to-month,No,Yes,Female,1
49,47.33,2290.14,2.79,1,3.3,8.0,69,6-month,Yes,Yes,Male,0
72,53.71,4074.4,2.75,7,9.1,24.61,26,Month-to-month,Yes,Yes,Female,0
59,63.37,3600.66,4.93,3,6.8,25.31,61,Month-to-month,No,No,Female,0
30,45.67,1386.92,3.0,4,13.1,17.11,67,Month-to-month,No,Yes,Female,0
17,47.91,802.45,1.48,2,12.6,17.46,59,Annual,No,Yes,Female,0
70,51.9,3335.78,1.19,5,12.3,6.93,60,Month-to-month,Yes,No,Female,0
20,60.64,1192.63,2.44,3,15.3,31.16,36,6-month,No,Yes,Female,0
24,42.59,998.5,0.75,6,9.7,14.11,55,Month-to-month,No,Yes,Male,0
70,43.64,2956.55,1.57,5,3.6,23.96,42,6-month,No,No,Female,0
41,56.82,2227.15,2.18,3,10.4,47.05,26,Month-to-month,No,No,Male,0
19,47.42,964.15,1.95,4,12.9,30.04,46,Month-to-month,No,Yes,Female,1
0,40.47,39.09,3.44,4,13.2,22.23,64,Month-to-month,No,No,Female,1
31,52.83,1664.54,1.54,3,4.6,18.2,43,6-month,No,Yes,Female,1
71,48.68,3434.55,0.0,3,0.9,11.41,43,Month-to-month,Yes,Yes,Male,1
31,66.5,2147.18,0.31,3,17.3,11.38,60,Month-to-month,No,Yes,Male,1
51,55.28,3063.66,2.48,1,4.3,9.27,69,Month-to-month,Yes,No,Male,0
18,57.95,1123.74,1.74,2,5.9,42.46,70,Month-to-month,No,Yes,Male,1
56,61.66,3361.44,0.89,4,5.0,7.3,65,6-month,No,Yes,Female,0
56,28.45,1637.89,5.05,2,7.7,12.6,28,Month-to-month,Yes,Yes,Male,0
44,43.63,2033.11,3.58,1,5.1,18.98,30,Month-to-month,No,No,Female,0
56,53.74,2965.83,2.42,2,7.2,68.54,59,Month-to-month,No,No,Female,0
42,58.65,2587.9,2.8,3,3.3,4.74,59,Month-to-month,No,No,Male,1
27,37.1,1003.26,2.16,4,15.9,5.23,50,Month-to-month,No,No,Male,0
53,54.46,2701.41,0.87,1,10.0,40.9,53,Month-to-month,No,No,Male,1
60,43.78,2887.76,3.84,5,7.2,27.36,56,Month-to-month,Yes,No,Female,0
61,25.0,1393.26,3.61,3,0.6,22.08,26,Annual,No,Yes,Male,0
15,54.81,765.63,0.0,3,2.8,34.21,44,Month-to-month,No,Yes,Female,1
49,34.44,1647.85,2.79,3,11.4,7.47,49,Annual,Yes,No,Female,0
0,65.67,68.68,2.94,3,3.2,34.55,54,Month-to-month,No,Yes,Female,0
41,59.59,2514.87,2.08,1,9.3,27.19,29,Month-to-month,No,Yes,Male,1
41,63.6,2854.58,5.23,6,5.2,12.86,51,Month-to-month,No,No,Female,0
26,51.5,1406.54,5.09,5,7.2,18.42,40,Month-to-month,Yes,Yes,Male,1
72,41.37,3004.12,2.01,2,5.4,7.09,52,6-month,Yes,No,Female,0
64,35.48,2408.47,2.21,3,5.8,32.6,31,Annual,No,No,Female,0
2,45.0,88.74,2.06,1,11.2,5.11,68,6-month,Yes,Yes,Female,0
15,63.14,952.79,1.71,1,11.4,5.64,38,6-month,No,No,Female,0
15,62.53,915.02,1.3,2,7.7,11.97,20,Month-to-month,No,Yes,Female,1
65,59.87,4100.39,3.16,1,11.6,1.01,33,Month-to-month,Yes,Yes,Male,0
37,54.1,1965.89,5.05,3,2.0,19.32,33,6-month,No,Yes,Male,0
53,34.16,1690.51,4.52,1,6.6,23.37,36,Month-to-month,No,Yes,Female,0
59,70.89,3903.6,3.53,4,4.7,46.79,52,Month-to-month,No,No,Female,0
56,26.75,1414.22,0.0,8,4.6,14.33,20,Annual,No,No,Male,0
6,50.17,308.19,0.08,5,4.2,20.96,38,Annual,No,No,Male,0
10,45.57,451.87,3.88,5,14.6,18.18,26,6-month,Yes,Yes,Male,0
28,57.57,1613.52,4.61,5,2.7,38.1,41,Month-to-month,No,No,Female,0
24,42.51,1039.95,3.22,3,4.2,64.26,35,Annual,No,Yes,Female,0
54,60.72,3361.57,2.1,1,7.7,21.64,40,Month-to-month,Yes,No,Male,1
11,58.17,629.29,4.26,4,4.4,14.12,38,Month-to-month,No,Yes,Female,0
27,58.66,1575.36,3.48,5,4.4,22.46,59,Month-to-month,Yes,Yes,Female,0
17,41.27,685.25,3.98,1,4.9,17.95,65,Annual,Yes,No,Female,0
13,45.25,598.73,0.09,0,10.1,5.35,21,Annual,Yes,No,Male,0
12,53.52,638.66,2.95,3,15.2,11.67,37,6-month,No,No,Male,0
14,59.95,801.96,4.81,4,11.3,26.38,41,Month-to-month,No,No,Male,1
41,64.89,2671.62,3.19,2,22.5,35.75,39,Month-to-month,Yes,No,Male,0
29,56.5,1693.08,3.73,1,19.6,73.91,53,Month-to-month,No,No,Male,0
31,40.86,1377.87,2.55,5,1.2,3.57,55,Annual,No,Yes,Male,0
34,56.08,1793.9,2.64,7,14.9,26.45,39,Month-to-month,Yes,Yes,Male,0
54,81.11,4096.22,4.32,2,19.2,4.21,49,Month-to-month,No,No,Female,0
62,46.6,2681.36,1.63,1,9.8,57.85,21,6-month,No,Yes,Female,0
38,25.26,929.1,1.5,1,5.9,16.42,27,Month-to-month,Yes,No,Female,1
46,25.0,1138.68,1.88,7,3.2,31.29,68,Annual,Yes,Yes,Male,0
53,64.32,3330.78,2.53,3,10.7,2.43,48,Month-to-month,No,No,Female,0
50,58.74,2724.53,0.41,3,2.2,24.51,38,Annual,Yes,Yes,Male,0
9,50.4,486.0,3.45,1,7.4,48.14,69,Month-to-month,Yes,No,Male,0
71,52.33,3368.17,2.29,4,30.0,40.09,67,Month-to-month,No,No,Female,1
12,60.52,790.44,3.61,3,1.8,21.08,21,Month-to-month,Yes,No,Female,0
30,43.52,1342.31,0.0,5,7.5,8.04,66,Month-to-month,No,No,Male,1
47,34.28,1726.05,3.61,2,13.3,28.76,26,6-month,Yes,Yes,Male,0
29,54.44,1500.26,4.24,2,8.3,23.82,25,Month-to-month,No,Yes,Male,0
17,45.65,762.09,3.07,1,10.8,45.93,23,Month-to-month,Yes,Yes,Female,1
67,51.82,3435.55,2.54,3,1.8,7.98,51,6-month,Yes,No,Female,0
5,39.55,193.27,3.62,4,22.0,25.63,47,Month-to-month,No,No,Male,1
17,54.09,930.59,4.15,2,8.0,31.54,33,6-month,No,No,Male,0
72,47.51,3464.0,3.18,4,2.3,2.4,63,6-month,Yes,Yes,Male,0
53,76.44,3870.89,3.28,2,12.8,11.91,28,Month-to-month,No,Yes,Male,1
6,46.39,304.7,4.65,2,21.6,30.27,37,6-month,No,No,Female,0
55,33.45,1737.22,3.49,1,5.4,9.6,47,Month-to-month,No,Yes,Female,1
70,49.18,3527.17,1.46,3,6.4,47.33,65,Month-to-month,Yes,No,Female,0
7,59.56,422.13,4.15,2,14.9,50.29,46,Month-to-month,No,No,Male,0
30,39.77,1209.63,2.34,5,12.4,15.62,62,Annual,No,No,Male,0
34,55.69,1658.22,2.54,7,3.6,1.32,64,6-month,No,Yes,Female,0
9,69.07,615.83,2.64,4,0.9,16.08,47,Month-to-month,No,No,Female,1
14,52.03,721.9,3.76,0,21.9,12.78,53,Annual,No,No,Male,0
12,46.09,563.51,4.77,2,5.0,65.76,40,Month-to-month,No,No,Female,0
13,36.99,448.87,2.53,2,2.6,9.83,56,Annual,No,No,Male,0
29,44.31,1305.74,4.75,1,3.8,13.89,35,6-month,No,Yes,Female,0
33,36.31,1247.38,2.71,5,17.3,14.82,59,Annual,No,No,Male,0
17,34.82,611.7,4.32,8,0.3,15.04,25,Annual,No,No,Female,0
21,48.65,1023.79,2.76,8,14.7,6.31,21,Annual,Yes,Yes,Male,0
14,50.35,746.92,1.86,2,9.9,2.46,20,Month-to-month,No,No,Male,1
58,34.53,2092.66,5.0,3,5.7,10.32,37,6-month,Yes,No,Female,0
15,35.96,520.65,1.74,1,7.6,22.73,26,Annual,No,No,Male,0
66,62.8,4186.4,1.65,1,11.8,39.89,50,6-month,No,No,Female,0
39,42.33,1733.09,0.87,7,5.2,13.76,48,Month-to-month,No,No,Female,1
58,41.64,2613.35,4.15,6,3.8,16.57,59,Annual,Yes,No,Female,0
46,57.1,2546.14,4.45,4,11.3,9.0,33,Month-to-month,Yes,No,Female,1
19,55.73,1013.45,2.99,0,8.3,25.78,60,Month-to-month,Yes,No,Female,1
43,49.46,2017.89,1.22,3,18.0,23.08,62,Month-to-month,No,Yes,Male,1
20,50.33,942.22,2.49,2,17.0,47.13,64,Month-to-month,Yes,No,Male,1
8,53.77,430.72,2.11,4,5.7,21.98,61,6-month,No,Yes,Female,0
18,68.91,1200.54,1.16,2,6.9,35.04,53,Month-to-month,No,No,Male,1
20,55.19,1136.52,1.86,2,16.3,14.95,22,6-month,Yes,Yes,Male,0
9,28.98,253.16,3.16,5,13.4,4.1,25,Annual,No,No,Female,0
1,64.58,60.99,1.71,5,10.1,12.21,67,Month-to-month,No,No,Female,1
68,54.66,3897.28,2.88,2,15.1,75.7,32,6-month,Yes,No,Male,0
37,54.84,2025.51,0.19,4,2.0,38.85,68,Month-to-month,No,No,Female,0
29,41.85,1265.65,4.68,3,10.0,21.11,50,Annual,No,No,Female,1
67,39.78,2599.5,1.99,2,3.4,17.16,48,Annual,No,No,Female,0
16,56.68,986.06,3.63,2,12.7,8.33,51,Month-to-month,No,No,Male,0
29,47.76,1410.71,2.75,7,9.9,21.29,36,6-month,Yes,No,Female,0
61,60.55,3490.69,3.02,3,14.6,48.57,18,Month-to-month,No,Yes,Female,1
46,43.13,1822.3,1.03,1,17.3,18.51,30,Month-to-month,No,Yes,Female,1
29,61.12,1800.07,1.51,6,2.4,48.78,44,6-month,Yes,Yes,Female,0
18,68.82,1266.05,1.54,3,10.1,90.41,30,Month-to-month,Yes,Yes,Male,0
2,57.37,118.87,2.53,3,4.6,10.58,69,6-month,No,Yes,Male,1
6,67.8,370.6,4.22,2,11.8,10.94,42,Month-to-month,No,No,Male,0
11,43.23,433.88,3.06,3,4.4,6.9,21,Month-to-month,No,No,Female,0
57,33.88,1757.35,1.33,2,4.7,11.55,39,Annual,Yes,No,Female,1
46,50.17,2201.31,2.61,1,8.0,10.51,37,Month-to-month,No,No,Female,0
31,41.26,1318.31,2.4,4,2.3,11.73,53,6-month,No,No,Female,0
57,47.28,2697.96,2.04,1,3.4,2.69,49,Month-to-month,No,No,Male,1
11,50.22,505.57,2.48,3,10.8,13.72,40,Annual,No,No,Female,0
15,44.0,610.05,3.49,0,20.1,48.57,67,6-month,No,Yes,Male,0
28,62.23,1772.25,1.56,3,1.2,26.04,51,Month-to-month,No,No,Female,0
66,57.88,4039.86,2.05,6,4.2,13.12,21,Month-to-month,Yes,No,Male,0
44,59.03,2664.53,3.78,1,9.4,27.51,35,Month-to-month,No,No,Female,1
62,42.8,2860.67,3.11,0,1.6,31.73,62,Annual,No,No,Male,0
18,59.05,1084.47,4.16,11,5.9,12.95,55,Month-to-month,No,No,Female,0
61,60.3,3961.69,4.37,3,8.7,30.01,34,Month-to-month,No,Yes,Female,1
5,53.68,301.0,0.73,0,7.1,0.32,32,6-month,No,No,Female,0
16,55.83,884.49,2.87,2,4.9,59.06,33,Month-to-month,Yes,Yes,Female,0
38,72.43,2851.46,1.84,2,2.0,22.36,48,Month-to-month,Yes,No,Male,0
3,56.42,151.05,0.94,2,28.8,34.58,32,Month-to-month,No,Yes,Male,1
62,55.43,3562.94,1.47,3,4.0,36.59,41,Month-to-month,No,No,Male,0
63,49.09,2928.77,2.11,4,12.4,114.95,64,6-month,Yes,No,Male,0
39,44.81,1801.85,2.12,2,11.0,92.37,49,Annual,No,Yes,Male,1
22,43.65,939.07,1.71,3,5.9,13.53,26,Annual,Yes,Yes,Male,0
7,64.09,458.89,2.48,4,5.0,26.95,48,Annual,Yes,No,Male,0
45,49.94,2114.88,5.68,3,2.2,41.36,21,Month-to-month,Yes,No,Male,0
39,53.54,2051.49,0.26,2,13.8,30.51,46,Month-to-month,Yes,Yes,Male,1
55,42.82,2444.64,3.98,2,14.6,4.5,60,6-month,Yes,Yes,Female,0
43,50.16,2196.04,2.48,5,6.1,19.52,37,Annual,No,Yes,Male,0
9,45.58,370.58,1.93,4,4.3,57.02,64,6-month,No,No,Male,1
8,52.88,420.08,0.0,1,3.1,13.4,65,Month-to-month,No,No,Male,1
57,38.72,2137.84,3.49,2,6.5,18.3,31,6-month,No,Yes,Male,1
11,54.26,567.24,0.63,2,3.6,12.52,34,6-month,No,No,Female,1
68,44.04,2888.45,3.58,5,8.0,26.17,69,Annual,Yes,No,Male,0
7,39.41,286.55,4.76,4,8.9,31.41,29,6-month,No,Yes,Female,0
53,62.73,3585.03,0.83,4,8.9,5.14,67,Month-to-month,No,No,Male,1
71,41.02,3002.35,4.02,0,3.2,25.61,41,Month-to-month,No,Yes,Female,0
32,65.45,2028.2,2.53,2,3.5,7.04,24,Month-to-month,Yes,No,Male,1
4,54.43,218.26,0.0,3,6.1,3.84,67,Month-to-month,No,Yes,Male,1
63,46.12,2912.12,0.93,6,13.6,45.0,26,Annual,Yes,Yes,Female,0
13,56.78,771.98,2.73,0,8.9,34.84,50,Month-to-month,No,No,Male,0
38,50.94,1938.32,3.02,3,3.0,10.82,38,Month-to-month,No,Yes,Female,0
71,49.43,3617.58,0.45,4,9.1,42.93,69,Month-to-month,Yes,No,Male,0
54,49.81,2698.6,2.54,2,11.5,2.37,53,6-month,No,No,Male,0
3,53.73,165.51,3.57,3,15.1,7.4,60,Month-to-month,No,Yes,Male,1
59,50.15,3092.03,3.8,2,4.7,9.32,18,Month-to-month,Yes,Yes,Male,0
11,45.21,470.36,1.96,4,7.4,21.87,37,Annual,No,No,Female,0
54,67.72,3627.99,3.07,3,3.4,83.84,50,Month-to-month,Yes,No,Female,0
45,52.56,2335.82,3.89,3,2.6,4.52,37,Month-to-month,Yes,No,Male,0
21,47.68,1039.89,3.61,4,13.2,6.87,63,Month-to-month,No,Yes,Female,0
30,46.15,1383.23,3.66,3,3.5,36.1,61,6-month,Yes,Yes,Male,0
8,55.29,425.96,2.65,3,7.2,17.51,43,6-month,No,No,Male,0
72,52.04,3666.69,2.38,3,10.2,30.77,37,Annual,No,Yes,Female,0
17,56.34,964.62,2.85,3,8.0,23.44,22,Month-to-month,Yes,No,Female,1
22,41.85,948.42,1.51,3,1.9,27.73,63,Annual,Yes,Yes,Male,1
36,50.57,1756.96,3.95,3,6.2,1.55,28,6-month,Yes,No,Male,0
49,43.96,2093.73,0.51,9,11.3,16.55,59,Month-to-month,No,Yes,Female,1
36,48.8,1704.15,1.84,4,6.2,51.54,50,Month-to-month,No,Yes,Male,0
36,55.09,1927.94,2.45,4,6.5,83.01,51,Month-to-month,No,No,Female,0
42,46.89,1927.95,3.11,2,12.5,27.92,50,Annual,No,Yes,Male,0
62,47.14,2978.75,3.35,3,10.6,80.44,44,Month-to-month,Yes,No,Female,0
28,54.09,1585.1,4.44,3,4.8,25.92,25,Month-to-month,No,Yes,Male,0
60,59.85,3486.75,2.6,1,17.5,25.63,67,6-month,No,No,Male,0
57,41.05,2137.49,1.57,2,3.7,27.79,51,Annual,No,No,Female,0
70,37.07,2632.18,2.31,5,4.6,9.09,67,6-month,No,No,Female,0
66,42.56,2586.43,2.08,3,7.1,10.04,34,6-month,Yes,No,Male,0
58,44.47,2751.08,3.18,4,10.3,7.57,31,Month-to-month,No,No,Male,0
18,35.85,642.48,1.11,7,15.8,8.42,23,Annual,No,No,Male,0
56,49.55,2801.9,2.27,4,4.8,4.45,44,Month-to-month,Yes,Yes,Female,0
53,42.83,2386.44,4.61,2,7.3,24.09,47,Month-to-month,No,Yes,Female,0
21,37.65,780.0,2.73,4,17.5,8.84,49,Annual,Yes,No,Male,0
49,64.2,3204.88,1.13,5,13.1,15.26,54,Month-to-month,No,No,Male,1
18,35.68,654.61,2.06,0,9.2,22.32,60,Month-to-month,No,No,Male,1
38,49.82,2053.24,0.0,2,8.0,51.5,31,6-month,No,Yes,Male,0
58,60.93,3895.85,2.42,2,1.7,4.76,21,Month-to-month,No,Yes,Female,0
13,52.15,676.04,4.64,4,10.2,30.85,59,Month-to-month,No,No,Male,0
24,42.41,1093.87,0.96,0,5.1,16.4,54,6-month,No,No,Male,0
58,44.91,2331.01,0.61,4,14.3,6.94,21,6-month,Yes,No,Female,0
33,43.96,1431.92,1.65,0,7.8,16.45,51,6-month,No,Yes,Male,0
70,44.78,3233.66,3.7,4,2.2,35.65,32,Month-to-month,No,No,Female,0
0,52.36,48.64,4.72,2,3.0,35.61,59,6-month,Yes,Yes,Male,0
52,47.74,2749.42,3.08,2,24.3,7.24,41,Annual,No,Yes,Male,0
59,68.05,4311.61,0.83,1,10.6,18.28,33,Month-to-month,No,Yes,Female,1
67,59.22,3895.44,2.47,4,4.6,18.3,43,Month-to-month,No,Yes,Female,0
11,46.75,569.57,4.83,3,8.1,4.18,41,Month-to-month,No,No,Female,1
71,63.05,4652.67,2.1,7,6.0,12.63,50,Month-to-month,No,Yes,Male,0
28,77.42,2193.68,2.68,3,14.1,15.14,56,Month-to-month,Yes,No,Male,1
25,52.01,1329.2,2.81,1,11.4,70.59,34,6-month,No,Yes,Female,0
25,51.18,1230.78,0.49,5,30.0,29.19,40,Annual,Yes,No,Male,1
46,50.68,2350.7,3.8,3,8.9,19.35,26,Month-to-month,No,Yes,Male,0
48,41.52,1911.91,3.61,5,2.6,30.71,69,6-month,No,No,Male,0
34,39.93,1357.71,0.0,3,1.2,12.64,69,Month-to-month,Yes,Yes,Male,1
5,54.99,276.39,0.77,3,0.7,27.15,28,Month-to-month,Yes,No,Female,1
72,44.18,3215.33,1.24,2,13.3,5.66,24,6-month,Yes,Yes,Male,0
16,72.99,1167.09,3.47,3,7.7,9.75,34,Month-to-month,Yes,Yes,Female,0
6,40.91,274.33,1.52,0,6.0,11.4,18,Annual,No,No,Male,0
43,52.19,2063.23,3.02,6,3.2,1.67,43,Month-to-month,Yes,No,Female,0
30,67.88,1852.86,2.26,3,6.7,38.78,46,Month-to-month,No,No,Female,0
44,52.58,2212.07,2.59,4,11.3,38.27,45,Month-to-month,Yes,Yes,Male,0
63,53.29,3354.31,3.14,3,6.1,7.23,26,Month-to-month,No,No,Male,0
7,38.04,260.99,2.85,3,14.8,3.25,67,Annual,Yes,No,Male,1
20,39.75,738.77,2.48,3,20.7,28.0,53,6-month,Yes,No,Female,0
37,36.74,1489.07,2.93,3,8.1,8.07,65,Month-to-month,No,No,Female,1
57,48.71,2851.35,2.78,4,5.7,32.13,52,Month-to-month,No,Yes,Male,0
43,40.91,1729.87,2.23,4,5.3,27.93,34,6-month,No,Yes,Male,0
27,55.91,1439.9,1.94,4,7.8,44.29,44,6-month,No,Yes,Female,0
44,47.12,2045.34,4.94,3,8.0,9.71,19,Month-to-month,No,No,Female,0
71,50.2,3473.67,1.92,5,8.9,12.04,35,Month-to-month,No,No,Male,0
35,50.48,1800.73,4.28,1,1.7,8.09,64,Month-to-month,Yes,No,Male,0
64,54.52,3262.42,1.61,2,8.6,1.95,54,Month-to-month,No,No,Male,0
56,49.71,2674.68,3.55,1,8.5,17.23,34,Month-to-month,Yes,Yes,Female,0
21,44.38,971.71,4.82,3,11.1,51.8,49,Month-to-month,No,No,Female,0
18,55.86,975.05,2.06,0,12.3,16.55,25,Month-to-month,No,No,Male,1
56,65.67,3793.48,1.63,3,15.5,8.17,32,Month-to-month,No,Yes,Male,1
15,56.28,841.17,1.94,0,9.2,9.26,36,Month-to-month,No,No,Female,1
24,48.16,1140.45,2.47,6,12.4,12.15,24,Annual,Yes,No,Male,0
17,49.9,818.31,2.92,1,9.2,27.59,45,6-month,No,Yes,Female,1
44,34.49,1522.72,2.45,4,15.3,36.4,25,Month-to-month,Yes,Yes,Female,1
21,53.61,1114.11,1.95,3,6.9,2.7,47,Month-to-month,Yes,No,Female,1
48,51.0,2153.47,5.04,4,4.7,11.01,48,Month-to-month,No,Yes,Female,0
68,54.22,3892.85,2.24,2,7.5,22.1,37,Annual,Yes,No,Female,0
60,50.87,3101.89,1.69,7,17.7,38.04,42,6-month,No,No,Male,0
69,50.9,3260.25,3.58,4,4.9,10.5,37,Month-to-month,No,No,Male,0
1,32.42,32.12,3.6,1,17.4,41.35,53,Annual,No,No,Male,0
33,39.88,1293.43,4.34,2,9.5,23.4,46,Annual,Yes,Yes,Female,0
16,50.79,773.74,5.01,3,13.2,18.4,20,Annual,No,No,Female,0
67,49.82,3445.77,2.95,4,10.1,10.17,60,Month-to-month,Yes,No,Female,0
51,50.07,2733.66,2.13,3,7.9,24.82,69,Month-to-month,Yes,Yes,Male,0
23,38.45,864.21,0.03,3,4.6,1.74,38,6-month,No,No,Female,0
41,56.46,2265.88,1.28,3,30.0,16.34,47,Month-to-month,No,Yes,Female,0
44,39.01,1635.27,2.77,3,2.0,32.83,53,6-month,No,Yes,Male,0
36,54.06,1729.56,0.96,1,14.5,20.96,29,6-month,No,Yes,Female,0
34,49.04,1702.47,0.44,1,1.4,19.18,54,Month-to-month,No,No,Female,0
4,68.64,300.65,2.59,2,19.6,9.97,28,Month-to-month,Yes,Yes,Female,1
33,54.98,1800.03,3.51,3,11.4,22.09,23,Month-to-month,Yes,No,Female,0
25,46.44,1150.48,2.18,6,3.6,34.93,64,Month-to-month,Yes,No,Male,0
59,44.33,2606.56,3.67,1,3.9,19.3,58,6-month,No,No,Male,0
63,41.91,2572.94,3.3,1,7.5,32.47,22,6-month,Yes,Yes,Female,0
54,50.75,2583.37,3.99,3,1.3,19.74,21,Month-to-month,Yes,Yes,Female,0
2,52.96,119.47,5.33,0,15.2,27.3,23,6-month,No,No,Male,0
61,48.75,3043.03,5.9,5,4.3,42.94,65,Month-to-month,No,No,Male,1
28,58.1,1674.84,3.45,4,2.3,38.3,59,6-month,No,Yes,Female,1
30,61.6,2056.66,1.9,2,13.5,77.55,70,Month-to-month,No,No,Male,0
68,43.12,2961.62,2.58,0,1.0,56.07,68,6-month,Yes,No,Female,0
63,56.3,3396.76,4.55,1,6.9,10.26,60,6-month,No,Yes,Female,0
3,58.52,166.0,1.34,5,3.1,19.2,41,Month-to-month,No,Yes,Female,0
26,46.02,1311.41,4.38,1,9.9,4.38,61,6-month,Yes,No,Male,0
54,41.59,2335.35,2.28,4,15.4,4.53,23,Annual,No,No,Female,0
39,49.51,1921.21,2.8,2,1.2,6.91,26,Month-to-month,No,Yes,Female,0
18,46.48,813.72,1.45,2,15.5,9.39,54,6-month,No,Yes,Male,1
38,52.55,1968.17,0.78,3,6.2,3.66,18,Annual,No,No,Male,0
63,45.5,2923.17,2.14,3,2.7,23.35,32,Annual,Yes,Yes,Male,0
16,60.34,1053.83,4.19,2,2.6,9.1,34,Month-to-month,No,No,Female,1
54,48.2,2594.14,1.59,2,6.3,28.34,68,6-month,No,Yes,Male,0
53,35.94,1823.13,4.6,3,1.0,13.65,24,Annual,Yes,No,Male,0
64,55.04,3296.66,1.76,3,6.0,6.74,65,6-month,Yes,Yes,Female,0
21,46.43,1005.75,1.11,5,6.7,24.09,58,Month-to-month,No,No,Female,1
15,58.35,922.59,2.83,4,10.4,105.94,64,Month-to-month,No,No,Male,1
39,51.61,2197.81,3.38,2,14.5,11.53,59,6-month,Yes,No,Female,0
38,45.95,1981.01,2.74,4,11.1,37.59,18,Month-to-month,Yes,Yes,Female,0
29,65.14,1746.93,2.7,0,17.8,2.03,21,Month-to-month,No,No,Male,0
56,55.99,3140.34,4.58,3,3.1,14.98,67,Month-to-month,No,No,Male,0
58,38.13,2168.34,2.62,3,9.5,17.54,39,6-month,No,No,Female,0
17,68.4,1151.75,1.89,1,10.0,44.52,54,Month-to-month,No,Yes,Female,1
58,33.33,1852.87,1.03,3,17.5,41.36,67,Annual,No,Yes,Male,0
16,47.21,768.27,4.16,0,9.9,11.09,20,6-month,Yes,Yes,Female,0
29,44.85,1218.66,1.95,1,3.9,43.13,34,Annual,No,No,Female,0
1,52.92,54.21,2.07,8,7.1,7.26,56,Annual,No,Yes,Male,0
24,49.12,1247.7,3.87,3,9.6,17.91,47,Month-to-month,Yes,No,Male,1
69,40.35,2712.88,5.17,1,1.8,70.5,66,6-month,No,No,Male,0
32,68.14,2304.32,2.83,5,19.1,8.77,43,Month-to-month,No,Yes,Male,1
51,37.7,1935.72,2.32,0,7.2,35.92,36,Annual,No,No,Male,0
7,52.79,387.02,2.49,4,24.7,8.58,34,Month-to-month,No,Yes,Male,0
46,41.17,1923.63,1.91,2,2.1,33.46,53,6-month,No,Yes,Female,0
27,51.28,1320.42,2.04,9,3.3,21.56,30,Annual,Yes,No,Male,0
54,72.31,3900.1,2.04,3,10.3,14.05,35,Month-to-month,Yes,No,Male,0
67,37.97,2487.91,3.68,5,5.4,3.79,40,Annual,No,Yes,Male,0
38,58.77,2327.39,2.39,1,14.1,11.8,52,Month-to-month,No,No,Male,0
7,47.73,330.16,4.27,3,7.6,28.68,18,Month-to-month,No,No,Female,0
34,31.44,1125.38,2.35,2,7.3,102.16,45,Month-to-month,No,No,Male,0
8,51.39,421.75,2.02,5,7.1,28.0,43,Month-to-month,No,Yes,Male,1
32,45.21,1461.29,4.16,3,2.4,45.45,24,6-month,No,Yes,Female,0
4,51.35,207.95,2.53,3,7.7,13.91,35,Annual,Yes,Yes,Female,0
46,62.91,3036.36,2.34,4,3.1,14.96,18,Month-to-month,Yes,Yes,Female,0
22,38.45,874.11,2.54,3,25.3,15.78,70,6-month,Yes,Yes,Male,1
14,41.62,610.52,4.41,0,0.8,80.83,58,Annual,No,No,Male,0
1,59.21,56.15,2.9,3,8.5,12.96,60,6-month,No,No,Female,0
64,37.84,2355.92,4.12,2,9.3,6.04,29,Month-to-month,No,Yes,Male,0
61,41.69,2543.82,2.19,2,10.4,3.13,41,Annual,Yes,No,Male,0
59,64.07,3730.05,3.92,4,12.4,8.82,39,Month-to-month,Yes,Yes,Male,0
4,45.9,174.99,2.81,1,1.5,25.96,22,6-month,No,No,Male,0
25,54.93,1459.29,3.65,3,9.5,18.23,65,6-month,No,No,Female,0
70,50.02,3301.66,3.76,4,6.8,29.82,21,6-month,No,Yes,Female,0
42,76.92,3388.73,1.28,4,6.0,42.72,62,Month-to-month,No,No,Male,1
9,50.69,496.84,2.59,2,13.5,7.91,26,Month-to-month,No,Yes,Male,1
10,45.38,442.36,3.74,2,16.4,21.73,51,6-month,No,Yes,Male,0
19,56.34,951.89,3.95,3,2.0,17.95,70,Month-to-month,No,No,Female,0
70,71.94,4915.62,4.13,3,7.1,9.05,32,Month-to-month,No,No,Male,0
12,53.24,614.32,2.64,1,11.9,8.78,31,6-month,No,Yes,Male,0
65,55.08,3328.31,4.5,1,7.7,42.11,24,6-month,No,Yes,Female,1
49,51.06,2554.35,1.65,4,15.6,20.15,70,Month-to-month,Yes,No,Female,1
67,56.39,3861.35,0.56,1,3.8,4.3,27,Month-to-month,Yes,Yes,Male,1
60,45.22,2776.06,2.14,3,14.7,32.04,59,Annual,Yes,No,Male,0
24,58.79,1345.46,4.05,0,5.4,10.26,68,Month-to-month,No,No,Female,1
60,67.2,4249.99,1.09,3,3.1,20.48,56,Month-to-month,No,No,Male,0
12,48.3,560.56,0.59,2,7.7,0.86,51,Month-to-month,Yes,No,Female,1
21,46.77,930.52,0.26,4,6.3,10.29,23,Month-to-month,No,No,Female,0
15,35.29,500.54,3.46,6,1.8,25.79,39,Annual,Yes,Yes,Female,0
9,54.61,473.23,0.62,3,7.2,6.17,52,Month-to-month,Yes,No,Female,0
6,53.14,320.61,3.21,5,13.1,3.11,68,Month-to-month,Yes,Yes,Male,0
13,45.41,559.27,2.07,1,17.1,10.07,34,Month-to-month,No,Yes,Male,1
8,66.99,514.1,1.5,4,11.9,24.45,46,Month-to-month,Yes,Yes,Female,1
27,51.37,1497.06,1.2,3,3.6,39.5,18,Month-to-month,No,No,Male,1
5,44.62,215.93,2.77,3,9.2,36.34,39,Annual,No,Yes,Female,0
4,54.7,228.43,1.52,2,1.6,32.87,49,6-month,No,No,Female,0
72,61.48,4444.94,2.49,3,10.8,53.57,24,Month-to-month,No,No,Male,0
6,60.58,380.82,3.02,1,10.2,41.1,64,Month-to-month,Yes,Yes,Male,1
5,46.76,236.27,3.3,5,3.5,26.9,22,Month-to-month,No,No,Male,1
2,58.67,117.41,3.71,5,5.3,20.98,58,Month-to-month,No,No,Male,1
9,39.53,349.93,2.71,4,8.5,18.29,53,6-month,No,Yes,Male,0
38,57.52,2099.01,1.13,2,10.1,12.11,63,Month-to-month,No,No,Male,0
60,58.61,3561.43,3.11,1,13.5,16.0,20,6-month,No,No,Female,0
53,45.87,2364.67,3.35,5,1.5,8.4,68,Annual,Yes,No,Male,0
42,58.07,2201.45,2.26,0,1.4,31.79,22,Month-to-month,No,Yes,Female,0
6,43.37,264.72,2.13,0,8.7,4.95,69,Annual,Yes,No,Male,0
56,60.47,3368.31,5.72,3,11.6,33.39,68,Month-to-month,No,No,Male,0
2,62.63,127.63,0.82,1,5.6,96.76,27,Month-to-month,Yes,Yes,Female,1
46,38.85,1787.11,3.14,3,5.2,3.45,49,Annual,No,Yes,Female,0
29,57.47,1731.98,3.86,2,3.0,31.52,55,Month-to-month,No,Yes,Male,0
64,48.92,3201.49,2.06,2,12.2,11.3,65,6-month,No,No,Female,0
22,34.02,743.66,2.28,7,8.0,41.79,28,6-month,No,Yes,Male,0
46,67.96,3188.57,1.98,5,9.8,22.95,26,Month-to-month,Yes,No,Male,0
32,40.41,1378.57,2.5,1,6.0,4.42,49,Annual,No,No,Male,0
38,41.05,1493.52,3.67,0,5.4,18.66,68,Month-to-month,No,No,Female,0
68,50.34,3082.3,2.24,1,6.8,23.05,48,Annual,No,Yes,Male,0
52,40.8,2222.52,6.54,0,6.3,13.43,55,Month-to-month,No,No,Female,0
30,35.72,1104.55,1.91,4,16.2,20.31,63,Month-to-month,Yes,Yes,Female,1
32,64.08,2335.9,4.29,5,2.7,12.75,34,Month-to-month,No,Yes,Female,0
51,34.67,1777.91,3.21,3,12.4,13.22,39,Annual,No,Yes,Male,0
25,59.73,1474.0,2.64,2,4.3,1.12,65,Month-to-month,Yes,No,Male,1
12,40.98,502.87,4.41,2,5.2,2.67,29,Annual,No,No,Female,0
34,41.16,1460.05,0.42,1,8.7,3.07,23,Month-to-month,No,No,Male,1
4,43.14,177.86,3.05,3,11.4,8.02,20,Month-to-month,No,No,Female,0
12,52.28,620.2,1.57,3,6.1,2.72,65,Month-to-month,Yes,Yes,Female,0
30,42.28,1349.82,1.93,2,2.5,4.66,56,Month-to-month,Yes,No,Female,1
58,38.53,2125.76,1.87,3,20.2,20.85,53,Annual,No,Yes,Female,0
57,50.38,2775.91,1.25,1,1.7,29.68,35,Month-to-month,No,No,Male,0
19,51.43,1054.55,0.35,2,2.7,13.61,44,6-month,Yes,Yes,Male,0
30,56.81,1763.88,3.01,4,17.5,20.24,44,6-month,Yes,No,Female,0
11,58.87,634.0,2.41,2,14.6,21.58,64,Month-to-month,No,No,Female,0
55,41.51,2298.94,2.11,3,18.5,71.14,69,6-month,No,Yes,Male,0
17,54.34,1019.44,3.49,1,4.3,2.61,18,Annual,No,No,Female,0
58,41.85,2401.36,3.09,3,3.4,14.98,50,6-month,No,No,Male,0
61,57.36,3377.72,2.15,2,13.2,2.89,47,Month-to-month,No,Yes,Female,0
50,42.16,2115.89,6.47,3,2.5,20.65,51,6-month,Yes,No,Female,0
24,49.94,1252.39,3.82,3,3.4,4.93,44,6-month,No,Yes,Male,0
69,56.5,3973.57,5.68,2,1.8,10.48,69,Month-to-month,Yes,Yes,Female,0
50,62.87,3310.48,1.96,3,4.1,2.55,26,6-month,No,No,Male,0
47,42.13,1897.69,2.82,3,3.0,12.87,29,Month-to-month,No,No,Male,1
62,63.27,3692.11,0.89,1,2.2,13.82,31,6-month,No,No,Female,0
64,50.49,3410.64,2.07,4,7.3,13.41,54,Annual,No,No,Female,0
5,45.8,215.98,1.74,7,5.0,32.19,27,Annual,No,No,Male,1
64,25.0,1508.18,6.39,3,9.6,18.85,32,Annual,No,Yes,Male,0
55,39.4,2088.04,1.6,3,2.6,8.16,31,6-month,Yes,No,Female,0
15,44.41,635.63,2.2,5,4.0,16.3,31,6-month,Yes,Yes,Male,0
22,48.71,1037.79,0.61,3,1.5,9.03,55,Month-to-month,No,No,Female,0
54,45.72,2256.98,3.19,3,4.8,4.68,27,Month-to-month,No,No,Male,0
15,64.07,1028.45,1.33,1,13.2,8.53,69,Month-to-month,Yes,Yes,Male,1
33,64.48,1965.08,3.69,3,11.5,6.17,23,Month-to-month,No,No,Female,0
50,26.49,1475.72,0.18,4,6.2,30.38,52,Annual,No,Yes,Female,0
47,33.98,1663.57,2.34,2,24.6,45.49,19,Annual,No,No,Male,0
66,52.68,3954.24,0.1,2,1.6,16.63,47,Month-to-month,No,No,Male,0
8,52.95,408.6,1.86,3,14.4,5.79,19,Month-to-month,No,No,Male,1
21,40.07,824.8,2.13,4,2.7,53.71,44,6-month,Yes,Yes,Female,0
71,56.68,4304.26,1.72,2,6.6,91.48,29,Month-to-month,No,No,Male,1
41,33.78,1317.75,1.85,2,10.4,1.73,25,Annual,Yes,No,Male,0
18,37.66,706.68,3.76,1,3.6,14.33,33,Annual,No,Yes,Female,0
21,61.0,1276.86,5.33,4,4.3,7.11,57,Month-to-month,No,No,Male,0
24,66.85,1683.51,2.94,4,14.5,2.91,33,Month-to-month,No,No,Female,1
40,58.98,2525.81,1.38,4,7.2,22.9,66,Month-to-month,No,No,Male,0
20,72.94,1422.78,2.58,2,1.8,5.89,63,Month-to-month,No,No,Male,1
45,47.94,2076.83,2.04,4,5.1,5.3,37,Month-to-month,No,Yes,Female,1
32,36.62,1097.72,3.66,7,3.8,39.7,41,Month-to-month,No,No,Male,0
44,62.15,2537.89,2.87,0,1.4,15.21,24,Month-to-month,Yes,No,Male,0
11,47.28,506.74,0.45,2,1.8,32.14,18,Month-to-month,No,Yes,Male,1
45,52.26,2355.41,3.93,3,8.5,45.86,55,Month-to-month,Yes,No,Male,0
67,59.89,3905.87,3.76,5,3.0,93.43,61,6-month,No,No,Female,0
9,46.01,420.38,4.44,1,26.0,16.67,57,Month-to-month,No,No,Female,0
23,49.31,1177.65,1.83,5,8.9,50.43,51,Annual,No,Yes,Male,0
50,50.66,2467.28,2.89,1,13.3,29.13,25,Month-to-month,No,No,Male,0
45,51.05,2250.0,0.96,2,1.1,21.06,52,Month-to-month,Yes,Yes,Male,0
49,55.9,2909.04,2.43,1,8.9,20.45,30,Month-to-month,No,Yes,Male,0
40,38.23,1560.43,3.02,3,7.5,23.11,65,6-month,No,No,Male,0
49,61.77,3004.85,1.67,4,10.0,16.16,36,Month-to-month,No,No,Female,0
44,38.78,1652.63,2.95,1,0.4,3.11,20,Month-to-month,No,Yes,Male,1
5,61.08,319.4,2.72,3,21.3,7.14,35,Month-to-month,Yes,No,Male,1
54,40.31,2151.02,1.92,5,6.3,0.87,40,Annual,No,Yes,Male,0
32,54.02,1564.79,4.32,2,6.2,26.83,32,Month-to-month,Yes,No,Female,0
3,54.77,147.81,2.2,4,7.1,2.8,24,Month-to-month,No,Yes,Female,1
29,35.54,990.85,2.67,2,3.5,5.11,49,Annual,Yes,Yes,Female,0
31,48.08,1416.89,0.59,1,19.1,6.67,33,Month-to-month,No,Yes,Male,1
6,53.18,320.24,3.17,1,0.8,16.71,63,Month-to-month,No,No,Male,0
72,41.94,2741.45,1.88,2,4.7,28.06,42,Annual,No,Yes,Male,0
16,47.96,769.83,3.74,1,4.8,23.17,49,Month-to-month,Yes,No,Male,0
24,44.7,1021.19,0.8,4,3.5,35.57,25,Month-to-month,No,No,Male,1
32,54.38,1831.33,3.06,4,5.7,39.27,26,Month-to-month,Yes,Yes,Male,0
60,43.69,2523.42,0.0,6,4.6,24.9,58,Month-to-month,No,Yes,Female,0
54,41.3,2329.84,3.3,5,2.9,11.32,25,Annual,Yes,No,Female,0
56,55.18,3079.47,2.27,5,6.5,2.7,60,6-month,Yes,No,Male,0
17,37.72,625.79,3.02,3,7.6,9.64,69,6-month,No,Yes,Female,0
61,54.61,3118.7,1.72,6,28.4,6.5,37,Month-to-month,No,Yes,Female,0
60,54.05,3112.39,1.27,2,2.9,17.88,18,6-month,No,No,Female,0
33,38.88,1371.01,1.94,2,8.9,35.93,52,6-month,Yes,No,Female,0
39,59.38,2304.36,2.75,4,8.7,9.32,67,Month-to-month,No,No,Male,0
2,31.77,60.8,3.25,5,12.6,86.09,44,Annual,No,Yes,Male,0
55,47.36,2644.88,2.89,4,11.3,6.36,42,6-month,No,No,Male,0
70,38.24,2612.0,1.28,3,1.1,13.26,58,6-month,No,No,Female,0
34,56.7,1858.94,4.89,5,5.5,5.74,18,Month-to-month,Yes,No,Male,0
39,44.41,1694.88,2.93,2,2.7,7.9,35,Month-to-month,No,No,Female,1
36,32.64,1231.08,1.69,1,1.8,20.24,30,6-month,No,No,Female,0
6,52.16,312.32,3.05,4,5.4,16.28,18,6-month,No,No,Female,0
45,52.72,2454.58,2.83,2,9.2,27.13,50,Month-to-month,No,Yes,Male,1
52,46.32,2355.48,2.27,4,17.3,27.41,44,Month-to-month,No,No,Female,0
67,43.73,2838.23,2.12,2,7.0,37.3,28,Annual,No,Yes,Male,0
67,63.55,4568.24,3.78,1,3.2,22.11,32,Month-to-month,Yes,Yes,Female,0
35,42.74,1415.57,4.75,3,7.7,12.3,66,Month-to-month,No,No,Female,0
70,27.29,1879.41,0.0,2,9.8,13.15,46,6-month,No,No,Male,0
38,48.22,1934.24,4.1,1,15.6,19.96,19,Month-to-month,No,No,Female,0
46,57.42,2579.64,2.53,2,2.7,15.73,31,Month-to-month,Yes,No,Male,0
43,49.36,2318.86,2.81,3,1.8,19.6,35,Month-to-month,Yes,No,Female,0
72,33.89,2330.8,4.26,4,8.1,3.17,62,Annual,No,Yes,Female,0
53,70.23,3839.83,0.0,3,6.5,11.48,36,Month-to-month,No,No,Male,1
8,42.32,367.43,3.56,3,5.1,1.29,43,6-month,No,No,Female,1
5,46.53,234.84,4.17,5,6.2,56.83,55,Annual,No,Yes,Male,1
29,47.79,1414.05,1.6,3,2.8,17.09,21,6-month,Yes,No,Male,0
37,61.86,2383.29,0.69,3,1.0,30.08,70,Month-to-month,No,Yes,Female,1
48,41.69,1745.18,4.63,0,11.1,31.9,25,Month-to-month,No,No,Male,0
35,42.18,1581.7,0.22,2,10.6,45.34,68,Month-to-month,No,Yes,Female,1
37,38.2,1437.49,3.04,4,2.0,19.04,50,6-month,No,No,Female,0
67,58.18,3909.86,3.83,6,5.9,9.06,40,Annual,No,No,Female,0
24,55.72,1347.75,3.02,6,10.2,20.19,68,6-month,No,No,Female,0
36,42.28,1366.33,3.23,5,9.3,35.05,51,Month-to-month,No,No,Female,0
40,46.27,1934.55,2.16,3,3.5,8.59,54,Month-to-month,Yes,Yes,Male,0
34,47.91,1659.51,3.1,3,7.5,12.67,66,Annual,No,No,Male,0
70,53.19,3545.21,1.58,2,2.5,8.02,31,Month-to-month,No,No,Female,0
70,52.04,3717.65,1.75,3,11.9,15.5,57,Annual,No,No,Male,0
37,45.67,1735.95,2.55,5,5.6,30.55,29,Month-to-month,No,No,Male,0
32,49.94,1553.83,0.5,2,7.7,20.89,26,6-month,Yes,Yes,Female,1
42,65.33,2918.98,3.25,0,8.7,8.91,40,Annual,No,No,Male,0
13,61.36,792.75,0.0,4,5.6,30.82,66,Month-to-month,No,No,Female,0
31,54.59,1668.75,2.97,3,8.7,5.61,52,Month-to-month,Yes,No,Female,0
15,43.64,676.53,3.09,3,12.1,61.42,41,Annual,No,No,Male,0
10,51.37,491.36,1.47,2,2.8,52.63,27,Month-to-month,No,No,Female,1
6,47.08,275.9,0.9,2,14.1,65.62,40,Month-to-month,Yes,No,Female,0
42,57.96,2294.6,1.97,2,4.4,8.59,52,Month-to-month,Yes,Yes,Male,0
0,81.84,81.12,3.33,3,9.1,5.75,21,Month-to-month,No,Yes,Female,1
47,55.26,2554.18,2.95,4,5.5,41.41,40,6-month,No,No,Female,0
31,54.07,1687.04,1.06,4,8.0,50.66,63,Month-to-month,No,Yes,Female,0
26,48.35,1321.16,2.64,5,13.4,23.88,19,Month-to-month,No,No,Male,0
56,57.75,3343.93,2.84,8,6.5,66.8,66,Annual,No,No,Male,0
39,62.34,2446.92,2.79,0,8.6,5.5,52,Month-to-month,Yes,No,Female,0
53,61.79,3485.73,1.22,5,16.1,41.32,65,Month-to-month,No,No,Male,0
51,40.35,1993.78,2.7,3,4.5,25.74,51,6-month,No,No,Female,0
2,39.41,80.77,3.69,2,3.2,4.48,28,Annual,No,Yes,Female,0
15,57.04,894.75,3.2,4,12.7,46.05,59,6-month,Yes,Yes,Male,0
41,25.0,1122.0,3.03,8,5.8,4.24,23,Annual,No,Yes,Female,0
71,57.96,4145.24,4.64,4,5.1,33.08,21,Month-to-month,No,No,Female,0
11,53.23,574.18,2.72,1,14.2,45.35,29,Month-to-month,No,Yes,Male,1
7,28.59,200.28,1.41,2,3.6,44.68,23,Annual,No,Yes,Male,0
68,49.12,3351.19,1.41,2,9.2,15.37,31,Annual,No,Yes,Female,0
70,30.32,2050.98,2.73,5,18.0,13.34,18,6-month,Yes,No,Male,0
12,49.92,599.62,0.63,2,2.5,11.24,35,Month-to-month,No,Yes,Male,1
29,59.4,1875.32,2.1,4,18.3,26.4,65,Month-to-month,Yes,Yes,Male,1
45,44.17,1820.91,3.1,3,4.8,8.69,45,Month-to-month,No,No,Male,0
14,41.91,515.67,4.02,0,5.1,60.58,57,Annual,No,Yes,Female,0
23,42.64,906.34,0.49,4,1.7,50.25,70,Annual,No,No,Female,0
28,42.98,1147.34,2.63,2,7.9,23.89,44,Month-to-month,Yes,No,Male,1
46,52.76,2282.28,2.41,5,2.8,25.33,37,Month-to-month,Yes,No,Male,0
22,64.31,1357.69,2.55,3,9.4,2.22,51,Month-to-month,No,No,Female,0
30,42.41,1206.59,2.68,1,6.1,11.47,29,Month-to-month,Yes,No,Female,0
21,55.32,1187.9,2.46,4,7.8,6.99,69,6-month,No,Yes,Female,0
55,50.19,2630.07,4.31,3,10.4,19.08,28,6-month,No,No,Female,1
11,76.33,791.16,4.12,6,21.4,12.58,66,Month-to-month,Yes,No,Female,0
16,49.13,709.2,5.29,8,6.6,16.59,49,6-month,No,No,Male,0
18,48.19,910.58,2.49,1,9.5,22.34,34,Annual,No,No,Male,0
66,57.6,4056.23,1.97,2,8.6,2.1,54,Month-to-month,No,No,Male,1
68,49.1,3381.27,1.24,3,7.8,8.0,55,Month-to-month,No,Yes,Male,0
36,56.61,2050.93,1.82,1,2.0,33.99,42,Month-to-month,No,No,Male,0
11,50.52,574.01,3.43,4,3.4,12.46,44,Month-to-month,Yes,Yes,Female,1
55,51.42,2943.18,3.63,1,2.1,29.8,61,Month-to-month,No,No,Male,1
35,49.37,1628.17,3.38,3,16.8,57.68,57,6-month,Yes,No,Female,0
62,54.76,3352.94,1.64,3,17.0,37.59,18,Month-to-month,No,No,Male,0
26,63.99,1745.21,1.64,7,10.5,3.81,56,Month-to-month,Yes,Yes,Male,1
72,49.66,3478.37,5.04,3,12.8,1.17,50,Annual,Yes,No,Male,0
58,65.91,3852.93,1.42,1,2.2,19.9,40,Month-to-month,No,No,Female,0
16,49.71,843.56,4.34,8,9.5,8.73,50,6-month,No,Yes,Male,0
52,41.84,2435.94,3.03,4,4.0,19.35,33,6-month,No,Yes,Male,1
20,26.14,548.56,1.55,2,2.8,9.19,65,Annual,Yes,Yes,Male,0
25,43.22,1012.0,0.96,5,12.8,4.03,45,6-month,No,No,Female,0
18,25.0,434.37,1.6,3,9.5,42.94,28,Annual,Yes,No,Female,0
49,52.17,2711.29,3.04,1,2.4,21.04,43,6-month,Yes,No,Female,0
19,56.46,1032.68,1.32,4,15.8,10.93,37,Month-to-month,No,Yes,Female,0
46,72.15,3463.44,4.52,2,6.2,86.24,27,Month-to-month,No,No,Male,0
42,60.28,2749.72,2.23,2,10.9,0.17,44,Month-to-month,Yes,Yes,Male,0
54,46.35,2636.56,3.41,3,4.5,6.62,32,Month-to-month,Yes,No,Male,0
72,40.61,3186.07,3.31,1,8.0,45.07,45,Month-to-month,No,No,Female,0
0,52.93,49.92,4.61,10,11.4,7.42,23,Month-to-month,No,Yes,Female,0
72,63.12,4103.96,1.93,2,2.6,12.9,32,Month-to-month,Yes,Yes,Male,0
7,52.79,355.0,2.64,3,18.7,40.77,33,Month-to-month,Yes,No,Female,0
38,60.42,2296.49,0.68,4,10.6,12.49,45,Month-to-month,No,No,Female,0
24,44.52,1019.69,2.63,3,8.6,29.86,19,6-month,Yes,No,Female,0
46,52.82,2335.05,3.98,2,0.7,24.56,26,6-month,No,No,Male,0
52,43.58,2249.91,2.79,1,6.6,56.76,47,Annual,No,No,Male,0
62,71.04,4302.39,5.51,3,13.0,18.39,37,Month-to-month,Yes,Yes,Male,0
29,38.82,1172.72,3.18,1,0.9,14.84,20,Annual,No,No,Female,0
68,48.0,3266.33,1.8,3,16.9,63.36,68,6-month,No,No,Male,0
23,52.28,1166.77,3.09,4,1.6,11.13,62,Month-to-month,No,No,Female,1
14,41.43,607.69,0.6,2,7.9,29.4,27,Annual,Yes,Yes,Female,0
27,52.59,1622.79,1.46,1,19.4,18.99,29,Month-to-month,No,Yes,Male,1
38,39.9,1551.07,0.92,6,8.9,35.85,25,6-month,No,Yes,Female,1
48,47.25,2207.18,2.52,0,11.9,18.66,61,6-month,No,Yes,Male,0
60,65.58,3607.89,2.42,3,12.8,13.31,19,Month-to-month,No,Yes,Male,0
16,43.84,691.78,4.07,4,9.9,41.53,70,6-month,No,No,Female,0
22,58.32,1206.19,2.37,0,3.3,17.06,56,Month-to-month,No,No,Female,1
68,72.14,5027.94,1.2,5,5.5,37.05,18,Month-to-month,No,Yes,Female,0
32,55.93,1939.45,4.53,2,3.3,52.94,50,Month-to-month,Yes,No,Male,0
17,65.77,1069.73,0.0,7,18.1,39.58,57,Month-to-month,No,No,Female,1
71,59.29,4085.59,2.55,4,5.6,4.49,28,Month-to-month,No,Yes,Female,0
32,59.73,1979.37,2.78,1,13.7,13.5,23,6-month,Yes,Yes,Female,0
71,56.81,3885.24,2.49,1,10.8,16.54,39,Month-to-month,Yes,Yes,Male,1
67,60.03,3668.42,3.15,2,7.7,33.69,28,Month-to-month,Yes,No,Female,0
66,54.35,3799.39,2.64,3,3.2,19.9,28,6-month,No,No,Male,0
42,59.13,2308.74,3.15,6,3.8,51.43,54,Month-to-month,No,No,Female,0
58,63.65,3672.91,1.72,5,4.2,10.45,55,Month-to-month,No,Yes,Male,0
70,58.8,4084.79,0.6,4,2.3,40.66,65,6-month,No,No,Male,0
19,31.52,585.57,2.44,5,22.7,25.18,25,Annual,No,Yes,Male,0
2,71.78,147.79,1.17,2,10.3,13.32,21,Month-to-month,Yes,No,Female,1
23,52.02,1104.04,1.55,3,7.7,25.11,58,Month-to-month,No,No,Female,0
46,44.94,2102.03,4.01,4,1.1,80.72,53,6-month,Yes,No,Female,0
39,26.35,982.71,4.53,6,5.9,23.27,36,Annual,Yes,No,Female,0
5,51.64,258.58,3.99,4,6.3,17.1,42,Month-to-month,No,No,Female,1
40,49.37,1891.05,3.74,4,7.2,29.34,43,Month-to-month,Yes,No,Male,0
12,47.63,574.24,2.58,6,7.4,20.96,56,Month-to-month,No,No,Female,1
36,52.14,1952.96,3.82,4,9.9,12.83,60,6-month,No,No,Female,0
42,40.13,1669.71,2.96,2,2.1,15.26,59,Annual,No,Yes,Female,0
46,46.31,2093.73,5.03,2,4.6,0.11,46,6-month,No,No,Male,0
30,63.21,1818.58,1.31,5,9.4,73.01,39,Month-to-month,No,No,Male,1
29,36.24,1055.01,3.37,4,9.5,41.59,38,6-month,Yes,No,Female,0
49,31.3,1608.08,0.86,2,7.8,8.6,65,Annual,No,Yes,Female,0
54,56.05,3011.5,3.38,1,12.1,13.04,38,Month-to-month,No,No,Male,0
58,48.63,3014.08,0.27,1,5.5,27.63,45,Annual,No,No,Male,0
24,48.4,1145.33,0.92,2,6.6,30.27,45,Month-to-month,No,No,Female,0
30,50.74,1666.5,0.83,2,12.2,16.27,60,Month-to-month,No,No,Female,1
24,37.19,804.21,2.83,1,2.3,10.01,26,6-month,Yes,No,Male,0
38,65.9,2433.43,2.96,1,18.4,3.87,20,Month-to-month,No,Yes,Male,0
9,41.03,353.68,5.69,2,11.2,29.44,32,Annual,Yes,No,Male,0
31,43.05,1326.69,2.38,4,4.3,7.89,18,Month-to-month,No,Yes,Male,0
13,52.04,695.98,3.5,4,12.5,29.05,47,Month-to-month,No,No,Male,1
38,40.59,1740.08,2.71,6,2.6,51.07,69,Month-to-month,No,No,Female,0
62,55.75,3472.96,3.4,3,16.6,22.14,28,Month-to-month,No,Yes,Female,0
71,57.55,4259.23,2.69,3,1.2,6.31,23,Month-to-month,No,Yes,Male,0
32,57.35,1760.18,3.93,4,2.1,0.44,50,6-month,Yes,Yes,Male,0
4,57.42,226.1,1.13,1,3.5,3.66,69,Month-to-month,No,Yes,Male,1
16,59.17,978.83,0.0,4,3.8,46.9,31,Month-to-month,No,Yes,Male,1
7,42.66,275.97,3.04,2,8.4,86.79,22,6-month,Yes,Yes,Male,0
55,42.98,2228.66,0.15,3,11.9,4.45,51,Month-to-month,No,No,Male,0
71,38.58,2750.0,4.21,4,1.5,24.45,69,6-month,Yes,No,Male,0
40,59.1,2344.58,1.79,2,17.3,33.75,24,Month-to-month,No,Yes,Male,1
12,70.79,858.7,1.15,4,9.5,42.73,47,Month-to-month,No,Yes,Male,1
1,57.0,52.2,6.01,3,22.5,119.61,44,6-month,No,No,Female,0
71,43.34,3024.66,2.48,1,6.4,0.95,31,6-month,Yes,No,Female,0
23,28.78,653.47,2.23,4,18.5,7.89,57,Annual,No,No,Female,0
8,53.03,428.33,3.47,3,23.8,6.32,34,Month-to-month,Yes,No,Female,0
12,66.48,831.55,3.56,3,3.8,56.94,34,Month-to-month,No,No,Male,0
18,44.61,804.8,3.98,7,3.4,34.28,38,6-month,No,No,Female,0
47,41.1,1825.67,0.77,2,5.3,52.56,58,6-month,No,Yes,Female,0
65,41.87,2765.62,3.2,2,5.0,6.59,20,6-month,No,No,Male,0
20,52.3,954.37,2.12,4,8.2,64.25,35,6-month,No,Yes,Male,0
50,39.18,1968.55,1.3,1,5.1,27.81,58,6-month,No,Yes,Female,0
4,76.24,312.32,2.56,0,12.5,8.36,58,Month-to-month,No,No,Male,1
0,55.17,54.99,0.15,7,10.2,24.83,58,6-month,No,No,Female,1
4,68.4,282.55,3.7,5,3.5,29.4,63,Month-to-month,No,Yes,Male,1
67,51.8,3241.18,2.12,1,6.4,25.64,27,Month-to-month,No,No,Male,0
42,45.13,2110.3,1.88,5,13.0,45.34,20,6-month,Yes,No,Male,0
58,69.27,3832.13,2.32,3,8.9,22.36,25,Month-to-month,No,No,Male,0
1,44.13,38.38,2.28,4,10.7,14.96,32,Month-to-month,No,No,Male,1
1,55.68,52.11,3.98,2,3.4,7.25,38,Annual,No,No,Female,0
61,58.45,4088.34,1.08,3,7.0,32.32,69,6-month,No,Yes,Female,0
7,53.22,392.84,2.0,4,2.4,31.27,67,Month-to-month,No,Yes,Male,1
11,28.45,293.12,2.22,3,7.7,10.2,22,Annual,Yes,No,Female,0
37,52.82,2069.1,1.12,6,6.1,23.31,26,Month-to-month,Yes,Yes,Male,1
44,54.09,2532.11,2.71,2,8.1,12.67,24,6-month,No,No,Male,0
16,72.18,1071.02,1.56,3,3.2,10.62,63,Month-to-month,Yes,Yes,Female,0
32,40.61,1378.8,0.67,3,9.6,67.57,18,Month-to-month,No,Yes,Female,1
49,60.56,2906.26,3.18,5,13.3,10.22,40,Month-to-month,No,Yes,Female,1
32,62.99,2086.01,4.51,2,0.7,67.79,32,Month-to-month,No,No,Male,0
27,51.62,1460.65,2.56,4,1.9,30.68,63,Month-to-month,Yes,No,Male,1
5,56.78,297.21,2.37,2,3.7,33.68,49,Month-to-month,No,Yes,Female,1
32,49.54,1569.34,2.34,2,5.2,7.97,52,6-month,No,No,Female,0
58,41.53,2309.64,1.83,3,4.3,55.94,31,Month-to-month,No,No,Female,0
45,44.69,2063.86,4.02,1,2.3,7.03,58,Month-to-month,No,No,Female,0
65,46.78,3165.49,2.62,3,8.1,24.09,69,Annual,Yes,Yes,Female,0
9,42.39,390.41,0.0,2,7.8,92.84,61,6-month,Yes,Yes,Female,1
0,31.39,31.29,4.06,6,4.3,18.82,42,Annual,No,Yes,Female,0
40,47.06,1945.66,3.74,4,9.0,12.07,18,Month-to-month,Yes,No,Male,0
13,54.1,645.96,3.28,4,5.9,13.34,50,Month-to-month,No,No,Male,1
43,54.1,2411.35,0.0,5,19.1,12.33,49,6-month,No,No,Male,1
65,58.09,3737.1,2.5,0,1.6,9.65,30,6-month,Yes,Yes,Female,0
24,71.23,1804.5,3.66,4,3.3,42.04,20,Month-to-month,Yes,No,Male,0
40,42.45,1711.6,2.99,2,5.5,31.65,51,Annual,No,No,Female,0
49,41.94,2116.93,2.77,3,13.7,18.28,60,6-month,Yes,No,Female,0
10,36.54,376.06,3.66,4,11.2,23.17,32,6-month,No,Yes,Male,0
65,60.88,3883.43,2.68,1,9.5,2.84,49,Month-to-month,Yes,No,Male,0
14,59.06,795.8,4.06,1,2.0,1.78,67,6-month,Yes,No,Female,0
59,74.27,4586.91,2.71,2,3.9,26.06,50,Month-to-month,No,Yes,Female,1
48,51.92,2532.57,2.61,2,5.9,9.13,61,Annual,No,Yes,Female,0
10,72.15,731.46,3.66,4,12.4,45.11,58,Month-to-month,Yes,No,Female,1
52,55.9,3040.83,1.98,4,6.3,6.87,18,Month-to-month,No,No,Female,0
14,60.52,873.52,1.07,3,10.1,0.87,53,Month-to-month,No,Yes,Male,1
43,58.02,2664.5,2.5,0,9.2,3.81,39,6-month,Yes,Yes,Male,0
70,27.35,1880.96,3.27,3,10.2,25.18,25,Annual,No,No,Female,0
69,43.93,3112.19,3.7,7,3.7,3.7,39,Annual,No,Yes,Male,0
63,43.3,2910.12,3.71,1,11.4,19.68,28,6-month,Yes,Yes,Female,0
36,43.76,1526.68,2.41,1,9.7,3.17,46,Annual,No,Yes,Female,0
40,52.27,1989.75,2.28,3,18.2,10.62,37,6-month,Yes,Yes,Male,0
21,76.18,1591.98,1.73,0,4.9,18.66,60,Month-to-month,No,Yes,Female,1
67,59.8,4013.94,2.82,1,7.7,29.05,61,6-month,No,Yes,Male,0
34,50.67,1742.43,0.37,0,2.3,9.1,64,Month-to-month,No,Yes,Male,0
56,46.07,2681.93,2.53,4,1.5,12.71,54,Month-to-month,No,No,Male,0
26,52.77,1408.5,6.2,5,20.0,7.17,48,Month-to-month,Yes,Yes,Female,0
54,35.45,2164.44,0.54,3,8.8,10.66,52,Month-to-month,No,Yes,Male,1
16,37.19,633.07,2.7,7,1.4,17.16,54,Annual,No,No,Female,1
53,56.68,2913.01,2.99,0,9.6,22.46,44,Annual,No,Yes,Female,0
3,44.26,138.73,3.16,3,4.8,29.17,33,Month-to-month,No,Yes,Male,0
7,43.89,306.67,1.24,0,10.1,21.22,61,6-month,No,Yes,Female,0
25,52.81,1362.81,3.17,3,11.8,7.52,22,Month-to-month,No,No,Male,1
35,48.64,1729.93,1.81,5,8.3,18.05,29,Month-to-month,No,Yes,Male,1
51,51.75,2406.56,0.64,0,5.4,62.77,18,Month-to-month,No,No,Male,1
26,58.55,1468.26,3.74,1,6.8,4.62,34,Month-to-month,Yes,No,Female,0
1,55.73,56.16,3.36,4,10.3,23.83,19,Month-to-month,No,Yes,Female,0
23,47.99,1145.46,1.24,1,11.4,55.41,31,Month-to-month,No,No,Male,1
32,56.26,1701.12,1.79,1,3.5,16.21,56,Month-to-month,Yes,No,Male,0
39,54.49,2272.67,1.75,1,1.9,22.81,35,Month-to-month,Yes,No,Male,1
47,51.2,2514.73,0.36,4,2.5,15.31,28,Annual,Yes,No,Female,0
18,52.11,891.97,3.49,3,5.6,29.93,35,Month-to-month,No,Yes,Male,1
44,60.79,2674.1,3.54,4,11.1,20.82,55,Month-to-month,No,No,Male,0
46,60.72,2919.45,2.07,2,5.9,10.57,20,Month-to-month,No,No,Female,0
56,52.7,3126.84,2.46,1,2.2,7.76,22,Month-to-month,Yes,No,Female,0
38,61.77,2188.61,2.65,1,8.1,44.58,64,Month-to-month,Yes,No,Male,0
59,45.2,2580.08,2.82,2,6.4,5.81,61,Month-to-month,No,No,Male,0
16,38.73,651.8,0.75,1,11.6,34.82,67,6-month,No,Yes,Female,0
51,54.57,2625.16,3.13,3,3.0,7.43,51,6-month,No,Yes,Female,0
3,57.61,178.03,0.97,5,8.7,14.8,69,6-month,No,Yes,Male,0
7,45.96,321.61,3.39,6,8.0,93.83,38,6-month,No,No,Female,0
63,52.25,3257.91,1.12,0,9.9,2.76,32,Month-to-month,No,No,Female,1
34,70.44,2114.16,0.81,1,12.8,30.01,61,Month-to-month,No,No,Male,1
45,52.13,2470.96,2.46,1,1.0,54.01,69,Month-to-month,No,No,Male,0
44,77.35,3277.93,2.43,4,4.0,10.75,54,Month-to-month,No,No,Female,0
50,49.89,2420.18,2.63,2,6.0,27.02,70,Month-to-month,No,Yes,Male,0
17,44.88,781.37,1.34,2,3.9,21.04,62,Month-to-month,Yes,No,Male,1
13,50.47,656.3,2.76,4,7.5,23.86,30,6-month,No,No,Female,0
3,52.51,157.53,2.89,4,6.1,17.33,55,Month-to-month,No,Yes,Male,0
63,46.92,2934.1,4.02,2,2.2,10.36,34,Month-to-month,No,No,Female,0
16,46.34,720.8,2.74,1,10.2,52.19,20,6-month,No,No,Female,0
41,58.19,2311.54,1.72,5,2.8,39.41,36,Month-to-month,Yes,Yes,Female,0
33,39.45,1340.48,0.75,3,7.6,10.59,48,Annual,No,No,Male,0
11,28.53,299.01,0.51,7,2.5,23.95,23,Annual,Yes,Yes,Male,0
30,46.17,1339.92,2.92,5,7.5,20.6,46,Annual,No,Yes,Female,0
6,65.26,392.53,3.53,4,6.0,14.16,38,Month-to-month,No,Yes,Female,0
12,38.24,473.16,1.34,1,6.7,18.47,61,Month-to-month,No,No,Male,1
10,42.39,407.9,2.83,5,7.9,28.72,69,6-month,Yes,No,Female,0
60,52.26,3007.2,2.27,2,12.0,19.0,27,6-month,No,No,Female,0
41,49.15,1985.72,3.43,0,4.6,4.4,61,6-month,Yes,No,Male,0
67,51.25,3279.86,3.63,0,2.1,6.1,29,Month-to-month,Yes,No,Male,0
31,59.16,1822.43,0.0,7,5.6,33.5,41,Month-to-month,Yes,No,Male,1
14,55.28,687.0,3.84,6,12.2,2.63,23,Month-to-month,Yes,No,Male,0
44,67.96,3214.49,2.83,4,0.5,19.9,45,Month-to-month,No,Yes,Male,0
67,39.15,2613.61,1.81,2,2.0,27.23,41,Month-to-month,Yes,Yes,Male,0
38,36.5,1262.6,1.85,3,5.8,20.91,41,Annual,Yes,No,Female,0
1,53.01,51.46,2.54,3,13.0,4.45,18,Month-to-month,Yes,No,Female,1
22,57.58,1270.04,1.85,6,4.2,1.01,42,6-month,No,No,Male,0
67,49.49,3294.17,1.28,2,5.6,2.85,50,Annual,Yes,No,Male,0
37,55.24,1907.11,1.58,1,3.8,21.8,20,Month-to-month,Yes,Yes,Male,0
69,53.97,3952.41,1.15,0,4.7,1.13,26,Month-to-month,No,Yes,Male,0
37,62.26,2401.07,4.25,3,10.5,13.99,34,6-month,No,Yes,Female,0
0,42.2,39.41,2.57,3,11.7,33.91,26,Month-to-month,Yes,Yes,Female,1
63,49.2,3148.14,5.43,5,11.0,36.13,60,Month-to-month,No,No,Female,0
55,46.69,2447.85,2.98,3,9.9,13.74,23,Annual,No,Yes,Male,0
52,33.1,1602.61,3.27,3,2.6,29.21,34,6-month,No,No,Male,0
70,43.2,2882.51,1.12,2,18.4,7.15,42,Annual,Yes,No,Female,0
14,44.33,642.82,2.22,1,17.3,32.62,18,Annual,No,Yes,Female,0
66,51.29,3209.86,2.59,2,6.0,29.93,29,Month-to-month,No,No,Female,0
16,51.27,830.17,1.67,6,12.7,15.2,20,6-month,No,No,Female,1
70,57.17,3709.98,1.9,2,0.8,7.62,19,6-month,Yes,Yes,Female,0
13,51.13,686.43,3.05,1,13.6,13.87,46,6-month,No,No,Female,0
40,41.8,1644.96,3.07,2,7.4,18.97,29,6-month,No,Yes,Male,0
57,52.75,3064.92,0.76,2,2.9,39.96,38,6-month,No,Yes,Female,1
5,55.93,261.91,2.87,4,14.0,11.29,56,Annual,No,No,Female,0
4,75.68,334.64,3.22,3,1.0,29.06,68,Month-to-month,No,No,Female,0
62,51.78,3514.54,1.73,2,11.0,11.55,18,6-month,No,Yes,Male,0
4,80.91,281.88,1.6,2,13.9,28.41,55,Month-to-month,No,No,Male,1
44,43.16,2017.46,3.07,3,15.5,9.39,31,6-month,No,No,Female,0
68,46.58,3187.86,0.0,2,0.8,51.88,27,6-month,No,Yes,Male,0
44,59.31,2669.37,2.5,4,1.6,42.07,30,6-month,No,Yes,Male,0
35,52.81,1885.29,4.62,1,1.8,16.44,22,Month-to-month,No,Yes,Male,0
30,78.12,2448.37,0.0,2,10.3,3.24,31,Month-to-month,No,Yes,Female,1
46,52.19,2326.97,3.57,2,17.9,10.29,69,Month-to-month,No,No,Female,1
41,46.4,1757.7,3.21,2,8.8,21.86,29,Month-to-month,Yes,No,Male,0
36,46.02,1600.4,0.63,1,4.4,42.44,33,Month-to-month,No,Yes,Male,1
11,37.74,398.38,3.18,5,16.7,6.15,36,Annual,No,Yes,Male,0
48,64.97,3119.35,3.8,1,17.1,30.09,51,Month-to-month,No,No,Male,1
54,29.99,1617.36,0.97,4,19.0,21.28,58,Annual,No,Yes,Male,0
51,36.24,1799.78,1.58,3,2.8,11.46,44,Month-to-month,Yes,No,Female,0
5,46.98,226.64,2.53,7,2.1,16.96,51,6-month,No,Yes,Female,0
51,53.46,2816.94,3.77,2,1.4,7.26,37,6-month,No,No,Female,0
53,44.39,2226.53,1.8,3,2.1,26.84,35,6-month,No,Yes,Male,0
13,46.15,622.49,2.45,3,0.9,19.56,34,6-month,Yes,Yes,Male,0
61,52.96,3221.21,1.64,1,12.6,10.04,55,6-month,Yes,No,Female,0
38,41.47,1531.27,2.53,4,8.6,60.97,22,Annual,Yes,No,Female,0
34,43.41,1401.61,3.86,4,30.0,28.28,35,6-month,No,No,Female,0
52,54.82,3048.64,2.64,3,6.4,26.66,43,Month-to-month,Yes,Yes,Male,0
37,49.18,1660.77,2.04,2,7.0,16.41,43,Month-to-month,No,Yes,Female,1
39,54.47,2170.11,2.46,1,14.2,19.57,55,6-month,Yes,Yes,Male,0
22,40.14,876.98,1.46,3,4.7,5.47,49,Month-to-month,No,No,Female,1
67,40.1,2650.92,1.21,2,2.9,11.07,20,Month-to-month,No,Yes,Male,1
70,59.96,3926.1,4.06,3,8.3,33.06,47,6-month,Yes,Yes,Male,0
9,65.84,569.63,4.63,5,6.0,31.72,50,Month-to-month,No,Yes,Male,0
53,64.18,3796.36,0.17,4,8.0,5.55,37,6-month,No,No,Male,1
1,65.21,68.77,3.26,4,19.1,7.26,18,6-month,Yes,No,Female,0
26,51.65,1410.38,3.62,6,3.6,28.52,31,6-month,No,No,Male,1
70,54.66,3962.04,0.92,4,3.7,29.01,18,6-month,No,No,Male,0
12,39.7,482.67,1.89,10,11.7,7.81,52,Annual,No,Yes,Male,0
27,46.32,1341.27,1.75,3,3.8,33.37,39,6-month,No,Yes,Male,0
16,47.31,765.44,4.97,3,30.0,8.07,39,Annual,No,No,Male,0
53,69.02,4091.28,4.65,3,5.8,14.8,52,Month-to-month,No,No,Male,0
33,52.45,1842.11,1.3,2,8.6,15.95,48,6-month,Yes,No,Female,0
43,51.36,2249.14,0.6,2,14.3,31.76,59,6-month,No,No,Female,1
68,45.94,3227.82,3.5,4,7.3,38.73,39,Month-to-month,No,No,Female,0
38,53.79,2039.5,3.21,1,6.0,11.76,54,Month-to-month,No,No,Male,0
53,36.09,2080.94,4.12,1,13.1,25.3,59,6-month,No,Yes,Male,1
7,51.49,350.21,1.12,4,3.4,70.27,32,Month-to-month,Yes,No,Male,1
15,52.25,810.3,3.44,2,8.3,44.53,67,Annual,Yes,No,Male,0
69,49.19,3418.47,1.55,4,2.8,5.99,54,Month-to-month,No,Yes,Female,1
62,62.04,3697.59,3.31,5,12.3,17.75,68,Month-to-month,No,No,Male,0
47,51.34,2466.15,2.45,4,5.7,22.13,23,6-month,No,No,Female,0
27,51.73,1206.46,4.97,4,8.5,16.09,19,Month-to-month,No,No,Male,0
14,45.69,668.82,3.08,5,15.1,18.77,40,Month-to-month,Yes,No,Female,0
62,36.15,2417.33,2.09,8,3.1,29.99,43,6-month,No,No,Female,0
57,69.09,3838.12,2.68,1,9.6,38.15,70,Month-to-month,No,No,Male,0
17,43.6,728.55,2.37,5,12.4,35.56,37,Month-to-month,Yes,Yes,Male,1
43,38.23,1629.81,1.0,2,11.3,30.63,54,6-month,No,No,Female,0
45,55.97,2650.0,5.0,1,5.6,5.65,22,6-month,No,Yes,Male,0
34,55.45,2031.36,4.58,7,1.8,29.41,62,6-month,No,No,Male,0
67,47.68,3406.75,2.27,2,15.5,8.57,62,Month-to-month,No,No,Female,0
9,51.48,491.04,3.41,0,1.8,5.84,42,Month-to-month,No,No,Male,1
18,46.86,860.18,5.17,3,1.5,11.62,53,Annual,No,Yes,Male,0
6,43.24,233.51,4.11,3,6.6,4.05,49,6-month,Yes,No,Female,1
50,58.31,2888.24,2.1,2,3.9,9.37,48,Month-to-month,No,Yes,Female,0
47,38.48,1893.71,2.39,4,9.0,20.72,68,Annual,No,No,Male,0
72,76.73,5780.25,0.27,3,11.8,38.33,66,Month-to-month,No,No,Female,1
39,49.18,1900.61,3.51,5,5.6,32.77,29,6-month,No,Yes,Male,0
10,37.64,341.49,4.12,1,26.0,14.87,52,6-month,No,No,Female,1
32,35.35,1182.06,4.12,2,3.3,11.98,51,Annual,No,No,Female,0
6,46.98,269.7,3.41,4,1.2,2.16,66,Annual,Yes,No,Male,0
48,75.12,3450.58,2.96,5,6.5,54.17,28,Month-to-month,Yes,No,Female,1
49,51.0,2629.44,1.2,4,6.9,44.56,53,6-month,No,Yes,Male,1
62,49.95,3124.11,2.92,2,10.1,21.89,47,Month-to-month,No,No,Male,0
24,65.58,1645.97,1.68,2,4.9,36.9,22,6-month,No,No,Male,0
22,39.68,813.31,3.18,2,1.7,19.1,27,6-month,No,No,Female,0
5,55.03,274.1,1.51,9,7.2,5.51,18,Month-to-month,No,No,Male,1
30,61.76,1700.46,3.17,3,9.0,3.23,33,Month-to-month,No,Yes,Female,1
34,66.13,2364.79,4.22,4,7.6,21.13,64,Month-to-month,No,Yes,Male,0
55,63.95,3662.47,2.99,6,9.2,66.86,31,Month-to-month,Yes,No,Male,0
55,55.75,2919.79,2.93,1,8.3,0.11,46,Month-to-month,No,Yes,Female,0
10,34.34,339.42,3.69,5,7.6,21.72,41,Annual,No,No,Female,0
20,51.35,1058.73,4.8,4,4.4,17.64,35,Month-to-month,No,Yes,Female,0
37,37.3,1311.99,2.36,6,4.1,24.53,35,6-month,No,Yes,Male,0
24,51.87,1137.89,3.18,2,19.9,16.9,49,Annual,Yes,No,Female,0
1,48.47,48.38,4.46,2,3.0,77.06,58,6-month,Yes,No,Female,0
61,54.23,3436.23,3.37,3,20.1,2.55,41,Month-to-month,No,Yes,Female,0
53,48.48,2442.02,0.0,3,3.7,10.7,18,Annual,Yes,No,Male,0
37,55.58,2194.71,1.57,4,16.9,14.62,33,6-month,Yes,No,Male,1
23,48.21,1131.23,3.48,5,12.2,3.93,30,6-month,No,Yes,Male,0
61,42.74,2776.36,1.98,4,10.3,32.57,36,Annual,No,No,Female,0
2,46.53,88.19,4.37,4,0.3,12.02,55,6-month,No,Yes,Female,0
32,54.03,1642.11,4.92,2,4.3,9.97,51,Month-to-month,Yes,Yes,Female,0
58,41.55,2330.03,1.73,4,8.0,33.94,68,Annual,No,No,Female,0
69,58.39,4323.7,1.16,5,12.9,15.71,51,Month-to-month,No,No,Female,0
18,37.88,684.29,2.03,6,6.4,5.78,33,Annual,No,No,Female,0
47,40.41,1880.95,1.96,4,2.1,5.3,67,Month-to-month,No,Yes,Male,0
13,39.54,549.23,4.5,1,6.8,16.48,70,Month-to-month,Yes,No,Male,0
8,85.27,640.6,1.15,5,9.2,38.51,60,Month-to-month,No,No,Male,0
25,69.78,1767.49,3.47,0,5.7,8.15,23,Month-to-month,Yes,No,Female,0
64,52.37,3335.34,4.3,3,19.0,24.52,57,Annual,No,Yes,Female,0
50,48.25,2606.88,3.56,3,7.2,34.93,47,Month-to-month,No,No,Male,1
35,44.74,1640.18,3.07,3,13.5,29.74,60,6-month,Yes,No,Female,0
20,46.85,914.09,2.29,3,4.3,9.91,43,Month-to-month,Yes,No,Female,1
10,51.87,563.03,4.9,5,11.2,29.61,18,Annual,Yes,No,Male,0
19,49.11,941.7,2.18,1,3.7,33.41,69,Month-to-month,Yes,No,Male,0
11,68.26,772.75,3.73,1,11.5,3.59,69,Month-to-month,No,No,Female,1
13,63.41,840.79,2.29,6,5.6,8.95,54,Month-to-month,Yes,No,Female,1
50,54.93,2981.22,0.11,0,2.2,14.34,68,6-month,No,No,Female,0
9,36.9,292.0,2.15,3,4.9,9.95,30,Annual,No,No,Female,0
3,25.0,77.02,2.3,1,3.2,4.58,30,Annual,No,No,Male,0
39,49.29,2140.37,2.31,5,5.2,5.94,53,Month-to-month,No,Yes,Male,0
20,55.8,1045.57,1.64,8,2.2,13.31,62,Month-to-month,No,Yes,Male,1
33,59.02,1852.71,3.31,6,1.8,14.39,19,Month-to-month,Yes,No,Female,0
10,58.91,596.09,3.46,4,3.0,26.95,38,Month-to-month,No,No,Male,0
15,62.51,996.76,2.1,4,1.0,14.66,51,6-month,No,No,Male,1
32,48.46,1577.02,2.09,6,14.8,4.5,55,Month-to-month,No,Yes,Female,0
50,42.59,2106.69,1.13,3,6.7,32.31,37,6-month,No,Yes,Female,1
30,54.36,1630.01,2.83,3,7.3,13.68,32,Annual,No,No,Female,0
39,39.39,1508.3,4.29,2,5.4,21.59,40,Month-to-month,No,No,Male,0
38,53.85,1998.99,4.29,4,2.6,13.78,67,Month-to-month,No,No,Male,0
19,63.16,1118.47,1.72,1,9.2,8.77,51,Month-to-month,No,No,Female,1
20,41.2,911.57,5.09,2,8.4,13.27,65,Month-to-month,No,No,Male,0
31,57.73,1805.56,2.03,4,2.7,29.56,35,Month-to-month,No,Yes,Female,0
2,49.36,93.73,1.18,2,11.7,40.44,61,6-month,No,No,Male,0
50,36.63,1934.53,0.73,2,2.3,13.14,39,Month-to-month,No,Yes,Male,0
44,30.46,1183.97,1.1,2,7.1,21.9,21,6-month,No,Yes,Male,0
22,49.6,1020.81,2.93,1,13.0,2.88,67,Annual,No,Yes,Female,0
27,32.73,897.03,2.17,8,16.6,2.44,21,Annual,No,Yes,Male,0
23,46.3,1062.39,1.68,1,5.7,25.45,37,6-month,No,No,Female,0
47,61.58,2976.39,1.4,5,3.4,28.66,45,Month-to-month,No,No,Male,0
55,47.52,2494.32,1.09,2,1.5,7.5,64,Month-to-month,No,No,Male,0
7,61.91,424.02,1.34,3,5.0,8.81,64,Month-to-month,Yes,Yes,Female,1
30,43.49,1291.8,3.82,4,4.8,45.77,35,Annual,No,Yes,Male,0
1,32.23,30.91,4.84,2,13.5,20.59,29,Annual,No,No,Male,0
33,49.62,1545.81,4.92,4,7.2,11.56,44,Month-to-month,No,No,Male,0
18,55.03,1067.8,3.39,3,2.2,36.75,24,Month-to-month,Yes,No,Female,0
24,49.33,1121.67,1.86,3,11.5,6.03,26,Month-to-month,No,No,Male,0
33,52.76,1718.47,1.63,2,13.1,49.9,42,Month-to-month,No,No,Female,1
23,30.85,675.14,3.48,2,7.9,16.94,39,Annual,Yes,No,Male,0
28,59.91,1625.87,2.18,5,11.8,7.85,67,Month-to-month,No,No,Male,1
55,56.75,2894.85,3.04,5,6.5,52.98,34,Month-to-month,Yes,No,Female,1
59,38.83,2143.05,5.01,3,11.0,3.52,68,Month-to-month,Yes,Yes,Female,0
0,64.93,63.74,2.78,4,4.3,10.37,58,Month-to-month,No,Yes,Male,0
27,53.24,1413.34,5.46,0,17.0,41.61,67,Month-to-month,No,No,Male,1
61,47.96,2964.2,1.04,5,2.3,11.71,21,Annual,No,Yes,Male,0
38,62.65,2630.07,3.08,5,30.0,7.24,44,Month-to-month,Yes,Yes,Male,1
14,47.68,674.81,2.91,3,22.2,30.17,40,6-month,Yes,No,Female,0
43,66.65,2792.81,1.22,1,17.4,24.36,67,Month-to-month,No,No,Female,0
10,52.07,459.03,3.54,2,3.4,31.22,70,Month-to-month,Yes,No,Female,0
1,65.34,61.07,4.49,3,5.1,26.9,70,Month-to-month,Yes,Yes,Male,0
46,56.23,2813.89,5.36,3,4.5,35.93,55,Month-to-month,No,Yes,Female,0
37,60.08,2302.74,3.03,3,3.6,22.93,66,Month-to-month,Yes,No,Female,1
55,59.04,3297.81,0.03,4,4.3,19.25,49,Month-to-month,No,Yes,Female,0
25,48.6,1248.16,3.12,3,9.7,42.54,41,Annual,No,No,Female,0
62,37.38,2181.35,3.46,8,5.3,71.21,64,6-month,No,Yes,Female,0
30,34.81,1062.22,2.19,2,2.7,21.47,31,Annual,No,No,Male,0
53,48.59,2544.2,2.78,3,1.3,7.58,23,Month-to-month,No,No,Male,1
7,58.25,430.36,1.87,3,12.3,13.56,57,6-month,No,No,Male,1
7,47.41,329.27,2.33,0,7.6,4.7,55,6-month,No,No,Male,0
57,44.48,2432.06,3.82,2,6.8,47.79,31,Month-to-month,No,Yes,Male,1
60,33.72,2053.75,4.31,3,0.5,11.49,29,Month-to-month,No,Yes,Female,0
68,39.51,2625.91,0.85,1,2.8,11.17,36,Month-to-month,No,Yes,Male,0
23,65.74,1555.94,1.84,4,6.9,20.03,60,6-month,No,Yes,Male,0
1,48.43,48.47,0.44,3,9.3,7.68,46,Month-to-month,Yes,No,Male,1
71,74.03,5512.63,4.89,1,0.3,8.18,54,Month-to-month,No,Yes,Female,0
43,48.58,1990.1,3.63,2,6.7,4.58,63,Annual,Yes,No,Female,0
18,54.5,1057.3,0.0,2,8.1,5.47,20,Month-to-month,Yes,No,Female,1
55,25.0,1401.99,2.42,3,3.1,24.77,43,Annual,No,Yes,Female,0
65,44.68,2907.94,2.13,4,14.5,21.82,59,Annual,No,Yes,Male,0
20,41.6,873.39,1.52,0,2.1,10.9,22,Annual,No,No,Female,0
56,45.27,2623.27,3.85,3,8.2,79.93,44,6-month,No,No,Male,0
57,57.74,3397.83,3.82,2,4.6,18.47,48,Month-to-month,Yes,No,Male,0
36,65.06,2394.85,2.85,4,9.9,46.58,49,6-month,No,No,Female,0
46,49.9,2377.28,1.67,2,6.5,13.78,22,6-month,Yes,Yes,Female,0
19,51.65,969.27,1.68,4,13.6,2.83,26,6-month,Yes,No,Female,1
67,67.78,4674.89,2.56,3,2.7,58.98,30,Month-to-month,No,Yes,Female,1
71,71.32,4927.58,1.91,2,4.6,72.76,42,Month-to-month,Yes,No,Female,0
71,56.96,3884.63,2.49,4,10.1,52.85,23,Month-to-month,No,No,Female,1
53,51.97,2684.49,3.23,6,7.3,21.13,60,Month-to-month,No,Yes,Female,0
3,53.68,147.13,0.51,3,10.2,24.47,48,6-month,No,Yes,Male,0
26,48.76,1189.49,1.51,4,11.5,14.49,63,Annual,No,No,Female,0
32,54.12,1703.51,2.46,6,11.1,40.6,31,6-month,No,No,Female,1
70,55.91,3598.22,4.53,3,8.1,20.73,59,6-month,No,Yes,Male,0
39,46.37,1772.72,3.6,1,11.3,31.9,50,Month-to-month,No,No,Female,0
39,48.64,1975.92,2.5,5,6.1,5.01,58,Month-to-month,No,Yes,Female,1
10,47.86,470.75,3.02,3,9.6,11.29,53,Month-to-month,No,No,Female,0
57,69.17,3865.09,2.37,1,2.4,33.0,24,Month-to-month,No,Yes,Male,0
24,74.14,1764.19,3.9,4,7.5,7.32,43,Month-to-month,No,Yes,Male,1
6,56.15,292.64,3.06,2,7.8,12.44,31,Month-to-month,No,Yes,Female,1
72,52.32,3786.37,4.16,3,18.4,17.1,18,Month-to-month,No,Yes,Female,0
13,49.85,670.57,0.74,2,5.5,23.33,19,6-month,Yes,No,Male,0
1,55.02,57.59,1.45,4,1.9,8.62,19,Month-to-month,No,No,Male,1
5,49.5,241.39,2.86,3,1.8,33.45,29,Month-to-month,No,No,Male,1
33,54.03,1913.42,3.14,0,18.3,19.79,43,Month-to-month,Yes,Yes,Female,0
7,57.63,408.23,5.62,0,16.0,0.19,55,6-month,No,Yes,Female,0
61,60.95,3899.72,0.15,3,8.6,4.09,29,6-month,No,Yes,Female,0
37,53.1,1932.05,2.46,1,1.4,3.99,48,Month-to-month,No,No,Female,0
23,53.15,1310.59,2.4,0,8.7,5.81,43,Month-to-month,No,Yes,Female,1
0,52.07,50.76,2.81,3,9.2,31.34,52,Annual,No,No,Female,1
35,56.08,1997.57,4.75,4,6.8,3.86,48,6-month,No,Yes,Female,0
11,49.8,548.34,3.64,3,8.7,82.31,25,6-month,No,No,Male,0
71,37.29,2481.94,0.41,5,5.0,5.6,42,Month-to-month,No,No,Male,0
21,25.0,565.5,4.49,5,1.4,11.56,44,Annual,Yes,Yes,Male,0
34,40.2,1343.41,4.46,4,12.2,20.27,46,Annual,No,No,Female,0
1,61.1,57.39,2.84,3,8.4,7.7,39,Month-to-month,No,Yes,Female,1
9,47.11,406.2,0.4,5,16.0,11.65,69,6-month,No,Yes,Female,1
15,47.92,747.35,2.3,3,10.9,6.61,64,Month-to-month,No,No,Female,0
3,43.32,140.48,3.11,4,3.4,9.97,51,6-month,Yes,No,Female,0
52,44.68,2218.99,3.8,2,1.1,7.67,19,Month-to-month,No,Yes,Female,0
69,52.53,3705.25,0.2,7,9.0,18.36,28,Month-to-month,No,No,Female,0
71,26.03,1802.0,1.5,4,6.8,10.42,30,Annual,No,Yes,Male,0
19,41.15,690.0,3.93,4,7.2,1.27,26,Annual,No,Yes,Female,0
57,61.08,3604.63,4.45,7,8.5,72.68,31,Month-to-month,No,Yes,Male,0
36,50.64,1727.9,3.06,2,0.9,2.14,68,Annual,No,No,Male,0
3,51.14,158.72,3.99,4,6.0,25.76,48,Month-to-month,Yes,No,Male,0
6,66.67,411.04,3.09,2,3.4,7.58,69,Month-to-month,No,No,Male,0
39,58.97,2248.96,3.75,3,7.6,19.39,42,Annual,Yes,No,Male,0
30,46.71,1427.22,2.69,1,3.5,2.14,42,Month-to-month,Yes,No,Female,0
0,48.43,50.49,3.12,1,5.0,21.06,50,Month-to-month,No,Yes,Female,1
67,46.25,2834.26,0.91,2,4.7,29.68,63,6-month,No,Yes,Male,1
53,44.88,2415.84,3.44,3,5.0,17.64,18,Month-to-month,Yes,No,Female,0
36,65.57,2417.54,0.87,4,11.7,17.81,51,Month-to-month,No,No,Male,0
72,49.17,3502.04,3.44,1,4.7,6.38,60,Month-to-month,No,No,Female,0
70,50.71,3830.48,1.93,1,12.4,12.14,20,6-month,No,No,Female,0
71,31.68,2273.71,2.98,1,0.6,1.37,35,Month-to-month,Yes,No,Male,0
18,38.69,773.95,1.26,2,3.6,3.65,58,Month-to-month,Yes,No,Male,0
64,54.22,3725.2,1.85,3,0.9,34.43,38,6-month,No,Yes,Male,0
36,61.17,2404.75,2.98,2,10.5,101.79,37,Month-to-month,No,Yes,Male,1
53,42.03,2312.39,3.48,4,6.2,24.67,23,Month-to-month,No,Yes,Male,0
62,50.24,3297.38,3.92,2,5.4,18.68,48,6-month,Yes,Yes,Female,0
11,53.18,577.91,1.0,4,4.0,0.68,52,6-month,No,Yes,Male,1
32,43.04,1523.3,0.55,3,11.8,17.48,65,Month-to-month,Yes,Yes,Male,1
9,39.2,333.74,1.23,7,7.9,3.99,41,Annual,No,Yes,Male,1
20,50.57,1103.99,1.11,3,4.1,22.13,45,6-month,No,Yes,Male,0
30,60.73,1809.52,4.54,1,23.2,50.76,45,Month-to-month,Yes,Yes,Female,0
62,45.55,2634.27,4.24,3,4.9,6.64,49,6-month,Yes,No,Female,0
62,51.3,3281.23,1.2,3,1.4,15.17,23,6-month,No,No,Male,0
28,43.03,1200.99,4.72,3,13.5,15.67,60,6-month,Yes,Yes,Female,0
24,56.88,1410.08,4.16,4,4.2,16.61,21,6-month,No,Yes,Male,1
38,35.12,1466.68,0.38,4,3.0,23.3,60,6-month,No,Yes,Male,0
66,42.03,2615.72,1.16,4,10.1,6.73,49,Annual,No,Yes,Male,0
71,48.14,3686.92,0.34,5,8.5,3.81,51,6-month,Yes,Yes,Male,0
16,43.84,728.7,2.39,2,4.0,57.84,40,Annual,No,Yes,Male,0
13,41.76,566.76,2.52,5,3.8,21.92,19,6-month,No,Yes,Female,0
51,53.43,2484.07,2.52,5,11.4,42.83,24,Annual,No,No,Female,0
22,42.74,965.56,0.0,2,7.1,38.59,64,Annual,No,Yes,Male,0
14,40.16,594.25,0.64,2,11.4,6.85,38,Month-to-month,Yes,Yes,Female,0
2,59.73,131.71,2.84,0,6.0,26.21,51,Month-to-month,No,No,Male,0
29,53.09,1421.75,3.31,2,2.5,27.47,39,6-month,No,Yes,Female,0
28,50.81,1402.24,0.0,2,8.5,11.54,46,Month-to-month,No,No,Male,1
41,42.66,1994.04,0.83,2,9.3,7.25,41,6-month,No,No,Female,0
14,35.5,446.01,3.83,3,5.3,11.63,62,6-month,Yes,Yes,Male,0
52,46.07,2539.41,0.91,3,6.0,12.28,68,Annual,Yes,No,Female,0
49,44.03,2192.75,2.48,1,2.9,9.64,37,Month-to-month,No,Yes,Male,1
33,51.65,1651.82,0.78,3,1.7,5.42,52,6-month,No,Yes,Female,0
13,53.21,679.67,3.58,2,10.4,24.6,23,Month-to-month,No,Yes,Female,1
37,53.53,2237.88,0.0,4,2.4,3.89,70,Month-to-month,Yes,No,Female,1
49,61.92,3175.24,2.1,2,8.3,30.83,31,Month-to-month,No,No,Female,0
27,48.32,1298.52,3.72,5,12.0,76.84,20,Month-to-month,No,No,Male,0
19,50.32,921.27,3.29,2,9.4,17.86,66,Month-to-month,Yes,No,Female,0
36,58.45,2205.33,1.9,4,10.9,16.59,23,6-month,No,No,Female,0
25,64.66,1595.91,1.59,2,14.5,9.95,59,6-month,No,Yes,Female,0
29,57.21,1589.35,2.2,1,1.2,34.92,29,Month-to-month,No,No,Female,0
25,47.44,1176.28,0.82,4,9.4,13.49,43,Month-to-month,No,Yes,Female,1
22,63.55,1432.56,2.37,5,7.3,16.48,70,Month-to-month,No,No,Female,1
52,46.44,2399.41,2.39,2,7.2,22.44,61,Annual,Yes,No,Male,0
33,43.69,1574.9,1.96,2,9.4,5.98,21,Annual,No,Yes,Male,0
34,38.93,1380.98,3.8,1,1.9,5.89,64,Month-to-month,No,Yes,Female,0
47,53.97,2504.94,1.11,3,16.0,10.29,53,Month-to-month,Yes,Yes,Female,0
26,43.23,1171.66,0.28,2,8.7,8.97,60,Month-to-month,Yes,No,Female,1
7,42.44,293.23,1.82,2,1.1,53.0,37,6-month,No,Yes,Male,1
62,31.85,1961.67,2.66,5,10.0,17.09,70,Month-to-month,No,No,Female,1
4,39.59,158.72,2.36,2,1.2,4.73,39,Month-to-month,Yes,No,Female,0
41,66.89,2682.37,2.3,3,12.0,11.38,68,Month-to-month,Yes,Yes,Female,1
19,58.69,1180.21,1.04,4,11.9,27.22,62,Month-to-month,No,No,Male,1
15,51.46,814.6,1.22,5,2.4,46.42,47,Month-to-month,No,No,Female,1
3,45.91,131.28,1.87,5,1.4,123.17,29,Month-to-month,Yes,No,Female,0
65,49.19,3474.99,1.76,2,9.1,3.42,53,6-month,Yes,No,Male,1
31,57.0,1814.39,3.93,4,1.2,74.22,26,Month-to-month,No,No,Female,0
25,51.56,1154.29,2.84,4,5.3,21.46,70,Month-to-month,No,No,Male,1
54,37.28,2037.43,1.81,4,17.5,45.98,42,6-month,No,Yes,Male,0
2,53.15,109.74,3.92,4,5.7,9.41,66,Month-to-month,No,Yes,Female,1
41,53.8,2130.74,3.08,0,11.7,43.72,37,6-month,No,No,Female,0
36,29.33,1183.45,0.74,1,15.0,48.61,43,Annual,No,No,Male,0
40,51.39,1964.88,0.0,3,13.6,31.84,40,Month-to-month,Yes,Yes,Male,0
9,30.32,280.65,0.78,2,7.4,64.89,29,Annual,Yes,No,Female,0
69,47.19,3145.09,3.27,1,3.3,6.01,70,6-month,Yes,Yes,Male,0
17,47.22,777.3,3.66,3,15.0,9.79,26,6-month,Yes,No,Female,0
49,58.27,2872.43,0.34,5,0.4,12.87,63,Month-to-month,Yes,No,Female,0
54,70.15,3634.59,3.36,3,1.8,4.9,25,Month-to-month,No,Yes,Female,0
25,56.45,1386.96,3.31,2,7.2,27.52,24,Month-to-month,Yes,No,Female,0
9,36.94,321.43,4.31,2,17.1,30.01,19,Annual,No,No,Male,0
21,32.72,632.36,3.74,5,14.6,2.36,63,6-month,No,No,Female,0
58,65.84,3758.05,4.26,2,5.4,39.67,57,Month-to-month,No,No,Male,0
66,48.9,3564.7,3.13,4,12.0,31.56,58,Month-to-month,Yes,No,Female,0
68,52.93,3496.22,3.09,5,6.3,27.23,46,Month-to-month,No,Yes,Male,0
16,52.97,844.97,2.06,1,4.7,20.81,28,Month-to-month,No,No,Male,1
44,54.52,2410.58,3.57,3,9.4,73.55,42,6-month,No,No,Female,0
11,62.92,752.66,0.77,5,5.6,25.75,60,Month-to-month,Yes,Yes,Male,1
51,41.1,2142.6,2.32,2,8.9,10.97,18,6-month,No,No,Male,0
30,60.64,1737.2,3.2,1,12.8,8.75,49,6-month,No,Yes,Female,0
52,46.58,2215.38,4.33,7,10.3,44.87,43,6-month,Yes,Yes,Female,0
50,53.14,2532.7,1.88,3,2.3,9.85,26,Annual,Yes,Yes,Female,0
72,65.16,4720.24,3.76,4,3.8,25.65,18,Month-to-month,No,No,Female,0
35,56.01,1844.53,2.24,3,17.3,5.38,34,6-month,No,Yes,Male,0
24,54.68,1399.44,3.78,6,12.1,64.42,54,6-month,No,No,Female,0
38,62.13,2320.4,1.46,2,7.4,42.09,36,Month-to-month,Yes,No,Female,0
11,46.06,540.79,3.44,2,4.8,44.51,70,Month-to-month,Yes,No,Male,0
8,56.98,446.93,2.38,2,11.8,36.27,34,Month-to-month,No,No,Male,1
37,58.01,2056.34,0.96,2,4.3,18.02,65,Month-to-month,Yes,No,Male,0
60,41.7,2379.95,2.3,3,9.1,4.56,58,Month-to-month,Yes,Yes,Female,0
38,59.75,2327.46,4.22,3,6.0,5.21,28,Month-to-month,Yes,Yes,Female,0
57,40.02,2426.5,1.18,0,7.6,33.57,31,6-month,No,No,Female,0
12,50.72,622.27,0.57,5,5.3,15.1,51,Month-to-month,No,Yes,Male,1
32,55.4,1665.96,3.02,3,10.8,18.68,23,Month-to-month,No,Yes,Female,1
44,47.69,2107.05,0.32,4,0.7,21.02,32,Month-to-month,Yes,Yes,Male,1
25,55.83,1383.34,4.53,3,2.2,1.68,50,Month-to-month,No,No,Female,0
1,35.58,31.73,4.5,3,5.4,30.23,46,Annual,No,No,Female,0
5,46.8,234.46,3.85,4,7.0,15.47,45,Month-to-month,No,No,Male,1
67,60.68,4245.57,2.49,3,15.6,56.44,42,Month-to-month,Yes,No,Male,0
44,47.36,2253.68,4.66,0,12.5,15.51,21,Month-to-month,Yes,No,Female,0
19,77.88,1540.31,4.25,1,1.6,40.87,31,Month-to-month,No,Yes,Female,0
18,40.97,678.69,1.81,1,7.7,38.31,70,6-month,Yes,No,Female,0
2,50.8,97.18,4.37,3,6.9,18.31,46,6-month,Yes,No,Female,1
68,45.16,3215.64,1.31,4,1.2,6.31,35,Month-to-month,No,No,Male,0
7,41.21,272.01,2.24,5,9.1,26.83,53,6-month,No,No,Male,0
55,50.91,2884.7,0.17,0,7.8,34.47,44,Month-to-month,No,No,Male,1
17,28.54,473.39,2.69,3,12.7,77.04,54,Annual,Yes,No,Male,0
24,40.06,958.39,2.12,0,7.1,37.36,55,6-month,No,No,Male,0
19,50.84,911.94,1.91,1,3.4,22.69,27,Month-to-month,No,Yes,Male,1
60,48.44,2957.25,2.28,2,7.1,24.73,28,6-month,No,No,Female,0
2,51.39,100.59,1.75,3,2.3,25.25,19,Annual,Yes,Yes,Male,0
25,57.74,1571.36,2.55,3,5.5,35.4,48,Month-to-month,Yes,No,Female,0
20,44.58,871.3,4.17,1,3.0,12.65,60,Annual,No,No,Male,0
19,44.55,946.08,1.12,3,15.3,22.37,48,Annual,Yes,No,Male,0
14,46.82,672.1,3.62,2,6.1,2.26,52,Month-to-month,Yes,Yes,Male,1
66,50.83,3321.86,2.78,2,3.0,7.47,54,6-month,No,No,Female,0
27,41.72,1087.53,2.99,1,18.1,24.69,42,6-month,No,No,Male,0
30,72.98,2168.92,2.46,3,6.6,47.83,58,Month-to-month,No,No,Female,1
28,67.89,1859.26,1.57,2,3.5,21.82,51,Month-to-month,No,No,Male,0
71,57.09,4054.33,3.08,1,5.0,38.25,37,Annual,Yes,Yes,Female,0
24,38.18,905.19,3.17,3,11.1,39.58,64,6-month,No,No,Male,0
24,46.71,1209.13,1.46,2,9.2,37.03,47,Month-to-month,No,No,Male,0
23,47.17,1124.59,0.76,1,7.6,3.99,37,Month-to-month,No,No,Male,1
23,69.93,1688.43,2.61,1,2.1,10.8,33,Month-to-month,No,No,Female,1
6,27.16,172.61,3.48,4,17.3,48.35,41,Annual,Yes,No,Male,0
44,48.07,2070.08,3.81,0,12.3,17.49,48,6-month,No,Yes,Male,0
1,62.74,58.86,4.06,5,23.9,19.61,45,Month-to-month,No,Yes,Male,0
16,44.85,731.87,2.98,2,6.2,22.25,49,Annual,No,No,Male,0
14,43.82,614.04,2.16,2,6.5,58.25,54,Annual,Yes,Yes,Male,0
21,44.03,918.13,2.5,2,0.7,8.94,57,Month-to-month,No,Yes,Female,0
55,52.06,3202.62,0.88,6,5.5,35.63,44,Month-to-month,No,No,Female,1
43,53.01,2347.99,1.61,5,1.4,24.08,66,6-month,No,Yes,Male,0
72,48.62,3320.84,2.43,3,5.1,21.45,55,Month-to-month,No,No,Male,0
25,57.26,1451.89,2.15,3,14.1,11.67,44,Month-to-month,Yes,No,Male,1
67,57.46,3940.18,2.62,2,9.1,30.16,32,6-month,No,Yes,Male,0
3,35.6,103.04,0.71,2,14.9,16.93,20,Annual,No,Yes,Male,1
36,58.71,2197.28,1.0,5,11.7,51.59,24,Month-to-month,No,Yes,Male,1
58,41.79,2286.43,3.51,4,5.4,36.21,51,Annual,No,Yes,Female,0
38,40.19,1465.76,1.42,3,2.4,31.61,21,Annual,Yes,No,Male,0
68,52.94,3545.69,1.62,3,12.1,43.5,18,Month-to-month,No,No,Female,0
22,50.16,1080.78,2.62,6,6.2,9.45,22,Month-to-month,No,No,Male,1
2,39.31,79.08,1.29,6,13.5,65.85,53,6-month,No,Yes,Male,0
56,41.03,2211.83,3.94,1,8.0,24.74,19,6-month,No,No,Male,0
4,73.71,300.75,0.87,2,9.2,18.38,62,Month-to-month,Yes,Yes,Female,1
55,55.01,3076.22,2.5,1,11.5,44.24,70,6-month,No,Yes,Male,0
53,37.91,1686.07,1.53,4,16.0,9.36,58,6-month,No,No,Female,0
61,44.46,2893.27,2.7,8,6.0,20.71,58,6-month,Yes,No,Male,0
34,51.25,1785.96,1.85,2,6.1,19.36,47,6-month,Yes,No,Female,0
65,57.84,3726.4,2.47,4,11.1,14.95,46,Month-to-month,No,No,Female,1
12,48.94,562.94,4.09,2,3.5,36.81,28,Month-to-month,No,No,Female,1
31,67.81,2175.17,1.61,3,10.6,30.6,31,Month-to-month,No,No,Female,1
8,43.46,336.69,1.6,1,11.7,17.62,30,Annual,No,No,Female,1
55,41.02,2207.36,2.09,4,25.9,49.56,56,Annual,Yes,Yes,Male,0
52,42.12,2157.36,4.42,6,10.2,24.55,61,6-month,No,Yes,Female,0
58,52.07,2961.98,2.38,5,15.2,28.71,70,Month-to-month,Yes,Yes,Male,0
55,47.95,2603.0,4.1,3,5.3,31.81,40,6-month,No,No,Male,0
22,56.68,1143.44,2.27,5,4.9,7.18,37,Month-to-month,No,Yes,Female,1
4,77.71,317.39,4.05,4,6.5,18.1,22,Month-to-month,No,No,Female,0
67,52.31,3360.44,3.03,4,4.2,15.38,38,Month-to-month,No,No,Female,0
35,32.41,1125.76,3.22,1,10.5,12.84,45,Annual,No,No,Female,0
6,74.05,433.33,0.63,3,3.3,14.5,63,Month-to-month,No,No,Female,1
67,44.72,2993.16,0.44,2,3.1,82.68,22,6-month,Yes,No,Female,0
72,44.25,3157.51,3.89,3,2.9,11.68,38,Annual,Yes,No,Male,0
32,56.44,1767.98,3.88,2,9.2,44.79,58,6-month,Yes,No,Male,0
56,63.13,3559.77,5.65,3,3.1,29.42,64,Month-to-month,No,No,Female,0
2,48.11,100.45,0.57,6,3.1,23.52,53,Annual,Yes,No,Male,0
6,46.82,285.21,3.13,4,3.2,14.07,27,6-month,No,Yes,Male,0
20,60.27,1269.34,1.17,1,0.7,3.24,47,Month-to-month,No,No,Male,1
47,41.83,2086.84,1.54,2,4.7,11.32,66,6-month,No,No,Male,0
9,36.81,323.82,1.85,2,10.7,14.31,57,Annual,No,Yes,Male,0
2,58.64,126.79,3.0,5,9.8,18.63,25,Month-to-month,No,No,Female,0
48,68.59,3226.72,1.64,3,10.1,51.91,35,Month-to-month,Yes,Yes,Male,1
56,60.39,3163.25,2.54,2,11.7,16.47,56,Month-to-month,No,No,Male,0
53,50.4,2700.4,3.58,2,10.8,0.18,56,Month-to-month,No,Yes,Female,1
58,31.55,1881.47,3.97,2,5.3,36.84,34,6-month,No,No,Female,0
58,49.31,3141.22,3.4,5,11.0,28.8,66,Month-to-month,Yes,Yes,Male,0
43,54.6,2448.41,3.09,2,2.8,24.59,60,Month-to-month,No,No,Female,1
37,56.75,2234.48,2.32,2,7.5,38.01,38,Month-to-month,No,No,Male,0
62,33.65,2217.63,1.76,8,2.9,22.54,26,Month-to-month,No,Yes,Male,0
25,52.8,1281.85,3.2,4,4.3,43.16,48,Month-to-month,No,No,Male,1
7,66.71,479.39,1.13,2,15.9,39.11,51,6-month,No,No,Female,1
54,60.48,3164.79,2.65,5,5.4,29.56,19,Month-to-month,Yes,Yes,Female,0
20,71.27,1433.15,1.1,6,4.3,60.87,44,Month-to-month,No,No,Male,0
71,41.14,2930.99,2.45,1,12.7,21.22,69,Annual,No,No,Female,0
30,30.43,928.48,1.13,4,3.9,12.59,33,Annual,No,No,Female,0
62,36.82,2469.62,1.98,2,9.6,30.39,68,Month-to-month,Yes,Yes,Female,0
3,61.87,198.11,1.62,1,8.0,8.53,43,Month-to-month,Yes,Yes,Female,1
48,46.31,2224.11,1.46,3,6.4,5.88,61,Month-to-month,No,No,Male,0
32,63.67,2001.26,2.39,2,3.6,12.64,68,Month-to-month,No,No,Female,1
33,68.97,2414.68,0.0,6,18.9,21.42,62,Month-to-month,No,Yes,Male,0
19,38.41,738.56,0.16,2,4.1,9.76,58,Annual,No,Yes,Female,1
70,45.16,3371.3,3.54,0,16.5,19.63,66,6-month,Yes,No,Female,0
28,67.93,1680.44,2.69,3,10.1,2.74,21,Month-to-month,No,Yes,Male,0
62,53.61,3329.94,1.56,1,12.6,29.51,33,Annual,Yes,Yes,Male,0
31,34.04,1123.32,3.77,7,7.9,20.43,69,Month-to-month,No,No,Male,1
3,46.46,130.95,1.67,2,19.3,26.94,37,Month-to-month,No,Yes,Male,1
64,42.2,2501.71,1.75,3,22.7,16.75,56,Month-to-month,No,Yes,Male,1
13,60.23,726.93,1.48,1,5.8,5.98,35,Month-to-month,No,No,Male,1
19,35.39,676.78,4.98,2,4.3,13.85,31,Annual,No,Yes,Female,0
62,28.02,1678.32,2.81,0,7.4,68.89,22,Month-to-month,No,No,Female,1
65,45.55,3020.18,2.75,6,5.6,6.16,68,6-month,No,Yes,Male,0
66,63.01,4360.88,3.11,5,14.8,28.73,21,Month-to-month,No,No,Male,0
31,38.14,1144.13,0.09,1,10.5,49.31,44,Annual,No,Yes,Female,1
55,33.72,1903.77,1.73,0,2.6,4.04,29,6-month,No,No,Male,0
23,51.35,1186.3,3.09,2,2.5,45.02,46,Month-to-month,No,No,Male,0
54,44.41,2156.98,2.49,5,8.3,35.06,50,Month-to-month,Yes,No,Male,0
36,40.02,1371.42,5.37,1,14.8,8.24,31,Annual,No,Yes,Female,0
3,55.52,170.91,1.8,2,3.7,3.66,31,Month-to-month,Yes,No,Male,1
30,61.15,1890.08,3.73,4,9.9,59.58,70,Month-to-month,No,Yes,Male,0
34,47.32,1496.21,3.55,1,11.7,6.36,43,Annual,No,No,Female,0
18,55.86,998.83,2.69,5,10.3,11.1,34,Month-to-month,Yes,Yes,Female,1
27,65.95,1589.14,2.92,5,2.1,83.8,44,Month-to-month,No,Yes,Male,0
36,51.25,1842.8,2.12,0,5.1,14.42,52,Month-to-month,Yes,No,Female,0
3,40.56,125.33,0.0,3,5.2,3.22,22,Month-to-month,Yes,Yes,Male,1
11,59.77,605.75,2.95,3,11.7,2.21,48,Month-to-month,No,Yes,Female,1
55,56.26,2937.81,3.06,2,4.7,18.25,44,Month-to-month,No,Yes,Male,0
25,59.97,1398.31,3.26,3,2.6,15.67,55,Month-to-month,No,No,Female,0
44,42.36,1880.52,2.58,2,11.2,6.88,62,Month-to-month,No,No,Female,0
41,72.91,3104.35,3.76,2,3.3,2.13,21,Month-to-month,No,No,Female,0
40,41.52,1798.47,1.37,3,1.5,18.08,19,Annual,No,No,Male,0
30,59.26,1643.08,4.41,5,5.0,3.69,44,6-month,No,Yes,Male,0
35,45.65,1594.5,1.22,1,1.7,10.58,47,Month-to-month,No,Yes,Female,1
60,65.77,4143.52,2.36,3,1.2,8.88,30,Month-to-month,Yes,Yes,Male,0
70,49.42,3510.11,3.39,6,0.6,7.9,31,6-month,No,No,Female,0
18,77.61,1300.68,1.83,4,9.4,4.31,24,Month-to-month,No,No,Female,1
48,48.87,2324.11,3.47,2,7.0,4.24,60,Month-to-month,No,No,Female,0
70,59.54,4378.15,2.05,3,25.4,30.04,45,6-month,Yes,Yes,Male,0
0,53.16,53.21,2.65,2,4.3,26.25,58,Month-to-month,No,No,Female,1
57,49.11,2894.3,2.26,2,17.8,0.98,42,6-month,Yes,Yes,Female,1
36,56.65,2135.58,1.75,3,9.8,42.81,29,Annual,Yes,Yes,Female,0
70,42.59,2771.8,5.43,0,4.6,6.94,42,Annual,Yes,Yes,Male,0
42,63.05,2539.13,1.41,3,2.8,6.09,19,Month-to-month,No,No,Male,1
61,61.62,3625.74,0.0,5,8.2,11.57,38,Month-to-month,No,No,Male,0
12,66.01,787.85,1.46,0,3.2,9.21,58,Month-to-month,No,No,Male,0
10,36.66,365.18,2.67,0,8.1,46.44,34,6-month,No,No,Female,0
67,37.99,2659.0,2.01,2,3.1,20.1,69,Annual,Yes,Yes,Male,0
38,37.2,1359.02,3.82,2,2.4,7.56,19,Annual,No,No,Female,0
40,47.95,2059.97,3.78,5,1.1,15.63,32,Month-to-month,Yes,No,Female,0
12,49.72,638.94,2.09,4,7.7,1.94,49,Annual,No,No,Male,0
16,52.81,882.79,0.31,1,6.5,15.22,33,Month-to-month,Yes,No,Female,1
59,27.59,1766.65,0.83,2,2.3,3.8,66,Annual,No,Yes,Female,0
22,55.85,1217.53,2.46,3,6.0,38.5,22,Month-to-month,Yes,No,Female,1
42,47.12,1831.87,0.47,1,1.7,23.5,44,Month-to-month,Yes,No,Female,0
23,52.39,1127.42,2.02,3,6.9,14.21,35,Month-to-month,Yes,Yes,Male,1
19,29.9,573.57,4.35,2,6.1,39.57,33,Annual,No,Yes,Male,0
12,53.97,635.11,2.95,3,10.9,19.66,21,Month-to-month,Yes,No,Female,1
67,70.73,4565.79,2.56,6,1.6,45.46,34,Month-to-month,No,No,Female,0
68,65.1,4605.95,1.15,4,0.5,18.86,20,Month-to-month,No,No,Male,0
8,57.9,460.1,2.74,4,16.8,24.76,31,Month-to-month,No,No,Male,1
25,63.01,1471.26,2.16,3,8.8,33.32,62,Annual,Yes,No,Male,0
41,46.76,1803.36,2.81,2,3.8,33.25,41,Month-to-month,No,No,Male,0
27,74.74,2118.82,3.45,6,15.9,3.23,32,Month-to-month,No,Yes,Female,1
52,47.97,2314.95,3.67,3,25.0,7.52,20,6-month,No,Yes,Male,0
18,56.14,943.57,2.67,0,9.2,7.72,33,Month-to-month,No,No,Male,0
4,58.61,248.0,3.17,8,6.0,21.68,30,Month-to-month,Yes,Yes,Female,0
24,51.89,1292.47,1.83,4,2.1,11.52,42,Month-to-month,No,No,Female,0
43,44.98,2076.07,3.97,0,4.8,2.26,67,Month-to-month,No,No,Male,0
13,47.15,638.38,1.35,1,2.1,7.05,20,Month-to-month,No,Yes,Female,0
59,49.53,3010.39,2.23,5,9.1,6.34,42,Month-to-month,No,No,Female,0
0,47.91,48.51,4.11,6,30.0,65.73,42,Month-to-month,No,No,Female,0
4,41.03,166.3,1.87,1,9.8,54.36,20,6-month,Yes,No,Female,0
37,41.37,1613.63,0.76,4,15.9,34.09,31,Annual,No,Yes,Female,0
37,48.77,1726.18,1.97,0,5.8,13.49,18,Annual,No,No,Male,1
21,56.07,1161.69,4.31,2,8.9,27.3,55,Month-to-month,No,No,Male,0
18,61.68,1050.45,0.0,4,5.2,29.16,69,Month-to-month,Yes,Yes,Female,1
5,48.32,244.25,2.63,2,1.5,7.42,20,Annual,No,No,Male,0
48,48.76,2420.54,1.68,3,0.8,16.1,59,6-month,No,No,Male,0
27,42.29,1169.38,2.28,5,28.3,7.61,46,Month-to-month,No,No,Male,1
8,66.71,506.89,2.05,2,4.1,2.09,32,Month-to-month,No,No,Female,1
29,54.91,1681.91,3.75,3,5.9,21.68,51,Month-to-month,No,No,Female,1
68,54.52,3591.1,2.57,3,0.8,28.58,35,Month-to-month,No,No,Male,0
19,48.07,901.26,3.81,2,5.3,13.3,70,Month-to-month,No,Yes,Male,1
65,42.72,2912.11,4.17,3,11.3,45.4,58,Month-to-month,No,No,Male,0
18,46.08,832.08,2.54,7,10.6,28.84,31,Annual,No,Yes,Female,0
13,52.29,672.06,2.03,0,7.0,5.62,51,6-month,No,Yes,Male,0
19,48.51,1037.64,2.99,5,11.8,13.04,66,6-month,Yes,No,Female,0
23,45.39,1060.83,3.24,2,4.2,2.98,52,Month-to-month,Yes,Yes,Male,0
8,50.04,401.09,1.0,1,16.3,37.87,53,6-month,Yes,No,Male,0
42,42.9,1779.32,2.81,5,30.0,32.62,37,6-month,Yes,Yes,Female,1
24,51.15,1204.26,2.17,7,14.5,21.15,51,Month-to-month,Yes,No,Female,1
52,45.18,2357.01,1.95,4,6.0,22.49,62,6-month,No,No,Male,0
35,58.26,1960.3,1.6,5,3.4,22.01,21,6-month,No,No,Male,0
32,42.17,1294.6,1.69,3,2.2,26.54,55,Annual,No,No,Male,0
34,67.49,2248.56,4.13,2,6.7,27.17,29,Month-to-month,Yes,Yes,Male,0
11,44.89,511.06,2.03,2,2.2,7.37,56,Annual,No,No,Female,0
52,38.75,2117.69,3.99,5,8.1,3.02,45,Month-to-month,No,No,Female,0
7,46.44,296.33,2.67,3,6.2,32.98,28,Month-to-month,No,Yes,Male,1
52,61.98,3270.15,1.03,6,3.4,40.09,70,Month-to-month,Yes,Yes,Male,1
72,50.46,3602.17,2.75,1,7.3,40.39,34,Month-to-month,No,No,Female,0
55,63.61,3945.14,0.96,2,7.9,51.41,61,Month-to-month,No,No,Male,1
33,57.07,1860.03,3.29,4,9.8,49.72,37,Month-to-month,No,Yes,Female,0
22,56.61,1174.73,2.23,1,6.5,31.51,25,6-month,No,Yes,Female,0
63,65.43,4281.13,3.61,4,9.2,9.14,34,Month-to-month,No,No,Male,0
18,51.63,963.68,4.36,6,15.4,2.83,69,Annual,No,Yes,Female,0
35,50.88,1760.92,0.24,4,2.4,11.35,28,Month-to-month,No,Yes,Male,1
56,46.76,2677.27,1.9,0,2.2,1.59,61,6-month,No,No,Female,1
67,44.44,3146.07,0.93,2,11.5,40.84,53,Annual,Yes,No,Male,0
67,42.56,3036.14,5.31,4,4.1,3.62,40,Annual,No,No,Male,0
6,47.85,295.06,1.93,2,15.7,18.72,52,6-month,Yes,No,Female,0
65,49.73,3128.17,0.79,4,13.2,17.55,48,6-month,Yes,Yes,Male,0
8,51.55,385.93,5.41,1,16.0,40.72,47,Month-to-month,No,No,Female,0
42,68.05,2764.58,1.56,4,1.4,25.93,55,Month-to-month,No,No,Female,0
67,48.7,3422.04,0.39,4,6.2,9.74,50,Month-to-month,Yes,Yes,Male,1
47,36.62,1769.02,0.99,2,9.3,19.41,20,Month-to-month,Yes,No,Male,0
69,65.07,4080.81,2.69,4,2.7,18.36,69,Month-to-month,No,No,Female,1
25,42.21,951.73,2.56,2,6.0,5.69,70,Month-to-month,No,No,Male,1
22,37.33,715.49,1.41,3,8.5,14.58,21,Annual,Yes,Yes,Female,0
23,64.55,1519.13,1.87,2,3.6,36.21,18,Annual,Yes,Yes,Male,0
25,44.88,1102.1,2.57,2,2.7,20.53,53,Annual,No,Yes,Male,0
49,50.88,2447.82,4.22,1,5.0,13.75,63,6-month,No,No,Female,0
33,60.81,2001.6,2.93,1,16.6,21.26,60,Month-to-month,No,No,Male,0
53,60.5,3137.54,1.77,4,9.7,3.93,49,Month-to-month,Yes,No,Female,1
30,43.42,1266.74,2.2,3,7.7,40.33,41,6-month,No,No,Female,0
22,30.43,717.25,3.5,5,12.6,64.92,66,6-month,Yes,Yes,Female,0
13,39.94,540.37,4.68,5,6.4,1.64,34,Month-to-month,Yes,No,Male,0
40,70.62,2957.64,1.06,2,4.4,19.16,64,Month-to-month,No,No,Female,1
65,40.97,2869.23,3.95,2,2.9,2.64,47,Month-to-month,No,No,Female,1
62,51.54,3373.21,2.09,1,5.6,18.71,46,Month-to-month,Yes,Yes,Male,0
18,41.81,714.88,0.39,5,10.9,21.5,58,Month-to-month,No,No,Male,1
34,47.7,1669.42,0.13,4,0.4,28.45,48,Month-to-month,No,Yes,Female,1
51,51.01,2363.59,4.23,1,4.5,18.53,63,6-month,No,Yes,Male,0
44,32.55,1376.79,4.39,7,5.9,52.61,64,Annual,No,No,Male,0
4,66.44,278.74,1.76,4,4.4,26.94,53,Month-to-month,Yes,No,Male,0
43,57.48,2394.94,2.22,3,12.9,9.13,36,6-month,No,No,Male,0
2,30.68,62.73,0.18,5,9.3,11.07,52,Annual,No,No,Male,0
8,53.66,464.42,3.49,1,4.7,10.53,70,Month-to-month,No,No,Male,1
47,47.43,2222.0,2.46,2,12.2,5.74,65,6-month,Yes,No,Male,0
7,64.09,442.66,0.48,7,1.8,18.55,64,Month-to-month,No,Yes,Male,1
24,66.11,1564.34,2.77,3,9.5,11.21,46,6-month,No,No,Female,0
42,48.19,1985.04,0.69,3,3.2,31.99,68,Month-to-month,No,Yes,Male,0
47,36.96,1697.0,3.22,2,10.1,21.87,37,Annual,Yes,Yes,Female,0
32,43.52,1384.46,1.09,1,8.0,78.61,57,Annual,Yes,Yes,Female,0
6,44.5,271.72,2.94,3,8.2,7.69,27,Month-to-month,No,Yes,Female,1
58,62.49,3576.62,1.65,2,8.4,36.05,33,Month-to-month,No,No,Male,0
69,46.09,3137.26,0.0,2,5.8,8.96,25,Month-to-month,No,No,Male,1
64,50.79,3262.86,3.8,1,8.0,12.72,37,6-month,Yes,Yes,Female,0
54,51.54,2625.2,3.87,3,2.2,4.01,37,6-month,No,Yes,Female,0
29,43.68,1254.07,1.82,3,5.9,13.8,31,Month-to-month,No,No,Female,1
63,53.94,3512.16,2.86,5,2.1,6.26,19,Annual,No,Yes,Male,0
35,49.54,1632.62,3.07,2,19.6,93.43,36,Month-to-month,Yes,No,Female,1
9,56.6,522.16,3.11,4,3.2,22.47,51,Month-to-month,No,No,Female,1
62,52.96,3399.73,4.74,1,17.4,27.42,63,Month-to-month,Yes,No,Male,0
23,43.55,1092.29,3.04,5,13.5,11.62,64,Month-to-month,No,No,Female,1
68,41.06,2838.86,2.04,1,5.0,71.04,37,Month-to-month,Yes,No,Female,0
26,60.49,1514.46,3.06,5,3.8,39.16,52,Month-to-month,No,No,Male,0
63,57.86,3635.66,1.94,4,5.5,24.75,22,Month-to-month,Yes,No,Female,0
39,37.21,1413.45,1.11,1,23.8,11.61,69,Annual,No,Yes,Female,1
34,57.71,1943.78,4.09,2,4.7,58.32,33,Month-to-month,Yes,No,Female,0
21,34.67,680.56,3.19,3,15.3,22.69,66,Annual,No,Yes,Female,0
61,45.94,2792.69,0.08,4,17.2,23.8,41,6-month,No,No,Male,0
4,56.78,241.59,1.61,3,4.1,29.27,49,6-month,No,No,Male,0
34,66.75,2419.65,3.48,2,5.8,50.16,45,Month-to-month,No,No,Female,0
26,48.24,1296.6,0.47,5,1.4,48.7,24,6-month,Yes,No,Male,0
39,49.77,1864.74,1.52,2,7.8,7.9,34,Month-to-month,No,No,Male,1
18,26.4,487.71,5.96,3,7.8,22.04,28,Month-to-month,No,No,Male,0
48,65.69,3124.93,2.07,2,6.3,18.78,54,Month-to-month,Yes,No,Male,0
28,62.87,1734.57,3.91,1,5.6,22.7,36,Month-to-month,No,Yes,Male,0
13,26.82,369.52,4.45,2,11.4,44.39,62,Annual,Yes,No,Female,0
14,37.24,513.31,1.32,1,13.7,55.45,27,Annual,No,Yes,Female,1
50,27.05,1329.04,2.85,2,12.3,8.13,45,6-month,No,Yes,Female,0
19,59.44,1156.57,5.18,1,6.4,10.71,39,Month-to-month,Yes,No,Male,0
22,38.61,792.29,3.1,2,10.5,13.66,20,Annual,No,Yes,Female,0
45,52.82,2356.92,5.58,2,6.7,45.35,70,6-month,No,No,Male,0
24,55.86,1426.79,1.67,2,5.3,41.51,51,Month-to-month,No,No,Female,0
28,64.67,1946.42,4.84,3,7.1,0.33,70,Month-to-month,No,No,Female,0
17,56.83,924.04,2.52,3,4.7,24.97,21,6-month,No,Yes,Female,0
25,63.29,1505.66,2.07,3,3.0,3.56,57,Month-to-month,No,No,Male,1
50,34.1,1656.34,3.33,4,15.9,14.31,59,Month-to-month,No,No,Male,0
38,45.47,1447.03,2.36,2,11.5,1.84,50,6-month,Yes,Yes,Male,0
72,51.36,4016.28,2.39,2,3.2,17.64,25,Month-to-month,Yes,No,Female,0
56,65.8,3817.7,3.13,3,3.5,18.12,63,Month-to-month,No,No,Female,0
1,73.81,69.77,0.15,3,8.1,7.74,45,Month-to-month,No,No,Male,1
27,49.22,1238.75,1.46,4,6.7,17.19,68,6-month,No,No,Male,0
21,25.0,525.59,3.44,3,4.3,13.58,20,Annual,No,Yes,Female,0
42,40.04,1713.05,3.79,3,5.0,21.57,63,Annual,No,No,Female,0
19,45.94,963.28,2.96,3,3.9,1.01,35,6-month,No,Yes,Male,0
70,47.72,3260.65,2.86,7,8.4,6.02,52,6-month,No,No,Male,0
21,47.55,1010.43,3.02,1,13.0,25.33,42,6-month,Yes,No,Male,0
38,47.61,1767.32,3.75,4,7.1,10.03,43,Month-to-month,No,No,Female,0
8,76.05,603.44,0.65,5,5.7,4.89,21,Month-to-month,No,Yes,Male,1
66,52.5,3793.12,1.84,0,2.8,6.49,37,6-month,Yes,No,Female,0
66,42.23,3170.82,2.4,2,1.8,62.76,20,6-month,No,No,Male,0
57,57.32,3383.46,2.75,2,2.2,2.73,41,Month-to-month,No,Yes,Male,0
25,32.85,767.45,0.0,2,8.5,7.72,65,Annual,No,Yes,Female,0
4,40.04,167.73,0.87,7,8.7,19.57,26,6-month,No,Yes,Male,1
51,63.38,3240.14,2.48,2,1.2,18.66,20,Month-to-month,Yes,No,Female,0
31,63.16,1986.06,3.82,6,2.1,16.35,31,Month-to-month,No,Yes,Female,1
72,60.96,4360.26,1.96,1,4.6,8.28,36,Month-to-month,Yes,Yes,Female,0
50,54.84,2665.92,1.63,3,4.9,10.82,58,Month-to-month,No,No,Male,0
39,43.25,1731.83,3.19,1,27.1,13.66,24,Month-to-month,Yes,No,Female,0
72,54.23,3797.08,2.07,3,0.9,3.61,51,Month-to-month,No,No,Male,0
58,56.76,3249.46,3.65,0,5.4,58.67,25,Month-to-month,Yes,Yes,Female,0
33,36.24,1198.99,2.21,1,1.9,9.07,34,Month-to-month,No,Yes,Female,0
1,49.61,50.39,1.05,2,8.1,34.39,37,6-month,No,Yes,Female,1
6,52.94,294.5,4.35,5,4.2,20.1,45,6-month,No,Yes,Male,0
32,42.03,1370.76,4.11,3,4.8,24.61,26,Month-to-month,No,Yes,Female,0
41,51.67,2071.22,1.26,5,0.4,23.48,37,Month-to-month,Yes,No,Male,0
2,51.88,106.6,3.01,1,10.9,4.96,34,Month-to-month,Yes,Yes,Male,1
9,74.3,742.95,2.08,3,24.5,43.6,30,Month-to-month,No,Yes,Male,0
51,57.2,2794.58,3.3,6,6.2,2.19,47,Month-to-month,No,No,Female,0
54,65.36,3519.58,1.36,3,6.9,7.54,23,Month-to-month,No,No,Male,1
2,53.82,105.71,3.63,0,11.8,18.94,70,Month-to-month,No,Yes,Female,1
37,53.89,1941.32,4.05,3,6.6,13.19,46,Annual,No,No,Female,0
5,61.72,290.78,1.27,2,6.5,8.08,64,Month-to-month,No,No,Male,0
52,39.04,2044.98,2.59,3,10.8,40.67,51,Annual,Yes,Yes,Female,1
60,51.64,2957.18,4.08,1,1.0,26.71,55,Month-to-month,Yes,No,Female,0
63,44.47,3035.04,1.2,2,8.0,22.0,18,Month-to-month,Yes,No,Female,1
43,43.84,1915.88,1.63,1,4.1,14.45,64,Annual,No,No,Female,0
45,65.65,2769.66,3.36,3,15.6,26.51,20,Month-to-month,No,Yes,Female,1
67,46.18,3152.0,2.29,5,8.0,34.42,29,6-month,No,No,Male,1
44,38.67,1710.81,0.45,5,4.1,9.96,27,Annual,No,No,Female,0
32,67.39,2035.85,2.08,4,9.7,4.47,64,6-month,Yes,Yes,Male,1
55,34.54,1896.71,4.77,6,11.9,3.53,57,Month-to-month,No,No,Male,0
43,43.06,1872.17,5.18,6,6.7,46.37,34,Month-to-month,No,Yes,Female,0
61,36.92,2495.15,1.67,6,17.2,5.53,56,Month-to-month,No,Yes,Male,0
38,61.32,2203.15,1.31,4,14.9,5.61,31,Month-to-month,Yes,Yes,Male,1
63,48.07,3084.26,1.9,6,7.8,33.72,40,Month-to-month,No,No,Female,0
3,36.3,102.57,4.84,2,4.5,18.42,44,Annual,Yes,Yes,Male,0
2,34.6,68.03,3.59,3,1.1,62.06,70,6-month,Yes,No,Male,0
7,58.83,391.32,4.4,3,5.3,12.04,20,Month-to-month,No,No,Male,1
40,40.15,1723.1,3.8,2,4.1,18.38,44,Month-to-month,Yes,No,Female,0
51,50.63,2748.9,0.78,4,7.7,14.33,44,6-month,Yes,Yes,Female,0
15,48.55,769.22,1.27,3,6.1,45.65,52,Annual,No,No,Male,0
11,66.99,714.01,1.59,5,6.8,16.88,38,Month-to-month,No,No,Male,1
62,54.75,3253.36,1.82,2,7.7,14.23,46,Month-to-month,Yes,No,Male,0
54,41.57,2247.39,1.62,4,13.8,15.5,21,Annual,No,No,Male,0
47,35.16,1807.17,1.77,1,4.6,0.36,67,Annual,No,Yes,Female,0
35,37.59,1382.3,3.33,1,4.9,2.18,65,Annual,Yes,No,Female,0
30,47.64,1605.34,2.68,5,10.6,6.97,24,Month-to-month,No,No,Female,1
1,43.53,42.86,4.09,6,17.8,19.85,27,Month-to-month,No,No,Female,0
13,37.85,491.95,2.83,5,8.9,27.21,20,Month-to-month,Yes,No,Female,0
65,40.61,2735.37,1.62,2,26.9,29.48,51,Month-to-month,No,Yes,Male,1
24,50.87,1217.45,2.75,2,6.4,26.76,47,Annual,No,No,Female,0
51,52.61,2675.75,0.54,1,9.4,23.98,50,Month-to-month,Yes,No,Female,1
51,43.04,2083.37,0.0,1,4.7,14.93,52,6-month,Yes,No,Female,0
22,56.48,1188.97,3.34,4,30.0,27.35,42,Annual,Yes,No,Female,0
14,48.93,764.18,3.82,2,12.1,14.75,62,Annual,No,No,Female,0
50,54.17,2635.45,2.59,1,8.5,55.88,29,6-month,No,No,Female,0
6,45.78,289.97,1.99,5,30.0,17.36,43,Annual,Yes,No,Male,0
36,56.61,1868.87,0.76,1,4.3,6.71,31,Month-to-month,No,No,Male,1
64,56.74,3641.73,4.02,1,0.7,106.51,26,Month-to-month,No,No,Male,0
51,44.69,2160.74,3.14,3,3.2,0.93,34,Month-to-month,No,Yes,Female,0
55,45.26,2462.95,2.88,6,4.0,11.43,37,Annual,Yes,Yes,Female,0
6,52.65,330.6,2.49,4,8.9,18.04,19,Annual,No,No,Female,0
14,55.96,772.16,1.89,8,11.6,18.48,59,Month-to-month,No,No,Female,0
20,68.84,1509.11,1.05,4,1.9,9.06,21,Month-to-month,No,No,Male,1
21,33.22,709.27,2.83,3,9.7,10.08,33,Month-to-month,Yes,No,Male,1
14,46.58,658.7,1.8,1,0.9,24.37,37,Month-to-month,Yes,No,Female,0
70,47.8,3286.51,1.95,1,2.7,1.92,63,Annual,No,No,Male,0
12,64.12,735.92,4.73,5,13.0,21.21,50,Month-to-month,No,No,Male,0
51,37.58,1847.44,2.44,2,17.9,48.29,24,6-month,No,No,Male,1
42,46.9,2018.0,0.0,3,13.2,14.32,46,6-month,No,Yes,Female,1
44,35.83,1516.99,1.8,4,5.2,35.25,40,Month-to-month,No,Yes,Female,0
15,62.96,931.71,1.2,2,3.7,20.85,31,Month-to-month,No,Yes,Female,1
22,48.65,1052.57,2.32,4,14.4,3.62,55,Annual,No,Yes,Female,1
44,54.28,2589.79,0.65,5,3.2,1.01,21,6-month,No,No,Female,0
21,81.29,1720.96,3.06,7,9.8,16.95,36,Month-to-month,Yes,Yes,Male,0
50,56.96,2887.43,2.12,4,4.4,3.38,61,Month-to-month,No,Yes,Male,0
2,32.61,62.43,1.88,6,9.2,34.37,53,Annual,No,No,Male,0
5,30.87,147.82,2.69,2,1.8,19.7,26,Annual,No,No,Male,0
53,42.65,2143.58,2.4,3,18.8,55.7,70,Annual,Yes,Yes,Female,0
45,40.1,1794.63,2.32,4,2.0,7.18,58,6-month,Yes,Yes,Male,0
3,42.8,117.73,2.21,4,3.0,5.18,20,Annual,No,Yes,Male,0
65,49.02,3306.04,2.47,4,7.7,26.67,64,Month-to-month,No,No,Male,0
0,61.51,62.92,2.95,4,16.9,42.59,19,6-month,No,Yes,Male,0
69,64.39,4172.11,2.78,5,2.6,38.51,44,Month-to-month,Yes,Yes,Female,0
53,66.9,3503.53,3.96,2,5.3,51.91,49,6-month,No,Yes,Female,0
72,39.22,2987.11,1.79,5,6.6,27.4,32,Annual,No,No,Female,0
69,32.48,2236.72,2.81,1,13.4,12.85,68,Annual,Yes,No,Female,0
22,51.36,1059.4,5.68,3,2.2,12.18,59,Month-to-month,Yes,No,Male,0
55,59.94,3494.92,2.45,2,10.6,41.5,43,6-month,Yes,No,Female,0
15,42.68,672.52,2.5,3,15.5,43.01,42,Annual,No,No,Female,0
34,36.11,1302.6,0.86,2,8.2,37.49,42,Annual,No,Yes,Male,0
17,46.04,744.22,1.57,2,1.4,13.85,41,6-month,Yes,No,Female,0
35,57.39,2321.83,2.36,5,11.2,30.55,29,Month-to-month,No,No,Female,1
63,35.11,2250.91,3.19,3,16.3,27.38,52,Month-to-month,No,No,Female,1
31,42.65,1317.39,3.34,2,5.2,26.96,37,Annual,No,No,Male,0
6,45.19,275.25,2.92,5,1.8,25.8,58,6-month,No,No,Female,0
23,49.39,1184.42,3.55,5,8.4,17.58,18,6-month,Yes,No,Female,0
57,47.26,2903.79,1.2,2,6.4,10.69,27,6-month,No,Yes,Male,0
38,52.78,1920.66,3.14,4,2.4,4.46,45,Month-to-month,Yes,No,Male,0
40,52.42,2062.0,2.52,3,11.0,109.82,33,Month-to-month,No,Yes,Male,0
31,41.34,1231.63,2.66,4,8.6,10.26,61,Annual,No,No,Male,0
21,48.44,933.55,2.03,5,6.3,27.84,52,Month-to-month,No,No,Female,1
43,59.35,2584.51,1.26,3,5.7,5.46,59,6-month,No,Yes,Female,0
46,55.58,2677.05,0.92,4,8.5,20.12,57,6-month,No,No,Female,0
65,46.51,2903.96,2.92,1,2.7,22.53,41,Annual,No,No,Male,0
45,64.65,2813.46,3.15,3,13.3,1.77,22,Month-to-month,Yes,Yes,Female,1
72,51.8,3607.6,2.33,0,15.6,1.75,41,6-month,No,No,Male,0
60,36.48,2296.78,2.48,4,5.8,26.52,30,Month-to-month,No,Yes,Male,0
5,47.43,230.93,1.56,0,5.0,13.34,53,Month-to-month,Yes,No,Female,0
28,54.02,1344.98,3.15,0,3.3,3.25,68,Month-to-month,Yes,No,Female,1
28,47.24,1328.0,2.58,0,2.0,1.68,67,Month-to-month,No,No,Male,1
0,45.83,44.83,2.02,3,4.5,18.21,57,Annual,No,Yes,Male,0
13,38.19,469.98,3.63,3,7.1,47.2,57,Annual,No,No,Female,0
55,79.3,4363.98,3.34,1,11.3,23.88,69,Month-to-month,No,Yes,Male,0
25,34.2,862.67,0.5,1,2.3,22.47,44,Annual,Yes,No,Male,0
10,54.97,541.26,2.56,4,6.0,22.27,18,Month-to-month,No,No,Female,1
20,50.93,1009.8,1.25,3,6.3,4.18,66,6-month,No,No,Female,1
20,47.92,876.61,2.68,6,9.5,0.28,47,Annual,Yes,No,Male,0
12,42.33,483.1,0.0,3,4.1,8.61,70,6-month,No,No,Male,0
7,63.06,447.76,2.76,4,17.2,4.65,61,Month-to-month,Yes,Yes,Male,1
55,68.6,3907.63,3.43,2,13.0,5.05,55,Month-to-month,No,Yes,Female,0
60,50.73,2924.77,2.36,3,7.6,32.35,39,Month-to-month,No,No,Male,0
36,43.75,1719.94,0.99,1,15.9,41.72,65,Annual,No,No,Male,1
44,49.0,2131.79,5.04,2,9.9,1.16,66,6-month,Yes,Yes,Female,0
67,61.33,3959.82,4.0,3,14.6,0.88,67,Month-to-month,No,Yes,Female,0
61,32.81,2017.12,1.81,3,12.1,33.51,46,Month-to-month,Yes,Yes,Male,0
2,52.93,107.66,2.16,3,9.0,26.95,48,Annual,No,Yes,Female,1
69,49.18,3400.1,0.0,3,9.2,15.0,54,Month-to-month,No,Yes,Female,0
4,61.77,246.51,3.12,4,7.8,78.33,33,6-month,Yes,No,Female,0
1,45.18,46.41,0.72,2,27.8,41.36,25,6-month,Yes,No,Female,1
29,37.59,1162.99,3.37,4,13.5,29.22,56,Month-to-month,Yes,No,Male,0
54,57.69,2962.56,3.83,5,7.3,15.45,40,Month-to-month,Yes,Yes,Female,0
5,57.11,273.73,2.41,5,16.7,3.53,26,Month-to-month,No,No,Male,1
21,58.63,1236.25,1.12,1,4.1,45.06,67,Month-to-month,Yes,Yes,Male,1
19,41.38,819.51,4.12,3,8.1,5.02,35,6-month,No,No,Female,0
29,46.76,1231.12,2.5,4,4.1,24.35,50,Annual,Yes,Yes,Male,0
71,59.14,4227.6,2.62,4,6.9,54.81,39,Month-to-month,Yes,No,Female,1
24,55.23,1435.18,1.29,5,5.2,5.31,38,Month-to-month,No,Yes,Male,1
15,66.48,1009.68,2.75,3,7.2,12.63,62,Month-to-month,No,No,Female,0
8,77.43,636.97,2.24,4,4.1,9.8,61,Month-to-month,Yes,No,Male,0
14,37.22,523.78,0.77,4,8.3,15.63,40,6-month,No,Yes,Male,1
9,59.89,546.79,4.24,5,2.1,38.18,44,6-month,No,Yes,Female,1
41,53.86,2283.97,4.79,4,5.6,4.42,50,6-month,Yes,Yes,Female,0
30,57.56,1658.49,3.82,3,4.5,10.9,23,Month-to-month,No,Yes,Female,0
36,61.66,2071.66,3.63,0,0.3,2.05,63,6-month,No,Yes,Male,0
60,76.65,4732.05,4.79,5,14.0,21.92,47,Month-to-month,No,No,Female,0
42,55.41,2332.2,1.14,0,20.5,10.18,25,Annual,No,No,Male,0
11,47.45,570.85,1.12,4,9.5,1.23,53,6-month,No,No,Female,0
27,36.72,921.84,1.96,3,6.7,21.34,53,Annual,Yes,No,Male,0
22,40.2,925.18,2.89,1,4.5,27.84,50,Month-to-month,No,Yes,Female,0
60,53.12,3030.67,2.12,2,8.0,11.11,53,Month-to-month,No,Yes,Female,0
22,53.89,1197.94,1.17,4,11.2,33.93,62,6-month,No,Yes,Male,0
10,60.78,627.91,2.51,1,13.6,11.2,47,Month-to-month,Yes,Yes,Male,1
53,58.04,3075.93,2.38,2,11.3,8.17,23,6-month,Yes,Yes,Male,0
31,44.78,1395.19,3.59,0,4.0,3.96,66,Month-to-month,Yes,No,Male,0
6,45.82,273.1,2.56,1,4.8,119.21,41,Annual,No,No,Female,1
50,65.9,3301.54,0.02,2,2.7,24.77,46,Month-to-month,Yes,Yes,Female,1
15,36.97,520.55,3.0,2,3.6,20.86,33,Annual,Yes,Yes,Female,0
63,57.37,3447.22,4.56,2,11.1,17.54,26,Month-to-month,No,No,Male,0
60,54.64,3272.79,2.54,2,6.6,33.84,66,Month-to-month,No,Yes,Male,0
26,62.04,1617.58,3.78,2,11.4,47.51,53,Month-to-month,No,Yes,Male,1
40,49.23,1959.1,1.84,0,12.8,20.59,40,Month-to-month,No,Yes,Male,0
41,34.99,1357.24,3.24,6,7.5,35.27,40,Annual,No,No,Female,0
47,35.57,1753.03,1.53,4,11.8,41.83,36,Annual,Yes,Yes,Male,0
5,26.47,134.39,2.18,4,5.7,45.01,70,Annual,No,Yes,Male,0
23,48.93,1140.71,2.19,6,7.6,14.71,32,Annual,No,Yes,Female,0
12,40.91,491.75,3.12,9,2.0,11.69,61,6-month,No,No,Female,1
50,52.57,2492.04,1.43,4,5.4,14.97,18,Month-to-month,No,No,Male,1
5,39.62,181.83,0.6,5,3.6,18.99,25,Annual,No,No,Male,0
37,67.73,2513.76,3.11,1,1.6,23.75,30,Month-to-month,No,No,Male,1
53,38.16,1956.03,3.06,3,8.7,1.44,37,Annual,Yes,No,Male,0
69,51.63,3458.11,2.65,2,6.1,34.39,43,Month-to-month,No,No,Male,0
21,36.78,798.75,3.71,2,5.0,6.63,26,6-month,No,No,Male,0
0,46.7,46.26,2.24,1,5.2,41.66,36,Month-to-month,No,No,Male,1
52,49.05,2633.48,2.87,4,2.2,5.99,65,Month-to-month,No,No,Male,0
0,53.04,51.3,2.05,4,10.3,17.92,31,Month-to-month,No,Yes,Male,1
4,60.86,239.37,2.16,4,10.3,12.55,19,Month-to-month,Yes,No,Female,1
72,58.2,4161.64,2.94,4,3.9,7.12,25,Month-to-month,No,No,Male,0
62,44.43,2505.6,5.45,2,2.6,51.67,39,Month-to-month,No,No,Female,0
51,67.94,3328.96,3.46,3,8.8,7.98,66,Month-to-month,Yes,No,Male,1
60,55.3,3542.42,3.21,6,17.7,7.42,28,6-month,No,No,Female,0
5,45.99,222.24,3.51,4,6.9,51.75,49,Month-to-month,No,Yes,Female,0
6,55.62,336.31,0.0,2,11.2,24.48,42,Annual,No,No,Female,0
21,58.27,1178.09,2.91,0,4.8,6.83,52,Month-to-month,Yes,No,Male,1
1,50.51,48.67,3.68,4,7.9,14.21,59,6-month,Yes,No,Female,0
64,58.58,3789.38,2.61,3,0.9,71.33,21,Month-to-month,No,No,Female,0
4,54.74,205.9,2.44,3,4.4,44.85,19,Month-to-month,Yes,No,Male,1
39,51.53,2088.43,1.28,4,2.5,8.04,64,6-month,No,Yes,Male,0
62,37.94,2436.72,1.94,2,23.2,18.17,31,6-month,No,Yes,Male,0
53,51.63,2816.64,1.42,6,6.6,13.72,42,Month-to-month,No,No,Male,1
17,34.74,527.9,3.8,5,30.0,14.01,62,Month-to-month,No,No,Male,1
34,60.27,2051.4,4.45,2,6.6,16.66,65,Month-to-month,Yes,Yes,Male,0
40,51.26,2242.5,5.02,5,8.7,2.29,33,Month-to-month,Yes,Yes,Female,0
56,62.78,3187.44,1.4,2,6.0,5.32,68,Month-to-month,No,Yes,Female,1
31,54.56,1826.73,1.63,4,5.0,37.28,34,6-month,No,No,Male,0
20,51.52,900.95,1.53,3,8.5,39.78,50,Month-to-month,No,Yes,Female,1
58,42.48,2533.23,1.18,4,10.9,17.13,33,6-month,Yes,No,Female,1
64,57.05,3349.35,1.2,1,3.2,12.13,35,Month-to-month,No,Yes,Male,1
35,56.64,2000.67,1.83,3,4.9,12.96,54,Month-to-month,Yes,No,Female,1
2,53.62,113.21,3.64,3,1.9,50.82,63,Month-to-month,No,No,Male,1
36,71.84,2419.03,1.57,0,1.3,56.2,64,Month-to-month,No,Yes,Male,0
64,47.87,3388.73,3.87,4,10.9,45.02,49,Month-to-month,Yes,Yes,Male,0
72,55.69,3782.82,4.28,2,10.1,19.18,37,Annual,No,No,Female,0
29,49.15,1450.14,2.87,4,5.7,12.07,42,6-month,Yes,Yes,Male,0
10,62.27,589.88,4.1,4,10.1,28.14,69,Month-to-month,No,No,Male,0
41,49.18,2140.81,0.73,0,11.2,10.37,23,Month-to-month,Yes,Yes,Male,0
60,42.66,2779.66,1.77,6,13.9,17.66,26,Annual,No,No,Female,0
68,49.83,3321.72,2.75,3,0.9,17.21,56,Month-to-month,Yes,Yes,Male,0
3,55.63,179.83,2.79,5,6.8,15.47,64,Month-to-month,No,No,Female,0
21,45.84,975.39,4.36,1,2.6,8.22,33,Annual,No,Yes,Male,0
34,32.57,1090.93,1.2,2,3.6,21.05,36,Month-to-month,No,No,Male,1
7,59.58,394.26,1.8,5,3.3,10.72,33,Month-to-month,No,No,Male,0
64,33.86,2083.53,2.39,2,8.2,1.28,26,Month-to-month,Yes,No,Female,0
8,37.46,313.3,1.83,2,4.3,2.45,44,6-month,No,No,Female,0
48,70.59,3257.16,1.14,2,0.9,13.28,53,Month-to-month,No,No,Male,1
67,45.8,3172.38,1.88,2,9.2,5.36,43,6-month,No,No,Male,0
50,67.99,3343.9,2.18,3,2.5,13.42,31,Month-to-month,No,No,Male,0
55,54.76,3248.63,4.38,4,2.6,38.66,43,Month-to-month,No,No,Male,0
19,70.99,1303.53,1.17,6,30.0,11.17,25,Month-to-month,Yes,No,Male,0
60,52.19,2873.69,3.56,2,16.3,23.48,41,Annual,Yes,No,Male,0
30,31.35,880.62,4.15,5,4.3,41.68,43,Month-to-month,Yes,No,Male,0
4,34.01,139.27,1.83,4,3.0,38.03,42,6-month,Yes,No,Female,0
26,72.08,1869.11,2.84,1,10.6,20.83,27,Month-to-month,No,No,Female,0
25,60.35,1509.86,3.25,5,30.0,40.81,31,Month-to-month,No,Yes,Male,1
38,49.85,1957.48,3.03,2,19.0,4.66,45,Month-to-month,Yes,Yes,Female,1
19,58.29,1041.06,2.61,5,11.2,8.49,62,Month-to-month,No,No,Female,1
33,64.71,2064.13,1.62,1,18.9,69.57,67,Month-to-month,No,Yes,Male,1
31,46.84,1420.38,3.36,3,9.6,20.83,29,Annual,Yes,Yes,Male,0
23,45.12,1045.47,2.01,1,18.1,24.38,18,Annual,Yes,Yes,Female,0
50,58.48,2796.69,2.54,1,3.8,13.39,35,6-month,Yes,Yes,Female,0
22,57.97,1245.43,2.73,1,13.7,11.73,37,6-month,No,No,Female,0
55,62.62,3351.38,3.61,4,6.3,8.68,41,Month-to-month,Yes,Yes,Male,0
18,47.05,780.77,5.01,3,11.0,26.36,50,6-month,No,No,Female,0
63,50.76,3114.81,1.54,4,19.5,25.27,31,Month-to-month,No,Yes,Female,0
26,47.42,1258.0,2.57,2,5.3,27.87,43,Annual,No,Yes,Female,0
2,47.66,89.79,0.57,1,3.6,19.58,20,Annual,No,No,Male,0
10,58.38,540.86,4.43,3,14.6,5.86,49,Month-to-month,No,No,Male,1
58,45.7,2602.62,2.56,5,8.1,6.9,40,Annual,Yes,No,Female,0
63,47.34,2877.46,2.11,8,8.7,10.23,19,Annual,No,Yes,Female,0
15,57.87,785.23,2.57,1,3.5,39.86,65,Month-to-month,No,Yes,Male,0
43,36.39,1413.51,2.63,4,10.5,22.18,46,Annual,No,Yes,Female,0
41,58.61,2515.89,1.55,5,12.7,32.96,27,Month-to-month,No,No,Female,0
9,50.91,440.16,4.04,5,4.3,15.01,52,Month-to-month,No,No,Female,0
32,49.08,1636.9,3.34,2,6.2,26.04,61,Month-to-month,Yes,No,Female,0
50,36.23,1865.12,3.52,3,4.3,10.93,49,6-month,No,No,Female,0
70,50.36,3812.96,1.62,2,9.8,8.25,39,Month-to-month,No,No,Female,0
61,42.61,2630.65,1.55,5,16.2,73.74,20,Annual,No,No,Male,0
7,64.12,434.11,2.35,2,0.3,8.78,58,Month-to-month,Yes,Yes,Male,1
17,45.32,794.85,3.54,1,4.7,4.87,23,Month-to-month,No,Yes,Male,0
31,47.73,1318.56,3.15,5,22.7,27.86,43,6-month,No,Yes,Female,0
10,50.67,529.92,1.49,1,5.9,28.1,54,Month-to-month,No,Yes,Female,0
41,48.47,2166.99,3.37,1,8.1,29.37,27,6-month,No,Yes,Female,0
0,63.97,60.12,1.24,5,30.0,12.35,25,Month-to-month,Yes,No,Male,1
8,41.94,331.1,1.64,1,21.0,25.08,53,Annual,No,Yes,Female,0
3,44.92,135.35,2.71,3,10.2,23.31,34,6-month,Yes,No,Male,1
21,49.27,1014.51,0.98,3,6.0,4.28,29,Month-to-month,No,No,Female,0
55,57.05,3117.52,1.25,4,12.5,0.38,41,Month-to-month,Yes,Yes,Female,1
12,58.7,675.72,4.52,1,4.3,9.6,65,Month-to-month,Yes,No,Male,0
72,54.41,3792.97,4.28,5,4.5,19.8,41,Annual,No,No,Male,0
19,37.42,814.26,5.48,2,2.5,2.33,25,6-month,No,No,Male,0
3,65.65,198.08,3.09,4,3.9,12.13,20,Month-to-month,Yes,No,Female,1
24,58.01,1211.93,3.34,3,6.0,20.37,46,Month-to-month,Yes,No,Male,0
54,38.53,2019.74,2.3,1,9.6,21.07,41,Annual,No,Yes,Female,0
7,56.48,386.59,2.04,3,10.3,61.57,29,Month-to-month,No,No,Male,0
5,35.5,191.88,3.63,1,5.4,28.09,40,6-month,No,No,Female,1
62,50.45,3355.78,4.27,4,8.3,1.24,52,6-month,No,No,Female,0
43,49.86,2154.33,3.52,5,17.1,49.4,32,Month-to-month,No,No,Male,0
25,35.91,846.06,1.41,3,12.0,10.74,21,Month-to-month,Yes,Yes,Female,0
55,40.66,2260.49,3.01,7,3.5,4.94,45,Month-to-month,No,No,Female,0
61,50.33,2932.91,1.5,5,6.9,10.72,35,Month-to-month,Yes,Yes,Female,1
26,42.63,1124.66,2.08,4,15.6,5.63,56,Annual,Yes,No,Male,0
40,38.84,1629.58,4.63,4,4.0,0.3,68,6-month,No,No,Male,0
0,45.86,44.48,0.94,5,3.3,7.78,70,Annual,Yes,No,Female,0
22,49.31,1094.91,5.32,4,4.3,20.96,70,Month-to-month,No,No,Male,0
43,45.86,2045.85,3.21,5,6.1,8.51,69,Month-to-month,No,No,Female,0
14,50.82,729.22,1.89,3,3.5,6.61,19,6-month,No,Yes,Female,1
72,68.69,4534.81,2.59,2,4.4,36.34,54,Month-to-month,No,No,Female,0
70,43.93,3064.88,1.61,3,17.5,24.38,38,Month-to-month,No,Yes,Female,1
18,57.44,880.95,1.79,4,15.9,27.76,30,Month-to-month,No,No,Male,1
28,54.68,1554.29,2.6,7,0.8,6.88,69,6-month,No,Yes,Female,0
13,48.3,654.31,2.07,4,1.5,30.6,61,6-month,Yes,No,Female,1
36,49.11,1806.3,1.29,3,12.0,13.0,69,Month-to-month,No,Yes,Male,0
9,49.64,453.94,2.21,4,4.1,20.3,35,Annual,No,No,Female,0
28,47.21,1341.3,0.79,2,3.1,29.39,18,Month-to-month,No,No,Female,1
40,46.84,1927.68,0.85,5,9.1,23.47,28,Month-to-month,Yes,Yes,Female,1
44,55.36,2326.05,0.83,2,10.9,20.23,31,Month-to-month,No,Yes,Female,0
43,31.03,1291.01,4.67,1,11.9,7.35,35,Annual,No,No,Female,0
16,47.15,758.94,3.03,4,11.3,14.21,62,Month-to-month,No,Yes,Male,1
57,74.86,4533.05,3.27,0,9.5,16.77,20,Month-to-month,No,No,Male,0
50,52.35,2686.1,2.51,2,5.7,14.22,33,Month-to-month,No,No,Female,0
54,32.6,1823.06,3.16,5,13.3,17.04,38,6-month,No,Yes,Female,1
34,33.87,1134.11,4.03,5,12.7,15.33,23,6-month,No,No,Male,0
65,59.4,3879.92,3.03,0,14.5,58.98,60,Month-to-month,No,Yes,Female,1
28,51.53,1437.19,4.63,0,3.3,6.26,33,Annual,No,Yes,Female,0
58,71.64,3893.88,2.45,4,3.2,1.82,18,Month-to-month,Yes,Yes,Male,0
14,47.38,673.31,3.28,4,30.0,7.45,30,Month-to-month,No,No,Female,0
18,48.66,868.16,3.42,4,14.6,35.09,18,6-month,Yes,Yes,Male,0
38,45.02,1785.72,1.29,2,4.2,22.47,21,6-month,No,Yes,Female,0
40,64.75,2394.34,2.56,4,5.6,5.22,27,Month-to-month,No,No,Male,0
54,44.92,2367.22,0.11,2,11.1,16.38,47,6-month,Yes,Yes,Female,0
21,53.13,1012.41,2.33,5,12.1,36.94,28,Month-to-month,Yes,Yes,Male,0
63,54.02,3469.92,2.14,3,1.2,29.95,29,6-month,No,No,Male,0
24,50.12,1251.74,2.06,0,8.9,2.1,52,6-month,Yes,No,Female,1
38,46.83,1813.45,1.97,2,12.7,28.26,37,Annual,No,No,Female,0
68,56.99,4256.4,3.17,4,4.4,34.75,26,Month-to-month,No,No,Male,0
39,48.6,1947.62,1.35,4,1.2,11.37,69,6-month,No,No,Male,0
49,58.94,2761.31,4.92,3,11.6,14.31,39,6-month,Yes,No,Male,0
66,38.89,2722.94,3.24,1,2.1,15.31,46,Month-to-month,Yes,Yes,Female,1
71,51.06,3998.38,1.46,5,16.5,72.53,51,Month-to-month,Yes,No,Male,0
36,34.81,1295.98,3.34,2,2.9,25.03,21,Annual,No,No,Female,0
30,63.14,1824.44,3.79,1,8.2,17.39,30,Month-to-month,No,No,Male,0
14,39.88,540.27,2.98,2,1.4,19.42,61,6-month,Yes,No,Male,0
39,49.99,1984.15,1.19,3,8.0,1.76,26,Month-to-month,Yes,No,Female,1
67,53.22,3494.11,5.41,2,6.9,29.52,29,Annual,No,Yes,Female,0
35,67.05,2474.32,3.33,3,5.6,51.31,65,Month-to-month,Yes,Yes,Female,1
25,25.0,617.82,0.88,1,4.4,49.25,28,Annual,Yes,Yes,Male,0
7,55.29,403.52,2.77,0,5.7,8.05,29,6-month,Yes,Yes,Male,0
28,56.96,1650.5,2.21,1,4.6,24.82,70,Month-to-month,No,Yes,Male,1
17,54.72,865.77,2.51,1,11.0,2.6,65,6-month,No,Yes,Male,0
71,53.6,3789.44,0.95,1,8.4,32.55,36,6-month,No,Yes,Male,0
38,54.67,2185.52,2.57,2,7.7,5.8,68,Month-to-month,Yes,No,Male,1
10,38.04,377.71,1.42,1,8.1,39.05,53,Month-to-month,No,No,Female,1
4,42.75,173.93,2.05,5,5.0,25.48,67,6-month,No,No,Male,0
62,46.4,2901.22,3.0,3,9.2,1.69,30,6-month,No,No,Female,0
67,57.86,3714.84,1.88,2,12.8,36.56,43,Month-to-month,Yes,No,Female,0
55,33.0,1971.79,2.12,1,10.1,0.87,32,Annual,No,No,Female,0
9,66.41,575.22,3.57,4,12.6,6.97,56,Month-to-month,Yes,No,Male,0
7,55.14,368.07,1.34,3,10.8,3.17,56,Month-to-month,No,No,Female,1
14,49.84,734.52,1.66,2,9.0,79.28,31,6-month,No,Yes,Female,0
54,50.42,2648.44,0.87,6,2.5,24.77,60,Month-to-month,No,Yes,Female,0
55,74.29,4101.27,1.43,6,3.8,18.18,21,Month-to-month,Yes,Yes,Male,0
61,61.64,3839.93,2.67,2,1.4,11.93,29,Month-to-month,No,No,Female,0
7,65.48,481.72,3.33,2,12.8,95.1,45,Month-to-month,No,Yes,Male,1
11,44.58,438.93,1.45,3,2.6,15.63,33,Month-to-month,Yes,No,Female,1
65,58.33,3763.92,3.29,5,3.5,91.78,23,6-month,No,No,Female,0
67,48.19,3180.81,2.64,2,5.2,17.45,50,Month-to-month,No,No,Male,0
52,51.9,2693.09,0.7,5,5.3,46.21,59,Annual,No,No,Female,0
7,56.56,411.22,2.73,3,6.0,51.94,58,6-month,Yes,Yes,Female,0
5,50.11,269.07,4.05,1,13.0,8.38,44,Month-to-month,No,No,Male,1
4,51.36,207.51,0.04,2,8.9,24.91,43,Month-to-month,No,Yes,Female,1
50,58.27,2800.8,5.11,2,10.4,43.36,21,6-month,Yes,Yes,Male,0
61,53.2,3282.47,1.71,4,3.2,1.16,64,Month-to-month,No,No,Female,0
46,66.13,3130.0,0.36,2,10.5,35.11,56,Month-to-month,No,Yes,Female,1
19,52.9,1019.26,2.68,5,3.1,30.41,36,Annual,No,No,Male,0
55,60.17,3484.54,3.58,7,5.9,28.57,43,6-month,No,No,Male,0
4,49.79,192.42,2.14,1,4.3,7.35,46,6-month,No,Yes,Female,0
60,53.17,3091.21,2.91,1,4.5,0.85,42,Month-to-month,No,Yes,Female,1
65,49.71,3259.65,5.26,3,27.1,11.2,32,Month-to-month,No,No,Male,0
52,64.24,3533.15,2.77,2,4.8,11.4,47,Month-to-month,No,Yes,Male,0
64,69.1,4804.19,6.38,3,1.1,30.22,30,6-month,No,Yes,Male,0
42,54.77,2362.52,4.14,4,12.4,8.83,59,Month-to-month,No,Yes,Female,0
34,44.6,1541.16,2.57,2,6.3,32.63,67,Month-to-month,No,No,Male,1
23,36.3,795.42,2.88,2,10.1,1.05,25,Month-to-month,Yes,No,Female,0
67,64.29,4464.44,2.08,4,3.5,35.62,19,6-month,No,Yes,Male,0
50,46.38,2188.27,2.82,5,6.0,10.38,24,6-month,No,Yes,Female,0
13,54.88,751.97,3.23,2,6.8,22.77,39,Month-to-month,No,No,Male,0
69,66.15,4603.84,1.97,3,6.7,4.97,27,Month-to-month,No,Yes,Male,0
4,73.54,296.27,0.71,6,6.3,28.1,50,Month-to-month,Yes,No,Female,1
42,55.94,2503.0,4.22,5,11.9,19.23,34,Month-to-month,No,Yes,Female,0
13,65.19,853.55,3.77,5,13.1,26.11,70,Month-to-month,No,Yes,Female,0
48,58.99,2780.78,0.66,1,3.4,68.46,57,Month-to-month,No,No,Male,0
30,41.3,1256.54,2.72,4,12.6,10.52,39,6-month,No,No,Male,1
31,44.38,1317.65,3.84,5,3.7,4.81,49,6-month,No,Yes,Female,0
49,37.62,1866.34,3.7,2,9.6,21.97,49,Annual,No,Yes,Male,0
55,42.86,2338.77,1.6,3,0.9,8.94,21,Annual,No,No,Male,0
27,68.83,1796.18,3.78,8,12.0,15.22,44,Month-to-month,No,No,Female,0
72,60.37,4868.2,2.52,2,9.0,16.18,61,Month-to-month,No,Yes,Female,1
36,45.24,1613.79,3.01,2,3.9,83.59,24,Month-to-month,No,No,Male,0
11,52.59,561.68,1.3,4,7.2,12.55,20,6-month,No,No,Male,0
0,76.33,69.89,0.0,4,6.2,40.28,31,Month-to-month,Yes,Yes,Male,1
14,70.36,948.75,1.49,6,7.8,1.17,28,Month-to-month,Yes,No,Male,0
50,49.87,2588.11,3.2,2,7.9,11.66,39,Month-to-month,Yes,No,Female,0
39,47.88,1723.94,2.23,2,6.3,17.12,65,Month-to-month,No,No,Male,1
24,62.31,1409.67,3.35,3,18.0,13.06,47,6-month,Yes,No,Male,0
35,37.89,1391.05,3.94,1,4.8,16.14,36,6-month,No,Yes,Male,0
61,67.0,4012.58,2.07,1,9.5,7.09,51,Month-to-month,No,Yes,Male,0
41,57.23,2290.7,1.94,4,8.6,38.29,36,Annual,No,No,Female,0
4,38.08,152.9,0.0,3,5.2,8.21,58,Month-to-month,No,No,Female,0
3,59.59,189.46,0.49,4,16.6,5.59,28,Month-to-month,Yes,No,Female,1
35,53.21,1773.83,0.76,1,3.2,21.29,42,Month-to-month,Yes,No,Female,0
29,50.52,1608.5,3.22,1,10.8,26.45,27,6-month,Yes,No,Female,0
62,56.95,3546.16,2.08,2,9.4,16.81,69,6-month,Yes,No,Female,1
42,66.99,2806.83,1.81,1,8.9,4.9,19,Month-to-month,No,Yes,Male,0
55,40.12,2276.61,1.66,0,7.1,42.38,30,Annual,Yes,No,Male,0
42,47.5,1778.92,1.49,7,12.5,18.65,62,Month-to-month,No,No,Male,1
25,54.41,1379.6,3.7,2,2.4,15.84,28,Month-to-month,No,Yes,Female,1
47,50.09,2376.33,2.62,5,3.8,17.39,56,6-month,No,Yes,Male,0
45,42.09,2066.59,3.79,3,9.1,58.96,40,Annual,No,No,Male,0
52,55.57,3221.33,0.0,5,4.1,5.96,37,6-month,No,No,Male,0
13,52.95,694.49,3.19,1,3.5,38.59,22,Annual,No,Yes,Female,0
46,37.88,1752.66,1.87,5,15.2,4.35,58,Month-to-month,Yes,No,Female,0
20,42.89,850.33,2.13,4,15.8,26.85,51,6-month,No,No,Male,0
57,34.97,1989.44,4.26,2,9.5,4.7,32,Annual,No,No,Male,0
58,57.88,3291.46,1.99,3,4.1,47.69,41,Month-to-month,Yes,No,Female,0
45,45.37,2143.65,3.14,3,4.9,26.66,36,Month-to-month,No,Yes,Male,1
69,39.25,2895.24,1.18,2,8.0,1.4,36,Annual,No,No,Female,0
39,41.21,1705.73,2.55,4,6.0,28.95,64,Month-to-month,No,Yes,Male,0
1,68.31,72.76,0.43,1,11.0,18.57,56,Month-to-month,Yes,No,Male,1
44,53.78,2425.02,2.43,2,2.8,2.37,29,Annual,No,No,Male,0
56,28.86,1678.69,3.0,2,2.9,68.59,61,Annual,No,Yes,Male,0
7,45.86,332.53,3.94,1,6.4,18.43,63,Annual,No,No,Male,0
7,44.16,286.26,1.44,1,15.8,21.14,24,Annual,No,No,Female,1
19,58.42,1094.73,1.81,3,9.4,15.08,31,Month-to-month,Yes,Yes,Male,1
61,42.53,2518.65,1.66,4,7.6,22.43,66,Annual,No,No,Female,0
38,65.16,2462.42,2.17,2,7.5,6.24,66,Month-to-month,Yes,No,Male,1
71,32.2,2268.58,1.25,2,15.4,4.88,23,6-month,Yes,No,Female,0
63,47.87,3108.84,0.0,2,20.7,19.25,30,Month-to-month,No,No,Female,1
40,43.66,1708.45,1.14,2,2.7,2.63,47,Annual,No,No,Female,0
49,45.67,1980.63,2.44,3,8.2,12.28,33,6-month,No,No,Female,0
24,38.8,946.15,2.31,6,8.7,5.57,24,Annual,No,Yes,Male,0
6,50.06,296.42,3.22,3,4.9,8.19,47,Month-to-month,No,Yes,Male,1
29,59.2,1757.07,3.59,1,3.7,45.17,39,Month-to-month,No,Yes,Male,0
43,61.2,2476.73,1.92,6,1.2,23.48,28,Month-to-month,No,Yes,Female,1
13,61.8,821.23,0.44,4,7.2,50.38,32,Month-to-month,No,No,Female,1
16,44.76,685.63,3.02,2,19.9,9.38,19,6-month,No,No,Male,0
1,49.68,45.52,2.49,3,12.6,33.09,66,Month-to-month,No,Yes,Male,1
53,38.66,2013.7,2.16,1,7.2,40.14,33,6-month,No,No,Male,0
65,67.62,4011.01,4.09,1,9.2,2.76,57,Month-to-month,No,No,Female,0
60,52.62,3051.44,3.09,4,7.0,9.34,40,Month-to-month,Yes,No,Male,0
27,38.14,1035.2,2.66,4,7.0,30.03,67,6-month,No,Yes,Male,0
43,44.74,1791.74,2.71,2,12.6,11.5,18,Month-to-month,No,No,Male,0
70,73.63,5231.57,3.6,3,7.4,5.81,23,Month-to-month,Yes,Yes,Male,0
43,56.54,2263.17,1.6,2,2.7,86.12,59,Month-to-month,No,No,Male,1
21,65.78,1314.29,1.36,4,3.2,1.62,44,Month-to-month,No,Yes,Male,1
24,46.78,1062.25,2.2,1,5.1,7.15,32,6-month,No,Yes,Female,1
53,55.85,3048.81,0.97,1,8.9,11.58,33,Month-to-month,No,No,Female,0
32,40.0,1291.82,2.44,2,3.4,15.97,27,Month-to-month,No,Yes,Male,0
61,53.7,3194.34,2.63,2,1.2,14.87,63,6-month,No,No,Female,0
63,67.52,3790.2,2.41,2,5.4,12.3,51,Month-to-month,No,No,Male,0
2,38.37,76.39,2.03,0,9.9,10.63,54,6-month,No,No,Male,0
52,57.06,2786.01,4.65,3,13.3,9.95,64,Month-to-month,No,No,Male,0
27,36.22,914.91,3.72,1,3.8,24.67,27,Annual,No,Yes,Male,0
37,45.97,1751.5,2.37,1,6.2,14.9,41,Month-to-month,No,Yes,Male,1
19,65.62,1191.84,2.62,2,2.9,3.48,45,Month-to-month,No,No,Male,1
26,39.09,1018.37,4.29,2,4.7,14.35,40,Annual,Yes,No,Male,0
24,59.44,1359.73,1.74,2,1.5,20.68,35,6-month,No,Yes,Male,0
3,47.32,148.11,1.24,0,2.3,105.15,44,6-month,Yes,No,Female,0
57,60.98,3564.79,2.79,7,2.2,11.28,61,Annual,No,No,Male,0
10,53.79,564.47,3.04,6,13.8,31.98,26,Month-to-month,No,No,Female,1
27,33.33,952.56,3.14,5,3.4,37.93,64,Annual,Yes,No,Male,0
14,42.64,552.01,3.58,1,11.2,11.97,34,6-month,No,No,Male,0
11,67.41,814.29,1.55,1,2.3,40.31,22,Month-to-month,Yes,No,Female,1
27,58.81,1390.83,0.67,3,6.6,32.69,42,Month-to-month,Yes,Yes,Female,1
67,54.83,3562.89,1.74,0,8.2,35.47,50,Month-to-month,No,No,Female,0
68,34.62,2300.75,3.26,2,9.4,7.91,70,Annual,No,No,Female,0
27,57.9,1425.75,1.3,5,1.1,83.66,58,Month-to-month,Yes,Yes,Female,0
36,54.04,1894.41,0.0,2,9.6,32.01,38,Month-to-month,No,Yes,Female,1
71,59.01,4385.16,2.69,3,10.6,5.65,19,6-month,No,No,Female,0
17,58.36,997.68,1.76,3,3.1,12.04,20,6-month,No,No,Female,0
68,67.02,4187.73,0.25,2,10.1,22.42,58,Month-to-month,No,No,Female,0
7,48.59,334.29,2.6,2,19.2,22.89,31,Annual,No,Yes,Male,0
16,59.4,993.55,2.0,2,9.9,31.67,47,Month-to-month,Yes,Yes,Male,1
24,36.09,830.89,4.68,0,0.6,27.52,67,Annual,Yes,No,Male,0
2,54.65,107.09,2.62,3,9.5,8.76,33,Month-to-month,No,Yes,Female,0
59,61.1,3685.03,3.26,1,2.2,45.08,62,Month-to-month,No,Yes,Female,0
62,47.49,3056.61,2.48,2,8.3,47.55,35,6-month,No,No,Female,0
27,61.78,1721.26,1.72,4,10.1,29.18,50,Month-to-month,Yes,Yes,Female,1
61,52.32,3132.99,1.87,4,8.2,36.4,20,Month-to-month,No,No,Male,0
56,69.98,3590.91,3.91,5,12.0,12.6,46,Month-to-month,No,No,Male,0
58,49.89,2930.41,3.47,2,3.7,9.47,55,6-month,No,Yes,Female,0
58,51.03,2734.15,0.56,3,10.4,12.0,51,Annual,No,No,Male,0
41,32.95,1340.87,0.88,0,5.1,54.63,66,Annual,No,No,Female,0
8,50.4,385.95,0.95,5,10.2,13.21,68,Annual,No,Yes,Male,1
67,30.73,2038.02,3.88,3,2.6,19.77,47,Annual,No,No,Female,0
44,53.87,2515.73,0.25,3,3.9,10.28,41,Month-to-month,Yes,No,Female,1
65,64.9,4274.13,3.52,5,11.3,3.26,19,Month-to-month,No,No,Male,1
70,42.93,3166.41,3.02,5,6.4,8.2,60,Annual,No,Yes,Male,0
13,47.84,598.1,2.69,4,3.5,14.6,27,Annual,No,No,Female,0
29,52.34,1540.26,1.89,0,11.7,25.04,64,Annual,Yes,No,Female,0
14,55.52,734.73,4.05,2,4.0,34.55,55,6-month,Yes,No,Female,0
3,78.31,232.09,2.65,3,9.1,3.17,29,Month-to-month,No,Yes,Female,0
70,35.35,2535.38,0.62,3,4.1,23.51,33,Annual,No,Yes,Female,0
67,35.28,2131.18,0.93,3,19.1,4.25,38,Annual,No,Yes,Female,1
68,38.09,2569.6,0.36,4,7.4,6.24,42,6-month,No,No,Male,1
64,53.37,3498.08,4.06,2,6.6,30.69,56,Annual,No,No,Male,0
47,53.68,2462.78,4.35,6,13.2,5.82,32,6-month,Yes,No,Female,0
38,52.35,2068.64,3.91,5,3.7,15.78,30,Annual,Yes,Yes,Male,0
72,52.34,3745.58,2.31,6,11.0,9.33,39,Month-to-month,No,Yes,Male,0
40,45.12,1675.43,0.65,6,3.4,31.04,34,Annual,No,Yes,Female,0
46,51.94,2423.92,1.13,1,6.3,25.55,34,Month-to-month,No,No,Male,0
15,51.71,777.51,1.21,3,4.4,23.43,36,Month-to-month,Yes,No,Female,1
54,47.49,2541.54,2.44,5,2.4,6.74,60,Month-to-month,No,No,Female,1
59,57.7,3392.72,4.3,3,2.4,19.57,69,Month-to-month,No,Yes,Female,0
49,58.91,2990.33,4.3,7,4.5,26.92,23,Month-to-month,No,Yes,Female,0
36,42.49,1527.25,1.87,3,10.6,13.16,54,Annual,No,No,Male,0
14,40.03,576.82,0.0,1,30.0,6.48,37,6-month,No,No,Male,1
2,54.72,117.44,0.98,2,2.4,16.26,45,Annual,Yes,No,Female,0
45,60.32,2810.88,4.05,3,6.2,16.17,39,Month-to-month,No,No,Female,0
49,62.3,3051.29,2.8,7,5.2,50.32,41,Month-to-month,No,No,Female,0
56,44.1,2461.91,2.04,4,10.9,18.69,42,6-month,Yes,Yes,Male,0
69,42.05,2857.91,1.95,4,15.7,12.8,54,6-month,No,No,Female,0
36,64.97,2344.23,1.52,1,7.8,15.89,59,Month-to-month,Yes,No,Female,1
60,49.1,2961.65,0.94,5,2.6,9.88,65,Annual,Yes,Yes,Male,0
52,42.48,2131.34,5.19,4,5.2,8.36,63,Annual,No,Yes,Male,0
20,40.84,795.84,4.73,3,9.4,12.7,30,6-month,No,No,Male,0
61,52.44,3055.6,1.43,5,5.4,14.04,65,Annual,Yes,No,Male,0
3,49.61,154.23,0.22,2,3.0,11.86,57,6-month,No,Yes,Female,0
43,57.56,2501.89,2.72,3,6.7,8.54,38,6-month,No,No,Female,0
68,54.24,3681.47,2.31,3,5.6,54.84,30,Month-to-month,No,Yes,Male,0
48,62.04,2877.7,3.32,4,8.1,9.28,52,Month-to-month,No,No,Female,1
68,52.3,3661.34,3.61,5,11.2,43.47,59,Month-to-month,Yes,Yes,Female,0
4,53.92,208.58,0.98,3,15.2,13.16,44,6-month,No,Yes,Male,1
38,51.73,1895.96,4.16,3,21.2,7.75,57,6-month,No,No,Male,0
56,53.0,3074.68,2.04,1,27.0,10.65,56,Month-to-month,Yes,No,Male,1
46,47.77,2152.19,3.29,3,1.9,2.85,54,6-month,Yes,No,Male,0
64,50.13,3249.79,2.16,5,8.7,20.64,35,Month-to-month,No,Yes,Male,0
33,52.11,1673.23,3.7,0,1.2,35.61,32,Month-to-month,No,No,Male,0
49,42.26,2044.96,0.0,3,7.8,23.11,39,Annual,No,Yes,Female,0
30,53.01,1586.19,3.46,3,10.4,18.06,70,Month-to-month,No,No,Male,1
63,66.17,4382.99,1.42,2,2.1,91.5,20,Month-to-month,No,No,Male,0
8,45.8,373.12,2.6,3,21.9,7.09,35,Month-to-month,No,No,Female,1
18,43.64,804.42,4.12,2,2.2,39.82,65,Month-to-month,No,Yes,Male,0
7,27.51,197.18,1.46,3,2.9,24.62,64,6-month,No,Yes,Male,0
51,56.77,3041.74,1.25,5,10.5,3.45,28,Annual,Yes,No,Female,0
16,37.29,645.03,2.02,6,8.8,8.8,27,6-month,No,Yes,Female,1
23,51.96,1227.07,1.93,1,8.9,7.01,25,6-month,No,Yes,Male,0
61,74.25,4321.72,1.13,1,0.4,29.6,37,Month-to-month,No,No,Male,0
26,56.99,1502.92,2.64,1,9.4,18.7,22,6-month,No,No,Male,0
10,69.87,744.45,2.71,5,8.4,14.18,19,Month-to-month,No,Yes,Male,1
1,31.18,29.19,3.1,2,4.3,10.84,50,Month-to-month,No,No,Female,0
16,46.55,806.64,1.43,5,1.6,1.19,23,Annual,No,No,Male,0
66,46.42,3172.08,1.27,3,6.6,28.27,44,Month-to-month,No,No,Male,0
40,64.76,2631.34,2.35,2,11.4,68.59,41,Month-to-month,No,Yes,Male,0
72,45.39,3220.99,2.18,3,14.1,43.79,48,Month-to-month,No,No,Female,0
15,36.76,536.76,2.21,4,5.3,17.42,61,Annual,No,No,Male,0
25,46.9,1232.08,1.58,1,15.6,41.65,35,Month-to-month,No,No,Male,1
11,52.86,543.7,2.93,2,1.4,26.59,53,Month-to-month,No,Yes,Female,0
29,26.57,855.33,1.27,1,11.5,56.49,57,Annual,No,No,Male,0
41,53.92,2311.97,2.34,1,6.4,2.38,48,Month-to-month,Yes,Yes,Male,0
58,64.95,3868.65,2.1,3,1.3,15.41,39,Annual,Yes,No,Female,0
26,51.14,1355.22,2.46,5,13.8,60.68,18,Month-to-month,No,Yes,Male,0
56,35.01,1893.56,4.04,0,6.5,4.51,30,6-month,No,No,Male,0
45,40.06,1821.52,0.79,0,12.1,17.44,62,Annual,No,No,Male,0
21,52.13,1015.05,0.0,1,6.0,13.24,40,Month-to-month,Yes,Yes,Male,1
66,52.82,3302.01,1.73,1,5.9,7.68,35,6-month,No,No,Male,1
31,70.38,2008.63,1.0,6,4.3,57.3,66,Month-to-month,No,No,Male,0
11,36.35,401.42,0.0,1,6.7,7.71,47,6-month,Yes,Yes,Female,0
70,40.57,2777.0,4.77,3,9.1,13.31,69,Annual,No,No,Male,0
66,51.36,3357.14,3.23,6,6.2,13.62,61,6-month,Yes,Yes,Female,0
3,41.82,126.82,3.37,5,2.3,11.45,28,Annual,No,Yes,Female,0
65,45.81,3163.19,2.13,1,8.6,11.34,20,6-month,No,No,Male,0
69,34.53,2202.25,3.05,3,8.6,5.69,18,6-month,No,No,Male,0
60,52.0,3342.16,1.95,4,2.2,10.23,34,Month-to-month,No,No,Female,1
18,47.93,867.4,3.56,8,3.9,55.35,63,6-month,No,No,Female,0
46,46.41,2085.05,2.75,3,2.0,18.47,68,Annual,No,Yes,Female,0
39,48.23,1905.24,2.45,3,6.8,15.68,68,6-month,Yes,No,Female,0
45,59.58,2735.18,2.55,0,10.4,36.11,23,Month-to-month,Yes,Yes,Female,0
45,58.73,2796.71,4.41,0,9.5,11.63,53,Month-to-month,No,No,Female,0
46,43.22,1970.3,2.72,5,1.6,2.07,37,6-month,No,Yes,Female,0
37,48.56,1681.04,1.16,5,6.6,32.5,22,Annual,No,Yes,Female,0
50,56.02,2608.91,2.94,2,2.7,5.3,65,Month-to-month,No,No,Male,0
38,59.97,2360.01,3.14,1,1.9,10.7,41,Month-to-month,Yes,Yes,Male,0
1,41.66,42.72,2.31,5,6.6,2.87,24,Month-to-month,No,Yes,Female,1
2,61.15,133.35,2.43,7,4.4,6.69,41,Month-to-month,No,No,Male,0
69,44.02,2821.71,1.11,5,19.7,6.68,54,Annual,No,Yes,Female,0
66,58.21,3931.05,2.63,4,21.0,20.67,45,Month-to-month,Yes,No,Female,1
42,61.01,2673.58,0.92,2,10.4,2.19,54,Month-to-month,No,Yes,Male,1
12,53.9,656.85,2.17,3,4.2,36.5,39,Month-to-month,Yes,Yes,Male,0
57,63.91,3612.38,1.63,2,1.1,11.63,30,Month-to-month,No,Yes,Male,0
10,37.87,372.92,3.78,0,4.0,12.8,51,Annual,No,Yes,Male,0
27,43.52,1157.06,4.51,4,11.5,15.29,25,Month-to-month,No,Yes,Female,0
24,63.2,1536.02,1.01,2,4.7,3.21,40,Month-to-month,No,No,Male,1
0,38.66,40.98,2.49,3,1.5,27.33,58,Month-to-month,No,No,Female,1
58,48.95,2661.22,2.1,2,17.4,26.29,25,Annual,No,Yes,Female,0
37,38.13,1384.52,3.1,3,3.0,26.12,30,Annual,Yes,Yes,Male,0
23,50.52,1249.53,2.63,1,3.4,4.45,32,Month-to-month,Yes,No,Female,0
37,52.2,1806.88,2.0,4,14.9,4.9,59,6-month,Yes,No,Male,0
0,47.91,48.98,2.62,2,7.7,17.3,19,Month-to-month,No,No,Male,0
31,52.02,1394.82,2.22,2,7.9,9.52,66,6-month,No,Yes,Female,0
37,55.57,2006.8,4.57,3,8.1,13.16,45,Month-to-month,No,No,Male,1
24,34.86,798.46,1.47,4,2.7,10.63,20,Annual,No,Yes,Female,1
60,46.02,2916.73,2.83,4,10.0,52.65,67,Annual,No,No,Female,0
18,57.05,967.01,3.16,0,12.9,26.49,32,Month-to-month,No,No,Female,0
10,61.31,579.07,3.07,2,7.0,6.38,18,Month-to-month,Yes,No,Male,0
38,69.17,2512.38,2.11,2,5.6,13.61,56,Month-to-month,Yes,Yes,Male,0
64,69.0,4298.86,4.28,0,15.7,5.39,48,Month-to-month,No,No,Male,0
27,60.8,1605.98,0.0,5,11.9,10.04,47,Month-to-month,No,No,Female,1
3,51.97,151.29,1.08,4,3.2,11.75,33,Month-to-month,No,No,Male,1
70,55.61,3947.62,3.36,3,10.9,8.24,45,Annual,No,Yes,Male,0
32,57.07,1725.95,1.36,6,5.8,16.28,49,Month-to-month,No,No,Male,1
12,36.84,451.83,1.28,4,8.0,23.16,42,Annual,No,No,Male,1
44,58.54,2477.32,1.89,2,20.3,11.7,35,Month-to-month,No,Yes,Female,1
23,25.0,514.48,1.48,0,1.5,5.1,68,Month-to-month,Yes,No,Female,1
68,63.7,4296.01,3.33,2,0.8,13.46,43,Month-to-month,No,Yes,Female,0
21,42.49,912.37,3.68,2,3.9,14.73,59,Annual,No,No,Female,0
40,51.99,1979.77,2.61,2,5.7,66.58,36,Month-to-month,No,Yes,Female,0
39,64.88,2540.7,3.87,6,3.4,23.64,47,Month-to-month,No,No,Male,0
17,52.5,870.73,0.7,4,10.1,1.9,43,6-month,No,No,Female,1
36,43.16,1508.16,2.6,1,9.1,15.76,35,6-month,No,No,Female,0
7,56.42,406.72,4.25,2,6.7,35.24,68,6-month,No,No,Female,0
46,42.33,2009.33,3.77,4,8.4,22.19,19,Month-to-month,No,Yes,Male,1
55,54.43,2820.36,4.37,2,8.1,16.65,41,Month-to-month,No,Yes,Female,0
69,61.29,4019.76,1.73,4,16.7,7.09,53,Annual,No,Yes,Male,0
23,44.52,1060.05,3.69,5,2.9,22.39,28,6-month,No,No,Male,0
20,70.58,1335.8,1.95,8,7.7,10.28,26,6-month,No,Yes,Female,1
40,68.1,2599.2,3.27,3,14.7,23.93,39,Month-to-month,No,Yes,Male,0
50,67.48,3323.35,4.2,3,5.4,31.65,26,Month-to-month,No,No,Male,0
72,27.95,1951.25,1.47,1,6.6,39.69,27,Annual,No,No,Male,0
1,47.5,46.24,0.09,3,11.7,31.94,23,6-month,No,No,Male,1
17,41.64,698.02,4.9,1,1.0,18.98,69,Month-to-month,No,No,Female,0
19,54.76,1027.6,3.13,4,13.0,4.0,64,Annual,No,Yes,Female,0
18,51.42,934.96,2.36,3,8.6,5.82,50,6-month,No,No,Female,0
33,50.02,1657.36,2.29,2,10.8,14.01,48,Month-to-month,Yes,Yes,Female,1
63,74.05,5066.78,0.0,4,10.3,28.35,37,Month-to-month,No,Yes,Male,1
2,56.57,116.63,2.77,1,1.7,16.56,60,6-month,Yes,No,Male,0
59,60.42,3550.6,1.81,4,1.9,21.92,34,Month-to-month,No,Yes,Male,1
45,52.6,2560.92,2.57,1,0.6,36.79,18,6-month,No,Yes,Female,0
44,62.72,2636.48,2.54,2,1.7,23.41,28,6-month,No,Yes,Female,0
49,80.91,4345.32,0.0,2,2.7,10.75,43,Month-to-month,No,No,Male,1
8,43.53,392.71,3.14,4,6.8,58.89,52,Annual,No,Yes,Male,0
54,48.94,2756.76,2.75,4,15.3,27.91,51,Month-to-month,Yes,No,Male,0
18,45.57,813.9,2.92,3,5.1,30.23,38,Month-to-month,No,No,Female,1
37,54.79,2125.32,2.26,2,6.4,21.04,66,6-month,No,No,Female,0
49,40.04,2081.76,2.56,4,6.0,48.81,33,6-month,No,Yes,Male,0
44,49.56,2077.71,2.72,1,9.3,58.55,49,Month-to-month,Yes,No,Male,1
23,42.25,1010.46,2.86,2,3.9,27.61,24,6-month,Yes,No,Male,0
28,40.69,1126.24,3.12,4,6.2,41.19,24,Annual,Yes,Yes,Male,0
34,25.0,815.22,2.87,1,12.2,13.56,66,Annual,No,No,Male,1
3,25.94,79.08,4.9,3,15.6,39.02,55,Annual,No,Yes,Male,0
53,54.4,2896.04,1.56,2,14.8,33.63,53,Month-to-month,No,Yes,Male,1
7,60.12,392.57,2.01,4,13.5,4.53,36,Month-to-month,Yes,No,Female,1
33,54.2,1914.12,4.7,3,14.2,31.29,57,6-month,No,No,Male,0
47,48.76,2313.66,2.3,3,6.7,1.24,30,Month-to-month,Yes,No,Male,1
5,52.84,275.22,3.71,2,3.8,5.02,51,6-month,No,Yes,Male,0
72,43.16,3252.13,2.68,1,8.4,35.73,62,Month-to-month,No,Yes,Female,0
27,59.94,1562.53,2.2,5,9.2,2.83,60,Month-to-month,Yes,No,Male,0
1,62.61,69.46,3.78,2,5.3,5.51,47,Month-to-month,Yes,No,Male,0
48,64.9,3443.33,3.17,3,4.0,33.29,35,Month-to-month,Yes,No,Male,0
40,61.67,2349.07,0.51,2,14.5,18.28,44,Month-to-month,Yes,No,Male,0
46,58.78,2711.02,2.73,3,6.5,6.78,70,6-month,Yes,No,Female,0
54,42.96,2344.81,1.21,1,5.1,13.34,62,6-month,No,No,Male,1
34,63.92,2105.81,4.15,1,5.5,22.78,20,Month-to-month,No,No,Female,0
60,68.89,4059.26,4.78,0,7.6,12.28,67,Month-to-month,No,No,Female,0
27,45.05,1363.39,4.94,3,3.8,80.49,68,Annual,No,No,Female,0
39,53.74,2047.21,2.96,1,9.0,46.99,51,Month-to-month,Yes,Yes,Male,0
11,58.88,711.18,1.9,2,0.3,4.67,46,Month-to-month,No,No,Male,1
45,62.75,2999.34,2.92,2,2.2,39.15,62,Month-to-month,No,No,Male,0
19,48.04,934.76,1.28,0,4.9,17.82,35,6-month,Yes,Yes,Male,0
50,25.58,1365.89,5.55,6,9.5,43.47,40,Annual,No,No,Female,0
58,48.96,2974.25,4.05,4,5.0,34.37,34,6-month,Yes,No,Female,0
62,30.4,1944.38,2.9,2,12.7,4.79,65,Annual,No,No,Male,0
67,42.63,3008.29,3.8,4,15.4,17.22,49,Annual,Yes,No,Female,0
8,40.64,317.62,1.86,3,6.0,9.92,56,Month-to-month,No,No,Male,0
10,56.49,560.57,1.06,2,3.1,16.91,20,Month-to-month,No,No,Female,1
67,54.04,3375.67,0.0,4,6.2,12.4,66,Month-to-month,No,Yes,Male,1
27,66.82,1874.56,2.61,0,12.5,37.69,50,Month-to-month,No,No,Male,0
1,45.12,43.79,2.23,3,2.9,12.69,63,6-month,No,Yes,Male,0
20,59.56,1105.49,3.18,2,10.2,54.72,22,Month-to-month,No,No,Male,1
61,48.03,3024.31,2.52,3,5.9,21.17,36,Month-to-month,No,No,Male,1
25,61.47,1519.69,3.12,3,10.7,5.96,49,Month-to-month,Yes,No,Male,1
5,51.96,281.79,3.55,1,9.0,22.18,64,6-month,No,No,Male,0
52,46.42,2525.47,0.6,4,4.2,0.23,66,6-month,No,No,Male,0
14,50.74,761.4,3.63,1,5.9,2.4,46,Annual,Yes,Yes,Male,0
25,50.36,1256.87,1.97,0,9.3,12.39,43,Month-to-month,No,No,Female,1
0,53.22,54.17,3.17,6,12.1,11.07,60,Month-to-month,Yes,No,Male,1
43,48.84,2205.71,3.83,3,5.9,9.98,56,Annual,No,No,Female,0
32,65.48,1841.01,3.84,5,12.4,3.66,55,6-month,No,No,Female,0
63,41.05,2387.96,2.67,3,21.8,4.66,18,6-month,No,No,Female,0
24,61.74,1480.15,2.73,2,13.0,20.83,66,Month-to-month,Yes,Yes,Male,0
14,59.24,761.14,3.66,5,6.6,15.27,19,Month-to-month,No,No,Male,1
12,49.24,568.38,0.55,3,6.4,75.69,55,Annual,Yes,Yes,Female,0
14,50.71,732.49,1.26,4,1.8,26.51,53,6-month,No,No,Female,1
32,49.49,1615.47,2.14,5,5.7,0.19,56,6-month,No,Yes,Male,0
6,48.0,298.5,0.77,5,10.3,2.08,67,Month-to-month,No,Yes,Female,1
29,29.39,807.29,2.15,2,12.1,21.84,70,Month-to-month,No,Yes,Female,0
62,44.91,2915.98,2.08,2,2.7,15.91,24,Month-to-month,Yes,No,Female,0
56,37.74,2032.29,2.61,7,8.8,7.86,64,6-month,Yes,No,Female,0
46,58.69,2782.78,2.43,7,13.9,72.42,48,Month-to-month,No,Yes,Female,1
65,51.23,3455.69,3.89,3,2.6,23.58,50,Month-to-month,Yes,Yes,Female,0
56,58.98,3661.22,3.24,5,8.0,30.49,70,Month-to-month,Yes,No,Female,0
47,49.28,2522.71,2.41,3,4.3,6.06,57,Annual,Yes,Yes,Female,0
63,57.82,3781.4,2.07,1,2.2,59.47,67,Month-to-month,No,No,Female,0
9,67.77,601.55,2.44,2,6.0,20.85,31,Month-to-month,No,No,Female,0
59,53.23,3170.35,2.46,2,1.6,2.49,62,6-month,Yes,Yes,Female,1
21,36.65,785.95,5.77,1,4.2,12.88,47,Annual,Yes,No,Male,0
53,68.05,3505.41,0.61,1,6.9,12.38,28,6-month,No,No,Male,0
66,29.9,2044.09,1.3,2,12.1,38.49,70,Annual,No,Yes,Male,0
36,57.59,2157.98,1.11,5,2.8,9.2,34,Month-to-month,Yes,No,Male,0
6,45.1,281.64,2.85,6,5.4,4.04,27,Annual,No,Yes,Male,0
27,48.99,1252.56,2.8,2,12.3,23.86,49,Annual,No,No,Female,0
29,42.46,1231.77,1.76,3,3.6,19.99,65,Month-to-month,No,No,Female,0
68,54.11,3863.73,3.66,2,2.3,30.45,43,6-month,No,Yes,Female,0
68,44.63,3156.71,2.98,5,15.2,47.09,57,Month-to-month,No,Yes,Female,1
41,44.64,1819.1,3.72,1,6.3,43.58,68,Month-to-month,Yes,No,Female,1
69,50.48,3480.82,4.06,6,12.7,82.06,33,Month-to-month,No,No,Female,0
31,61.36,1866.59,0.0,3,4.1,58.94,19,Month-to-month,Yes,No,Male,1
30,45.27,1400.71,3.39,6,10.5,27.9,68,Annual,No,Yes,Male,0
61,51.14,2868.95,0.82,1,12.5,17.8,54,Month-to-month,Yes,No,Male,0
48,42.11,1927.31,2.82,4,4.4,19.76,40,6-month,No,No,Female,0
38,59.79,2210.03,2.41,2,10.1,36.58,62,Month-to-month,No,No,Female,0
33,60.08,2040.31,2.46,7,3.8,10.07,43,Month-to-month,Yes,Yes,Female,0
51,57.4,3143.87,0.93,2,15.0,12.91,66,Month-to-month,No,Yes,Female,1
55,57.76,3239.67,3.84,1,3.8,28.49,43,Month-to-month,Yes,Yes,Male,0
35,52.25,1722.58,0.82,2,15.6,3.88,32,6-month,No,Yes,Male,0
2,42.61,84.39,3.48,2,8.8,9.61,28,Annual,No,Yes,Female,0
7,53.18,355.19,0.64,2,5.5,6.88,31,Month-to-month,No,Yes,Male,1
10,40.33,398.44,2.48,1,16.9,48.05,51,Annual,No,Yes,Female,0
33,47.54,1497.33,4.85,2,4.2,5.01,25,6-month,Yes,No,Male,0
44,43.2,1866.98,5.57,3,21.6,11.64,45,6-month,No,Yes,Female,0
58,54.93,3055.3,0.4,4,10.1,9.14,23,Month-to-month,No,No,Female,1
16,57.56,1015.71,1.58,3,2.5,13.13,70,Month-to-month,No,Yes,Female,1
57,48.9,2845.26,1.82,6,4.9,26.13,24,Annual,No,Yes,Male,0
48,46.98,2157.93,5.43,3,5.7,23.6,59,6-month,Yes,Yes,Male,0
3,59.41,177.94,2.41,2,22.0,20.65,38,Month-to-month,No,No,Female,1
25,44.96,1223.43,3.9,2,14.4,28.0,41,Annual,No,No,Male,0
22,64.02,1470.03,2.89,4,12.2,23.06,22,Month-to-month,Yes,No,Female,0
64,37.78,2399.36,0.94,2,4.4,0.41,65,6-month,Yes,No,Male,0
67,45.3,2951.45,0.08,3,6.1,29.15,69,Month-to-month,Yes,Yes,Female,1
59,46.42,2785.06,1.7,3,10.3,20.45,67,Annual,No,No,Male,0
38,57.37,2124.2,5.51,2,10.7,50.41,67,Month-to-month,No,Yes,Female,0
35,64.6,2393.06,2.83,5,6.4,6.25,48,Month-to-month,Yes,Yes,Male,1
22,39.51,980.33,3.87,5,5.9,17.5,70,6-month,Yes,No,Female,0
56,53.91,3049.27,0.66,6,10.4,23.11,68,Month-to-month,Yes,No,Female,0
6,47.92,289.21,2.08,2,17.0,60.73,57,Annual,No,No,Male,0
19,45.74,818.35,3.51,4,1.7,4.04,45,6-month,No,Yes,Female,0
9,58.63,569.12,1.08,4,10.5,19.82,28,Month-to-month,Yes,Yes,Female,0
36,59.84,2215.45,2.42,5,4.8,20.75,29,Month-to-month,No,No,Female,0
21,38.39,737.4,1.36,8,3.4,6.68,42,Annual,Yes,No,Male,0
14,44.22,630.77,3.57,3,2.0,13.17,45,6-month,No,No,Female,0
27,36.11,975.33,3.02,3,3.7,13.45,50,Annual,No,Yes,Male,0
62,48.26,3016.97,3.39,2,7.2,7.92,43,Month-to-month,No,No,Male,0
40,51.01,2001.36,3.63,4,5.9,21.12,58,Annual,Yes,Yes,Female,0
60,62.63,3782.82,2.2,2,6.5,23.24,45,Month-to-month,No,No,Male,1
66,41.11,2570.93,3.8,3,6.3,21.07,56,6-month,No,Yes,Male,0
65,56.85,3718.24,1.73,4,9.7,3.36,27,Month-to-month,No,No,Male,1
25,62.73,1634.03,3.31,1,10.3,9.69,54,Month-to-month,Yes,No,Female,1
64,42.87,2721.39,0.0,3,2.8,65.92,28,Annual,No,No,Male,0
66,46.78,2982.02,1.53,1,5.2,8.98,45,Annual,Yes,Yes,Male,0
70,44.61,3349.91,5.51,5,20.9,3.93,38,Month-to-month,Yes,No,Female,0
25,27.71,733.19,3.29,4,2.9,13.22,29,Annual,No,No,Female,0
16,37.45,568.96,3.29,1,8.0,0.93,58,Month-to-month,No,No,Male,0
42,40.51,1668.79,1.43,4,11.1,95.16,62,Month-to-month,No,No,Male,0
68,60.37,4118.19,1.08,5,14.0,3.0,30,Month-to-month,Yes,No,Male,1
65,52.77,3485.18,2.16,3,9.5,6.86,54,Month-to-month,No,No,Male,0
41,48.04,2034.58,2.41,4,5.5,8.34,22,Month-to-month,No,No,Female,0
10,50.05,493.79,4.99,4,4.2,23.03,41,Month-to-month,No,No,Male,0
30,40.29,1153.4,3.82,5,9.3,2.28,32,Month-to-month,Yes,No,Male,0
52,56.96,3006.63,2.64,4,11.8,117.47,22,6-month,No,No,Female,0
40,53.0,2045.38,2.59,3,16.5,16.88,39,Annual,No,Yes,Female,0
25,47.69,1228.97,3.49,5,14.8,1.68,58,6-month,Yes,No,Female,0
25,58.47,1504.07,0.79,3,12.5,67.14,20,Month-to-month,No,No,Male,1
4,47.58,207.63,0.0,0,2.2,22.85,47,6-month,Yes,Yes,Male,1
21,47.95,1075.74,3.47,3,2.8,12.56,39,Month-to-month,Yes,Yes,Female,0
48,56.1,2789.68,2.59,3,28.1,1.65,30,6-month,Yes,Yes,Female,1
17,62.37,1042.88,0.79,6,6.4,18.13,49,6-month,No,No,Male,0
72,55.79,3856.83,0.0,3,8.7,12.19,52,Month-to-month,No,No,Male,0
6,49.83,315.59,3.66,5,0.8,2.88,61,Month-to-month,No,Yes,Male,0
42,54.44,2337.49,1.82,2,12.9,19.16,40,Annual,No,No,Male,0
36,26.73,925.99,3.02,3,7.4,11.29,43,Annual,No,Yes,Female,0
60,44.45,2692.21,2.16,4,7.2,10.84,38,6-month,No,No,Female,0
64,38.98,2478.84,2.46,2,26.6,40.51,56,Annual,Yes,No,Male,0
39,41.43,1593.75,1.73,3,9.5,49.46,31,Annual,No,No,Female,0
46,62.05,2879.03,2.4,3,6.0,32.69,53,Month-to-month,No,Yes,Female,0
51,35.26,1744.67,3.25,4,7.3,28.27,63,6-month,Yes,Yes,Female,0
38,62.38,2232.52,2.14,5,4.5,31.79,46,Month-to-month,No,No,Male,1
13,55.49,789.85,2.07,5,3.1,6.76,32,Month-to-month,No,Yes,Female,1
31,55.45,1704.16,3.29,5,6.3,13.11,47,Month-to-month,Yes,Yes,Female,0
17,34.13,598.59,3.38,3,1.8,31.08,40,Annual,Yes,No,Female,0
33,50.13,1528.19,1.02,2,5.2,26.97,33,6-month,No,No,Female,0
44,55.23,2270.22,2.46,7,0.6,6.27,65,Month-to-month,No,No,Male,0
15,66.9,958.78,1.82,2,12.6,20.33,25,Month-to-month,No,Yes,Male,1
18,58.09,997.79,2.52,2,22.6,5.45,37,Month-to-month,Yes,Yes,Male,1
60,57.03,3253.52,4.36,3,6.3,7.19,46,6-month,No,No,Female,0
27,49.41,1272.89,2.97,2,3.4,32.14,54,Annual,No,No,Male,0
14,32.3,470.46,5.31,1,8.0,23.39,32,Month-to-month,No,No,Female,0
52,75.76,3796.9,2.79,3,13.8,22.25,61,Month-to-month,No,No,Female,0
52,62.84,2915.74,2.28,2,4.0,14.15,37,6-month,Yes,Yes,Male,0
60,49.16,2969.3,2.47,2,10.5,22.63,70,Month-to-month,No,No,Female,0
55,58.49,3140.83,2.69,4,2.0,15.95,57,Month-to-month,Yes,No,Female,0
72,45.52,3528.29,2.92,3,7.9,8.83,31,Month-to-month,Yes,Yes,Female,0
41,51.69,2112.55,1.21,2,11.1,31.61,53,Month-to-month,No,No,Female,1
20,45.59,969.6,2.2,3,1.6,1.29,20,Month-to-month,Yes,Yes,Male,1
62,52.76,3230.94,1.56,4,11.2,12.32,25,Annual,Yes,No,Male,0
19,33.95,625.75,3.84,1,5.8,48.86,18,Month-to-month,Yes,Yes,Female,1
21,39.02,843.86,0.0,8,18.0,11.37,24,Month-to-month,No,No,Male,1
60,32.91,1852.26,2.7,4,7.8,9.56,59,6-month,Yes,No,Male,0
64,43.87,2965.87,0.53,1,11.7,1.83,63,Annual,No,No,Female,0
24,60.35,1420.62,3.06,2,21.0,10.73,53,Month-to-month,No,No,Male,0
53,64.57,3156.23,1.98,3,5.8,35.68,38,Month-to-month,No,Yes,Male,0
67,40.73,2799.66,0.14,5,1.1,56.9,43,6-month,No,Yes,Female,0
58,52.01,2984.57,3.72,4,3.3,23.42,27,Month-to-month,Yes,No,Male,0
0,53.65,50.42,0.0,4,7.0,9.29,40,6-month,Yes,No,Female,0
48,50.83,2489.45,2.46,3,29.4,48.08,50,Month-to-month,Yes,No,Female,0
12,67.04,784.37,3.4,3,17.7,46.99,59,Month-to-month,No,No,Female,1
61,73.77,4659.8,4.29,3,4.0,25.26,69,Month-to-month,No,No,Male,0
4,49.54,196.8,0.41,2,5.7,4.86,40,6-month,No,No,Female,0
72,33.48,2465.15,1.83,6,10.8,10.4,50,Month-to-month,Yes,No,Female,0
12,50.63,598.74,3.91,5,15.5,12.57,23,Month-to-month,No,Yes,Male,0
30,55.04,1525.91,4.0,4,1.7,6.91,49,Month-to-month,Yes,Yes,Male,0
17,52.31,927.61,4.16,3,10.9,27.59,24,6-month,No,No,Male,0
59,37.73,2142.99,5.83,2,7.1,15.68,65,Month-to-month,No,No,Female,0
28,53.84,1356.04,1.84,1,1.3,11.12,25,6-month,Yes,No,Male,0
54,41.35,2187.73,2.98,1,5.1,15.44,28,6-month,Yes,No,Female,0
4,49.41,190.85,2.05,3,4.3,3.9,30,Month-to-month,No,No,Male,1
33,50.12,1728.37,0.0,3,4.2,13.66,47,Annual,Yes,No,Male,0
66,42.3,2699.42,2.38,4,15.5,49.23,55,Annual,Yes,No,Female,0
67,58.9,3923.05,0.0,2,9.0,17.15,30,Month-to-month,Yes,Yes,Male,1
15,46.77,720.6,1.82,4,5.1,8.43,59,Month-to-month,No,Yes,Male,1
28,57.42,1611.92,0.59,1,4.2,9.14,54,Month-to-month,Yes,Yes,Female,0
29,45.21,1377.49,3.07,2,8.1,4.91,52,Month-to-month,No,Yes,Male,0
41,37.56,1621.05,1.49,3,4.8,23.33,48,Month-to-month,No,No,Female,1
39,39.01,1450.24,0.18,2,11.2,10.72,67,Annual,Yes,No,Male,0
7,37.73,268.9,3.63,4,6.0,53.31,63,Annual,No,No,Male,0
55,51.66,3072.07,1.72,4,1.0,70.61,59,Month-to-month,No,No,Female,0
16,49.79,762.58,1.94,1,1.8,25.77,48,Month-to-month,No,Yes,Male,1
22,69.65,1444.18,1.23,5,3.8,13.44,47,Month-to-month,No,Yes,Female,0
61,60.92,3843.55,3.99,2,6.0,11.5,49,Month-to-month,No,Yes,Female,0
50,66.47,3198.02,2.85,1,9.0,36.93,70,Month-to-month,No,No,Male,0
28,47.71,1468.61,1.7,2,8.5,31.53,43,Annual,Yes,No,Female,0
66,54.95,3564.04,0.01,8,19.1,66.89,53,Annual,No,No,Male,0
28,59.02,1576.87,5.76,3,0.4,13.98,20,Month-to-month,No,No,Female,0
41,44.01,1756.51,5.07,3,0.3,80.03,58,6-month,No,No,Male,0
17,56.58,1030.71,4.38,0,1.5,14.26,42,6-month,Yes,No,Female,0
13,31.06,377.97,1.59,5,3.0,26.39,70,Annual,No,No,Female,1
35,58.99,2028.76,1.85,4,11.6,5.53,20,Month-to-month,No,Yes,Male,0
41,41.79,1691.37,3.02,1,8.1,6.72,70,Month-to-month,No,No,Female,0
58,46.89,2371.39,1.34,4,1.5,9.32,50,6-month,No,No,Male,0
28,58.11,1587.85,1.21,3,3.1,15.16,28,Month-to-month,No,No,Male,0
65,34.32,2209.54,4.4,6,3.3,6.07,30,6-month,No,Yes,Male,0
44,59.5,2504.39,2.43,3,2.6,46.43,27,Month-to-month,Yes,Yes,Male,1
5,51.7,267.85,1.04,5,4.9,32.34,18,6-month,No,Yes,Male,1
53,41.75,2300.55,3.74,2,4.0,9.64,20,Annual,No,Yes,Male,0
41,60.44,2495.42,1.75,2,4.2,3.1,58,Month-to-month,Yes,Yes,Male,0
28,60.87,1605.46,0.0,3,1.7,86.15,28,Month-to-month,No,No,Male,1
34,62.15,2017.59,1.02,2,9.0,55.87,35,6-month,No,No,Female,0
22,49.07,1137.59,1.83,1,6.2,6.23,40,Month-to-month,No,Yes,Male,1
44,38.26,1878.76,2.79,4,3.7,11.83,52,6-month,No,Yes,Female,0
41,52.94,2271.17,2.72,3,2.1,26.28,60,6-month,Yes,Yes,Male,0
32,70.25,2300.35,4.1,6,4.5,21.06,54,Month-to-month,No,Yes,Male,0
20,44.36,843.84,2.19,3,1.1,9.01,62,Annual,Yes,Yes,Male,0
29,55.15,1607.02,1.89,3,8.1,30.78,44,Month-to-month,No,Yes,Female,1
36,53.63,1804.41,4.12,0,8.6,28.09,43,6-month,No,No,Female,0
34,62.39,2180.77,3.77,2,5.9,23.54,18,Month-to-month,No,No,Female,1
22,48.88,1055.16,2.22,0,18.5,39.82,50,Month-to-month,No,No,Female,1
42,48.47,1915.06,2.88,6,8.9,9.47,60,Month-to-month,No,Yes,Female,0
16,42.64,666.72,1.88,2,10.8,24.53,52,Annual,No,No,Male,0
36,25.05,919.46,0.99,6,8.4,5.91,37,Annual,No,No,Female,0
8,51.28,414.27,5.36,3,8.5,23.26,52,Annual,No,No,Female,0
34,53.42,1820.7,1.8,3,7.0,32.41,31,Month-to-month,No,No,Male,0
57,56.26,3259.65,2.88,4,10.5,0.56,20,Month-to-month,No,No,Female,0
59,46.07,2569.33,0.53,2,6.5,38.35,57,6-month,Yes,Yes,Female,0
50,44.07,2091.0,3.46,3,2.3,93.2,45,6-month,No,No,Male,0
54,36.9,1903.57,0.93,3,11.5,84.49,59,Month-to-month,No,Yes,Female,0
4,33.67,125.64,4.68,0,8.3,4.3,51,Annual,Yes,Yes,Male,0
24,45.25,1085.27,4.84,2,2.5,3.94,61,Month-to-month,No,No,Female,0
47,57.82,2514.61,3.24,5,5.6,57.89,57,Month-to-month,No,No,Male,0
58,46.34,2717.33,2.65,2,1.3,2.31,58,Annual,No,No,Male,0
42,46.56,1800.5,2.26,2,15.2,48.87,64,Month-to-month,Yes,No,Female,1
62,35.77,2297.84,2.44,3,7.9,3.47,27,Month-to-month,No,Yes,Male,0
19,49.34,949.15,3.03,3,1.9,4.39,44,6-month,No,No,Male,0
11,37.11,377.11,2.62,2,5.1,52.75,59,Annual,No,No,Female,0
6,52.83,324.2,3.78,3,2.4,26.01,42,Month-to-month,No,Yes,Male,1
42,54.96,2294.42,1.31,4,3.9,7.54,30,6-month,No,No,Female,0
48,63.39,3214.27,4.49,4,8.5,39.07,70,Month-to-month,No,Yes,Male,1
20,55.21,1096.68,1.95,3,11.2,21.11,34,Month-to-month,Yes,Yes,Female,0
57,52.85,2759.53,1.53,2,2.0,15.51,44,Month-to-month,No,No,Female,0
53,64.27,3329.81,2.97,1,15.2,4.92,31,Month-to-month,No,No,Male,0
26,59.72,1537.19,3.05,2,13.1,5.77,22,Month-to-month,Yes,No,Female,1
17,57.89,957.69,0.24,4,4.4,29.42,29,Month-to-month,No,Yes,Female,1
54,55.92,3098.03,1.87,6,3.3,5.29,39,6-month,No,Yes,Male,0
49,62.49,3217.8,0.0,1,10.2,10.89,48,6-month,Yes,No,Female,1
12,53.36,655.46,1.62,4,26.4,8.75,67,6-month,No,Yes,Female,0
18,28.48,486.31,1.68,2,6.1,56.24,50,Annual,No,No,Female,1
35,67.31,2396.84,2.89,1,4.1,11.89,37,Month-to-month,No,Yes,Female,0
37,44.53,1640.89,1.48,1,3.7,17.2,57,Month-to-month,No,No,Female,0
12,69.34,799.18,1.78,4,0.3,2.13,58,Month-to-month,No,Yes,Female,1
69,52.37,3872.9,4.2,5,2.9,13.18,28,6-month,No,Yes,Female,0
28,45.31,1273.72,5.18,2,0.3,6.72,60,Month-to-month,Yes,Yes,Female,0
27,60.09,1557.04,1.3,1,11.7,14.82,43,Month-to-month,No,No,Male,1
4,48.5,192.72,3.83,2,14.2,10.46,61,Month-to-month,No,No,Female,1
63,55.33,3523.35,3.0,1,4.3,4.09,49,Month-to-month,No,No,Male,0
17,39.98,736.39,0.24,3,5.6,11.16,20,Annual,No,Yes,Female,0
72,58.96,4354.75,1.47,3,3.0,0.62,37,6-month,Yes,Yes,Male,0
36,64.41,2243.14,0.0,4,3.1,9.32,21,Month-to-month,No,Yes,Male,1
63,60.05,3908.25,2.92,3,5.8,129.44,29,6-month,No,Yes,Male,0
13,47.46,621.46,1.1,2,7.5,26.17,22,6-month,No,Yes,Female,1
12,44.32,490.37,2.67,5,19.1,20.47,22,Month-to-month,No,Yes,Female,1
58,57.71,3122.36,5.84,1,1.4,7.24,38,Month-to-month,No,No,Male,0
59,49.28,2792.08,4.57,2,5.2,26.36,32,6-month,Yes,No,Male,0
39,48.26,1788.62,1.5,3,7.2,6.24,51,Month-to-month,No,No,Male,0
2,70.91,134.07,1.19,2,4.8,55.81,45,Month-to-month,No,No,Female,1
68,63.13,4389.64,4.18,1,9.0,40.83,65,Month-to-month,No,Yes,Male,0
28,38.13,1117.98,1.19,6,12.3,6.16,26,6-month,No,No,Male,0
68,34.83,2214.93,3.79,1,4.8,10.56,32,Annual,No,No,Female,0
63,41.64,2604.24,6.06,4,5.5,26.81,64,6-month,No,No,Male,0
62,51.68,3396.22,3.38,2,3.8,11.33,67,Month-to-month,Yes,No,Female,0
50,67.56,3526.25,4.04,5,9.3,21.53,55,Month-to-month,No,No,Male,0
49,52.48,2530.5,3.89,0,2.7,50.97,70,6-month,No,Yes,Male,0
38,45.26,1678.31,1.78,3,11.6,42.94,23,Annual,No,Yes,Male,0
1,36.71,39.49,2.88,1,3.4,10.11,69,Annual,No,Yes,Male,1
28,32.43,970.41,1.26,4,7.9,23.32,28,Annual,Yes,No,Female,0
53,55.58,3166.9,4.18,2,7.8,0.85,66,Month-to-month,No,No,Male,1
59,53.18,3103.83,1.09,0,15.7,6.6,20,6-month,No,No,Female,0
40,25.0,988.93,3.41,2,1.1,25.48,66,Annual,No,No,Female,0
51,51.78,2494.56,3.97,2,12.5,17.86,63,6-month,Yes,No,Female,1
1,58.07,58.82,1.86,5,2.8,10.57,39,6-month,Yes,No,Male,0
34,48.22,1604.37,1.56,3,12.2,6.66,30,Month-to-month,No,No,Female,0
37,46.13,1707.06,2.28,5,2.4,12.09,22,6-month,No,Yes,Male,0
65,47.93,2755.99,1.34,4,6.4,72.28,69,Month-to-month,No,Yes,Male,0
22,40.27,867.68,2.7,3,4.1,20.22,67,Month-to-month,No,No,Male,1
16,46.09,786.14,1.31,2,11.5,8.69,69,Annual,Yes,Yes,Female,0
25,41.9,1055.66,1.4,2,2.3,4.54,61,Annual,No,Yes,Female,1
12,25.0,258.75,3.21,4,1.5,8.69,30,Annual,Yes,Yes,Male,0
40,52.59,2175.31,3.3,3,7.2,7.15,59,Month-to-month,Yes,No,Male,0
46,53.16,2598.74,2.12,2,2.6,3.18,67,Month-to-month,No,No,Male,1
58,56.82,3044.49,0.36,4,8.6,10.33,59,Month-to-month,Yes,No,Female,0
70,43.54,3082.9,4.02,1,7.9,17.11,36,Annual,No,No,Male,0
5,35.72,175.91,1.92,2,6.0,2.93,47,6-month,No,Yes,Male,0
18,43.24,797.2,5.18,3,6.3,41.9,35,Annual,No,No,Male,1
21,39.66,861.96,2.33,5,8.5,9.41,53,Month-to-month,Yes,No,Female,0
18,57.61,1028.27,2.68,6,5.6,12.77,66,6-month,No,No,Male,0
60,43.73,2632.9,1.94,4,3.7,24.73,20,6-month,Yes,No,Female,0
10,53.77,586.15,2.82,5,5.3,16.33,49,Month-to-month,Yes,No,Male,0
2,47.46,114.12,7.0,3,5.3,11.27,34,Annual,No,Yes,Female,0
62,46.26,2983.23,2.05,1,6.5,2.01,54,6-month,No,No,Male,0
70,39.01,2772.03,4.16,5,22.7,41.37,41,Month-to-month,No,Yes,Male,0
16,63.77,992.35,2.62,2,5.3,7.22,40,Month-to-month,No,Yes,Male,1
24,43.69,1046.16,4.03,3,15.4,8.82,31,Annual,No,Yes,Male,0
36,67.76,2451.15,0.0,3,12.5,8.8,45,6-month,No,No,Male,1
38,46.09,1767.17,5.03,0,2.8,30.23,44,6-month,No,No,Female,0
72,49.49,3181.4,2.94,2,2.3,4.01,59,6-month,Yes,Yes,Male,0
29,51.1,1439.85,2.15,1,7.1,5.82,33,Month-to-month,No,Yes,Male,1
0,41.18,40.75,3.67,5,12.2,17.58,27,6-month,No,No,Male,1
30,31.95,943.18,2.69,5,5.7,36.59,28,Annual,No,Yes,Female,0
40,50.64,2066.44,1.01,1,7.2,17.16,70,Month-to-month,Yes,Yes,Female,1
37,52.92,2136.99,0.0,3,6.9,23.29,48,6-month,Yes,No,Female,0
37,46.63,1779.15,4.87,2,17.9,16.59,60,Month-to-month,No,Yes,Male,0
67,62.87,4318.46,2.21,4,11.5,14.68,46,Month-to-month,No,Yes,Male,1
58,50.77,3063.1,1.7,3,4.2,30.17,32,Month-to-month,No,No,Female,1
18,49.78,960.81,1.8,4,1.6,18.13,42,Annual,No,No,Male,0
25,60.37,1729.46,4.4,3,6.1,56.72,55,Month-to-month,Yes,No,Female,0
48,46.03,2246.72,1.86,1,5.8,9.1,60,Month-to-month,Yes,No,Male,0
29,60.54,1783.0,3.34,6,29.9,50.33,18,6-month,No,Yes,Female,0
31,56.07,1773.46,2.06,3,6.5,6.97,56,Month-to-month,No,Yes,Male,1
12,49.18,602.96,0.87,2,6.6,14.52,57,6-month,No,No,Female,0
18,38.72,674.11,3.67,2,4.8,5.54,59,Annual,No,No,Male,0
54,70.35,3827.1,3.93,6,4.6,11.69,60,Month-to-month,No,Yes,Female,0
61,52.96,3122.92,1.62,4,11.5,7.1,43,Month-to-month,Yes,Yes,Male,0
57,45.0,2700.98,2.45,3,10.7,6.82,25,Annual,Yes,No,Female,0
22,53.25,1360.58,2.63,3,5.3,3.98,57,Month-to-month,No,No,Female,0
9,59.54,546.06,3.08,3,9.5,14.06,34,Month-to-month,No,Yes,Female,1
11,53.24,612.71,5.06,2,6.9,21.76,22,Annual,Yes,No,Female,0
28,43.29,1290.59,2.08,2,7.3,102.88,52,Annual,Yes,Yes,Female,0
37,49.26,1732.99,2.07,2,3.0,22.35,20,6-month,Yes,Yes,Female,0
65,44.2,2995.04,2.27,5,10.1,18.09,55,6-month,Yes,Yes,Female,0
65,38.27,2547.97,1.28,4,5.3,8.63,36,Annual,Yes,No,Male,0
0,45.78,42.48,0.26,3,14.3,14.53,21,6-month,No,No,Male,0
51,48.9,2479.1,2.67,0,1.9,3.46,65,6-month,Yes,No,Female,0
21,44.93,822.14,3.19,7,4.9,13.79,40,Annual,Yes,No,Male,0
14,52.78,676.49,2.5,3,2.0,1.85,22,6-month,No,No,Female,0
40,40.74,1528.06,2.42,4,12.0,12.78,43,Month-to-month,Yes,Yes,Male,0
2,68.64,127.46,1.33,3,8.1,98.57,33,Month-to-month,Yes,No,Female,1
24,50.32,1294.48,2.83,2,1.9,16.76,54,Month-to-month,No,Yes,Male,0
40,71.22,2680.64,2.72,2,6.9,58.95,59,Month-to-month,Yes,No,Male,1
19,46.76,901.41,3.12,2,5.4,94.14,36,Month-to-month,No,No,Female,0
43,53.88,2304.7,2.92,1,4.8,3.77,40,Month-to-month,No,No,Male,1
33,36.99,1212.87,3.01,9,6.3,21.73,37,Annual,No,No,Female,0
58,51.77,2933.41,4.21,3,20.6,4.19,26,Month-to-month,Yes,No,Female,0
13,57.72,723.72,3.24,3,20.8,5.56,29,Month-to-month,No,No,Female,1
4,65.93,273.67,3.12,3,7.0,10.32,48,Month-to-month,No,Yes,Male,0
38,49.44,1647.3,0.23,4,5.6,18.75,66,Month-to-month,No,No,Female,1
18,47.97,907.9,3.87,4,1.7,6.63,60,6-month,No,Yes,Male,0
51,40.41,2016.16,2.11,6,7.2,20.2,23,Month-to-month,Yes,Yes,Female,1
6,60.83,368.94,2.6,3,21.2,67.73,56,Month-to-month,No,Yes,Male,0
41,52.53,2226.21,0.85,2,8.6,25.48,43,Annual,Yes,No,Male,0
72,65.62,5033.27,5.22,2,5.1,70.96,33,Month-to-month,Yes,Yes,Male,0
6,52.26,301.92,0.0,4,2.8,9.8,25,Month-to-month,Yes,No,Male,1
22,48.99,1054.64,4.43,3,6.5,9.16,33,Annual,No,Yes,Male,0
61,52.95,2975.75,3.05,7,19.6,6.79,19,6-month,No,No,Female,0
38,40.46,1566.95,0.02,7,5.3,26.97,42,6-month,No,Yes,Female,0
12,36.65,484.59,5.15,3,13.8,5.79,54,Annual,No,No,Male,0
15,37.95,554.09,3.17,5,5.7,64.87,38,Annual,No,No,Female,0
55,57.79,3140.09,0.0,5,1.0,3.57,26,Month-to-month,No,No,Female,0
62,49.12,3118.13,1.95,5,1.5,6.85,38,6-month,No,No,Male,0
26,50.53,1308.01,3.19,3,10.2,10.53,48,6-month,Yes,Yes,Male,0
34,72.43,2561.78,4.73,2,6.9,4.74,50,Month-to-month,No,No,Female,0
57,42.01,2389.08,1.97,2,12.8,9.3,51,Annual,Yes,No,Female,0
12,47.36,596.2,0.0,4,6.1,35.84,27,Month-to-month,No,Yes,Female,1
15,50.24,736.13,4.4,8,13.5,16.22,69,Annual,No,No,Male,0
56,40.74,2292.47,3.15,0,9.7,34.5,52,6-month,No,No,Male,1
13,51.85,641.85,0.0,3,2.0,45.2,40,Month-to-month,No,Yes,Male,1
56,75.49,4090.95,2.95,3,5.2,9.57,61,Month-to-month,No,Yes,Male,0
36,43.81,1586.16,3.08,3,3.9,24.66,21,Annual,No,No,Female,0
72,38.54,2775.27,2.08,1,2.7,12.26,34,6-month,No,Yes,Female,0
2,54.41,114.16,1.42,2,5.8,8.13,42,Month-to-month,No,No,Male,0
69,57.64,4043.81,1.71,3,13.4,11.53,69,Month-to-month,No,Yes,Male,1
16,50.92,809.9,2.08,4,4.2,56.12,25,6-month,No,No,Female,1
2,59.02,115.26,2.96,0,2.5,33.55,56,Month-to-month,No,No,Male,1
52,46.65,2444.3,3.52,2,11.8,43.45,45,6-month,No,No,Female,0
38,42.0,1670.72,0.0,5,6.9,10.45,40,6-month,No,No,Female,1
61,47.03,2771.76,2.83,6,1.2,4.08,43,Month-to-month,No,No,Male,0
7,45.86,365.48,3.13,2,9.0,23.18,44,6-month,No,No,Male,0
5,38.41,179.01,2.72,4,9.2,58.42,42,Month-to-month,No,No,Male,1
41,45.93,1806.99,1.97,1,6.1,12.31,49,Annual,Yes,Yes,Female,0
64,41.55,2597.82,4.35,2,1.9,47.05,59,Annual,No,Yes,Female,0
29,46.03,1397.39,4.25,1,3.8,47.53,46,Month-to-month,Yes,Yes,Male,0
58,74.4,4630.21,2.02,6,4.8,50.26,37,Month-to-month,Yes,No,Male,0
66,62.92,4083.5,2.39,4,6.1,23.84,34,Month-to-month,No,Yes,Female,0
63,31.67,1908.51,3.5,4,2.4,19.06,58,Annual,No,Yes,Male,0
37,37.28,1316.81,4.17,1,10.7,30.56,22,Month-to-month,Yes,No,Male,0
50,33.51,1755.59,1.44,3,21.6,46.98,59,6-month,Yes,Yes,Female,0
38,36.62,1306.29,1.14,5,2.9,28.77,27,Annual,No,No,Male,0
49,63.91,3178.35,2.86,2,3.8,26.77,37,Month-to-month,No,No,Male,1
41,61.43,2567.63,1.04,1,3.5,9.12,65,6-month,No,Yes,Male,0
38,55.1,2130.25,0.0,2,30.0,25.75,34,Month-to-month,Yes,No,Male,1
31,47.59,1417.25,1.43,4,7.8,22.3,33,6-month,Yes,No,Male,0
47,42.52,1873.21,3.04,3,13.8,77.52,19,Month-to-month,No,No,Male,0
54,46.18,2494.02,4.52,3,8.5,32.52,70,Annual,No,No,Male,0
67,53.04,3663.94,1.58,4,2.1,23.64,59,Month-to-month,Yes,No,Female,0
44,52.65,2273.5,2.34,2,2.8,9.8,34,Month-to-month,No,No,Male,0
7,33.72,243.56,2.7,2,3.5,3.31,56,Annual,No,No,Male,1
42,40.88,1704.39,1.66,4,3.8,6.82,63,Annual,No,No,Female,0
23,45.16,1069.93,1.55,5,10.9,77.51,25,6-month,No,No,Female,0
1,37.49,35.53,2.94,1,27.6,13.59,20,6-month,Yes,No,Male,0
5,81.88,404.84,0.94,2,5.4,25.47,26,Month-to-month,Yes,No,Male,1
43,56.16,2620.75,1.5,2,7.0,8.41,42,6-month,No,No,Male,1
68,62.07,4096.8,2.24,4,6.2,2.6,58,Month-to-month,No,No,Male,1
36,63.66,2332.95,2.92,4,1.7,13.91,42,Month-to-month,No,Yes,Male,1
32,34.54,1103.83,0.53,5,16.2,43.05,24,Annual,No,No,Female,0
6,55.58,325.01,2.33,1,9.8,4.99,29,6-month,No,No,Male,0
49,63.71,3251.51,0.82,2,5.7,2.61,60,Month-to-month,No,Yes,Male,1
4,47.87,185.01,1.61,0,23.5,3.04,60,Month-to-month,No,Yes,Female,1
61,49.4,3177.39,3.53,7,1.2,6.87,29,Annual,No,Yes,Female,0
59,55.45,3388.34,2.4,3,11.3,17.68,29,Month-to-month,No,No,Female,0
72,53.85,3610.09,4.67,1,6.0,7.62,43,Month-to-month,Yes,Yes,Male,1
20,68.93,1433.95,2.41,4,4.5,24.1,21,Month-to-month,No,No,Male,0
11,62.03,685.98,3.76,1,4.3,15.28,28,Month-to-month,No,No,Female,1
21,54.3,1079.01,3.53,1,5.5,6.68,52,Month-to-month,No,Yes,Male,0
58,25.0,1411.17,2.48,0,5.0,87.03,31,Annual,No,No,Male,0
15,34.53,496.75,0.79,1,8.9,11.27,60,Month-to-month,No,No,Female,1
64,48.85,3180.83,2.36,1,7.6,10.67,48,Month-to-month,Yes,Yes,Male,0
11,44.17,532.69,1.81,1,15.4,15.72,35,6-month,No,No,Male,0
3,53.9,161.54,1.76,4,5.0,15.81,63,6-month,No,No,Male,0
16,42.96,668.71,2.7,1,19.2,16.6,42,6-month,No,No,Female,0
55,43.97,2415.89,0.62,5,17.9,19.15,49,6-month,No,No,Male,1
43,48.78,2085.23,1.36,2,4.2,51.33,45,6-month,No,No,Female,0
25,37.86,972.42,1.18,6,3.2,32.28,29,6-month,Yes,No,Male,0
47,50.64,2328.03,2.17,2,11.4,13.75,34,6-month,Yes,No,Female,0
47,45.5,1827.26,1.5,2,8.6,49.31,47,6-month,No,Yes,Male,0
40,32.1,1289.98,1.59,2,4.0,7.36,18,6-month,No,No,Male,0
37,70.31,2561.85,2.68,0,8.6,8.68,27,Month-to-month,No,No,Female,0
7,45.24,299.26,1.92,2,3.9,54.21,19,6-month,No,No,Male,0
18,54.82,973.65,2.51,2,7.7,78.49,45,6-month,No,Yes,Male,0
38,62.35,2514.9,1.05,5,6.8,10.54,35,Month-to-month,No,No,Male,0
9,53.23,458.24,1.42,1,4.4,20.87,29,Annual,No,No,Female,0
34,49.61,1676.16,5.15,4,19.7,4.6,69,Month-to-month,Yes,Yes,Female,0
8,54.24,424.42,1.59,3,20.6,2.5,59,Month-to-month,No,No,Female,1
57,46.07,2444.34,0.0,1,5.2,19.86,45,Annual,No,No,Male,0
7,50.0,354.48,2.94,9,16.7,8.74,63,Month-to-month,No,No,Male,0
6,44.31,265.01,1.58,5,3.7,2.87,18,Month-to-month,No,Yes,Male,0
46,66.51,3405.41,2.82,4,1.2,33.33,51,Month-to-month,No,No,Male,1
16,40.87,677.02,2.38,2,5.8,33.75,70,Annual,No,Yes,Male,0
25,65.08,1693.5,3.21,4,5.5,44.01,38,Month-to-month,Yes,No,Male,0
22,51.69,1089.67,2.37,7,2.2,3.52,69,6-month,No,No,Female,0
15,39.95,621.5,2.21,1,3.7,17.63,62,6-month,Yes,No,Male,0
55,50.54,2856.64,3.99,4,17.3,8.29,58,6-month,No,No,Female,0
50,55.19,2425.75,0.0,1,7.2,5.7,37,Annual,No,No,Female,0
17,28.45,510.98,0.78,3,17.9,35.2,44,Annual,No,No,Female,0
50,49.43,2457.74,1.43,5,9.0,19.2,36,Month-to-month,No,No,Female,1
52,51.93,2578.71,0.3,4,10.9,15.53,53,Annual,No,Yes,Female,1
39,40.87,1585.63,1.88,3,9.2,38.3,24,Month-to-month,No,No,Female,0
42,52.14,2121.91,1.75,0,8.3,16.15,56,Month-to-month,No,No,Male,0
68,60.45,4180.17,3.77,0,5.2,5.73,64,Month-to-month,No,No,Female,1
33,46.54,1505.31,2.39,3,10.0,1.84,52,6-month,No,Yes,Female,1
28,44.01,1338.03,2.22,7,10.4,19.48,25,Month-to-month,No,Yes,Female,1
39,39.32,1665.44,2.01,4,12.5,4.41,19,6-month,No,No,Female,0
61,76.12,4702.37,1.13,3,14.3,13.15,68,Month-to-month,Yes,No,Female,1
51,58.25,3055.66,3.66,5,18.6,14.44,35,Month-to-month,Yes,Yes,Female,1
5,46.76,253.58,4.07,4,8.5,41.67,56,Month-to-month,No,No,Male,0
33,32.37,1050.74,0.92,3,9.4,4.55,51,Annual,No,No,Female,0
54,76.89,4115.72,4.61,4,8.0,25.12,62,Month-to-month,No,No,Female,0
16,61.2,1008.89,1.63,1,18.1,21.71,27,Month-to-month,No,No,Male,1
72,27.13,1948.21,1.52,1,8.7,21.57,43,Month-to-month,Yes,No,Female,0
58,81.52,4791.4,3.11,3,8.7,24.41,44,Month-to-month,No,No,Male,1
61,51.56,3092.91,3.23,2,9.7,15.2,31,6-month,Yes,Yes,Female,0
5,52.94,251.67,2.41,3,9.7,28.51,67,Month-to-month,No,No,Female,0
42,43.67,1741.38,2.05,2,8.0,0.53,44,Month-to-month,No,Yes,Male,0
38,56.65,2280.79,4.02,4,4.4,28.03,61,Annual,No,No,Male,0
45,57.84,2654.02,1.69,3,4.4,44.46,60,Month-to-month,Yes,No,Female,0
62,34.29,2222.81,2.41,4,2.2,105.51,36,Month-to-month,Yes,Yes,Female,0
25,64.8,1547.21,4.7,3,5.9,77.08,42,6-month,No,No,Male,0
38,38.45,1495.31,0.76,2,2.1,5.94,37,6-month,No,Yes,Male,1
49,31.75,1603.35,1.9,4,0.9,14.08,32,6-month,No,No,Female,0
54,41.1,2148.12,3.83,1,13.6,13.54,23,Month-to-month,No,Yes,Female,0
56,53.61,2930.14,3.19,2,4.4,70.56,47,Month-to-month,Yes,Yes,Male,0
24,51.62,1329.77,3.66,2,0.5,72.52,27,Month-to-month,No,Yes,Female,0
72,49.05,3496.05,0.78,2,14.6,41.07,19,Month-to-month,No,Yes,Male,0
0,43.12,44.67,2.92,1,3.0,16.34,32,Month-to-month,No,No,Male,1
35,40.17,1347.88,2.13,5,5.7,16.12,57,Annual,No,No,Female,0
44,59.72,2817.8,5.45,1,13.3,47.85,33,6-month,Yes,Yes,Female,0
4,44.34,174.07,3.55,3,10.2,8.44,53,Month-to-month,No,No,Male,1
32,45.73,1452.47,2.47,3,1.8,39.07,68,Month-to-month,Yes,Yes,Male,1
43,47.93,2110.8,2.87,5,2.3,3.78,29,6-month,No,No,Female,0
44,45.35,2275.74,2.57,2,6.8,7.45,69,Month-to-month,Yes,No,Male,1
8,56.79,443.47,3.41,5,2.7,62.8,29,Month-to-month,No,No,Female,0
20,69.68,1397.74,1.39,1,8.8,29.83,54,Month-to-month,Yes,Yes,Female,1
17,60.54,1095.0,4.27,1,7.4,15.56,59,6-month,No,No,Female,0
46,41.95,1944.37,0.78,0,20.2,14.77,25,6-month,No,No,Female,0
24,58.92,1422.13,2.77,6,7.3,3.58,33,Month-to-month,No,No,Female,0
41,53.22,2417.95,1.43,0,4.2,18.04,42,Month-to-month,No,No,Male,1
53,41.14,2326.68,2.56,1,3.3,70.02,47,6-month,No,Yes,Male,0
58,39.39,2541.5,3.78,1,4.0,16.48,56,6-month,No,Yes,Male,0
13,34.39,435.01,0.27,4,14.8,4.7,47,6-month,No,No,Female,1
65,55.36,3768.22,2.28,3,7.0,1.55,22,Month-to-month,No,Yes,Female,0
12,47.49,573.66,0.63,2,5.7,7.43,50,6-month,No,No,Male,0
1,40.48,40.41,2.14,2,8.3,25.2,22,Annual,Yes,No,Female,0
3,32.99,99.31,0.62,6,2.0,7.94,20,6-month,No,No,Male,1
14,63.34,922.2,2.71,2,8.6,13.69,52,Month-to-month,No,Yes,Male,1
63,46.61,2954.25,1.95,2,5.9,43.67,42,6-month,Yes,No,Male,0
15,44.94,648.39,3.47,1,5.4,11.38,37,Month-to-month,Yes,Yes,Female,1
50,66.27,3189.47,4.1,1,18.1,51.08,58,Month-to-month,No,No,Female,0
30,56.44,1602.08,2.51,5,5.5,7.12,36,Month-to-month,Yes,Yes,Male,0
2,46.11,92.59,3.66,5,6.2,21.64,57,Annual,No,Yes,Male,0
32,52.57,1741.89,4.3,6,3.8,18.05,34,Month-to-month,Yes,No,Male,0
2,34.9,73.94,1.3,4,10.9,9.32,40,Annual,Yes,Yes,Male,0
34,65.57,2291.9,4.37,1,30.0,18.97,33,Month-to-month,No,No,Female,1
40,61.83,2512.0,2.45,4,2.6,61.31,24,Month-to-month,No,No,Male,0
38,56.82,2291.82,1.23,1,6.3,18.19,30,Month-to-month,No,No,Male,0
20,48.55,906.62,2.89,2,3.6,38.39,46,6-month,No,No,Female,0
55,48.19,2729.71,2.41,2,13.8,20.02,41,Month-to-month,No,Yes,Male,1
43,33.7,1485.94,0.67,1,14.1,1.83,50,Month-to-month,Yes,No,Male,1
18,40.87,695.0,1.07,2,4.5,9.1,68,Month-to-month,No,No,Female,1
31,47.57,1341.59,4.63,4,8.3,7.06,61,Month-to-month,No,Yes,Male,1
7,46.07,322.51,2.86,3,6.6,1.01,69,Month-to-month,No,Yes,Female,0
67,57.89,4020.45,4.43,2,4.9,26.23,58,Month-to-month,Yes,No,Male,0
54,63.11,3187.55,1.96,4,12.0,11.47,31,Month-to-month,No,No,Male,1
21,51.1,1041.09,1.46,2,4.3,1.39,37,Annual,Yes,No,Male,0
49,69.09,3384.04,0.31,4,9.0,2.91,38,Month-to-month,No,No,Male,1
49,47.17,2436.11,3.76,3,3.0,33.46,51,Month-to-month,No,No,Male,0
44,53.64,2416.41,3.03,4,25.9,6.65,23,Month-to-month,No,Yes,Male,1
3,54.49,167.21,1.97,2,6.7,11.57,45,Month-to-month,No,Yes,Female,1
64,68.09,4306.8,1.47,2,4.5,19.15,66,6-month,No,Yes,Female,0
69,56.06,4166.79,3.96,1,4.8,65.62,29,Month-to-month,No,No,Female,0
71,56.34,4088.1,2.27,3,6.1,69.79,45,Month-to-month,Yes,No,Male,0
71,58.93,4076.19,2.28,4,6.0,22.3,32,6-month,No,Yes,Female,0
67,46.0,3020.48,1.72,5,1.8,23.65,52,Month-to-month,No,No,Female,0
53,32.39,1707.29,1.97,3,14.1,14.07,55,Annual,No,No,Male,0
4,35.33,139.5,3.22,3,4.5,35.87,49,Annual,No,No,Female,0
33,68.43,2068.57,0.66,3,22.1,1.84,56,Month-to-month,No,No,Female,1
17,60.0,993.74,2.6,4,8.6,13.25,31,Month-to-month,No,No,Male,0
16,47.52,778.83,3.74,10,4.2,19.92,56,Month-to-month,No,No,Female,0
60,46.68,2693.58,2.39,2,10.6,26.61,21,Month-to-month,No,Yes,Male,0
59,73.96,4392.48,3.87,3,6.8,13.14,35,Month-to-month,No,Yes,Female,0
38,56.39,2025.55,4.24,4,22.5,64.05,41,6-month,No,No,Female,0
53,53.81,2549.57,3.67,2,8.4,30.48,44,Month-to-month,No,Yes,Female,0
9,56.35,499.83,1.8,0,13.9,25.44,48,Month-to-month,No,Yes,Male,1
16,48.54,784.93,2.45,3,10.6,11.95,28,Month-to-month,No,No,Male,0
62,36.93,2230.99,2.95,5,3.2,8.85,46,Annual,No,Yes,Female,0
32,47.6,1447.87,1.89,3,21.7,55.99,54,Annual,Yes,No,Female,1
39,54.21,2182.29,1.85,2,2.1,4.34,37,Month-to-month,No,Yes,Male,1
33,45.49,1499.05,1.77,3,6.3,18.67,36,6-month,Yes,No,Female,0
14,54.04,781.03,5.81,3,8.8,2.53,36,Month-to-month,No,No,Female,1
60,58.83,3865.5,2.15,2,0.9,18.76,35,6-month,No,Yes,Female,0
55,47.45,2670.77,3.89,3,4.1,29.41,53,6-month,No,Yes,Male,0
49,37.14,1863.22,1.37,4,8.0,38.32,36,Annual,No,No,Male,0
25,47.39,1142.45,4.71,5,8.3,83.91,27,Month-to-month,No,No,Female,1
46,57.47,2640.75,2.01,3,24.4,8.7,20,Month-to-month,No,Yes,Female,1
69,43.32,2804.63,2.57,2,15.2,37.2,44,Annual,Yes,Yes,Female,0
47,61.9,2765.3,0.12,3,4.8,17.57,41,Month-to-month,Yes,No,Male,1
36,44.4,1621.78,3.95,0,0.9,49.06,65,Month-to-month,No,No,Male,0
19,38.41,718.83,4.23,4,1.6,15.23,46,6-month,No,No,Male,0
38,41.69,1537.78,0.96,4,6.7,9.31,42,6-month,No,Yes,Female,0
27,51.37,1395.68,4.03,1,11.4,68.75,21,6-month,Yes,No,Female,0
44,45.29,1937.72,0.76,3,3.8,45.51,58,6-month,No,Yes,Female,1
3,52.36,155.08,3.32,3,23.8,15.67,37,6-month,No,Yes,Male,0
13,60.61,799.38,2.13,3,7.0,9.85,28,Month-to-month,No,No,Female,1
57,60.2,3351.01,4.24,3,5.7,8.14,70,6-month,No,Yes,Female,0
27,48.07,1236.64,2.82,1,26.0,33.44,19,6-month,Yes,No,Female,0
31,48.02,1581.65,3.71,2,22.7,51.16,42,Annual,No,Yes,Male,0
39,67.19,2874.47,4.11,3,14.3,30.82,35,Month-to-month,No,No,Female,0
31,64.05,1985.53,2.12,2,5.2,25.16,39,Month-to-month,No,Yes,Male,1
55,64.69,3528.21,2.46,2,24.3,7.08,47,6-month,No,Yes,Female,0
17,51.72,880.81,1.06,1,15.6,3.69,49,Month-to-month,Yes,No,Female,1
55,53.41,2835.61,2.11,5,6.7,5.79,50,Month-to-month,Yes,No,Female,0
15,46.09,731.46,5.01,3,20.0,30.99,37,Annual,No,No,Male,0
27,68.46,1935.83,3.48,5,4.9,10.51,22,Month-to-month,No,No,Female,0
42,49.07,2012.91,1.14,3,2.1,8.18,24,Month-to-month,Yes,No,Male,0
64,47.56,2993.68,4.62,3,5.4,17.31,63,Month-to-month,No,Yes,Female,0
16,45.96,749.43,3.01,8,1.9,55.73,60,Month-to-month,Yes,No,Male,0
42,51.17,2275.72,3.58,2,7.1,3.13,67,6-month,No,Yes,Male,0
4,45.71,186.85,3.14,3,6.8,13.79,60,Month-to-month,Yes,No,Male,0
5,63.18,324.89,3.05,3,4.2,25.47,37,Month-to-month,No,No,Male,0
56,60.46,3457.57,0.0,1,15.5,1.61,56,Month-to-month,No,No,Male,1
52,49.55,2603.58,3.94,3,8.6,38.05,45,Month-to-month,Yes,No,Female,0
27,70.64,1944.13,0.0,0,4.7,36.23,32,Month-to-month,No,Yes,Female,1
45,40.38,1889.77,3.82,2,5.8,18.07,41,Month-to-month,Yes,No,Male,0
27,71.6,1965.39,2.63,3,12.1,8.2,47,Month-to-month,No,Yes,Male,0
20,58.19,1152.27,3.59,2,15.0,109.66,46,Month-to-month,No,No,Female,1
31,34.27,1188.19,2.71,3,8.1,19.84,42,Month-to-month,No,Yes,Male,1
22,70.92,1437.41,3.86,2,3.5,1.95,28,Month-to-month,Yes,No,Female,0
59,64.72,3989.44,2.52,1,6.1,9.29,54,Month-to-month,Yes,No,Female,0
30,50.72,1485.58,2.87,2,11.1,18.0,38,Month-to-month,No,No,Male,0
23,45.35,957.73,3.03,4,17.5,1.6,56,Month-to-month,No,Yes,Female,0
39,39.31,1377.43,4.94,0,5.3,6.42,24,Month-to-month,No,No,Male,0
55,79.15,4313.92,3.28,3,3.1,6.15,38,Month-to-month,No,Yes,Female,0
19,61.3,1284.34,0.79,4,12.7,15.23,66,6-month,Yes,No,Female,1
68,42.36,3145.73,1.77,2,17.0,5.24,59,Month-to-month,No,No,Female,1
33,43.06,1381.95,3.28,3,7.7,15.76,47,6-month,Yes,No,Male,0
48,58.86,2741.96,4.14,1,3.9,34.05,51,6-month,Yes,No,Female,0
69,45.18,3057.68,1.56,1,5.4,88.89,22,Month-to-month,No,No,Male,0
31,64.95,2035.53,5.41,8,8.0,7.0,57,Month-to-month,No,Yes,Female,0
14,59.64,916.12,2.73,3,4.5,18.02,23,Month-to-month,Yes,No,Male,1
54,51.14,2894.93,3.05,0,2.5,13.27,55,Month-to-month,No,No,Female,1
0,55.18,57.02,0.87,3,4.5,22.51,31,Month-to-month,No,No,Female,1
33,50.58,1691.74,3.95,3,5.4,4.5,58,Month-to-month,No,Yes,Male,0
71,41.19,2646.83,1.92,2,5.3,38.33,52,Annual,No,No,Female,0
30,47.38,1285.22,1.53,4,0.7,46.68,48,Month-to-month,No,No,Female,0
49,48.63,2292.4,2.09,3,30.0,28.42,27,6-month,Yes,No,Female,0
38,48.82,1743.39,4.3,2,4.6,6.25,50,6-month,No,No,Male,0
15,47.74,656.99,3.11,2,2.9,57.61,50,Month-to-month,No,Yes,Female,0
23,41.84,1009.17,1.34,2,5.8,15.67,23,Annual,No,Yes,Male,1
38,50.98,1915.63,1.81,1,16.0,58.33,43,Annual,Yes,No,Male,0
7,45.68,306.27,4.33,1,15.5,14.35,46,Month-to-month,No,No,Male,0
30,43.06,1209.18,2.19,2,13.7,11.08,30,Month-to-month,Yes,No,Male,1
30,53.43,1662.36,3.23,4,20.7,7.24,66,Month-to-month,No,Yes,Male,0
60,76.55,4580.65,3.55,5,3.5,3.13,47,Month-to-month,No,No,Male,0
9,44.72,372.77,0.0,2,2.6,39.67,33,Month-to-month,No,Yes,Male,1
61,53.39,3183.81,4.14,3,11.1,8.61,60,Month-to-month,Yes,No,Female,0
29,55.89,1773.27,1.39,1,5.1,35.06,39,Month-to-month,Yes,No,Male,0
47,50.43,2492.57,2.03,4,13.3,1.23,23,6-month,No,Yes,Male,0
40,50.42,2022.85,4.5,1,15.0,3.27,49,Month-to-month,Yes,No,Female,0
21,66.55,1423.96,4.38,1,8.8,41.19,51,Month-to-month,No,Yes,Female,1
67,59.54,3900.78,3.14,5,6.5,13.87,33,Month-to-month,Yes,No,Male,0
16,42.01,663.13,3.45,3,18.8,25.25,23,6-month,No,No,Female,1
2,45.83,86.46,3.77,3,8.3,19.24,29,6-month,No,Yes,Female,0
54,63.94,3334.9,4.36,4,4.7,5.57,48,Month-to-month,No,No,Male,0
45,56.05,2584.18,4.52,4,6.6,27.34,65,6-month,No,No,Female,0
65,68.31,4757.52,2.64,1,7.7,5.38,31,Month-to-month,No,No,Male,0
33,47.93,1609.42,1.54,2,1.1,62.42,21,6-month,No,No,Male,0
1,53.69,56.31,2.17,3,22.0,29.89,53,6-month,No,No,Female,0
1,48.31,43.35,2.67,2,3.9,47.55,30,Month-to-month,No,No,Female,1
31,46.46,1474.96,2.43,2,1.6,5.6,53,6-month,Yes,Yes,Female,1
18,43.54,796.97,1.18,2,8.1,10.46,51,Annual,No,Yes,Female,0
67,48.09,3097.29,3.07,6,9.1,43.36,40,6-month,No,Yes,Female,0
8,45.33,361.48,0.46,1,4.0,7.16,62,Month-to-month,No,No,Female,1
64,48.76,3328.76,2.61,4,5.3,28.26,42,6-month,No,Yes,Female,0
15,48.19,738.23,2.69,4,8.1,12.54,25,Month-to-month,Yes,No,Female,0
8,38.62,303.9,2.65,6,7.9,60.39,34,6-month,No,Yes,Male,0
20,42.62,930.67,3.61,4,13.0,0.93,34,Annual,No,Yes,Female,0
10,59.79,598.64,3.43,3,8.2,79.23,31,Month-to-month,Yes,No,Female,0
29,40.9,1276.05,5.39,1,1.4,12.36,61,Month-to-month,No,No,Male,1
24,62.93,1481.08,1.83,5,6.5,6.39,50,Month-to-month,No,Yes,Male,0
38,57.06,2172.41,2.86,2,10.7,9.66,26,Month-to-month,No,Yes,Female,0
39,56.52,2367.85,2.78,4,4.4,16.15,35,Month-to-month,No,Yes,Male,1
0,74.5,70.86,2.72,2,6.3,32.31,21,Month-to-month,No,Yes,Female,1
9,41.89,421.67,0.86,2,12.2,101.8,20,6-month,No,No,Male,0
11,58.42,618.56,0.96,1,7.9,12.42,20,Month-to-month,No,No,Male,1
14,56.0,810.36,2.51,4,10.5,12.94,20,Month-to-month,No,No,Female,0
6,44.41,273.63,0.45,4,8.8,13.46,65,6-month,No,No,Female,0
22,77.22,1603.48,2.07,3,6.0,7.27,31,Month-to-month,No,No,Male,1
40,55.64,2055.51,1.66,2,26.5,51.83,61,Month-to-month,Yes,Yes,Female,1
22,44.9,924.65,2.11,2,3.2,16.71,53,6-month,No,No,Female,0
24,35.77,849.88,3.97,3,1.8,10.06,42,Annual,No,No,Male,0
34,59.5,2092.53,1.1,2,7.3,45.03,66,6-month,No,Yes,Male,0
40,38.95,1536.04,3.63,3,6.0,4.66,66,Month-to-month,No,No,Male,0
24,47.59,1111.15,1.76,4,7.3,10.4,52,Month-to-month,No,Yes,Female,1
16,32.44,502.42,1.92,1,14.0,48.18,23,Annual,No,No,Male,1
29,47.14,1352.88,3.11,3,3.7,36.74,24,6-month,Yes,Yes,Male,0
1,46.22,45.43,2.14,5,0.7,23.42,19,6-month,No,No,Female,1
35,52.48,1794.66,1.34,2,30.0,58.55,42,6-month,Yes,No,Male,1
68,66.81,4310.71,2.02,6,6.1,53.53,43,Month-to-month,No,Yes,Female,0
29,61.29,1703.99,0.19,2,10.3,3.18,43,Month-to-month,No,Yes,Female,1
7,36.75,267.93,3.0,1,6.4,60.07,59,6-month,No,No,Male,1
51,42.63,2099.12,0.0,1,5.3,15.15,21,Annual,No,No,Female,0
9,63.85,598.04,3.65,2,6.5,7.35,21,Month-to-month,No,No,Female,1
14,39.33,553.79,3.3,4,10.7,3.84,59,6-month,Yes,No,Male,0
10,58.95,645.9,4.58,9,13.6,37.76,36,Month-to-month,Yes,Yes,Female,0
64,47.87,3087.31,5.34,1,18.5,19.22,60,Annual,No,Yes,Male,0
71,42.35,3094.09,3.72,1,11.6,16.22,25,Month-to-month,No,Yes,Male,0
41,46.62,1810.49,1.68,2,6.2,38.18,60,6-month,No,Yes,Female,0
45,72.81,3051.03,5.32,6,25.9,89.48,56,Month-to-month,No,Yes,Male,0
47,51.19,2634.75,0.95,0,10.6,19.18,23,6-month,Yes,Yes,Female,0
44,45.39,2088.46,0.03,4,11.9,4.63,32,6-month,Yes,No,Male,0
39,53.38,1947.56,4.91,0,18.7,15.76,38,Month-to-month,No,No,Female,0
72,43.7,3248.35,3.28,4,7.2,42.67,46,Annual,No,Yes,Female,0
53,37.96,2086.49,0.06,1,17.6,56.23,45,Annual,No,Yes,Female,1
6,26.83,173.94,0.74,3,1.7,69.73,18,Annual,Yes,Yes,Female,1
28,57.79,1548.77,3.22,3,6.6,33.22,49,Month-to-month,No,Yes,Male,0
71,47.87,3372.66,1.37,2,20.2,4.2,40,6-month,No,No,Male,0
29,46.89,1325.24,1.56,7,15.3,35.0,40,6-month,No,No,Male,1
14,49.85,705.54,5.06,4,9.4,20.32,22,6-month,Yes,No,Male,1
63,49.99,3087.38,5.29,4,2.7,8.91,23,Month-to-month,No,Yes,Male,0
45,48.77,2273.09,2.69,2,1.3,17.89,65,6-month,Yes,No,Male,0
41,53.14,2027.18,2.3,6,6.9,34.93,25,Month-to-month,No,No,Male,0
30,72.95,2207.3,3.67,3,6.4,17.29,52,Month-to-month,No,No,Female,1
9,74.55,624.07,1.77,2,13.4,0.83,53,Month-to-month,No,Yes,Male,1
28,63.37,1878.04,0.0,2,8.1,14.82,47,Month-to-month,No,No,Male,1
31,56.19,1719.02,0.0,5,14.8,56.18,28,Month-to-month,No,No,Female,1
67,41.38,2749.81,2.4,5,9.1,7.58,35,Month-to-month,No,No,Male,0
22,54.17,1241.1,3.65,5,3.3,17.55,48,6-month,No,Yes,Male,0
10,47.1,475.88,2.52,4,10.1,0.89,19,Month-to-month,Yes,No,Female,1
31,71.31,2211.21,3.55,2,7.6,21.54,64,Month-to-month,Yes,Yes,Male,0
72,59.15,4131.36,3.68,5,7.0,11.98,38,6-month,Yes,Yes,Female,0
35,29.86,1034.34,4.3,2,7.9,70.0,33,Annual,Yes,No,Female,0
27,30.95,795.16,2.74,2,9.4,22.97,28,Annual,Yes,Yes,Female,0
48,44.69,2037.34,2.86,3,7.3,1.29,69,Annual,No,Yes,Female,0
47,36.75,1756.94,2.45,4,1.9,2.83,44,Annual,Yes,No,Male,0
21,55.59,1089.27,2.16,6,2.3,43.86,39,6-month,No,No,Female,0
70,43.17,2989.42,0.46,4,5.3,43.26,23,Annual,No,Yes,Male,1
43,50.38,2191.41,4.02,2,16.7,23.68,70,Annual,No,No,Male,0
4,48.38,196.85,2.0,1,8.4,0.12,47,Month-to-month,Yes,Yes,Male,1
29,43.86,1125.55,1.93,1,7.1,27.13,30,Annual,No,No,Female,0
67,55.0,3562.64,1.8,4,25.3,21.49,61,6-month,No,No,Female,0
28,35.92,1047.02,0.76,1,9.1,10.74,46,6-month,Yes,No,Male,0
41,51.02,2152.34,2.39,8,7.3,78.45,39,Annual,No,No,Male,0
44,52.21,2302.22,3.17,1,5.7,45.47,59,Month-to-month,No,No,Female,0
51,65.16,3235.86,1.58,2,5.0,0.28,20,Month-to-month,Yes,Yes,Male,1
63,46.83,2921.59,3.85,4,1.5,15.26,45,6-month,No,Yes,Female,0
10,46.23,471.08,2.02,1,7.2,10.66,48,6-month,Yes,No,Female,0
37,40.76,1480.11,0.51,1,2.6,21.86,62,Annual,No,No,Female,0
38,48.65,1895.28,4.29,3,3.8,0.62,67,Annual,Yes,No,Male,0
11,43.43,500.39,2.76,4,2.5,15.8,42,6-month,No,No,Male,0
49,37.24,1793.63,3.62,1,24.1,10.43,67,Annual,No,Yes,Male,0
8,44.0,361.9,3.65,2,8.8,36.07,42,Month-to-month,No,Yes,Male,0
33,32.29,1037.75,1.27,3,17.4,31.37,38,Annual,Yes,No,Male,0
24,48.8,1150.16,1.82,4,12.8,42.46,46,Month-to-month,No,No,Female,1
11,44.74,506.66,3.84,0,6.1,16.07,40,6-month,No,Yes,Male,0
60,46.15,3037.64,4.89,4,4.3,45.05,45,Month-to-month,No,Yes,Female,0
17,54.12,910.21,2.58,0,6.0,15.12,33,6-month,No,No,Male,0
18,56.11,1130.18,1.68,6,3.4,5.86,68,Month-to-month,Yes,No,Female,0
62,64.84,3910.89,4.69,3,0.7,2.39,66,Month-to-month,No,No,Female,0
64,48.47,3266.21,1.69,5,1.7,5.84,57,6-month,No,Yes,Male,0
2,45.76,96.27,2.93,5,11.2,28.61,29,6-month,No,No,Male,0
20,35.95,763.99,1.94,4,1.9,9.81,63,Month-to-month,Yes,Yes,Male,1
51,55.29,2768.29,2.85,3,3.8,11.14,47,6-month,Yes,No,Female,0
56,72.53,4166.77,1.27,3,5.7,4.71,52,Month-to-month,No,Yes,Male,0
72,59.74,4340.63,2.01,4,2.6,1.07,43,Month-to-month,Yes,No,Male,0
40,58.41,2319.22,1.68,3,10.5,45.32,53,Month-to-month,Yes,No,Male,0
0,42.98,42.83,3.36,7,14.4,43.22,22,6-month,No,Yes,Male,1
63,44.39,2604.32,2.71,4,2.0,0.62,65,6-month,No,No,Male,0
11,52.04,570.46,3.64,1,1.8,50.09,44,6-month,No,Yes,Female,0
8,48.79,382.33,1.43,3,4.5,28.51,46,Annual,No,No,Male,0
49,42.93,2079.73,2.23,4,11.8,16.6,47,6-month,No,No,Female,0
44,35.07,1449.47,3.31,5,11.6,26.51,68,6-month,Yes,Yes,Male,0
4,45.23,178.19,3.62,6,1.6,38.76,32,Annual,Yes,No,Female,0
12,72.64,884.15,0.62,2,9.5,26.93,37,Month-to-month,No,Yes,Female,1
43,58.3,2394.84,2.91,2,6.0,8.05,27,Month-to-month,No,Yes,Female,0
18,42.72,781.41,1.44,0,15.8,1.29,47,Month-to-month,No,No,Female,1
49,52.97,2610.46,3.68,0,3.1,21.08,41,6-month,No,No,Female,0
30,44.82,1321.6,4.92,3,2.5,30.74,32,Month-to-month,No,No,Female,0
42,58.38,2523.25,0.0,2,12.2,11.11,69,Month-to-month,No,Yes,Male,1
34,34.84,1242.05,1.65,3,1.7,15.13,38,Annual,Yes,Yes,Female,0
26,43.98,1118.15,2.84,4,7.7,16.7,68,Annual,No,No,Female,0
24,62.64,1450.87,2.5,3,6.4,7.04,61,Month-to-month,No,No,Male,0
50,57.44,2961.44,3.72,2,4.6,14.06,38,Month-to-month,No,Yes,Female,0
37,60.13,2158.21,2.6,3,5.4,32.37,46,Month-to-month,No,Yes,Female,1
43,46.84,1893.06,1.81,8,7.7,23.84,60,Month-to-month,Yes,Yes,Male,0
42,41.89,1821.2,1.17,2,0.9,6.19,29,Annual,No,No,Female,0
15,49.23,718.92,0.95,2,3.2,36.64,59,6-month,Yes,No,Female,0
66,53.01,3588.68,1.53,6,1.2,50.63,63,Month-to-month,No,No,Male,0
41,53.81,2060.2,1.77,6,0.4,2.92,67,Month-to-month,No,Yes,Female,0
52,73.44,3864.91,3.0,1,1.5,7.44,56,Month-to-month,Yes,No,Female,0
64,52.41,3355.42,2.3,3,6.2,4.98,52,Month-to-month,No,No,Male,0
67,33.74,2352.1,1.65,2,10.5,15.48,62,Month-to-month,No,No,Female,0
48,52.33,2293.85,1.19,4,14.4,30.95,33,6-month,No,No,Female,0
57,59.49,3171.02,1.59,1,13.6,11.37,46,Month-to-month,Yes,No,Male,0
34,31.28,1128.49,1.77,2,7.9,33.93,70,Annual,No,Yes,Female,0
53,50.63,2670.34,1.53,3,0.7,18.82,24,Month-to-month,Yes,No,Female,1
23,38.95,844.32,3.38,4,1.6,14.32,36,6-month,No,Yes,Female,0
51,74.38,3869.82,4.28,6,10.3,11.86,55,Month-to-month,No,Yes,Male,0
6,55.52,324.67,0.97,2,2.8,30.56,25,Month-to-month,No,No,Male,1
66,40.29,2564.62,3.96,2,14.0,6.46,60,Annual,No,No,Female,0
17,53.32,981.4,3.4,3,3.6,8.26,43,6-month,Yes,No,Female,0
47,67.06,3079.28,2.73,2,9.7,19.69,54,Month-to-month,No,No,Female,1
0,56.56,50.92,4.48,5,9.5,15.33,68,Month-to-month,Yes,Yes,Female,0
11,45.87,495.9,2.28,2,16.6,5.27,67,6-month,No,No,Female,1
72,36.14,2497.37,3.02,5,6.6,13.63,52,Annual,Yes,Yes,Female,0
60,39.81,2104.77,2.66,3,6.6,7.6,33,6-month,Yes,Yes,Female,0
16,70.22,1160.33,2.56,1,7.3,24.98,50,Month-to-month,No,No,Female,0
9,54.28,518.95,3.1,3,13.6,9.49,55,Month-to-month,No,No,Female,1
59,38.21,2292.78,2.56,1,3.0,6.5,35,Month-to-month,No,Yes,Female,0
72,58.84,4196.84,3.11,1,5.5,9.65,55,Month-to-month,No,No,Male,0
12,35.43,415.18,1.63,4,6.8,1.57,56,6-month,No,Yes,Female,1
48,48.88,2321.37,1.67,8,1.7,4.91,44,6-month,Yes,No,Female,0
20,44.8,933.74,1.62,3,5.0,34.94,27,Month-to-month,Yes,No,Male,0
54,56.58,2732.75,2.03,2,9.4,4.1,53,6-month,No,No,Female,0
30,47.26,1414.49,3.82,3,2.1,15.42,23,6-month,No,No,Male,0
9,43.43,411.0,1.9,4,11.7,17.22,31,6-month,No,No,Male,0
23,59.79,1282.05,3.35,5,7.2,38.91,64,Month-to-month,Yes,No,Male,0
39,57.45,2341.35,2.85,6,15.2,11.27,18,Month-to-month,No,No,Female,0
58,58.28,3648.96,1.93,3,15.1,22.28,45,Month-to-month,No,Yes,Female,0
1,50.32,48.82,4.2,1,19.5,37.12,38,Month-to-month,No,No,Male,1
69,52.94,3402.1,3.46,4,7.2,27.16,64,Month-to-month,Yes,No,Male,0
47,66.65,3032.54,2.5,3,10.7,34.12,29,Month-to-month,No,No,Female,0
63,69.15,4429.15,2.39,4,7.8,32.97,19,Month-to-month,No,No,Male,1
67,42.78,3220.25,2.62,7,5.5,53.4,43,Month-to-month,Yes,Yes,Male,1
11,45.41,479.74,0.51,3,6.2,9.09,55,Annual,No,Yes,Female,1
6,43.87,253.45,1.43,4,4.3,56.07,19,6-month,No,No,Female,0
56,73.82,4108.01,3.1,3,2.5,6.39,24,Month-to-month,No,Yes,Male,1
13,42.54,556.25,0.44,2,6.8,3.2,36,Annual,No,No,Female,0
10,47.04,469.81,1.53,2,8.3,32.2,25,Month-to-month,No,No,Female,1
34,67.75,2110.52,1.99,2,4.5,8.18,41,Month-to-month,No,Yes,Female,0
66,34.01,2106.2,6.27,1,4.7,14.88,29,Annual,No,Yes,Female,0
58,65.44,3948.03,3.38,1,19.9,22.03,63,Month-to-month,No,Yes,Male,1
37,62.88,2475.46,3.93,3,5.3,9.69,20,Month-to-month,No,No,Male,0
14,42.36,553.44,1.45,3,1.9,18.79,19,Month-to-month,No,Yes,Male,1
24,60.5,1540.06,2.97,3,6.7,19.43,70,Month-to-month,Yes,Yes,Male,1
50,43.42,1918.25,0.21,3,6.4,3.95,66,6-month,No,Yes,Male,0
11,54.8,610.6,2.07,0,6.4,4.5,52,Month-to-month,Yes,Yes,Female,0
38,52.54,1962.62,3.16,1,7.1,63.13,21,Month-to-month,No,Yes,Female,0
0,39.28,39.96,0.66,1,4.9,29.56,65,Month-to-month,No,Yes,Female,1
23,61.84,1325.14,3.01,4,3.5,31.29,27,Month-to-month,No,No,Female,0
18,57.09,1068.7,3.12,0,0.9,11.94,25,Month-to-month,No,No,Female,0
49,47.32,2281.17,1.72,3,2.4,2.11,20,Annual,No,No,Male,0
66,45.45,2882.21,1.41,4,9.7,19.24,60,6-month,No,Yes,Male,0
10,56.55,552.17,1.57,2,19.5,20.18,45,Month-to-month,No,No,Male,1
58,46.12,2771.6,2.05,5,3.5,33.55,22,6-month,Yes,No,Female,0
47,55.03,2576.2,2.09,2,4.9,20.29,46,Month-to-month,No,No,Female,0
70,37.5,2665.9,3.16,2,6.6,40.38,25,Month-to-month,No,No,Female,0
66,68.49,4673.42,1.81,3,24.0,3.98,56,Month-to-month,No,Yes,Female,1
7,55.16,371.9,4.58,3,6.5,4.86,64,Month-to-month,No,Yes,Female,0
54,53.78,2810.35,4.57,2,25.6,19.75,67,6-month,No,No,Male,1
43,54.04,2622.81,2.81,2,0.9,28.7,27,Annual,No,No,Male,0
8,65.29,486.92,2.05,2,1.2,11.17,43,Month-to-month,No,No,Male,1
18,60.58,973.25,1.81,6,17.8,3.86,60,Month-to-month,Yes,Yes,Male,1
67,51.4,3305.44,2.91,1,2.6,22.33,65,6-month,No,Yes,Female,0
39,63.64,2440.72,3.14,3,5.6,29.43,66,Month-to-month,No,No,Female,0
24,63.61,1581.36,2.24,3,5.3,43.53,25,Month-to-month,No,Yes,Female,0
23,39.36,874.34,1.99,2,1.5,3.68,20,Annual,No,Yes,Male,0
61,39.22,2482.23,2.96,2,5.8,34.97,38,Annual,Yes,No,Female,0
20,36.44,710.49,2.59,4,29.7,9.21,67,Annual,Yes,Yes,Male,0
11,59.21,667.33,1.76,2,13.2,36.94,21,Month-to-month,Yes,Yes,Male,0
41,68.97,2981.29,2.65,0,1.8,83.65,47,Month-to-month,No,Yes,Male,0
72,53.97,3759.74,1.71,4,1.3,17.23,33,Month-to-month,No,No,Female,0
13,32.0,433.21,1.52,5,10.1,9.25,50,Annual,Yes,Yes,Male,0
18,58.73,994.83,2.49,2,20.3,15.96,53,Month-to-month,No,No,Male,0
34,58.81,2004.08,1.75,3,25.1,27.3,62,Month-to-month,No,No,Male,0
14,79.05,1116.1,1.55,0,9.3,2.26,59,Month-to-month,Yes,No,Male,0
47,38.43,1816.18,3.86,8,1.7,16.57,53,6-month,Yes,No,Male,0
18,54.18,986.16,1.99,2,9.2,9.68,41,6-month,Yes,No,Female,0
9,48.07,436.52,4.9,0,2.6,4.19,69,6-month,No,No,Male,0
19,76.92,1239.24,3.31,1,8.3,19.86,32,Month-to-month,No,Yes,Female,0
67,46.99,3172.67,1.43,6,11.6,44.26,66,6-month,Yes,Yes,Female,0
68,52.73,3283.32,4.01,6,3.7,8.38,22,Month-to-month,No,Yes,Male,1
36,33.41,1165.49,1.57,2,16.6,25.6,31,Month-to-month,No,No,Female,0
29,58.26,1755.5,5.07,0,5.9,27.88,21,Month-to-month,No,No,Male,0
59,44.17,2668.68,2.79,1,5.5,21.09,57,Month-to-month,No,No,Male,1
14,59.08,886.66,3.21,2,3.5,11.65,53,Month-to-month,No,Yes,Male,1
47,35.74,1710.3,2.54,7,9.8,5.02,38,Annual,Yes,No,Male,0
49,72.98,3431.0,2.85,2,11.0,40.82,39,Month-to-month,Yes,Yes,Female,0
51,60.52,2880.07,2.2,2,17.4,8.54,24,Month-to-month,Yes,No,Male,1
15,59.48,943.9,1.3,3,5.2,31.79,52,6-month,No,No,Male,1
52,58.31,2863.09,2.94,2,8.0,12.36,34,6-month,No,No,Male,0
44,70.49,2913.92,3.83,2,5.5,14.99,51,Month-to-month,No,No,Female,0
63,29.25,1844.85,0.95,2,8.9,25.51,20,6-month,No,Yes,Female,0
12,57.08,724.59,4.5,8,12.0,4.23,20,Month-to-month,Yes,No,Female,0
44,48.68,2145.02,3.28,1,6.7,15.54,45,Month-to-month,Yes,No,Male,0
60,48.36,2850.1,1.93,3,5.3,8.57,33,6-month,No,No,Female,0
20,61.51,1181.58,1.91,1,6.4,38.35,18,6-month,No,Yes,Female,0
54,45.85,2518.17,4.92,0,9.0,55.99,62,Month-to-month,No,Yes,Male,0
7,42.4,269.61,3.72,3,6.8,36.5,27,Month-to-month,No,Yes,Female,1
52,50.58,2437.47,3.98,3,8.8,55.15,55,Month-to-month,Yes,No,Female,0
44,56.16,2366.83,2.17,3,7.8,3.05,70,Month-to-month,No,No,Male,1
14,25.0,335.74,3.22,5,6.7,13.55,38,Annual,No,No,Female,0
4,57.95,224.46,2.95,1,6.4,18.73,67,Month-to-month,No,Yes,Male,1
54,26.72,1509.18,2.27,2,6.4,6.01,26,Annual,Yes,No,Male,0
17,40.22,726.83,2.64,4,5.3,30.86,49,Month-to-month,No,No,Female,1
36,49.03,1679.83,3.94,2,3.8,37.54,65,Annual,No,No,Male,0
4,62.11,244.58,4.58,1,5.5,26.12,70,Month-to-month,No,No,Female,0
70,58.43,3923.92,2.17,6,6.6,9.35,33,Month-to-month,No,No,Female,0
40,46.39,1796.72,0.79,2,10.9,6.65,42,Month-to-month,No,No,Female,0
68,64.34,4482.51,4.64,5,11.5,40.15,51,Month-to-month,No,No,Male,0
11,38.75,449.46,4.65,2,18.7,9.71,43,Annual,No,No,Female,0
15,43.37,689.7,3.02,3,8.6,52.13,44,6-month,No,No,Male,0
44,46.24,2034.89,4.83,4,0.7,5.24,41,6-month,No,Yes,Female,0
44,55.06,2196.64,2.93,4,6.0,44.62,25,Month-to-month,No,No,Female,0
57,56.3,2984.54,1.32,1,6.3,8.75,19,6-month,Yes,No,Male,0
67,42.67,2607.41,0.79,8,5.1,9.02,66,6-month,No,No,Male,1
59,37.15,2299.2,0.78,2,0.8,1.68,36,Annual,No,No,Male,0
10,56.55,546.47,2.51,3,11.0,4.25,47,6-month,Yes,Yes,Male,0
22,44.43,981.93,1.89,0,7.8,27.16,45,6-month,Yes,Yes,Male,1
66,57.45,4071.48,1.75,2,4.8,31.35,23,Month-to-month,Yes,Yes,Female,0
40,41.05,1550.47,2.36,2,2.6,174.22,45,Annual,Yes,No,Female,0
63,60.16,3724.57,3.62,3,6.5,29.18,60,Month-to-month,No,No,Male,0
41,48.88,2007.79,1.79,4,28.2,36.36,44,Month-to-month,No,No,Male,1
3,48.35,134.23,1.57,6,7.8,8.68,56,Annual,No,Yes,Male,0
34,45.73,1615.09,1.87,3,7.0,8.96,36,Month-to-month,No,Yes,Male,1
60,48.29,3066.02,3.7,2,2.6,17.24,62,Month-to-month,Yes,No,Female,0
47,47.51,2304.96,2.41,4,9.5,15.94,55,Month-to-month,No,No,Male,1
9,64.81,602.51,2.86,4,4.4,22.49,47,Month-to-month,Yes,Yes,Female,1
15,44.67,672.16,4.52,3,9.8,2.49,68,Annual,No,Yes,Male,0
62,47.09,2967.17,6.2,6,1.1,54.29,22,Annual,No,Yes,Male,0
71,47.36,3560.1,3.33,6,3.0,47.47,60,Month-to-month,Yes,No,Female,1
54,36.09,2052.15,3.2,4,4.2,3.24,46,Annual,No,No,Female,0
7,39.06,278.66,0.96,3,5.4,9.58,35,6-month,Yes,Yes,Female,0
