Id,split
2,train
5,train
6,val
7,val
8,val
10,train
11,train
14,train
15,train
16,train
17,train
18,train
19,train
20,train
22,train
23,train
24,train
25,train
26,val
27,val
29,val
31,train
32,train
33,val
34,train
35,train
37,train
39,train
40,train
41,val
42,train
44,val
46,train
47,train
49,train
52,train
53,train
56,train
57,val
58,train
60,train
61,train
64,val
65,val
67,val
68,val
70,train
71,train
72,val
73,train
74,train
75,train
76,train
77,train
78,train
79,train
80,train
81,train
85,train
87,train
88,val
91,train
93,train
94,val
95,train
96,train
97,val
99,train
101,train
102,train
103,train
104,train
106,train
107,train
108,train
109,train
110,train
111,val
112,train
113,train
114,train
116,val
117,train
118,train
120,val
121,train
122,val
123,train
125,val
126,train
128,train
129,train
130,train
131,train
132,train
134,train
135,train
136,train
137,train
138,train
139,train
142,train
144,train
145,val
146,train
147,val
148,train
149,val
150,train
152,val
153,train
155,train
156,train
158,train
159,train
160,train
161,val
162,train
164,train
165,train
167,train
169,train
171,train
172,train
174,val
175,val
176,val
177,train
178,train
179,train
181,train
183,train
186,train
187,train
188,train
189,train
190,train
191,train
192,train
193,train
194,val
198,train
199,train
200,train
201,train
202,train
203,val
204,val
205,train
206,train
207,train
208,train
209,train
210,train
211,train
214,train
215,val
216,train
217,train
218,val
220,train
221,val
222,train
223,train
224,train
226,train
228,train
229,val
230,train
231,train
233,train
234,train
235,train
236,train
237,train
238,val
240,train
241,val
242,train
243,train
244,train
245,train
246,train
248,train
249,train
250,train
252,train
253,train
255,train
256,val
257,train
258,train
259,train
260,train
262,train
263,train
265,train
266,train
268,train
269,train
270,val
271,train
273,train
274,val
276,train
278,train
279,train
280,val
281,train
282,train
285,train
286,val
288,val
289,val
290,train
292,train
295,train
296,val
297,val
298,train
299,train
300,train
301,train
302,train
303,train
304,train
306,train
308,train
310,train
312,train
313,train
314,train
315,val
316,val
317,train
318,val
319,train
320,train
321,train
324,train
325,train
327,train
328,train
329,train
331,train
332,val
333,train
334,train
336,train
339,val
340,train
342,train
343,val
344,train
345,train
347,val
349,train
350,train
351,train
353,train
354,train
355,train
357,train
359,train
360,train
361,train
362,val
363,train
364,train
365,val
367,train
368,train
370,train
371,train
372,train
374,train
376,train
377,train
378,train
379,train
380,train
382,train
383,train
385,train
387,train
388,train
389,train
390,train
391,train
392,train
393,train
394,train
395,train
398,train
400,train
401,train
402,train
403,train
404,train
406,val
407,val
408,train
409,train
410,val
411,val
413,val
414,val
415,train
416,train
418,val
419,train
420,train
422,train
423,val
424,train
426,train
428,train
429,train
431,train
434,val
435,train
437,train
439,train
440,train
443,train
445,val
447,train
449,train
451,train
452,train
453,train
455,train
456,val
457,train
458,val
459,train
460,train
461,train
462,train
463,val
464,train
466,val
467,train
468,train
469,val
471,train
473,train
474,train
476,train
477,train
478,train
479,train
480,train
481,train
482,val
483,train
485,train
486,train
487,train
488,train
489,train
490,train
491,train
492,train
493,train
494,train
496,train
499,train
500,train
503,train
504,train
506,train
507,train
508,train
509,train
510,train
511,val
512,train
513,train
514,train
517,train
518,val
519,train
520,val
521,train
522,train
523,train
524,train
525,train
526,train
528,train
530,train
532,train
534,train
535,train
536,train
538,train
539,train
540,train
542,train
543,train
544,train
545,train
547,train
551,train
552,train
554,train
555,val
556,train
557,train
558,train
560,train
562,train
563,train
565,train
566,train
567,train
568,train
569,train
570,train
571,train
572,train
573,train
575,train
576,train
577,val
581,train
583,train
585,train
586,train
587,train
589,train
590,train
591,train
592,train
593,val
594,val
595,train
597,train
598,train
599,val
600,train
601,val
604,val
605,train
606,train
607,train
608,train
609,train
610,train
611,train
612,train
615,train
616,train
617,train
618,train
621,train
622,train
623,train
626,train
627,train
629,train
631,train
632,train
633,train
634,train
638,val
639,train
640,train
642,train
643,train
645,train
646,train
647,val
649,train
650,train
651,train
652,val
653,val
655,train
656,train
657,train
659,train
660,train
661,val
662,val
663,val
665,val
668,train
669,train
671,val
673,train
675,train
677,train
678,train
679,val
680,val
681,train
682,train
683,train
686,train
687,train
688,train
689,val
690,train
691,train
692,train
695,val
696,train
697,train
698,train
699,train
701,train
704,train
706,train
707,train
708,train
709,train
710,val
712,train
713,train
714,train
715,train
716,val
717,val
719,val
720,train
721,train
723,val
724,train
725,train
728,train
729,val
730,train
731,train
733,train
734,train
736,train
737,train
738,train
739,train
741,train
742,val
743,train
744,train
745,train
746,train
747,val
749,train
752,train
753,train
754,train
755,train
757,val
758,train
759,train
760,train
761,train
763,train
764,train
765,train
767,train
768,train
769,train
772,val
773,train
774,train
775,train
776,train
777,train
778,train
780,train
781,train
783,val
785,val
786,val
787,train
788,train
789,val
790,train
791,train
792,train
794,val
795,train
796,train
797,train
799,train
802,val
803,val
804,val
806,train
808,train
809,train
810,train
811,train
812,train
814,train
815,val
816,train
817,train
818,train
821,train
824,val
825,train
826,train
827,val
828,train
829,train
830,train
831,train
832,train
835,val
836,train
837,train
838,train
839,val
840,val
841,train
843,train
844,train
846,train
847,val
848,train
849,train
850,train
851,train
852,train
853,train
854,val
855,train
857,val
858,val
859,val
861,train
862,val
863,train
865,train
866,train
867,train
868,val
870,train
871,train
873,train
874,val
875,train
876,train
879,train
880,train
881,train
882,train
883,train
884,val
885,val
886,train
887,train
888,train
889,train
890,train
891,val
892,train
895,val
897,train
898,train
901,train
902,train
903,train
904,train
905,train
906,train
907,train
908,train
909,train
910,train
912,train
913,train
915,train
916,train
918,val
920,train
921,train
922,val
924,train
927,train
928,train
929,train
930,train
931,val
932,train
933,train
935,train
936,train
937,train
939,train
941,train
942,val
943,val
944,val
945,train
946,val
947,val
948,train
949,train
950,train
951,train
952,train
953,train
954,train
957,train
958,train
959,train
960,val
961,val
962,train
963,val
964,train
965,train
966,train
967,train
968,train
969,train
970,val
972,train
974,train
975,val
976,train
977,train
980,val
982,train
983,train
984,train
985,val
986,val
987,train
989,train
991,val
993,train
994,train
995,train
998,train
1001,train
1002,train
1003,train
1004,train
1005,train
1007,train
1008,train
1010,val
1011,train
1012,val
1013,train
1014,train
1015,train
1016,val
1017,train
1019,train
1020,train
1021,val
1022,train
1023,train
1024,train
1026,train
1027,train
1028,train
1029,train
1030,train
1031,train
1032,train
1033,train
1034,train
1035,train
1036,train
1037,train
1039,train
1040,train
1041,train
1043,train
1044,train
1048,val
1049,train
1051,train
1053,val
1055,train
1056,train
1058,train
1059,train
1060,train
1062,train
1063,train
1064,train
1065,train
1066,train
1067,train
1068,train
1070,train
1072,train
1076,train
1077,train
1078,val
1079,train
1080,train
1081,train
1082,train
1085,train
1086,train
1087,train
1088,train
1090,train
1091,train
1092,train
1093,train
1094,train
1095,train
1096,train
1097,val
1098,train
1100,train
1101,val
1102,train
1104,train
1105,val
1106,train
1107,train
1108,train
1109,val
1111,val
1112,val
1113,train
1114,train
1115,val
1116,val
1117,train
1118,val
1119,train
1120,train
1121,train
1122,train
1124,train
1125,train
1126,train
1127,train
1128,train
1129,train
1131,train
1132,val
1133,train
1134,val
1136,train
1138,train
1139,val
1140,train
1141,train
1142,train
1143,train
1144,train
1146,train
1148,val
1149,train
1150,train
1151,train
1155,train
1156,train
1157,val
1159,train
1160,val
1161,train
1162,train
1163,train
1164,val
1165,val
1167,train
1168,train
1169,train
1171,train
1173,train
1174,train
1175,train
1176,val
1177,train
1180,train
1184,train
1185,train
1186,train
1187,train
1188,train
1189,train
1190,val
1193,val
1194,train
1195,train
1196,val
1197,val
1198,train
1199,train
1201,val
1202,train
1203,train
1204,train
1206,train
1210,train
1211,train
1212,train
1213,train
1214,train
1215,train
1216,train
1218,train
1219,train
1220,val
1221,train
1222,val
1224,train
1227,train
1229,train
1231,train
1233,train
1234,train
1236,val
1238,train
1239,train
1240,train
1241,train
1242,val
1243,train
1244,train
1245,train
1246,train
1247,train
1248,train
1249,train
1250,train
1251,train
1252,val
1253,train
1254,val
1255,val
1256,val
1258,train
1259,val
1260,train
1261,train
1262,train
1263,train
1264,train
1265,train
1268,train
1269,train
1270,train
1271,train
1272,train
1273,train
1275,train
1276,train
1279,train
1281,val
1283,train
1284,train
1285,val
1286,train
1287,train
1288,train
1289,train
1290,train
1291,val
1292,train
1295,train
1296,train
1297,train
1298,train
1299,val
1300,train
1301,train
1302,train
1303,train
1304,train
1307,train
1308,val
1309,train
1310,train
1312,train
1313,train
1314,val
1315,val
1316,train
1317,train
1319,train
1321,train
1322,train
1324,train
1326,train
1327,train
1329,train
1330,val
1331,val
1332,train
1333,train
1334,train
1335,train
1337,val
1338,train
1339,train
1342,train
1343,train
1346,train
1347,train
1349,val
1350,val
1351,train
1352,train
1353,train
1354,train
1355,train
1356,train
1357,val
1359,val
1360,train
1362,train
1363,train
1365,train
1366,val
1367,val
1368,train
1369,val
1370,val
1371,train
1372,train
1374,train
1375,train
1376,train
1379,train
1381,train
1384,val
1385,val
1388,train
1389,train
1391,train
1392,train
1393,train
1394,train
1396,train
1397,train
1399,train
1400,val
1401,train
1404,train
1406,train
1408,train
1409,train
1411,train
1413,train
1414,train
1415,val
1416,train
1417,train
1418,train
1420,val
1421,train
1422,train
1423,train
1424,train
1425,val
1427,train
1429,train
1430,val
1431,train
1432,train
1433,train
1434,train
1435,train
1439,train
1440,train
1442,train
1443,train
1445,val
1446,train
1447,train
1449,train
1450,train
1451,train
1452,val
1453,train
1455,train
1456,train
1458,train
1460,val
1461,train
1462,train
1464,val
1465,train
1466,train
1468,train
1469,train
1470,train
1472,val
1473,train
1474,val
1477,train
1478,val
1479,train
1483,train
1484,train
1485,train
1486,train
1487,val
1488,train
1490,train
1492,train
1493,train
1495,train
1497,val
1498,train
1499,train
1502,train
1506,train
1507,val
1508,val
1509,train
1510,train
1511,train
1512,train
1513,train
1514,train
1516,train
1518,train
1519,train
1522,train
1524,train
1525,train
1527,train
1528,train
1531,val
1532,train
1533,train
1534,train
1535,train
1536,train
1537,train
1538,train
1539,val
1540,val
1541,train
1542,train
1545,train
1546,val
1548,val
1549,train
1551,train
1553,train
1555,train
1556,val
1557,train
1558,train
1559,train
1560,train
1561,train
1562,train
1564,train
1565,val
1566,train
1567,train
1568,val
1569,val
1570,train
1571,train
1572,val
1573,train
1577,train
1578,val
1580,val
1581,train
1583,train
1586,val
1587,val
1588,val
1590,train
1591,train
1592,train
1593,train
1594,train
1595,train
1597,val
1599,train
1600,val
1601,train
1602,train
1603,train
1604,train
1605,train
1606,val
1607,val
1608,train
1609,train
1610,train
1612,train
1614,train
1616,train
1617,val
1619,train
1620,train
1621,train
1622,train
1623,val
1624,val
1625,train
1626,val
1628,train
1629,train
1631,train
1632,train
1633,train
1634,train
1635,train
1636,train
1637,train
1641,train
1643,train
1644,train
1646,train
1647,val
1649,val
1650,train
1651,train
1652,train
1653,train
1655,val
1656,train
1657,train
1658,train
1659,train
1660,val
1664,train
1665,train
1667,val
1669,train
1671,val
1673,train
1674,train
1675,val
1676,train
1677,train
1678,train
1679,train
1680,train
1684,train
1685,train
1686,train
1689,train
1690,train
1691,val
1692,train
1695,train
1696,train
1697,train
1698,train
1699,train
1701,val
1702,val
1703,train
1705,val
1706,train
1707,train
1708,train
1709,train
1710,train
1711,train
1713,train
1714,train
1715,val
1718,train
1719,train
1720,train
1721,train
1723,train
1725,train
1726,train
1727,train
1728,train
1729,val
1730,val
1731,val
1732,train
1733,train
1734,val
1735,val
1736,train
1737,train
1741,train
1742,train
1743,train
1744,train
1745,val
1746,train
1747,train
1748,train
1749,train
1750,train
1751,train
1752,val
1753,train
1754,train
1755,val
1756,train
1757,train
1758,train
1759,val
1760,train
1762,train
1764,train
1768,train
1769,val
1770,train
1773,train
1774,val
1775,train
1776,train
1778,train
1779,train
1780,train
1781,train
1782,train
1783,train
1785,train
1786,val
1787,val
1788,val
1789,train
1790,train
1791,train
1792,train
1793,val
1794,train
1795,train
1796,train
1797,train
1798,train
1800,train
1801,train
1802,val
1803,train
1804,train
1805,train
1807,train
1808,train
1809,train
1811,val
1813,train
1815,train
1816,train
1817,train
1820,train
1821,train
1825,train
1826,train
1827,train
1828,train
1829,val
1830,train
1831,train
1832,val
1833,train
1836,train
1837,train
1838,train
1839,train
1840,train
1841,train
1842,train
1843,train
1845,train
1846,val
1847,train
1852,train
1853,val
1854,train
1855,train
1857,train
1858,train
1859,train
1860,train
1861,train
1864,train
1865,val
1866,val
1867,train
1868,train
1869,val
1870,train
1871,train
1873,train
1876,train
1878,train
1879,train
1880,train
1881,train
1882,train
1883,train
1884,train
1885,train
1886,val
1887,train
1888,train
1889,train
1890,train
1891,val
1892,train
1893,train
1894,train
1895,train
1896,train
1897,train
1898,train
1899,train
1901,val
1903,train
1906,train
1907,train
1909,train
1910,train
1911,train
1912,val
1913,train
1915,val
1917,train
1918,train
1919,val
1920,train
1921,train
1923,train
1924,train
1925,val
1926,train
1927,train
1928,train
1929,train
1930,train
1931,train
1932,train
1935,train
1936,val
1937,train
1938,train
1940,train
1941,train
1943,train
1944,train
1945,train
1946,train
1948,val
1949,val
1950,train
1951,train
1952,train
1953,train
1954,train
1955,train
1956,train
1958,val
1959,train
1960,train
1961,val
1962,val
1963,train
1964,train
1965,train
1966,train
1967,train
1968,train
1969,train
1970,train
1972,train
1975,train
1976,train
1978,val
1979,train
1980,train
1982,train
1983,train
1984,val
1986,train
1988,train
1990,train
1991,train
1992,train
1993,train
1994,train
1995,train
1996,train
1997,train
1998,train
1999,val
2000,train
2003,val
2004,val
2005,val
2006,train
2009,train
2010,train
2012,train
2013,val
2014,train
2015,train
2016,train
2017,train
2018,train
2019,train
2020,val
2022,train
2023,train
2024,val
2025,train
2026,train
2027,train
2028,train
2029,train
2030,train
2031,train
2032,train
2033,val
2035,train
2036,train
2037,train
2038,train
2039,train
2041,train
2042,val
2043,train
2046,train
2047,train
2049,val
2050,train
2052,train
2053,train
2054,train
2055,train
2056,val
2057,val
2058,train
2059,train
2060,train
2061,train
2063,val
2064,val
2065,train
2067,train
2070,train
2071,train
2072,train
2073,train
2076,train
2077,train
2082,train
2083,val
2086,train
2088,val
2089,train
2090,train
2091,val
2092,train
2093,train
2094,train
2095,val
2097,train
2098,train
2099,val
2100,train
2101,val
2104,train
2105,train
2106,train
2108,train
2109,val
2110,train
2111,val
2112,train
2113,train
2114,train
2115,train
2116,val
2119,train
2123,train
2124,train
2125,val
2126,train
2127,train
2128,train
2129,val
2131,train
2132,train
2133,train
2134,val
2135,val
2137,val
2139,train
2141,train
2142,train
2146,train
2148,train
2149,train
2151,train
2152,train
2153,train
2156,train
2157,train
2158,train
2159,train
2160,train
2161,train
2162,train
2163,train
2164,train
2165,train
2167,val
2168,train
2170,train
2171,train
2172,train
2174,val
2175,train
2177,train
2181,train
2182,val
2183,train
2186,train
2187,val
2189,val
2191,train
2192,val
2193,train
2196,train
2197,train
2199,train
2200,train
2201,train
2202,train
2203,train
2204,train
2208,val
2209,train
2210,train
2211,train
2214,train
2215,train
2217,train
2219,train
2220,train
2221,train
2222,train
2223,val
2226,val
2227,val
2229,train
2230,train
2231,train
2232,train
2233,train
2234,train
2235,train
2237,train
2238,train
2239,train
2240,train
2241,train
2243,train
2244,train
2245,train
2247,val
2248,train
2249,train
2251,train
2252,train
2253,train
2254,train
2257,train
2258,train
2259,val
2260,train
2261,train
2262,train
2263,val
2264,train
2265,train
2266,train
2270,train
2271,train
2273,train
2274,train
2276,train
2277,val
2278,train
2279,train
2281,train
2283,train
2284,train
2285,train
2286,train
2288,train
2290,train
2291,train
2292,train
2294,train
2295,train
2297,train
2298,train
2299,train
2300,train
2301,train
2302,train
2303,train
2304,train
2305,val
2306,train
2308,train
2310,train
2311,train
2312,train
2314,train
2315,train
2316,val
2317,train
2318,train
2319,train
2320,train
2321,train
2322,train
2323,train
2324,val
2326,train
2328,train
2329,val
2330,train
2331,train
2332,train
2333,train
2334,val
2335,train
2337,train
2338,train
2340,val
2341,train
2343,train
2344,train
2345,train
2346,val
2348,train
2349,train
2351,train
2352,train
2353,val
2354,train
2355,train
2356,train
2357,train
2358,train
2359,val
2361,train
2362,train
2363,train
2365,train
2366,val
2367,val
2368,train
2370,val
2371,train
2372,train
2373,train
2374,val
2375,train
2376,train
2377,train
2378,train
2380,train
2381,train
2382,val
2383,train
2384,val
2385,train
2386,train
2387,train
2388,train
2389,train
2390,train
2391,train
2392,train
2393,train
2396,train
2397,train
2398,val
2400,train
2401,train
2403,train
2404,train
2405,train
2406,val
2407,train
2408,train
2409,train
2411,val
2412,train
2413,train
2414,train
2415,train
2417,val
2418,val
2419,train
2421,train
2422,val
2423,train
2424,train
2425,train
2426,train
2428,train
2429,train
2430,train
2431,train
2432,train
2433,train
2436,train
2437,train
2438,train
2439,train
2440,train
2442,train
2443,train
2444,train
2445,val
2446,train
2448,train
2449,train
2450,train
2451,train
2453,val
2454,train
2455,train
2456,train
2457,train
2458,val
2459,val
2460,train
2461,val
2462,train
2464,train
2465,train
2466,train
2469,train
2471,train
2472,train
2473,val
2474,train
2475,train
2477,train
2478,train
2479,train
2480,train
2481,train
2482,train
2484,val
2485,val
2486,train
2488,train
2489,train
2490,val
2491,train
2493,val
2494,train
2495,train
2496,train
2497,train
2498,val
2499,train
2500,train
2501,train
2503,train
2505,val
2506,train
2507,train
2508,train
2509,val
2513,val
2514,train
2515,train
2516,train
2518,val
2519,train
2522,val
2527,train
2529,train
2531,train
2533,train
2534,train
2535,train
2537,train
2538,train
2539,train
2542,train
2544,train
2545,train
2546,train
2547,train
2548,val
2551,val
2552,train
2553,train
2554,train
2555,train
2558,train
2560,train
2561,train
2562,val
2563,val
2564,val
2569,val
2571,train
2572,train
2574,val
2575,train
2576,train
2579,val
2580,train
2581,train
2582,train
2584,train
2585,train
2589,train
2590,train
2592,train
2593,train
2594,val
2595,val
2596,train
2598,train
2599,train
2600,train
2601,train
2602,train
2603,train
2604,train
2605,train
2609,val
2610,train
2614,train
2615,train
2617,val
2618,val
2619,train
2620,train
2623,train
2624,train
2625,train
2626,train
2627,train
2628,val
2629,train
2630,train
2631,train
2632,train
2633,train
2635,train
2636,val
2637,train
2638,train
2640,train
2641,train
2643,train
2645,train
2646,train
2647,train
2648,train
2649,train
2651,train
2652,val
2653,train
2654,train
2656,train
2657,val
2658,train
2659,train
2660,train
2661,train
2662,train
2663,train
2665,train
2666,val
2668,val
2669,train
2671,train
2672,train
2673,train
2674,train
2675,train
2676,val
2677,train
2678,val
2680,val
2682,train
2684,val
2686,train
2688,train
2689,train
2690,train
2691,train
2692,train
2693,train
2694,train
2695,train
2697,train
2698,train
2700,train
2701,train
2702,val
2703,train
2704,val
2705,train
2706,val
2707,val
2708,val
2709,val
2710,train
2711,train
2713,val
2714,train
2715,train
2717,train
2718,train
2719,train
2721,val
2722,train
2723,train
2724,val
2727,train
2728,train
2729,train
2730,train
2732,train
2734,train
2735,train
2736,val
2737,train
2738,train
2739,train
2741,train
2743,train
2744,val
2745,train
2746,train
2747,train
2750,train
2751,train
2752,train
2753,train
2754,train
2755,val
2756,train
2757,train
2758,val
2759,train
2760,val
2761,train
2762,train
2764,train
2765,train
2766,train
2767,val
2768,train
2769,train
2770,train
2774,train
2775,train
2776,train
2777,train
2778,train
2779,train
2780,train
2781,val
2782,train
2785,train
2786,train
2787,train
2788,train
2790,train
2791,train
2792,train
2793,train
2794,train
2795,train
2797,val
2801,train
2803,train
2804,train
2806,train
2807,train
2808,train
2810,train
2811,train
2812,val
2813,train
2814,train
2815,train
2818,train
2819,train
2820,train
2823,val
2824,val
2825,train
2826,train
2827,train
2828,train
2830,train
2831,train
2833,val
2834,train
2835,train
2836,train
2837,train
2838,train
2839,val
2840,train
2841,train
2843,val
2845,train
2847,train
2848,train
2849,train
2850,train
2854,train
2855,train
2857,val
2858,val
2859,train
2860,train
2861,train
2863,train
2864,train
2865,val
2867,train
2869,train
2870,val
2871,val
2872,val
2873,train
2874,train
2875,val
2876,val
2877,train
2878,train
2879,train
2880,train
2881,train
2882,val
2883,val
2884,train
2885,train
2887,train
2888,train
2889,train
2890,train
2891,val
2894,train
2895,train
2896,train
2897,train
2899,train
2900,val
2901,train
2902,train
2903,train
2904,val
2905,train
2906,train
2907,train
2908,train
2909,train
2910,train
2911,train
2912,train
2913,train
2914,train
2915,train
2916,train
2918,val
2919,train
2920,val
2921,train
2922,train
2924,train
2925,train
2926,val
2928,train
2929,train
2932,train
2933,train
2934,train
2937,train
2938,train
2939,val
2940,train
2941,train
2942,train
2943,train
2944,val
2945,train
2946,train
2947,train
2948,train
2949,train
2950,val
2951,train
2952,train
2953,val
2954,train
2955,train
2956,val
2957,train
2958,train
2959,val
2960,train
2962,train
2963,train
2965,train
2966,train
2969,train
2971,train
2972,train
2973,train
2974,train
2975,train
2976,train
2980,train
2981,train
2982,val
2983,train
2984,train
2987,train
2988,train
2990,train
2991,train
2992,train
2993,train
2994,train
2995,train
2996,train
2998,train
3000,val
3001,train
3002,train
3003,train
3005,train
3006,train
3007,val
3009,train
3011,val
3012,train
3013,val
3014,train
3015,train
3016,train
3017,val
3018,train
3019,train
3021,train
3023,train
3025,train
3026,val
3028,train
3029,train
3030,train
3031,train
3034,train
3035,train
3036,train
3037,train
3038,train
3039,train
3040,train
3041,train
3042,train
3043,train
3044,train
3045,train
3046,train
3047,train
3049,train
3050,train
3051,val
3052,val
3054,train
3055,train
3057,train
3058,train
3059,train
3060,val
3061,train
3062,train
3063,train
3064,val
3065,train
3066,train
3067,val
3068,train
3069,train
3072,train
3074,val
3075,train
3076,train
3077,val
3078,train
3079,train
3081,val
3082,train
3083,val
3084,train
3085,train
3086,train
3087,train
3088,train
3089,train
3090,train
3091,train
3092,train
3093,train
3094,val
3095,train
3096,val
3097,val
3100,train
3101,train
3102,val
3103,train
3104,val
3105,train
3106,train
3107,train
3108,val
3111,train
3112,train
3113,train
3114,val
3116,val
3117,val
3118,val
3119,train
3120,train
3122,val
3123,train
3124,train
3125,train
3126,train
3127,train
3129,train
3130,val
3131,val
3134,val
3135,train
3136,val
3137,train
3138,val
3139,val
3140,train
3142,train
3143,train
3146,train
3147,train
3148,train
3149,val
3150,train
3151,val
3152,train
3153,train
3155,train
3156,train
3157,train
3158,train
3160,val
3161,train
3162,train
3163,train
3165,train
3166,val
3167,train
3169,val
3170,train
3171,train
3173,train
3174,train
3175,train
3177,train
3178,train
3179,val
3180,train
3181,train
3182,val
3183,train
3184,train
3185,train
3187,val
3188,val
3189,train
3190,train
3191,train
3192,val
3194,train
3195,train
3197,train
3198,val
3201,train
3202,train
3203,train
3204,train
3205,val
3206,train
3207,train
3208,train
3211,train
3212,train
3213,train
3215,train
3216,train
3217,val
3218,train
3219,train
3220,train
3221,val
3222,train
3223,val
3224,train
3225,train
3226,val
3227,train
3228,val
3231,val
3232,train
3234,train
3235,val
3236,train
3237,val
3238,train
3239,train
3240,train
3241,train
3243,train
3245,train
3246,train
3247,train
3248,train
3250,train
3252,train
3254,train
3255,train
3256,train
3257,train
3258,train
3259,train
3260,train
3261,val
3262,train
3263,train
3265,train
3266,train
3267,val
3268,train
3269,train
3270,train
3273,train
3275,train
3277,train
3278,train
3279,train
3281,train
3283,train
3284,train
3286,train
3287,train
3288,val
3289,train
3290,train
3291,val
3292,train
3293,train
3294,val
3295,train
3296,train
3299,train
3300,train
3301,train
3302,train
3303,train
3304,train
3305,train
3306,train
3308,train
3311,train
3313,train
3317,train
3318,train
3320,train
3321,train
3323,train
3324,train
3325,train
3326,train
3328,val
3329,val
3330,train
3331,train
3333,val
3335,train
3337,train
3339,train
3341,train
3342,train
3344,train
3345,train
3346,train
3347,train
3348,train
3349,train
3350,train
3351,train
3354,train
3355,train
3358,train
3359,train
3361,train
3362,train
3363,train
3364,train
3368,val
3370,train
3371,train
3372,train
3373,train
3375,train
3377,train
3378,train
3379,train
3380,train
3382,val
3383,train
3384,train
3387,train
3388,train
3389,train
3390,train
3391,train
3392,val
3393,train
3394,train
3395,train
3396,train
3398,train
3399,train
3400,train
3401,train
3402,train
3404,train
3405,train
3406,train
3407,train
3408,train
3410,val
3411,train
3412,train
3413,train
3416,train
3417,train
3418,train
3419,val
3420,train
3421,train
3422,train
3424,train
3425,val
3426,train
3429,train
3430,val
3431,val
3432,train
3433,train
3434,train
3435,val
3436,train
3437,val
3438,train
3440,train
3443,train
3444,val
3445,train
3446,train
3448,train
3449,train
3450,train
3451,train
3452,train
3454,train
3455,train
3457,train
3460,train
3461,train
3463,train
3465,train
3466,train
3467,train
3468,train
3469,val
3470,train
3471,train
3472,train
3473,train
3474,train
3475,train
3476,train
3478,train
3479,train
3481,train
3482,train
3484,train
3485,train
3486,train
3487,train
3488,val
3489,val
3491,train
3492,train
3493,train
3494,train
3495,train
3496,train
3499,val
3501,val
3502,val
3503,train
3505,train
3506,train
3507,train
3508,train
3512,train
3513,train
3514,val
3515,val
3516,train
3517,train
3518,train
3519,val
3520,train
3521,train
3522,train
3523,train
3524,val
3526,train
3527,train
3530,train
3533,train
3534,train
3535,train
3539,train
3540,train
3541,train
3542,train
3543,train
3544,train
3545,train
3546,train
3548,train
3549,train
3550,train
3551,train
3552,train
3553,train
3554,train
3555,train
3556,train
3558,train
3559,train
3560,train
3561,train
3562,train
3563,train
3564,train
3565,val
3566,train
3567,train
3568,train
3569,train
3570,train
3571,val
3574,train
3575,train
3576,train
3577,train
3578,train
3579,train
3580,train
3581,train
3582,train
3583,train
3584,train
3585,train
3586,train
3587,val
3589,train
3591,train
3592,train
3593,val
3594,train
3595,train
3596,train
3598,train
3599,val
3600,train
3603,train
3604,train
3605,val
3606,train
3607,train
3609,train
3610,train
3612,train
3613,train
3614,val
3615,train
3617,train
3618,train
3620,train
3621,train
3622,val
3624,val
3625,train
3626,train
3627,train
3628,train
3629,train
3630,train
3631,train
3632,train
3633,train
3634,train
3635,train
3636,train
3637,train
3639,val
3640,val
3642,train
3644,train
3645,train
3646,val
3649,train
3650,train
3651,train
3652,train
3653,train
3654,train
3655,train
3656,train
3657,val
3658,train
3659,train
3660,val
3661,train
3664,train
3666,train
3667,val
3668,train
3669,val
3670,train
3671,train
3672,train
3673,train
3674,train
3675,train
3676,train
3677,val
3678,train
3680,train
3681,train
3682,train
3684,val
3685,val
3686,val
3687,val
3688,train
3689,val
3690,train
3691,train
3693,train
3694,train
3695,train
3696,train
3697,train
3698,train
3699,train
3701,train
3702,val
3703,train
3704,train
3707,train
3708,train
3709,train
3710,val
3713,train
3714,train
3715,val
3717,train
3718,val
3719,train
3720,train
3721,val
3722,train
3723,train
3724,train
3726,train
3728,train
3729,train
3730,train
3731,train
3732,train
3733,val
3734,train
3735,train
3736,train
3737,train
3738,val
3741,train
3742,train
3745,train
3746,train
3747,train
3748,val
3749,train
3755,train
3756,train
3757,train
3758,train
3759,train
3760,train
3763,train
3765,val
3766,train
3767,train
3768,train
3769,train
3770,train
3771,train
3772,train
3777,val
3778,train
3779,val
3780,train
3781,train
3782,train
3783,train
3784,train
3786,train
3787,train
3789,val
3790,val
3793,train
3795,val
3796,train
3799,val
3800,train
3801,val
3802,val
3803,train
3804,train
3805,val
3806,val
3809,val
3811,val
3812,train
3814,train
3816,train
3817,train
3819,train
3821,train
3822,train
3823,train
3825,train
3826,train
3827,train
3828,val
3829,train
3830,train
3831,train
3833,train
3834,val
3835,train
3838,train
3839,train
3840,val
3841,train
3842,train
3843,train
3844,train
3845,train
3846,train
3847,train
3848,train
3850,train
3851,train
3852,train
3854,train
3855,train
3856,train
3857,train
3858,val
3859,train
3860,train
3864,train
3865,train
3866,train
3869,train
3870,train
3872,train
3875,train
3876,train
3877,train
3878,train
3880,val
3882,train
3884,train
3885,train
3886,train
3890,val
3891,train
3892,val
3893,train
3894,train
3895,train
3896,train
3897,train
3899,val
3900,train
3902,val
3903,train
3906,train
3908,train
3909,val
3910,train
3912,val
3913,train
3914,val
3916,train
3918,train
3919,train
3920,train
3921,val
3922,train
3924,train
3926,train
3927,train
3928,train
3929,train
3930,train
3932,train
3933,train
3935,train
3936,train
3937,train
3938,train
3939,val
3940,val
3941,train
3942,val
3944,val
3945,train
3948,val
3950,train
3951,train
3952,train
3953,train
3954,train
3955,train
3956,train
3957,train
3961,train
3962,val
3963,train
3964,train
3965,train
3966,train
3967,train
3968,train
3970,train
3972,val
3974,train
3975,train
3977,val
3978,train
3980,train
3981,val
3983,val
3984,train
3985,train
3986,train
3987,train
3988,train
3989,train
3990,train
3991,val
3994,val
3996,train
3998,train
3999,train
4000,train
4001,train
4004,train
4005,val
4007,train
4008,val
4009,train
4013,train
4014,train
4015,train
4016,train
4017,val
4018,train
4021,train
4022,train
4023,val
4024,train
4025,train
4027,train
4028,train
4029,train
4031,train
4032,train
4035,train
4036,train
4037,train
4039,train
4040,train
4041,val
4042,train
4043,val
4044,train
4049,val
4050,train
4051,train
4052,train
4053,train
4054,train
4056,train
4057,train
4058,train
4059,train
4060,train
4062,train
4064,train
4065,val
4067,train
4068,train
4070,val
4071,train
4072,val
4073,train
4074,train
4075,train
4077,train
4078,train
4079,train
4080,train
4082,train
4083,val
4084,train
4085,val
4088,train
4089,train
4090,train
4091,val
4092,train
4093,train
4095,val
4097,train
4098,train
4099,train
4100,train
4101,val
4102,val
4103,train
4104,train
4106,train
4108,val
4109,train
4111,train
4112,train
4113,val
4114,val
4116,train
4117,train
4118,train
4119,train
4120,train
4121,train
4122,train
4123,train
4124,val
4125,train
4126,train
4127,train
4129,train
4130,train
4132,val
4133,val
4134,val
4135,train
4137,val
4138,train
4139,train
4143,train
4144,train
4145,train
4147,train
4148,val
4149,val
4150,val
4151,val
4152,train
4153,train
4154,train
4155,val
4157,train
4158,train
4160,train
4161,train
4162,val
4163,train
4164,val
4165,train
4166,val
4167,train
4168,train
4169,train
4170,train
4172,train
4173,train
4176,train
4177,val
4178,train
4179,train
4181,train
4182,val
4183,train
4184,val
4185,val
4186,train
4188,train
4189,train
4190,train
4192,train
4194,train
4195,train
4196,train
4198,train
4199,train
4200,train
4202,train
4204,train
4207,train
4208,train
4210,train
4211,train
4212,train
4214,train
4216,train
4217,val
4218,train
4219,train
4221,train
4222,train
4224,train
4226,train
4227,train
4228,val
4229,val
4230,train
4231,train
4232,val
4233,train
4235,train
4236,train
4237,val
4238,train
4239,train
4240,train
4242,train
4243,train
4245,train
4246,train
4248,train
4249,train
4250,train
4251,train
4252,train
4253,val
4256,train
4257,train
4258,val
4259,train
4260,val
4261,train
4264,train
4265,train
4267,val
4268,train
4272,train
4273,train
4275,train
4276,train
4277,train
4278,train
4280,train
4281,train
4282,train
4283,val
4284,train
4285,train
4289,train
4291,train
4292,val
4293,train
4295,train
4297,val
4298,train
4300,train
4301,train
4303,val
4304,train
4305,train
4306,train
4307,train
4308,train
4309,train
4310,train
4311,train
4312,train
4313,train
4314,train
4315,train
4317,train
4318,train
4319,train
4322,train
4323,val
4327,train
4328,train
4329,train
4330,train
4331,train
4333,val
4335,train
4336,val
4337,train
4338,train
4339,train
4340,train
4341,train
4342,train
4344,train
4345,train
4346,val
4347,train
4349,train
4351,train
4352,train
4354,train
4355,train
4357,train
4358,train
4359,val
4360,val
4362,val
4363,train
4364,train
4365,val
4366,train
4368,train
4370,train
4372,train
4375,val
4377,train
4378,train
4379,train
4380,train
4381,train
4382,train
4383,train
4384,val
4385,val
4386,train
4387,train
4388,val
4389,train
4390,train
4391,train
4392,train
4395,train
4396,train
4399,train
4400,val
4401,train
4402,train
4403,train
4405,train
4406,train
4407,train
4408,train
4409,train
4413,train
4416,train
4417,train
4419,train
4421,val
4422,val
4423,train
4424,train
4425,train
4428,train
4429,train
4432,train
4433,train
4434,val
4436,train
4439,train
4440,train
4441,val
4442,train
4443,train
4444,train
4445,val
4446,val
4447,train
4448,train
4449,train
4450,train
4451,train
4452,val
4453,val
4454,train
4455,train
4456,train
4457,train
4459,train
4460,val
4463,train
4465,train
4466,train
4467,train
4468,train
4469,train
4470,val
4471,train
4472,train
4473,train
4474,val
4475,train
4476,val
4477,train
4478,train
4479,train
4480,train
4481,train
4483,train
4485,train
4486,train
4487,train
4488,train
4490,train
4491,val
4492,train
4493,val
4495,train
4497,train
4498,train
4499,train
4500,train
4501,train
4502,train
4504,val
4505,train
4506,val
4507,train
4509,train
4510,train
4511,train
4512,train
4513,train
4514,train
4519,train
4520,train
4521,train
4522,val
4523,train
4526,train
4528,train
4530,val
4531,train
4532,train
4533,train
4534,train
4536,train
4537,train
4539,train
4540,train
4541,train
4542,train
4543,train
4546,train
4547,train
4548,train
4549,val
4552,train
4553,train
4555,train
4556,train
4557,train
4558,train
4559,val
4560,train
4561,train
4562,val
4564,train
4566,train
4567,train
4568,train
4569,train
4570,train
4571,train
4572,train
4574,val
4575,val
4577,train
4579,train
4580,train
4581,train
4582,train
4583,train
4584,train
4585,train
4586,train
4588,train
4589,val
4591,train
4592,train
4593,train
4594,train
4595,train
4596,train
4598,val
4599,train
4601,train
4602,train
4603,train
4604,train
4605,train
4606,train
4607,train
4609,train
4610,train
4611,train
4613,train
4614,train
4617,val
4619,val
4621,val
4623,train
4625,train
4626,train
4627,train
4629,train
4630,train
4632,train
4634,train
4635,val
4636,train
4637,val
4638,train
4639,train
4640,train
4641,val
4642,val
4643,train
4644,train
4645,train
4647,train
4649,val
4650,train
4651,train
4652,train
4653,train
4654,train
4656,val
4657,val
4658,train
4659,train
4660,train
4661,train
4662,train
4663,train
4664,train
4665,train
4666,train
4667,val
4668,train
4670,val
4671,train
4672,train
4674,train
4675,val
4676,train
4678,train
4679,val
4681,val
4682,train
4684,train
4685,train
4686,train
4687,train
4688,train
4689,train
4690,train
4692,val
4693,train
4695,train
4696,train
4699,train
4700,train
4701,val
4702,train
4703,train
4705,train
4706,val
4707,train
4708,train
4709,train
4710,train
4712,train
4714,val
4715,train
4717,train
4718,val
4719,val
4720,train
4721,train
4722,train
4723,train
4725,train
4726,train
4728,train
4729,train
4733,train
4734,val
4735,train
4736,train
4737,train
4738,train
4739,train
4740,train
4744,train
4745,train
4746,train
4747,train
4748,val
4749,train
4750,train
4751,train
4752,val
4754,train
4755,train
4756,train
4757,train
4759,train
4760,train
4761,train
4763,val
4764,train
4766,train
4767,train
4768,train
4769,train
4770,val
4771,train
4772,train
4773,train
4774,train
4775,val
4776,train
4777,train
4778,val
4779,train
4780,train
4781,train
4783,train
4784,train
4785,train
4786,val
4791,val
4793,train
4794,train
4795,train
4796,train
4798,val
4799,val
4800,train
4801,train
4802,train
4803,train
4804,train
4807,train
4808,train
4810,train
4811,train
4812,train
4813,train
4815,train
4816,train
4817,train
4818,train
4819,val
4820,train
4821,train
4822,train
4824,train
4826,train
4827,train
4828,train
4829,val
4831,train
4834,train
4835,train
4836,train
4837,train
4838,train
4839,train
4842,train
4843,train
4846,train
4847,val
4848,train
4850,val
4851,train
4852,train
4853,val
4854,train
4855,val
4856,train
4857,train
4859,train
4860,train
4861,train
4862,train
4863,train
4864,train
4865,val
4866,train
4867,train
4868,val
4869,train
4871,train
4872,train
4873,train
4874,train
4876,train
4878,train
4879,train
4880,train
4881,train
4883,train
4884,train
4885,train
4886,train
4887,train
4888,train
4889,val
4890,train
4892,train
4893,train
4894,train
4895,train
4896,val
4897,train
4898,train
4899,train
4901,train
4902,val
4903,train
4904,train
4906,train
4909,train
4910,val
4911,train
4912,train
4913,train
4914,val
4915,val
4916,val
4917,train
4918,val
4919,train
4920,val
4921,train
4922,train
4926,train
4928,train
4929,train
4930,train
4931,train
4932,val
4934,train
4936,train
4937,train
4938,train
4939,train
4940,train
4942,train
4943,val
4945,train
4947,train
4948,train
4949,train
4950,val
4951,train
4952,train
4954,train
4955,train
4957,val
4958,train
4959,train
4960,val
4961,train
4962,val
4963,train
4964,train
4965,val
4966,train
4967,train
4969,val
4970,train
4971,train
4972,train
4973,val
4974,val
4975,val
4976,train
4977,train
4978,val
4979,train
4980,train
4981,train
4982,train
4983,train
4984,train
4986,train
4987,val
4988,val
4990,train
4991,train
4992,train
4993,train
4994,train
4996,train
4997,train
4998,train
4999,train
5000,train
5001,val
5002,train
5003,train
5004,val
5006,train
5007,train
5008,train
5009,train
5011,train
5012,train
5013,val
5014,train
5015,train
5017,train
5019,train
5020,train
5021,train
5022,val
5023,val
5024,train
5025,train
5026,val
5027,train
5028,train
5030,train
5032,val
5033,train
5034,train
5035,train
5036,train
5038,val
5040,val
5042,train
5044,train
5045,val
5046,train
5047,train
5048,train
5049,val
5050,val
5051,train
5053,train
5054,train
5056,train
5057,train
5058,train
5060,train
5061,val
5062,train
5064,train
5065,train
5066,train
5068,train
5069,train
5071,train
5074,train
5075,train
5076,train
5077,train
5078,val
5080,train
5081,val
5082,train
5083,train
5084,val
5085,train
5087,train
5088,train
5089,train
5090,train
5091,val
5092,val
5095,train
5096,val
5097,train
5099,val
5100,train
5102,train
5103,train
5104,train
5105,train
5106,train
5107,train
5109,train
5110,train
5111,train
5114,val
5115,val
5116,train
5117,train
5118,train
5122,train
5123,train
5124,train
5125,train
5129,val
5130,train
5132,train
5133,train
5134,val
5135,val
5136,train
5138,train
5139,train
5140,train
5141,train
5142,train
5143,train
5144,train
5145,val
5147,val
5149,train
5151,train
5152,train
5153,val
5154,val
5155,train
5156,train
5157,train
5158,train
5161,train
5162,train
5164,train
5165,train
5166,train
5167,train
5168,train
5169,val
5171,val
5172,train
5173,train
5174,val
5175,train
5176,train
5178,train
5180,train
5181,train
5182,val
5183,train
5184,train
5186,train
5187,train
5189,train
5193,train
5194,val
5196,train
5197,train
5199,train
5200,train
5201,val
5202,train
5203,val
5204,val
5205,train
5206,train
5207,val
5209,train
5210,train
5211,train
5212,train
5213,train
5216,train
5217,train
5218,val
5221,val
5222,val
5226,train
5228,train
5230,train
5232,train
5233,train
5234,train
5235,train
5239,train
5241,train
5242,train
5243,train
5244,train
5245,train
5246,train
5247,train
5249,train
5250,val
5251,train
5253,val
5254,train
5255,train
5257,train
5258,train
5259,train
5260,val
5261,train
5262,val
5263,val
5264,train
5265,val
5266,train
5267,train
5268,train
5271,train
5273,train
5274,train
5277,train
5278,val
5282,train
5283,train
5284,train
5285,train
5286,train
5287,train
5288,train
5289,train
5290,train
5293,train
5295,val
5297,val
5298,train
5299,train
5300,train
5301,train
5303,train
5304,train
5305,val
5306,train
5308,train
5309,train
5310,train
5311,train
5319,train
5320,train
5325,train
5326,train
5327,train
5328,train
5329,train
5330,train
5331,train
5332,train
5333,val
5335,train
5336,val
5337,train
5338,train
5339,train
5340,train
5341,train
5342,train
5346,train
5347,train
5348,train
5349,train
5350,val
5351,val
5352,train
5353,train
5354,val
5356,val
5357,train
5358,train
5359,val
5360,train
5361,train
5362,train
5363,val
5365,train
5366,train
5367,train
5368,train
5370,val
5372,train
5373,train
5374,train
5375,train
5376,train
5377,train
5378,train
5379,train
5381,train
5382,train
5383,train
5384,train
5386,train
5387,val
5388,train
5389,train
5390,train
5391,val
5393,train
5394,train
5397,train
5399,train
5401,train
5403,train
5404,train
5405,train
5406,train
5407,train
5408,train
5409,train
5410,train
5413,val
5415,train
5416,val
5418,train
5419,val
5420,train
5421,train
5422,train
5423,train
5425,train
5426,train
5429,train
5431,train
5433,train
5434,train
5435,val
5436,train
5437,train
5439,train
5440,train
5441,train
5442,train
5443,val
5444,train
5445,val
5446,train
5447,val
5449,train
5450,train
5451,train
5452,train
5453,train
5454,train
5455,train
5456,train
5457,train
5458,val
5462,train
5464,train
5465,val
5466,val
5467,train
5468,train
5469,train
5470,train
5471,val
5472,train
5473,train
5474,train
5475,train
5476,val
5478,val
5480,train
5483,train
5484,val
5485,train
5486,train
5487,train
5488,train
5489,train
5490,val
5492,train
5494,train
5495,train
5496,train
5497,val
5498,train
5499,train
5500,train
5501,train
5502,train
5503,val
5504,val
5505,val
5508,val
5509,train
5510,train
5511,train
5512,train
5513,train
5514,train
5515,train
5516,train
5518,val
5519,train
5520,train
5521,val
5522,train
5523,val
5524,train
5525,train
5526,train
5527,train
5528,train
5529,train
5530,train
5531,train
5535,train
5536,train
5537,train
5538,train
5539,train
5540,train
5543,train
5544,train
5545,train
5546,val
5547,train
5549,train
5550,train
5552,train
5555,train
5556,train
5557,val
5558,train
5559,train
5560,train
5561,train
5562,train
5563,train
5564,train
5566,train
5567,train
5568,train
5569,train
5570,val
5571,train
5572,train
5573,train
5577,train
5578,train
5579,train
5580,train
5581,train
5582,train
5585,train
5589,train
5590,train
5591,train
5592,train
5593,train
5594,train
5595,train
5598,train
5599,train
5600,train
5602,val
5604,val
5605,train
5606,train
5607,val
5608,val
5609,train
5610,train
5611,train
5612,train
5615,train
5616,val
5617,train
5620,train
5623,train
5624,val
5625,train
5626,val
5629,train
5631,train
5632,train
5634,train
5635,train
5636,train
5637,train
5638,val
5640,train
5641,train
5642,train
5644,train
5645,train
5646,val
5647,val
5648,train
5650,train
5651,train
5652,train
5654,val
5656,train
5657,train
5658,train
5659,val
5660,train
5661,train
5662,train
5663,val
5665,train
5666,train
5668,train
5669,train
5671,val
5672,train
5673,train
5675,train
5676,train
5677,train
5679,val
5681,train
5682,val
5683,train
5684,train
5685,train
5686,train
5688,val
5689,train
5690,train
5691,train
5693,train
5695,train
5696,val
5698,train
5699,train
5700,train
5702,train
5703,train
5705,train
5706,train
5707,train
5708,train
5709,train
5712,train
5713,train
5714,train
5715,train
5717,val
5718,train
5719,val
5720,train
5721,train
5722,train
5723,val
5728,train
5729,train
5730,val
5732,train
5733,train
5734,val
5735,train
5736,train
5737,train
5738,val
5739,train
5740,train
5741,train
5742,val
5743,train
5744,train
5745,train
5746,train
5747,train
5748,train
5750,train
5752,train
5753,val
5754,train
5757,val
5758,val
5759,val
5760,train
5762,train
5763,train
5764,train
5765,val
5766,train
5769,train
5771,train
5774,train
5777,train
5778,train
5779,train
5780,val
5781,train
5782,train
5783,train
5785,train
5786,train
5787,train
5788,train
5789,train
5790,train
5791,train
5795,train
5796,train
5798,val
5801,train
5802,train
5803,train
5804,train
5806,val
5807,train
5808,train
5810,train
5811,train
5812,val
5814,train
5815,train
5816,train
5818,train
5819,train
5820,train
5821,train
5822,val
5823,train
5825,train
5826,train
5827,train
5828,train
5830,train
5831,train
5833,train
5834,train
5836,train
5838,train
5839,train
5840,val
5841,train
5842,train
5843,train
5844,train
5845,train
5846,train
5848,train
5849,train
5850,train
5851,train
5852,train
5853,train
5855,train
5856,train
5858,train
5859,train
5861,train
5862,train
5863,val
5864,train
5865,train
5866,train
5867,train
5868,train
5869,val
5870,train
5871,train
5873,train
5875,train
5877,train
5878,train
5879,val
5881,train
5883,train
5884,train
5885,train
5886,train
5887,train
5888,train
5889,train
5890,train
5893,train
5894,train
5895,train
5896,train
5897,train
5898,train
5899,train
5900,train
5901,train
5902,train
5903,train
5904,val
5905,train
5907,val
5908,train
5909,train
5910,val
5911,train
5912,train
5913,train
5914,train
5915,train
5916,train
5917,train
5918,train
5919,train
5920,train
5921,train
5924,train
5925,train
5926,val
5928,val
5930,train
5931,train
5932,train
5933,train
5934,train
5935,train
5936,train
5937,train
5938,val
5939,val
5940,train
5943,val
5944,train
5946,val
5948,train
5949,train
5953,train
5954,train
5955,train
5956,train
5957,train
5958,val
5959,val
5961,val
5962,train
5963,train
5964,val
5966,val
5968,train
5969,train
5970,train
5971,train
5972,train
5973,train
5975,train
5976,train
5978,val
5979,train
5980,train
5981,train
5982,train
5983,train
5985,val
5986,train
5988,train
5989,train
5990,train
5992,train
5993,train
5994,val
5995,train
5998,train
5999,train
6000,train
6001,train
6003,val
6004,train
6006,train
6007,train
6010,val
6011,train
6012,train
6013,train
6015,train
6016,train
6017,train
6018,train
6019,train
6020,train
6021,train
6022,val
6023,val
6024,train
6025,val
6026,train
6028,train
6029,train
6031,train
6032,train
6036,val
6037,train
6038,train
6039,train
6040,train
6041,train
6042,train
6044,train
6045,train
6049,train
6050,train
6051,train
6052,val
6053,train
6054,val
6055,train
6056,val
6057,train
6058,train
6059,val
6060,train
6061,train
6062,train
6063,train
6064,val
6065,train
6066,train
6067,train
6068,train
6069,train
6072,train
6073,train
6074,val
6075,train
6076,train
6077,train
6078,train
6079,train
6080,train
6081,train
6082,train
6083,train
6084,train
6086,val
6087,val
6088,val
6089,train
6093,train
6094,train
6095,train
6096,train
6097,train
6099,val
6100,train
6101,train
6102,val
6103,train
6104,train
6105,train
6107,train
6109,train
6110,train
6112,val
6113,train
6114,train
6116,val
6118,val
6119,val
6120,train
6122,train
6123,train
6125,train
6127,train
6128,train
6130,train
6132,train
6133,train
6134,train
6135,train
6136,train
6137,train
6138,train
6139,train
6140,train
6145,train
6146,val
6149,val
6150,val
6151,train
6152,train
6153,train
6154,train
6156,train
6157,train
6160,train
6161,train
6163,train
6164,train
6165,val
6167,train
6168,train
6169,train
6170,train
6171,train
6173,train
6174,train
6175,train
6176,train
6179,train
6180,train
6183,train
6184,train
6186,train
6187,val
6188,val
6189,train
6190,train
6192,train
6193,train
6194,train
6196,train
6197,train
6198,train
6199,train
6200,train
6201,train
6202,train
6203,train
6206,val
6207,train
6208,val
6209,train
6210,val
6213,train
6214,val
6215,train
6216,train
6217,train
6218,train
6221,train
6222,val
6224,train
6225,train
6227,train
6228,train
6229,train
6230,train
6231,train
6232,train
6233,val
6234,train
6235,train
6236,train
6237,train
6238,train
6240,train
6241,train
6242,val
6244,val
6245,val
6246,val
6247,val
6248,train
6250,val
6251,train
6253,train
6254,train
6256,train
6257,val
6258,train
6259,val
6262,train
6265,train
6266,train
6267,train
6268,val
6269,train
6273,train
6275,train
6276,train
6278,train
6279,val
6281,train
6282,val
6283,train
6285,train
6287,val
6289,val
6291,train
6292,train
6294,val
6295,val
6296,train
6297,train
6298,val
6300,train
6302,train
6303,train
6305,train
6307,train
6310,train
6311,train
6313,train
6314,train
6315,train
6316,val
6317,val
6318,train
6319,train
6320,train
6323,val
6324,train
6325,val
6326,train
6327,train
6328,val
6329,train
6330,train
6332,train
6333,train
6334,train
6336,val
6337,val
6338,train
6339,train
6341,train
6342,val
6345,train
6346,train
6351,train
6352,val
6353,train
6356,train
6357,train
6358,val
6359,train
6360,train
6361,train
6363,train
6364,val
6365,train
6366,train
6368,val
6369,train
6370,train
6371,train
6373,train
6374,val
6376,train
6377,train
6378,train
6380,train
6381,train
6382,train
6383,train
6385,train
6387,train
6388,train
6389,train
6391,train
6392,train
6393,train
6394,train
6395,train
6397,val
6398,train
6399,train
6400,train
6402,train
6404,train
6405,train
6406,train
6407,val
6409,val
6411,train
6412,train
6413,train
6414,train
6415,train
6416,val
6417,train
6418,train
6419,train
6421,train
6422,train
6423,val
6424,train
6425,val
6426,train
6427,train
6428,train
6429,train
6431,train
6432,train
6433,train
6434,train
6435,val
6437,train
6438,train
6439,train
6441,val
6445,val
6446,train
6447,val
6448,train
6449,train
6450,train
6451,train
6452,train
6453,train
6454,train
6455,val
6456,train
6457,train
6458,train
6460,val
6461,train
6462,train
6463,train
6464,train
6465,train
6467,val
6468,train
6470,train
6471,train
6472,train
6473,train
6477,train
6478,train
6479,train
6480,val
6481,train
6482,train
6483,train
6484,train
6485,val
6486,train
6487,train
6488,train
6489,train
6492,train
6493,val
6494,train
6495,val
6500,train
6502,train
6503,train
6504,val
6505,val
6506,train
6507,train
6508,val
6509,train
6510,train
6511,train
6512,train
6513,val
6516,train
6517,train
6518,train
6519,train
6520,train
6521,train
6522,val
6523,train
6525,train
6527,train
6528,val
6529,train
6530,val
6531,train
6533,train
6534,val
6535,train
6536,val
6539,train
6540,train
6542,val
6543,train
6544,train
6545,train
6547,train
6548,train
6549,val
6550,train
6552,val
6553,train
6555,train
6556,val
6558,train
6559,train
6561,train
6562,val
6563,train
6564,val
6567,train
6568,train
6569,val
6570,train
6571,val
6572,train
6573,val
6574,train
6575,train
6576,train
6577,train
6579,train
6580,train
6581,train
6583,train
6584,train
6585,train
6586,train
6588,train
6589,train
6590,val
6591,val
6592,train
6594,train
6595,train
6597,train
6598,val
6599,val
6600,train
6601,train
6602,val
6603,val
6604,val
6605,train
6606,train
6607,val
6608,train
6609,train
6610,train
6612,val
6613,train
6614,train
6616,train
6617,train
6618,train
6619,train
6621,train
6622,train
6623,train
6624,train
6625,train
6629,val
6630,train
6631,val
6632,val
6633,train
6634,train
6636,train
6637,train
6638,train
6640,train
6642,train
6643,val
6644,train
6646,val
6647,train
6648,train
6649,train
6650,train
6651,val
6652,train
6653,val
6654,train
6655,val
6656,train
6657,val
6658,train
6659,train
6661,train
6662,train
6664,train
6665,train
6666,train
6667,train
6668,train
6670,train
6671,train
6672,val
6673,train
6675,train
6676,train
6677,train
6678,train
6679,val
6680,train
6681,train
6683,val
6684,train
6686,train
6688,val
6689,train
6690,val
6691,train
6693,train
6694,train
6697,train
6698,train
6702,train
6703,train
6704,val
6706,val
6708,train
6710,train
6712,train
6713,val
6715,train
6716,train
6717,train
6718,train
6719,train
6720,train
6721,train
6725,train
6727,train
6728,train
6729,train
6730,train
6731,train
6732,train
6737,val
6739,train
6740,train
6742,val
6743,train
6744,train
6745,train
6747,train
6748,train
6749,train
6750,train
6751,train
6752,train
6753,train
6755,train
6756,val
6757,val
6759,train
6760,train
6761,train
6762,train
6765,val
6766,train
6767,train
6769,train
6770,train
6771,train
6772,train
6773,val
6774,train
6775,train
6776,train
6777,train
6779,train
6780,train
6781,train
6782,train
6783,val
6786,train
6788,train
6789,train
6790,train
6791,val
6792,train
6793,train
6794,train
6795,train
6796,val
6797,val
6798,val
6799,train
6800,train
6801,train
6802,train
6803,train
6804,train
6805,train
6807,val
6808,train
6809,val
6810,train
6811,val
6812,train
6813,train
6814,train
6815,train
6816,train
6817,val
6818,train
6819,train
6820,train
6821,train
6822,train
6823,train
6824,val
6826,train
6827,train
6828,train
6829,train
6834,train
6836,val
6837,val
6838,train
6839,train
6840,train
6841,train
6844,train
6845,val
6846,train
6847,train
6848,train
6849,val
6850,train
6851,train
6852,train
6854,val
6855,train
6856,train
6857,train
6858,val
6861,train
6863,train
6864,train
6865,train
6866,train
6869,train
6870,train
6871,train
6872,train
6873,train
6874,train
6875,val
6876,train
6877,train
6878,val
6879,val
6880,train
6881,train
6882,val
6883,train
6884,train
6886,train
6887,train
6890,train
6891,val
6892,train
6893,train
6894,train
6895,train
6896,val
6899,val
6901,train
6904,train
6905,train
6906,train
6908,val
6910,train
6912,train
6913,train
6914,train
6915,train
6916,train
6917,train
6918,train
6919,train
6920,val
6921,train
6922,train
6923,train
6924,train
6926,train
6927,train
6928,val
6929,train
6932,val
6934,train
6935,train
6936,val
6938,train
6939,train
6940,train
6942,train
6943,train
6944,train
6945,train
6946,train
6947,train
6949,train
6951,train
6952,train
6953,train
6954,train
6955,train
6958,train
6959,train
6961,train
6963,val
6964,train
6965,val
6966,val
6967,train
6968,train
6970,val
6972,train
6974,val
6975,train
6976,train
6977,train
6978,train
6979,train
6981,train
6982,train
6984,val
6986,train
6987,val
6988,train
6989,val
6990,train
6991,train
6992,train
6993,train
6994,train
6995,train
6996,train
6997,train
6998,train
7000,train
7001,train
7002,train
7003,val
7004,train
7008,val
7009,train
7010,train
7011,train
7014,train
7015,val
7018,train
7019,train
7021,train
7022,train
7023,train
7025,val
7028,train
7030,val
7031,val
7033,val
7035,train
7036,train
7037,train
7038,train
7039,train
7040,train
7041,train
7042,train
7043,train
7045,train
7046,train
7047,train
7048,train
7049,train
7050,val
7051,train
7052,train
7053,train
7055,val
7056,train
7059,train
7061,train
7062,train
7063,train
7064,train
7066,train
7067,train
7068,train
7070,train
7072,train
7073,train
7074,train
7075,train
7078,val
7079,train
7080,train
7083,train
7084,val
7085,train
7086,train
7087,val
7088,val
7089,val
7090,train
7091,train
7092,train
7094,train
7096,val
7097,train
7100,val
7101,train
7102,train
7103,train
7104,train
7107,train
7108,val
7109,val
7110,val
7111,train
7112,train
7113,train
7114,train
7115,val
7116,train
7117,train
7118,train
7119,val
7120,train
7121,train
7123,train
7124,val
7125,train
7126,train
7127,train
7128,train
7131,train
7132,train
7133,train
7134,train
7139,train
7140,train
7142,train
7144,train
7145,train
7146,val
7147,train
7148,train
7149,train
7150,train
7151,train
7152,train
7153,train
7154,train
7155,train
7156,val
7157,train
7158,val
7160,train
7161,train
7163,train
7164,val
7166,train
7167,train
7168,train
7170,val
7173,train
7174,val
7176,val
7177,train
7179,train
7180,train
7181,train
7183,train
7184,train
7185,train
7186,train
7187,train
7188,train
7189,train
7191,train
7192,train
7193,train
7195,train
7197,train
7198,train
7199,train
7200,val
7201,val
7202,train
7203,train
7204,train
7206,train
7208,train
7209,val
7212,train
7213,train
7214,train
7215,train
7217,train
7218,train
7220,train
7221,train
7223,train
7225,train
7226,val
7227,train
7228,val
7229,train
7230,train
7231,train
7232,train
7233,val
7235,train
7236,train
7238,train
7239,train
7240,val
7241,train
7243,train
7244,val
7245,val
7248,train
7249,train
7250,val
7253,val
7254,train
7255,train
7256,val
7258,train
7259,val
7260,train
7261,train
7262,train
7263,val
7264,train
7265,train
7266,train
7267,train
7268,train
7269,train
7270,train
7271,train
7272,train
7273,val
7274,train
7275,train
7277,train
7278,train
7279,train
7280,train
7282,train
7283,train
7284,train
7285,train
7288,train
7289,train
7290,val
7291,val
7292,val
7293,train
7294,train
7296,val
7298,train
7299,train
7301,train
7302,train
7303,val
7304,val
7305,val
7306,train
7309,train
7311,train
7312,train
7313,train
7314,train
7316,train
7319,train
7320,train
7321,train
7323,val
7324,train
7327,train
7328,val
7329,train
7330,train
7331,train
7333,train
7334,train
7335,train
7336,val
7337,train
7338,train
7339,val
7340,train
7341,train
7343,train
7344,train
7346,train
7348,train
7350,train
7351,train
7355,train
7356,train
7357,train
7358,train
7359,train
7360,val
7361,train
7362,val
7363,train
7364,train
7365,train
7366,train
7367,val
7368,train
7369,train
7371,train
7372,train
7373,val
7374,val
7375,val
7376,train
7377,train
7378,val
7379,train
7380,val
7381,val
7382,train
7383,train
7384,train
7385,train
7386,train
7387,train
7388,train
7389,train
7390,val
7391,train
7393,train
7395,val
7398,train
7399,train
7401,train
7403,train
7404,train
7405,train
7407,train
7408,val
7411,train
7413,val
7415,train
7416,train
7417,train
7418,train
7422,train
7423,train
7425,val
7426,train
7427,train
7429,train
7430,train
7432,val
7433,train
7434,val
7436,train
7438,train
7439,train
7440,val
7441,train
7442,val
7443,train
7444,val
7446,train
7447,train
7448,train
7450,train
7451,train
7452,val
7453,val
7454,val
7455,train
7457,train
7460,train
7461,train
7462,train
7466,train
7468,train
7469,train
7470,train
7473,train
7474,train
7475,train
7476,train
7477,train
7478,train
7479,train
7480,train
7481,train
7482,train
7483,val
7484,train
7486,val
7487,train
7488,train
7489,val
7490,train
7491,val
7492,train
7493,train
7495,train
7496,train
7497,train
7498,train
7499,train
7500,train
7501,train
7502,train
7503,train
7504,train
7506,train
7507,train
7508,train
7509,train
7510,train
7516,train
7517,train
7518,train
7519,train
7520,train
7521,train
7522,train
7524,val
7525,train
7526,train
7527,train
7528,train
7529,train
7532,train
7533,train
7534,val
7535,train
7537,train
7539,train
7540,val
7541,train
7544,train
7545,val
7546,train
7547,train
7548,train
7550,val
7551,val
7552,train
7553,val
7554,train
7555,train
7556,train
7558,train
7561,train
7562,val
7565,val
7566,val
7568,train
7569,val
7570,train
7571,train
7573,train
7574,train
7576,train
7577,train
7578,train
7579,train
7580,train
7581,train
7582,train
7583,train
7584,train
7585,train
7586,train
7587,train
7589,train
7590,val
7591,val
7592,train
7593,train
7594,train
7597,train
7598,train
7599,val
7600,train
7601,train
7603,train
7604,train
7605,train
7606,train
7607,train
7608,train
7610,train
7611,train
7614,train
7615,train
7616,train
7617,train
7618,train
7619,val
7620,val
7623,train
7626,train
7627,train
7628,val
7630,train
7631,train
7633,val
7635,train
7639,train
7641,train
7642,train
7644,train
7645,train
7646,train
7647,train
7649,train
7650,val
7651,train
7652,train
7655,train
7656,train
7657,train
7658,train
7659,train
7660,train
7661,train
7663,train
7664,train
7665,train
7666,train
7667,train
7668,train
7669,train
7670,train
7672,val
7673,train
7675,train
7676,train
7677,train
7678,train
7679,val
7680,train
7681,val
7684,train
7685,train
7687,train
7688,train
7689,train
7691,train
7693,train
7696,train
7697,train
7698,train
7699,train
7701,train
7702,train
7703,train
7704,train
7705,train
7706,train
7707,val
7708,train
7709,val
7710,val
7711,val
7712,train
7713,train
7716,val
7717,train
7718,val
7719,train
7720,train
7722,train
7723,train
7724,train
7725,train
7726,val
7727,train
7729,train
7730,train
7731,val
7732,val
7733,val
7734,train
7735,train
7736,train
7738,train
7740,train
7741,train
7742,val
7743,val
7744,val
7746,train
7748,train
7749,train
7750,val
7751,train
7752,train
7753,train
7754,train
7755,train
7756,train
7757,train
7758,train
7759,train
7760,train
7764,train
7765,train
7766,val
7767,train
7768,val
7769,train
7772,train
7773,val
7775,train
7777,train
7778,train
7780,train
7781,train
7782,train
7783,train
7784,train
7785,val
7786,train
7787,train
7788,train
7789,train
7790,train
7791,train
7792,train
7794,train
7797,train
7798,train
7799,train
7801,train
7802,train
7804,train
7805,train
7806,train
7807,val
7809,train
7810,train
7815,train
7816,train
7817,val
7819,train
7820,train
7821,train
7822,train
7823,train
7824,train
7825,val
7828,train
7829,train
7830,train
7832,train
7833,val
7835,train
7836,train
7838,train
7839,train
7840,train
7845,val
7846,train
7847,train
7848,train
7849,val
7850,val
7852,val
7853,val
7855,train
7857,val
7858,train
7860,val
7861,val
7862,train
7863,train
7864,train
7865,train
7867,train
7868,train
7871,val
7873,train
7874,train
7875,train
7876,train
7877,val
7878,train
7879,train
7880,train
7881,train
7882,train
7883,train
7884,train
7885,val
7887,train
7888,train
7889,train
7890,train
7891,train
7894,train
7895,train
7896,train
7897,train
7898,train
7899,train
7900,train
7901,train
7902,train
7903,val
7904,train
7905,train
7906,train
7907,train
7909,train
7911,train
7912,train
7913,train
7915,train
7916,train
7917,train
7918,train
7920,val
7921,train
7923,train
7924,val
7925,train
7926,train
7927,train
7928,val
7929,val
7931,train
7933,train
7934,val
7935,val
7936,train
7937,train
7938,train
7939,train
7940,train
7941,train
7942,train
7943,train
7944,train
7945,train
7946,train
7948,val
7951,train
7954,train
7956,train
7957,train
7958,train
7959,train
7964,val
7965,train
7966,train
7969,train
7970,train
7971,train
7972,train
7973,train
7974,train
7976,train
7978,train
7979,train
7981,train
7982,val
7983,val
7984,train
7986,val
7988,train
7989,train
7990,train
7991,train
7992,train
7993,train
7996,train
7997,train
7998,train
8000,train
8001,train
8002,train
8003,train
8004,val
8006,train
8008,train
8010,val
8011,train
8012,val
8013,train
8015,val
8016,train
8019,train
8020,val
8021,train
8022,train
8023,val
8027,val
8028,train
8030,train
8032,train
8033,train
8034,train
8036,val
8037,val
8038,train
8039,train
8040,train
8041,train
8042,train
8043,val
8044,train
8045,train
8046,train
8047,train
8048,val
8050,train
8051,val
8052,val
8053,train
8054,train
8055,val
8056,train
8057,train
8059,train
8062,train
8063,train
8064,train
8065,train
8066,train
8067,train
8068,train
8069,train
8074,val
8077,train
8078,train
8079,val
8080,train
8083,val
8084,train
8085,train
8086,train
8087,train
8088,train
8089,train
8091,train
8092,train
8093,train
8095,train
8096,train
8098,val
8099,val
8100,train
8101,train
8102,train
8103,val
8104,train
8105,train
8106,train
8108,train
8109,train
8110,train
8111,val
8113,val
8114,train
8116,train
8117,train
8118,train
8119,train
8121,train
8122,train
8124,train
8125,train
8126,val
8127,train
8130,train
8131,train
8132,train
8134,train
8135,train
8136,train
8137,train
8139,val
8140,train
8141,train
8144,val
8148,val
8149,train
8150,val
8152,train
8154,train
8155,train
8156,train
8157,train
8158,train
8159,val
8160,train
8161,val
8162,train
8164,train
8165,train
8166,train
8170,val
8171,train
8173,train
8174,train
8175,train
8176,train
8177,train
8179,train
8180,train
8181,val
8182,train
8183,train
8188,train
8189,train
8190,train
8192,train
8193,train
8194,train
8195,train
8197,val
8198,train
8199,val
8200,train
8201,train
8202,train
8203,train
8204,train
8207,train
8208,val
8209,train
8210,val
8211,train
8212,train
8213,train
8214,train
8215,train
8217,val
8220,train
8221,val
8222,train
8223,train
8224,val
8225,train
8226,train
8229,train
8232,train
8233,val
8235,val
8236,train
8237,train
8238,train
8239,train
8240,train
8243,train
8244,train
8247,train
8248,train
8249,val
8250,train
8252,train
8253,val
8255,train
8256,train
8257,val
8258,train
8259,val
8260,train
8261,train
8263,train
8264,train
8265,train
8266,train
8267,train
8268,val
8270,train
8271,train
8272,train
8273,train
8274,train
8275,train
8276,train
8278,train
8279,train
8280,val
8281,train
8282,train
8283,train
8284,val
8285,train
8290,train
8291,train
8295,train
8297,val
8298,val
8299,val
8300,train
8301,val
8302,train
8303,train
8304,train
8305,train
8308,train
8309,train
8310,train
8311,train
8312,train
8313,train
8315,val
8316,train
8318,train
8319,val
8321,train
8322,train
8323,train
8324,val
8325,train
8327,train
8328,train
8332,train
8333,val
8334,train
8335,train
8336,train
8337,train
8338,train
8339,train
8340,train
8341,val
8342,val
8344,train
8345,train
8346,train
8347,train
8348,train
8349,train
8351,train
8353,train
8358,train
8359,train
8360,train
8361,train
8362,train
8363,train
8365,train
8366,train
8367,train
8368,train
8369,train
8371,train
8372,train
8373,train
8374,train
8375,train
8376,train
8377,train
8378,train
8379,train
8380,train
8384,train
8385,train
8387,train
8388,train
8391,val
8392,val
8394,train
8395,train
8396,val
8397,train
8398,val
8401,train
8402,val
8406,train
8407,train
8408,train
8410,train
8411,train
8412,train
8414,train
8415,train
8416,train
8419,train
8420,train
8421,train
8422,train
8424,train
8425,train
8426,train
8428,train
8429,train
8430,train
8433,train
8435,val
8436,train
8438,train
8439,val
8440,train
8441,val
8442,train
8443,train
8444,train
8445,val
8446,train
8448,train
8450,train
8451,train
8452,train
8453,train
8454,train
8455,train
8456,train
8458,val
8460,train
8462,train
8463,train
8464,train
8465,val
8468,train
8470,train
8471,train
8472,train
8473,val
8474,train
8475,train
8476,train
8477,train
8478,train
8480,train
8482,train
8483,val
8484,train
8485,train
8486,train
8487,train
8488,train
8489,train
8490,train
8491,val
8492,train
8494,val
8495,train
8497,train
8498,train
8499,train
8500,train
8503,val
8504,train
8505,train
8506,val
8507,val
8510,train
8511,val
8512,train
8513,train
8515,train
8516,train
8517,train
8520,train
8521,train
8522,val
8523,train
8524,train
8525,train
8526,train
8528,train
8529,train
8531,train
8532,train
8533,train
8534,train
8535,train
8536,train
8538,train
8540,train
8541,train
8543,train
8544,train
8545,val
8546,train
8548,train
8549,val
8551,train
8552,val
8553,train
8555,train
8557,val
8558,train
8559,train
8561,train
8562,train
8563,train
8564,train
8565,train
8567,val
8568,train
8570,train
8573,train
8574,train
8576,train
8577,train
8578,val
8579,train
8581,train
8582,train
8583,train
8586,train
8588,train
8589,train
8590,train
8591,val
8592,val
8594,train
8596,val
8600,train
8602,train
8603,train
8604,train
8605,train
8606,train
8608,train
8609,train
8610,train
8611,train
8613,train
8614,train
8615,val
8616,train
8617,train
8618,train
8619,train
8620,train
8622,train
8623,val
8624,train
8626,train
8627,train
8628,val
8629,train
8632,train
8634,train
8635,val
8636,train
8637,train
8638,train
8639,train
8640,val
8641,train
8642,val
8643,train
8645,train
8646,train
8647,train
8648,train
8649,train
8651,train
8653,train
8654,train
8655,train
8658,train
8661,train
8662,train
8663,train
8664,train
8666,val
8669,train
8671,val
8672,train
8673,train
8674,train
8675,train
8676,train
8677,train
8678,train
8679,train
8680,train
8681,train
8683,val
8684,train
8685,train
8686,train
8687,train
8688,train
8689,val
8691,train
8693,val
8694,train
8695,train
8696,val
8697,train
8699,train
8700,train
8701,train
8703,train
8704,train
8705,train
8706,val
8707,train
8708,train
8709,train
8711,train
8712,train
8716,train
8717,train
8720,train
8721,val
8723,val
8724,train
8725,val
8726,train
8727,train
8728,train
8729,train
8730,train
8731,train
8732,train
8733,train
8734,train
8735,train
8736,train
8741,train
8742,train
8743,train
8744,train
8746,train
8747,val
8748,train
8749,val
8751,val
8752,train
8753,train
8755,train
8756,val
8758,train
8759,train
8760,val
8761,val
8763,train
8764,val
8765,train
8766,train
8767,train
8768,val
8770,train
8771,val
8772,val
8774,train
8775,train
8776,train
8777,train
8778,train
8779,train
8780,val
8781,train
8783,train
8784,train
8785,train
8786,val
8787,train
8788,train
8789,train
8791,train
8792,train
8793,val
8794,val
8795,train
8796,train
8797,train
8798,train
8799,train
8800,train
8801,train
8802,train
8803,val
8805,train
8806,train
8807,train
8808,val
8809,train
8810,train
8811,train
8812,train
8813,train
8814,train
8816,train
8817,train
8820,train
8821,train
8822,val
8823,train
8824,train
8825,train
8826,train
8827,train
8829,train
8830,train
8832,train
8833,train
8834,train
8835,train
8836,train
8837,train
8839,val
8840,train
8842,val
8843,train
8844,train
8845,val
8846,train
8848,train
8850,train
8851,train
8852,train
8853,train
8854,train
8855,train
8856,train
8858,train
8859,val
8862,train
8863,train
8864,train
8865,train
8866,train
8867,train
8868,train
8869,train
8870,train
8871,val
8872,train
8873,train
8874,val
8876,train
8877,val
8878,val
8879,train
8880,train
8881,train
8882,train
8883,train
8885,train
8886,val
8887,train
8888,train
8890,train
8892,train
8895,train
8896,train
8898,train
8899,train
8900,train
8901,train
8902,val
8903,train
8904,val
8905,val
8906,train
8907,train
8908,train
8910,train
8911,train
8912,train
8913,train
8914,val
8915,val
8916,train
8917,train
8918,val
8919,val
8920,train
8921,train
8922,train
8923,val
8924,train
8925,train
8926,train
8927,train
8929,val
8930,train
8931,val
8935,val
8936,train
8937,train
8939,train
8940,train
8941,train
8942,val
8944,train
8945,train
8947,train
8948,train
8949,train
8950,train
8952,train
8954,val
8955,train
8956,train
8957,val
8958,train
8961,val
8962,val
8964,train
8965,train
8966,train
8967,train
8969,train
8970,train
8971,train
8974,train
8975,train
8976,train
8979,train
8981,val
8982,train
8983,train
8985,train
8986,val
8988,train
8990,val
8991,train
8992,train
8993,train
8994,train
8997,val
8998,train
8999,train
9000,val
9002,train
9004,train
9006,train
9008,train
9010,train
9011,train
9013,val
9014,train
9016,train
9017,train
9018,train
9019,train
9020,train
9021,train
9022,train
9023,train
9025,train
9026,train
9027,val
9028,train
9029,val
9030,train
9033,train
9034,train
9036,train
9037,train
9038,train
9039,train
9040,train
9041,train
9042,val
9043,train
9044,train
9045,train
9046,train
9047,train
9048,val
9049,train
9050,val
9051,train
9052,train
9054,train
9055,train
9056,train
9057,train
9058,train
9059,train
9061,train
9062,train
9063,val
9064,train
9065,val
9066,train
9069,train
9070,train
9071,train
9072,val
9073,train
9074,train
9075,val
9076,train
9078,train
9079,train
9081,train
9082,train
9083,train
9085,val
9086,train
9088,val
9089,val
9091,train
9092,val
9093,train
9094,val
9096,train
9097,train
9099,train
9100,val
9102,train
9103,train
9104,train
9105,train
9106,val
9107,train
9109,val
9110,train
9111,train
9114,train
9115,val
9116,train
9118,train
9119,train
9120,train
9121,train
9122,train
9125,val
9126,val
9128,val
9129,train
9131,val
9133,train
9134,val
9135,train
9137,val
9139,train
9140,train
9141,train
9144,train
9147,train
9149,val
9150,train
9152,train
9153,train
9155,val
9156,train
9157,train
9159,train
9160,train
9161,train
9162,val
9164,train
9165,train
9166,train
9167,train
9168,train
9170,train
9172,train
9173,train
9174,train
9175,train
9177,val
9178,val
9179,val
9180,train
9182,train
9183,train
9184,train
9186,train
9189,val
9191,val
9192,val
9193,val
9194,train
9195,train
9196,train
9197,train
9198,val
9199,train
9200,train
9201,train
9202,train
9203,train
9206,val
9208,train
9209,train
9210,train
9211,train
9212,train
9214,train
9215,train
9216,train
9217,train
9218,train
9219,train
9222,train
9223,train
9226,train
9228,train
9229,train
9230,train
9231,val
9233,train
9235,train
9236,train
9239,train
9241,train
9242,train
9243,train
9244,train
9245,train
9246,train
9247,train
9249,train
9250,train
9251,train
9252,train
9255,train
9256,train
9258,train
9259,train
9260,val
9261,val
9262,train
9263,train
9265,val
9266,train
9268,train
9270,train
9273,train
9274,val
9275,val
9277,train
9279,val
9282,val
9283,train
9284,train
9285,val
9287,train
9289,train
9292,train
9296,train
9297,val
9299,train
9300,train
9301,train
9302,train
9305,train
9306,val
9308,train
9310,train
9311,train
9312,train
9313,train
9316,train
9321,train
9322,train
9323,val
9324,train
9325,train
9327,train
9328,train
9329,train
9330,val
9332,val
9333,val
9334,train
9335,train
9336,train
9337,train
9338,train
9340,train
9341,val
9343,train
9344,val
9345,train
9346,train
9347,train
9348,train
9350,train
9351,train
9352,val
9354,train
9355,train
9356,train
9357,val
9358,train
9360,train
9361,val
9363,train
9364,train
9365,train
9367,train
9368,train
9369,val
9370,train
9371,train
9372,train
9373,train
9374,train
9375,train
9377,val
9378,val
9379,train
9380,train
9381,train
9382,train
9383,train
9385,val
9387,train
9388,val
9389,train
9391,train
9392,train
9393,val
9394,val
9395,train
9397,train
9398,train
9400,train
9401,train
9403,train
9404,train
9405,train
9406,train
9407,val
9408,train
9409,train
9410,train
9411,train
9412,train
9413,train
9414,val
9416,train
9417,train
9418,train
9419,train
9423,train
9424,train
9426,train
9427,train
9429,train
9430,train
9431,train
9432,train
9433,train
9434,train
9435,val
9436,train
9437,train
9438,train
9439,train
9442,train
9444,train
9445,val
9446,train
9447,train
9448,train
9449,val
9450,train
9452,train
9453,train
9454,train
9455,train
9458,train
9460,train
9461,train
9462,train
9463,val
9464,train
9466,train
9467,train
9468,val
9469,val
9470,train
9471,train
9472,train
9473,train
9474,val
9476,train
9477,train
9478,train
9479,train
9480,train
9481,train
9482,train
9484,train
9486,train
9487,train
9489,val
9490,train
9491,train
9493,train
9496,val
9497,val
9499,train
9500,val
9501,train
9503,val
9504,train
9505,train
9507,val
9508,val
9510,val
9511,train
9513,train
9514,train
9515,train
9517,train
9518,train
9519,train
9521,train
9522,val
9523,train
9525,train
9526,train
9527,train
9528,val
9529,train
9530,train
9533,train
9534,train
9535,train
9536,train
9537,train
9539,train
9540,train
9541,train
9542,train
9543,train
9544,train
9545,train
9546,val
9548,val
9551,train
9553,train
9554,train
9556,train
9557,train
9558,val
9559,train
9560,val
9561,train
9562,val
9564,val
9566,train
9567,train
9568,train
9569,train
9570,train
9571,val
9572,train
9573,train
9575,train
9576,val
9577,train
9578,val
9579,train
9580,val
9581,train
9582,train
9583,train
9584,train
9585,train
9588,val
9589,train
9590,train
9591,train
9592,train
9595,train
9596,val
9598,train
9599,train
9601,val
9602,train
9604,train
9605,train
9606,train
9611,train
9614,train
9615,train
9616,train
9617,train
9620,train
9622,train
9623,val
9624,train
9626,train
9627,train
9628,val
9629,train
9630,train
9631,train
9632,train
9633,train
9634,train
9635,train
9636,val
9637,train
9639,train
9640,val
9641,train
9642,val
9643,train
9645,val
9646,train
9647,train
9648,train
9649,train
9651,train
9653,train
9655,train
9656,train
9657,val
9658,train
9659,val
9661,val
9662,train
9663,train
9664,train
9667,train
9669,train
9670,val
9671,train
9673,val
9675,train
9676,train
9678,train
9679,train
9680,train
9681,train
9682,val
9684,train
9685,val
9686,train
9687,train
9688,train
9692,train
9693,val
9694,train
9695,train
9696,train
9697,train
9698,train
9699,train
9700,val
9702,val
9703,train
9704,train
9705,train
9706,val
9707,train
9708,train
9710,train
9711,train
9715,train
9716,train
9718,val
9719,train
9721,train
9722,train
9723,train
9724,train
9725,train
9727,train
9728,train
9731,train
9732,train
9733,train
9734,train
9735,train
9736,train
9737,train
9738,train
9739,train
9740,train
9742,train
9743,train
9744,val
9745,train
9746,val
9748,val
9749,train
9750,train
9751,train
9752,train
9753,val
9754,train
9755,val
9756,train
9757,train
9758,train
9759,train
9760,val
9761,train
9762,train
9764,val
9766,train
9767,train
9768,train
9769,val
9770,train
9772,train
9773,train
9775,train
9776,train
9778,val
9780,train
9781,val
9782,train
9785,train
9786,train
9787,val
9788,train
9789,train
9790,train
9792,val
9793,train
9794,train
9795,train
9796,train
9797,train
9798,val
9799,train
9800,train
9801,train
9803,val
9804,train
9805,train
9806,train
9807,train
9808,val
9809,train
9811,train
9812,train
9813,train
9814,train
9815,val
9816,train
9817,val
9819,train
9821,train
9823,train
9824,val
9826,train
9827,train
9828,train
9830,train
9831,train
9833,train
9834,train
9835,train
9836,train
9837,train
9838,train
9840,train
9841,val
9842,train
9843,train
9844,train
9845,train
9848,train
9849,train
9850,train
9851,train
9853,train
9856,val
9858,train
9859,train
9861,val
9862,train
9864,train
9865,train
9868,val
9870,train
9871,val
9872,train
9873,train
9874,train
9876,train
9877,val
9878,train
9881,train
9882,train
9883,train
9884,train
9886,train
9887,train
9888,train
9891,train
9892,train
9893,train
9894,train
9895,train
9896,train
9897,train
9899,train
9902,train
9903,val
9904,train
9905,train
9906,train
9907,train
9908,train
9909,train
9910,train
9911,train
9912,train
9913,train
9914,train
9915,train
9916,train
9918,train
9919,train
9920,train
9921,train
9922,train
9923,train
9924,train
9925,train
9926,train
9929,train
9930,val
9931,train
9932,train
9934,train
9935,train
9936,val
9938,train
9941,train
9943,train
9944,train
9947,train
9948,train
9949,val
9951,train
9952,train
9955,train
9956,val
9957,train
9958,train
9959,val
9960,val
9962,train
9963,val
9964,train
9965,train
9966,train
9967,train
9968,train
9969,train
9970,train
9971,train
9972,train
9973,train
9974,train
9976,train
9977,train
9978,val
9979,val
9981,train
9982,val
9984,train
9985,train
9986,train
9987,train
9992,train
9994,train
9995,train
9996,train
9997,train
9998,train
9999,val
10001,val
10002,train
10003,train
10004,train
10005,train
10006,train
10008,val
10009,val
10011,val
10012,train
10014,train
10015,val
10016,train
10017,train
10018,val
10020,val
10021,val
10022,train
10023,train
10025,train
10027,train
10028,val
10029,train
10030,train
10031,train
10032,train
10033,val
10035,val
10036,train
10039,train
10040,train
10041,val
10042,val
10043,val
10044,train
10047,train
10048,train
10049,train
10050,train
10051,train
10052,train
10053,train
10054,train
10055,train
10057,train
10058,train
10059,val
10061,train
10063,train
10064,train
10065,train
10066,val
10068,val
10069,train
10071,val
10072,train
10075,val
10076,train
10077,val
10078,train
10079,train
10080,val
10081,val
10083,train
10084,train
10085,train
10087,val
10088,train
10089,val
10090,train
10091,train
10093,val
10094,train
10095,val
10097,train
10098,val
10099,train
10100,train
10101,train
10102,train
10103,train
10104,val
10105,train
10106,train
10107,train
10108,val
10109,train
10112,train
10114,train
10118,train
10119,train
10120,train
10121,train
10122,train
10123,val
10124,train
10125,train
10126,val
10127,train
10128,train
10129,val
10130,val
10131,train
10133,train
10134,train
10137,train
10138,train
10139,train
10140,train
10141,val
10142,val
10143,train
10145,train
10146,train
10148,train
10149,train
10150,train
10151,val
10152,train
10153,val
10155,train
10156,train
10157,train
10158,train
10159,train
10160,val
10161,val
10163,train
10165,train
10168,val
10169,train
10170,train
10171,train
10172,train
10173,train
10174,train
10175,val
10176,train
10177,train
10178,train
10180,train
10181,train
10182,train
10183,train
10185,train
10186,train
10187,train
10188,val
10189,train
10190,train
10191,val
10193,train
10194,train
10195,train
10196,train
10197,train
10198,train
10199,train
10200,train
10201,train
10202,train
10204,train
10205,train
10207,val
10208,val
10209,train
10210,train
10211,train
10212,train
10213,train
10214,train
10216,train
10218,train
10219,train
10220,train
10221,train
10223,train
10224,val
10225,train
10226,val
10228,train
10229,train
10230,train
10233,train
10234,train
10235,train
10237,train
10239,train
10240,train
10241,train
10242,train
10243,train
10244,train
10245,val
10246,val
10247,train
10249,train
10250,val
10251,train
10253,train
10254,train
10255,train
10256,train
10257,train
10258,train
10259,train
10260,train
10261,train
10263,train
10264,train
10265,val
10266,train
10267,train
10268,train
10269,train
10270,train
10271,train
10272,train
10274,train
10275,train
10276,train
10277,val
10278,train
10279,val
10280,train
10281,train
10282,train
10283,train
10284,train
10285,train
10286,val
10287,train
10293,train
10294,train
10295,val
10297,val
10298,train
10299,train
10300,train
10301,val
10303,train
10305,train
10306,train
10307,train
10308,train
10309,val
10310,train
10314,val
10315,train
10317,train
10321,train
10322,val
10323,train
10326,train
10327,train
10328,train
10331,train
10334,train
10335,train
10336,train
10337,train
10338,train
10339,train
10340,val
10341,val
10342,train
10343,train
10345,val
10346,train
10347,train
10350,train
10351,val
10355,val
10358,train
10359,train
10361,train
10363,train
10364,train
10365,val
10366,train
10368,val
10371,train
10373,val
10374,val
10375,train
10378,train
10380,train
10381,train
10382,train
10383,train
10385,train
10386,val
10387,train
10389,train
10390,train
10392,train
10393,train
10394,train
10396,train
10397,train
10398,train
10399,train
10400,train
10401,train
10402,train
10404,train
10406,train
10408,train
10409,train
10410,train
10412,train
10413,train
10414,train
10415,train
10416,train
10419,train
10421,train
10423,train
10424,train
10425,train
10427,train
10428,train
10429,train
10430,train
10431,train
10432,train
10433,val
10434,train
10435,train
10436,train
10437,train
10438,train
10439,val
10440,train
10441,train
10442,train
10443,val
10444,train
10445,train
10446,train
10448,val
10451,train
10452,val
10454,val
10456,train
10459,train
10460,train
10462,train
10464,train
10465,train
10466,train
10468,val
10469,train
10471,train
10472,train
10473,train
10474,train
10476,train
10477,train
10478,val
10479,train
10480,val
10481,train
10483,val
10484,train
10486,train
10487,train
10488,train
10489,val
10490,train
10491,val
10492,train
10493,train
10494,train
10496,train
10497,train
10498,train
10499,train
10500,train
10502,train
10503,train
10505,train
10506,val
10507,train
10508,train
10509,train
10511,train
10512,train
10514,train
10515,val
10516,val
10518,val
10519,train
10520,train
10521,train
10522,train
10523,train
10524,train
10526,val
10527,train
10528,train
10529,train
10531,train
10532,val
10533,val
10534,train
10535,train
10538,train
10539,train
10541,train
10542,train
10543,train
10544,val
10545,train
10546,train
10547,train
10548,train
10549,train
10553,train
10554,val
10555,val
10556,val
10558,train
10559,val
10561,train
10564,train
10565,val
10567,train
10569,train
10570,val
10571,train
10572,val
10573,train
10574,val
10575,train
10576,train
10577,train
10579,val
10581,train
10582,train
10583,val
10584,train
10585,train
10586,train
10588,train
10589,train
10590,train
10591,train
10592,train
10593,train
10594,train
10595,train
10596,train
10598,train
10600,val
10601,val
10602,train
10603,train
10604,train
10605,train
10607,train
10609,val
10611,val
10612,train
10613,val
10616,train
10618,train
10619,train
10620,val
10621,train
10622,train
10623,val
10624,train
10626,train
10627,train
10628,train
10630,val
10631,train
10632,train
10634,train
10635,train
10638,val
10639,train
10641,train
10642,train
10643,val
10644,val
10645,train
10646,train
10647,train
10648,val
10650,train
10651,train
10652,val
10655,val
10657,train
10658,train
10659,train
10661,train
10663,val
10664,train
10665,train
10666,train
10668,train
10670,train
10673,train
10674,train
10675,train
10678,train
10679,val
10682,val
10683,val
10684,train
10685,train
10686,train
10687,train
10688,val
10689,train
10691,train
10692,train
10693,train
10694,train
10695,train
10696,train
10697,val
10698,train
10699,val
10700,val
10701,train
10704,train
10705,train
10707,val
10709,train
10711,train
10712,train
10714,train
10715,train
10716,train
10717,val
10719,train
10721,train
10722,val
10723,train
10725,train
10727,train
10728,train
10729,train
10730,train
10731,val
10733,train
10734,train
10736,val
10737,train
10738,train
10740,train
10741,train
10743,train
10744,train
10745,train
10749,train
10750,val
10751,train
10753,train
10755,train
10756,train
10757,train
10759,val
10760,train
10761,train
10762,val
10763,train
10764,train
10765,train
10767,val
10769,train
10770,train
10773,train
10774,train
10775,val
10776,train
10777,train
10778,train
10779,train
10780,train
10783,train
10784,val
10785,train
10787,train
10790,train
10791,train
10792,train
10793,train
10794,train
10795,val
10797,train
10799,train
10800,val
10801,train
10803,train
10805,train
10806,train
10807,train
10808,train
10809,val
10810,train
10811,train
10813,train
10814,train
10815,train
10816,val
10817,train
10818,train
10819,train
10820,train
10821,val
10822,train
10823,train
10825,train
10827,train
10828,train
10829,val
10830,train
10831,train
10832,train
10834,train
10835,train
10836,train
10838,train
10839,train
10843,train
10844,train
10845,train
10847,train
10851,train
10852,train
10854,train
10857,train
10859,train
10860,val
10862,train
10863,val
10864,val
10865,train
10866,val
10868,val
10869,train
10870,train
10871,train
10872,train
10873,train
10874,train
10875,train
10876,val
10877,train
10878,train
10879,train
10880,train
10881,val
10882,train
10884,train
10885,val
10886,val
10887,train
10888,train
10889,train
10891,val
10894,train
10895,train
10898,train
10899,val
10900,train
10902,train
10903,train
10904,train
10905,train
10906,train
10908,val
10911,train
10912,train
10914,train
10915,val
10916,val
10917,train
10918,train
10919,val
10920,train
10922,train
10923,val
10924,train
10925,train
10927,val
10928,train
10930,train
10931,val
10932,train
10934,train
10935,train
10937,train
10939,val
10943,train
10944,train
10945,train
10946,train
10948,train
10950,val
10953,train
10954,train
10956,train
10957,train
10958,train
10959,train
10960,train
10961,train
10962,train
10963,val
10964,train
10965,val
10966,train
10967,train
10968,train
10969,train
10970,train
10971,train
10972,train
10973,val
10974,train
10975,train
10976,val
10981,train
10982,train
10983,train
10984,train
10985,val
10986,train
10987,train
10988,val
10989,val
10990,train
10991,train
10992,train
10994,train
10996,train
10997,train
10998,val
10999,train
11001,train
11003,train
11004,train
11005,train
11006,train
11007,train
11010,train
11011,train
11012,train
11013,val
11014,train
11015,train
11016,train
11018,val
11019,train
11020,train
11021,train
11022,train
11024,train
11025,val
11028,train
11029,train
11030,train
11031,train
11032,val
11033,train
11034,train
11035,train
11037,train
11038,train
11039,train
11040,val
11042,train
11043,train
11044,train
11045,train
11046,train
11047,train
11048,train
11049,val
11051,val
11052,train
11053,train
11054,train
11055,train
11056,val
11057,val
11058,train
11059,train
11060,train
11061,train
11062,train
11063,train
11064,train
11065,train
11066,val
11067,train
11068,train
11069,train
11070,train
11071,train
11072,val
11073,train
11074,train
11076,train
11078,train
11079,train
11080,val
11081,val
11082,val
11083,train
11084,train
11085,val
11086,val
11087,train
11089,train
11091,train
11093,train
11094,train
11095,train
11096,train
11098,val
11099,train
11100,train
11102,train
11103,val
11104,train
11105,train
11106,val
11107,train
11108,train
11109,train
11111,train
11114,val
11115,train
11116,val
11117,train
11118,train
11119,train
11120,train
11121,train
11122,train
11125,train
11127,train
11128,val
11129,val
11130,train
11131,val
11132,train
11133,train
11134,val
11137,train
11138,train
11140,val
11141,train
11142,train
11143,val
11144,train
11145,train
11147,train
11148,train
11149,train
11150,val
11151,val
11152,val
11153,train
11154,val
11155,train
11156,train
11157,train
11158,train
11160,train
11161,train
11162,train
11163,train
11164,train
11165,val
11167,val
11168,train
11169,val
11170,train
11171,train
11172,train
11175,train
11176,train
11179,train
11181,train
11182,train
11183,train
11184,train
11185,train
11186,train
11187,train
11191,train
11193,train
11194,val
11195,val
11196,train
11197,train
11198,train
11199,train
11200,val
11201,train
11202,train
11204,train
11205,train
11207,train
11208,train
11210,train
11211,train
11212,train
11213,train
11214,train
11216,train
11217,val
11218,train
11219,train
11220,val
11221,train
11222,train
11223,train
11226,train
11228,train
11229,val
11230,train
11232,train
11233,train
11234,train
11235,train
11236,train
11237,val
11238,val
11239,train
11240,train
11241,train
11243,val
11244,val
11247,train
11248,train
11250,val
11252,train
11254,train
11256,val
11259,train
11260,train
11261,val
11262,train
11263,train
11264,train
11266,train
11267,train
11269,train
11271,train
11273,train
11274,train
11275,train
11276,train
11279,train
11280,train
11281,train
11283,train
11284,val
11286,train
11287,train
11289,train
11290,train
11291,train
11292,val
11294,train
11297,train
11298,train
11299,train
11300,train
11302,val
11303,train
11304,val
11305,train
11306,train
11307,train
11308,train
11309,train
11310,val
11312,train
11313,train
11314,val
11315,train
11316,train
11318,train
11319,val
11321,train
11322,train
11324,train
11326,val
11327,train
11328,train
11329,train
11330,val
11333,train
11334,train
11335,train
11336,train
11337,train
11338,train
11339,train
11340,train
11341,train
11343,train
11344,train
11346,train
11347,train
11348,train
11349,train
11351,train
11352,train
11353,train
11354,train
11355,train
11358,train
11359,train
11360,train
11361,train
11362,train
11363,train
11364,train
11365,train
11366,val
11367,train
11368,train
11369,val
11370,train
11371,train
11372,val
11373,train
11374,train
11375,val
11376,train
11377,train
11378,train
11379,train
11380,train
11381,train
11382,val
11384,train
11385,train
11389,val
11391,val
11393,train
11395,val
11396,train
11397,train
11398,train
11399,train
11400,train
11401,train
11402,train
11403,train
11404,train
11405,train
11407,val
11408,train
11409,train
11411,train
11413,train
11414,train
11415,train
11416,train
11419,train
11420,train
11421,train
11422,val
11425,train
11426,train
11427,train
11428,val
11429,val
11434,train
11436,train
11438,val
11440,val
11442,train
11443,train
11445,train
11446,val
11448,train
11449,train
11450,val
11451,val
11452,train
11453,train
11454,train
11455,train
11456,train
11457,train
11459,train
11460,train
11462,train
11463,train
11465,train
11466,train
11468,val
11469,val
11470,train
11472,train
11473,val
11474,train
11475,train
11478,val
11479,train
11481,train
11482,train
11483,train
11484,train
11486,train
11488,train
11490,train
11491,train
11492,train
11493,train
11494,train
11495,train
11496,train
11497,train
11498,train
11499,val
11501,train
11503,train
11504,train
11505,train
11506,train
11507,val
11508,train
11510,train
11511,train
11512,train
11513,train
11514,train
11515,val
11516,val
11517,train
11519,val
11520,train
11522,train
11524,train
11525,val
11527,train
11529,train
11530,train
11531,train
11532,train
11533,train
11535,train
11536,train
11537,val
11538,val
11539,train
11540,train
11541,val
11543,train
11544,train
11545,train
11546,train
11547,train
11549,val
11553,train
11554,train
11555,train
11556,train
11557,val
11558,val
11559,train
11560,val
11561,train
11562,train
11563,train
11564,train
11567,train
11568,train
11569,train
11571,train
11573,train
11574,train
11575,train
11576,train
11577,train
11578,val
11579,val
11580,val
11581,train
11582,train
11583,train
11585,train
11586,train
11587,train
11589,train
11590,train
11591,train
11593,train
11594,train
11595,train
11596,val
11597,train
11599,train
11600,train
11601,val
11602,train
11603,train
11605,train
11608,train
11610,val
11611,train
11612,val
11614,train
11618,train
11620,train
11624,train
11626,train
11627,val
11628,train
11630,train
11631,val
11632,val
11633,train
11635,train
11636,val
11638,train
11639,train
11640,val
11641,train
11643,train
11644,train
11645,train
11646,train
11647,train
11648,train
11649,train
11650,val
11651,train
11652,train
11653,train
11654,train
11655,train
11656,val
11658,train
11659,train
11660,train
11661,val
11662,train
11664,train
11665,val
11667,train
11668,val
11669,train
11670,train
11672,train
11673,train
11674,train
11675,train
11676,train
11677,val
11678,train
11679,train
11680,train
11682,val
11684,train
11685,train
11686,train
11687,train
11688,train
11689,train
11690,train
11691,train
11692,train
11693,train
11695,train
11696,train
11698,train
11699,train
11701,train
11702,val
11704,train
11705,val
11706,train
11707,train
11708,train
11709,train
11710,train
11711,train
11712,train
11714,val
11715,train
11716,val
11717,train
11718,train
11719,val
11720,train
11722,train
11723,train
11724,val
11726,train
11727,train
11728,train
11730,val
11731,train
11732,val
11733,train
11734,train
11735,train
11737,train
11738,train
11741,train
11742,train
11743,train
11745,train
11746,train
11747,train
11748,train
11749,train
11751,train
11755,val
11756,train
11757,val
11758,val
11761,train
11762,train
11763,train
11764,train
11765,train
11766,val
11768,train
11769,val
11770,train
11771,train
11773,train
11774,train
11775,train
11777,train
11778,train
11779,train
11781,train
11782,train
11784,train
11785,train
11787,train
11788,val
11789,train
11791,train
11793,train
11794,val
11795,train
11796,val
11798,train
11800,train
11802,val
11803,val
11804,train
11805,train
11806,train
11808,train
11809,train
11810,train
11811,val
11812,train
11814,train
11815,val
11816,train
11817,train
11819,train
11820,train
11821,train
11822,train
11823,train
11824,train
11825,train
11826,train
11827,train
11828,train
11829,train
11830,train
11831,train
11832,val
11833,train
11834,train
11836,train
11837,train
11838,train
11839,train
11840,train
11841,train
11844,val
11845,train
11846,val
11847,train
11848,train
11849,train
11851,val
11852,train
11853,train
11854,train
11855,train
11856,train
11857,val
11858,train
11859,train
11860,train
11862,val
11863,val
11864,val
11865,train
11866,train
11867,train
11869,train
11870,train
11872,train
11873,train
11874,train
11875,train
11876,train
11878,train
11879,train
11880,val
11881,train
11882,val
11883,val
11884,val
11885,val
11886,train
11888,train
11889,train
11890,train
11892,train
11893,train
11894,train
11895,val
11896,val
11898,train
11899,val
11901,train
11902,val
11903,val
11904,train
11905,train
11907,train
11908,train
11909,val
11910,val
11912,train
11916,train
11917,train
11918,train
11919,val
11920,train
11922,train
11923,train
11924,train
11927,val
11928,train
11929,train
11930,train
11931,train
11934,train
11935,val
11937,val
11938,train
11940,train
11942,train
11943,train
11944,val
11945,train
11948,val
11949,train
11950,train
11951,train
11952,train
11954,train
11955,train
11956,train
11957,train
11963,train
11964,train
11965,train
11966,val
11967,train
11968,train
11969,train
11970,train
11971,val
11972,train
11973,train
11974,val
11975,train
11976,train
11979,train
11980,train
11981,val
11982,train
11983,train
11984,train
11987,train
11988,train
11989,val
11990,train
11991,train
11993,train
11994,train
11995,train
11996,train
11998,train
11999,val
12000,train
12002,train
12003,train
12004,train
12005,train
12007,train
12008,val
12009,train
12011,train
12012,train
12013,val
12014,val
12015,train
12016,train
12018,train
12020,train
12021,train
12022,train
12023,train
12024,train
12025,train
12026,train
12027,train
12028,val
12029,train
12030,train
12031,train
12032,train
12033,train
12034,train
12035,val
12036,train
12037,train
12038,val
12039,train
12040,train
12042,train
12043,train
12045,train
12046,train
12047,train
12048,train
12049,train
12051,train
12052,train
12053,train
12054,train
12056,train
12057,train
12058,train
12059,train
12060,val
12061,train
12063,train
12065,train
12066,train
12067,train
12069,val
12070,train
12071,train
12074,train
12075,train
12076,train
12078,train
12079,train
12081,train
12083,train
12084,train
12085,train
12086,train
12087,val
12089,train
12091,val
12095,train
12096,train
12097,train
12098,train
12100,train
12101,val
12102,train
12103,val
12104,val
12105,train
12107,train
12108,train
12109,train
12110,train
12111,train
12112,train
12113,train
12114,train
12116,val
12117,val
12118,val
12119,train
12120,val
12121,train
12122,train
12123,train
12125,val
12126,train
12127,train
12129,train
12130,train
12131,train
12133,train
12134,train
12135,train
12136,train
12137,train
12138,train
12140,train
12141,train
12142,val
12143,train
12144,train
12145,train
12146,train
12148,train
12149,train
12150,val
12151,train
12152,train
12153,train
12155,train
12156,train
12157,train
12158,train
12159,train
12160,train
12161,train
12163,train
12164,train
12165,train
12166,train
12168,val
12172,train
12174,train
12175,train
12176,val
12177,val
12179,train
12181,train
12183,train
12184,train
12186,train
12187,train
12188,train
12189,val
12190,train
12191,train
12192,train
12193,train
12194,train
12196,train
12197,train
12199,train
12200,val
12201,train
12202,train
12203,train
12208,train
12210,train
12211,train
12213,train
12214,train
12216,train
12217,train
12218,train
12219,train
12220,train
12221,train
12222,val
12223,val
12224,val
12225,train
12226,train
12227,train
12228,train
12229,train
12231,train
12232,train
12233,train
12234,train
12235,train
12237,train
12238,train
12239,train
12240,train
12242,train
12243,train
12245,train
12247,val
12248,val
12249,train
12250,val
12251,train
12252,train
12253,val
12254,train
12255,train
12256,val
12257,train
12258,train
12259,train
12260,train
12263,train
12264,train
12266,train
12269,val
12270,train
12271,train
12272,train
12273,train
12274,val
12275,val
12277,val
12278,train
12280,train
12281,val
12282,train
12283,train
12284,val
12285,train
12286,train
12287,val
12288,train
12289,val
12290,train
12291,train
12293,train
12294,val
12296,val
12298,train
12299,train
12300,train
12301,train
12302,train
12303,train
12304,train
12305,train
12306,train
12307,train
12309,train
12310,train
12311,train
12313,train
12314,train
12315,train
12316,val
12319,train
12320,val
12322,train
12323,train
12324,train
12325,train
12327,train
12329,val
12330,train
12332,train
12333,train
12334,val
12335,train
12337,train
12338,val
12339,train
12340,train
12342,train
12344,train
12346,train
12347,train
12348,val
12351,train
12352,val
12355,train
12356,train
12357,train
12358,train
12359,train
12360,train
12362,train
12363,val
12364,train
12365,train
12367,train
12368,train
12369,train
12370,val
12371,train
12372,val
12373,train
12374,train
12375,val
12376,train
12377,train
12378,val
12379,train
12382,train
12383,train
12384,train
12385,train
12387,val
12388,train
12389,train
12390,val
12391,train
12392,val
12394,train
12395,train
12398,train
12399,train
12400,train
12402,train
12403,train
12405,train
12406,train
12407,train
12408,train
12409,train
12411,train
12412,val
12414,train
12415,train
12416,train
12418,train
12419,train
12420,train
12421,train
12422,val
12424,train
12425,train
12426,val
12427,val
12429,train
12430,train
12432,train
12434,val
12435,train
12437,train
12438,train
12439,train
12442,train
12443,train
12444,val
12445,val
12446,train
12447,train
12449,train
12451,train
12453,train
12455,train
12456,train
12461,val
12462,train
12463,train
12464,train
12465,val
12466,train
12467,val
12468,val
12469,val
12470,train
12471,val
12473,val
12474,train
12475,train
12476,train
12477,train
12478,train
12479,train
12480,train
12482,val
12484,val
12487,train
12488,val
12489,train
12491,train
12492,train
12493,train
12494,train
12495,train
12496,val
12497,train
12498,train
12500,train
12502,val
12503,train
12504,train
12505,train
12508,train
12509,train
12510,train
12511,train
12514,train
12516,train
12517,train
12518,train
12519,train
12520,train
12522,train
12523,train
12524,train
12525,train
12527,train
12528,train
12529,train
12530,train
12531,train
12532,train
12533,val
12534,train
12535,train
12536,val
12537,val
12539,val
12540,train
12541,train
12543,train
12544,val
12545,train
12546,train
12550,train
12551,train
12552,val
12555,train
12557,train
12558,train
12559,train
12560,train
12564,train
12566,train
12567,train
12571,train
12572,train
12573,train
12574,val
12575,train
12576,train
12579,val
12580,train
12581,val
12584,train
12585,val
12586,train
12587,val
12588,train
12589,train
12590,train
12591,train
12592,train
12593,val
12594,train
12595,train
12596,train
12598,train
12599,train
12600,train
12602,train
12603,train
12604,train
12605,train
12608,train
12609,val
12610,train
12611,train
12612,train
12613,train
12614,val
12615,train
12616,train
12617,train
12618,train
12620,train
12621,train
12623,train
12624,val
12626,train
12627,train
12628,val
12629,train
12630,train
12632,val
12633,train
12634,train
12637,train
12638,train
12639,train
12640,train
12642,train
12644,train
12645,train
12646,val
12647,train
12648,train
12649,val
12650,train
12652,train
12653,train
12654,val
12656,val
12657,train
12658,train
12659,train
12661,train
12662,train
12663,val
12665,train
12666,val
12667,train
12668,train
12669,train
12670,train
12671,val
12672,train
12673,val
12674,train
12675,train
12676,train
12678,val
12679,train
12680,val
12682,train
12684,train
12685,train
12686,val
12687,train
12690,val
12691,val
12692,train
12695,train
12697,train
12698,train
12699,train
12700,train
12701,train
12702,train
12703,train
12704,val
12705,train
12706,train
12708,train
12709,train
12710,train
12711,train
12712,train
12713,train
12714,train
12715,train
12717,train
12718,train
12719,train
12721,val
12722,val
12723,val
12724,train
12725,train
12726,train
12727,train
12728,train
12729,val
12730,train
12731,val
12732,train
12733,train
12736,val
12737,train
12739,train
12740,train
12742,train
12743,train
12744,val
12745,train
12747,train
12748,train
12749,train
12750,train
12751,train
12752,train
12754,train
12755,train
12756,train
12757,val
12759,val
12761,train
12762,val
12763,train
12764,train
12765,val
12766,train
12767,train
12769,train
12770,train
12772,train
12773,train
12774,train
12775,train
12777,train
12778,train
12779,train
12781,train
12782,train
12783,train
12784,train
12785,train
12786,train
12787,train
12788,train
12789,train
12791,train
12794,val
12798,train
12799,train
12801,train
12802,train
12804,train
12805,train
12806,train
12808,train
12810,train
12811,train
12813,val
12814,train
12815,train
12817,train
12820,train
12821,train
12822,train
12824,train
12826,train
12828,train
12831,train
12832,train
12833,train
12834,train
12835,train
12836,train
12837,train
12840,train
12841,train
12842,train
12844,train
12845,train
12846,train
12849,val
12850,train
12851,train
12852,train
12853,train
12854,train
12855,val
12856,val
12857,train
12858,val
12859,train
12860,train
12861,train
12862,train
12863,val
12864,val
12865,train
12866,val
12867,val
12868,train
12869,train
12870,train
12872,train
12876,val
12877,train
12878,train
12879,train
12880,train
12881,train
12882,train
12884,val
12885,train
12886,train
12887,train
12888,train
12889,train
12891,train
12892,train
12893,train
12894,train
12896,val
12897,train
12898,val
12899,train
12906,train
12907,train
12909,train
12910,train
12913,train
12914,train
12915,train
12916,train
12917,train
12918,train
12919,val
12920,train
12921,train
12922,train
12923,train
12925,train
12926,train
12927,val
12928,train
12929,val
12931,val
12932,train
12933,val
12934,train
12935,train
12936,train
12937,val
12938,val
12939,val
12940,train
12942,train
12943,val
12944,train
12945,train
12946,train
12947,train
12948,train
12949,train
12952,train
12953,train
12954,train
12955,train
12957,train
12959,val
12960,val
12961,train
12962,train
12963,train
12964,train
12965,val
12966,train
12969,train
12970,train
12971,train
12972,train
12973,val
12974,train
12975,train
12976,train
12977,train
12978,train
12979,train
12981,train
12984,train
12985,train
12986,train
12987,val
12989,train
12990,val
12991,train
12992,train
12993,train
12994,val
12995,val
12997,train
12998,train
13000,train
13001,train
13002,train
13003,val
13004,train
13006,train
13007,train
13010,train
13014,train
13017,train
13019,train
13020,train
13022,train
13023,train
13025,train
13027,train
13028,train
13029,train
13030,train
13033,train
13035,train
13037,train
13038,train
13041,val
13042,train
13045,train
13046,train
13047,val
13048,train
13049,val
13050,val
13051,train
13052,train
13053,train
13054,train
13055,train
13056,train
13057,train
13058,train
13059,train
13061,train
13062,train
13063,train
13064,train
13066,train
13067,train
13068,train
13069,val
13070,train
13071,train
13072,train
13073,val
13074,train
13076,val
13077,train
13078,train
13079,train
13081,train
13082,val
13083,train
13084,train
13085,val
13086,train
13087,val
13089,val
13090,train
13091,train
13092,val
13093,train
13094,train
13096,train
13097,val
13098,train
13099,train
13100,val
13101,train
13103,train
13104,train
13106,val
13108,train
13109,train
13110,train
13113,train
13114,train
13115,val
13116,val
13117,train
13118,train
13119,train
13121,val
13125,train
13126,train
13127,val
13128,train
13129,val
13131,train
13133,train
13134,train
13135,train
13136,val
13137,train
13138,train
13139,train
13141,train
13145,val
13146,train
13147,train
13149,train
13150,train
13152,train
13153,val
13155,train
13156,train
13157,train
13158,train
13159,train
13160,train
13161,train
13162,train
13163,train
13164,train
13165,train
13167,train
13168,train
13170,train
13171,val
13172,val
13173,train
13174,train
13176,val
13180,train
13181,train
13183,train
13184,train
13185,train
13187,val
13189,train
13190,train
13191,train
13192,val
13194,train
13195,val
13196,train
13197,train
13198,train
13200,train
13201,val
13202,train
13203,val
13204,train
13205,val
13207,train
13208,train
13209,train
13210,train
13211,train
13212,train
13213,train
13214,train
13215,train
13217,train
13219,train
13220,train
13221,train
13222,train
13223,train
13224,train
13225,train
13226,val
13227,train
13229,val
13230,train
13232,val
13233,train
13234,train
13236,train
13237,val
13238,train
13239,val
13240,train
13241,train
13242,train
13243,train
13244,val
13245,train
13247,train
13248,train
13249,train
13250,train
13251,train
13252,val
13254,train
13255,train
13257,train
13258,train
13260,train
13261,val
13263,train
13264,train
13265,train
13267,train
13268,train
13270,train
13272,train
13275,train
13276,val
13277,train
13278,train
13279,train
13280,train
13281,val
13282,val
13284,train
13285,train
13286,train
13287,train
13289,train
13290,val
13291,train
13292,train
13293,train
13294,val
13295,train
13298,train
13299,train
13300,train
13301,train
13302,train
13303,train
13304,train
13306,train
13307,train
13308,val
13309,train
13310,val
13311,train
13313,train
13314,train
13315,train
13317,train
13318,train
13321,train
13322,train
13323,train
13324,train
13325,train
13326,train
13327,val
13330,train
13331,train
13332,train
13333,train
13334,train
13336,train
13337,val
13339,train
13341,train
13342,train
13343,train
13346,train
13348,train
13349,train
13351,train
13353,train
13355,train
13356,train
13357,train
13358,val
13359,train
13360,train
13361,train
13363,train
13364,train
13365,train
13366,train
13367,val
13369,train
13370,val
13372,train
13373,val
13375,train
13378,train
13379,val
13380,val
13382,train
13383,val
13384,train
13386,train
13388,train
13389,train
13390,train
13391,train
13392,val
13393,train
13394,train
13396,train
13397,train
13398,train
13400,train
13401,train
13402,train
13403,train
13404,train
13405,train
13408,val
13409,train
13410,train
13413,train
13414,train
13415,train
13416,train
13417,train
13418,train
13419,train
13420,train
13421,train
13423,train
13424,val
13426,train
13428,train
13429,train
13430,train
13432,train
13433,train
13434,val
13435,train
13436,train
13437,train
13439,train
13440,train
13441,train
13442,val
13443,train
13446,train
13447,train
13448,train
13449,val
13450,val
13452,train
13453,train
13455,train
13456,train
13457,train
13458,train
13460,train
13461,train
13462,train
13463,train
13464,train
13467,val
13468,train
13469,val
13470,val
13471,train
13473,train
13475,train
13476,train
13477,train
13479,train
13481,train
13482,train
13484,train
13485,train
13487,val
13488,train
13489,val
13490,val
13491,train
13492,train
13493,train
13494,val
13495,train
13496,train
13497,train
13498,train
13500,train
13501,val
13502,val
13503,train
13504,train
13505,train
13506,train
13508,train
13509,train
13510,train
13512,train
13513,val
13514,train
13515,train
13516,train
13517,train
13518,train
13519,train
13520,val
13523,train
13524,train
13525,train
13526,train
13527,train
13528,train
13529,train
13530,train
13531,train
13532,train
13533,train
13534,val
13535,train
13536,train
13537,train
13538,train
13540,train
13542,train
13543,train
13544,train
13545,val
13546,train
13547,train
13548,train
13549,train
13550,train
13551,train
13553,val
13554,train
13555,train
13558,train
13559,val
13560,val
13562,val
13563,train
13565,train
13566,train
13567,train
13568,train
13569,train
13570,train
13571,train
13572,train
13574,train
13575,train
13576,train
13577,train
13578,train
13579,train
13581,train
13582,val
13586,train
13587,train
13588,train
13591,train
13592,train
13593,train
13594,train
13595,train
13596,val
13597,train
13598,train
13600,train
13602,train
13603,train
13605,train
13606,train
13607,train
13608,val
13609,train
13610,train
13612,train
13613,train
13614,val
13615,val
13616,train
13617,train
13618,val
13619,train
13620,train
13621,val
13622,val
13624,train
13625,train
13626,train
13627,train
13628,train
13631,val
13634,val
13635,train
13638,train
13639,train
13640,train
13641,val
13642,train
13643,val
13645,train
13646,val
13647,val
13648,train
13650,train
13651,train
13653,train
13654,val
13655,train
13656,train
13658,train
13659,train
13660,train
13663,train
13665,train
13667,train
13668,train
13669,train
13670,train
13671,train
13672,train
13673,train
13674,train
13675,train
13676,train
13677,train
13678,train
13679,train
13682,train
13683,train
13685,train
13686,train
13688,train
13690,train
13693,train
13694,train
13695,train
13696,train
13698,train
13699,train
13700,train
13702,train
13704,train
13705,train
13706,train
13707,train
13708,train
13711,train
13713,train
13714,val
13715,train
13716,train
13717,train
13718,train
13719,train
13722,train
13723,train
13724,train
13726,train
13727,val
13729,train
13730,train
13731,train
13733,train
13734,train
13735,train
13737,train
13738,train
13739,train
13741,train
13742,train
13743,train
13745,train
13747,train
13748,train
13749,train
13752,val
13753,train
13755,val
13757,val
13758,train
13759,train
13760,train
13761,train
13762,train
13763,val
13765,train
13766,train
13768,train
13769,train
13770,train
13771,train
13772,val
13773,train
13774,train
13775,train
13777,train
13779,train
13780,train
13781,val
13782,train
13783,val
13785,val
13786,train
13787,train
13790,train
13791,train
13792,train
13793,train
13795,train
13796,train
13797,train
13799,train
13800,train
13801,val
13802,train
13803,val
13805,train
13809,train
13810,train
13812,train
13813,train
13814,train
13815,train
13816,val
13817,train
13818,train
13819,train
13820,train
13821,train
13822,train
13823,train
13824,train
13825,train
13826,val
13827,train
13828,train
13829,val
13830,train
13832,train
13833,train
13834,train
13835,train
13837,train
13838,train
13839,val
13842,train
13844,train
13845,train
13846,train
13847,train
13849,val
13850,train
13852,val
13853,train
13854,train
13855,train
13856,train
13857,train
13859,train
13860,train
13861,train
13862,train
13863,train
13864,val
13866,val
13867,train
13868,train
13870,val
13875,val
13877,train
13878,val
13879,train
13880,train
13881,train
13882,train
13883,train
13885,train
13886,train
13887,train
13888,train
13889,train
13890,train
13891,train
13892,train
13894,train
13895,train
13896,train
13898,train
13899,train
13900,train
13901,train
13902,train
13903,train
13904,train
13905,val
13906,train
13908,val
13909,train
13910,train
13911,val
13913,train
13914,train
13915,train
13916,val
13918,train
13919,train
13920,train
13921,train
13922,train
13923,train
13924,val
13925,val
13926,train
13927,train
13928,train
13929,train
13930,val
13931,train
13934,train
13935,val
13936,train
13937,train
13938,val
13940,train
13941,train
13944,train
13945,train
13946,train
13947,train
13948,train
13949,train
13950,train
13951,train
13952,train
13953,train
13955,train
13957,train
13958,train
13959,train
13961,train
13962,train
13963,train
13966,train
13968,train
13969,val
13970,val
13975,train
13977,train
13978,train
13980,train
13981,train
13982,train
13983,train
13984,train
13985,train
13986,train
13987,train
13988,train
13989,val
13991,val
13992,val
13993,val
13995,train
13996,val
13997,train
13998,train
13999,train
14000,train
14001,val
14002,val
14003,train
14004,train
14005,train
14006,train
14007,train
14009,train
14010,train
14011,val
14012,train
14013,train
14014,train
14015,train
14017,train
14018,train
14019,val
14020,train
14021,train
14022,train
14024,train
14025,val
14026,val
14027,train
14028,train
14029,train
14030,train
14031,val
14033,train
14034,val
14036,train
14037,train
14039,train
14041,train
14042,train
14043,train
14044,train
14046,train
14047,train
14048,val
14049,train
14050,train
14051,train
14053,train
14055,train
14057,train
14058,val
14059,train
14060,train
14061,val
14062,train
14063,val
14064,train
14065,train
14066,val
14067,val
14068,val
14069,train
14070,train
14071,train
14072,train
14073,val
14074,val
14075,train
14077,train
14079,val
14081,train
14082,train
14083,train
14084,train
14086,train
14087,train
14088,val
14092,train
14093,train
14094,train
14095,val
14097,train
14098,val
14099,train
14100,train
14101,train
14102,train
14103,train
14104,train
14106,train
14107,val
14109,val
14111,train
14112,val
14113,val
14114,train
14115,train
14116,val
14121,train
14126,val
14127,train
14128,train
14129,val
14130,train
14131,train
14132,val
14133,train
14134,train
14137,train
14139,train
14140,val
14141,train
14142,train
14143,train
14145,train
14147,train
14148,train
14149,train
14150,train
14152,train
14153,train
14154,train
14155,train
14156,train
14157,train
14158,train
14159,train
14160,train
14161,train
14162,val
14164,val
14165,train
14166,train
14167,train
14168,train
14169,val
14170,train
14171,val
14172,train
14173,train
14174,train
14175,train
14176,train
14177,val
14178,train
14180,train
14182,train
14183,train
14184,train
14185,train
14187,val
14188,train
14189,train
14191,val
14192,val
14193,val
14194,train
14195,val
14196,train
14199,train
14200,train
14201,val
14204,val
14206,val
14207,train
14209,train
14210,train
14212,train
14213,train
14214,train
14215,train
14216,train
14217,val
14218,train
14219,train
14221,train
14222,train
14224,train
14225,train
14226,val
14229,train
14230,train
14231,train
14232,val
14233,train
14234,val
14235,train
14236,train
14239,train
14241,train
14242,train
14243,train
14244,train
14245,train
14246,train
14247,train
14248,train
14249,val
14250,train
14251,val
14253,train
14255,train
14256,train
14258,train
14259,val
14261,train
14262,train
14263,val
14265,val
14267,train
14268,val
14269,train
14270,train
14271,train
14274,train
14275,train
14280,val
14281,train
14282,train
14283,train
14284,train
14285,train
14286,train
14287,train
14288,train
14289,train
14290,train
14291,train
14292,train
14293,train
14294,train
14295,train
14296,val
14297,train
14298,train
14299,train
14300,train
14301,train
14302,train
14303,train
14304,train
14306,train
14307,val
14308,train
14309,train
14310,train
14311,train
14312,train
14314,train
14315,val
14317,train
14319,train
14320,train
14321,train
14323,train
14324,train
14325,val
14326,train
14327,train
14328,train
14329,train
14330,train
14331,train
14332,train
14333,train
14335,train
14336,val
14337,train
14338,train
14339,train
14340,train
14341,train
14343,train
14344,train
14345,val
14347,train
14349,train
14351,val
14352,train
14353,train
14354,train
14355,train
14356,train
14358,train
14360,train
14362,train
14364,train
14365,train
14367,train
14368,train
14369,train
14370,train
14373,train
14374,train
14376,val
14377,train
14379,train
14381,train
14383,train
14386,train
14387,train
14390,train
14393,train
14394,train
14395,train
14396,train
14397,val
14398,val
14399,val
14400,val
14401,train
14403,train
14404,train
14405,train
14406,train
14407,train
14408,train
14409,train
14410,train
14411,train
14413,val
14415,val
14416,val
14417,train
14418,train
14419,train
14420,train
14421,val
14422,train
14423,train
14424,train
14425,train
14426,train
14429,train
14430,val
14431,train
14432,train
14433,val
14434,train
14435,val
14436,val
14437,train
14438,train
14439,val
14440,train
14441,train
14442,val
14444,train
14445,train
14446,train
14447,val
14448,train
14450,train
14451,train
14452,train
14454,train
14455,train
14456,train
14457,train
14458,train
14459,train
14461,train
14463,train
14464,train
14466,train
14467,train
14469,val
14470,train
14471,train
14473,train
14476,val
14478,train
14480,train
14481,train
14483,train
14484,val
14485,train
14486,train
14487,val
14488,train
14490,train
14491,train
14492,val
14493,train
14494,train
14495,val
14496,train
14498,val
14499,train
14501,train
14502,train
14503,val
14504,train
14505,train
14506,train
14507,val
14510,train
14511,train
14512,val
14513,train
14514,train
14515,train
14516,train
14517,train
14518,train
14519,train
14520,train
14521,train
14523,train
14524,train
14526,train
14527,train
14528,train
14529,train
14530,val
14531,val
14532,train
14533,train
14534,train
14535,val
14536,train
14537,val
14540,train
14542,train
14545,val
14546,train
14547,train
14548,train
14551,train
14553,val
14554,train
14555,train
14557,train
14558,train
14559,train
14560,train
14561,train
14562,train
14565,val
14567,train
14568,train
14569,train
14570,train
14571,train
14573,train
14576,val
14577,val
14578,train
14580,train
14581,val
14583,train
14584,train
14586,train
14587,train
14588,train
14589,val
14590,train
14593,train
14594,train
14596,train
14597,train
14598,train
14599,val
14600,train
14601,val
14602,val
14603,val
14605,val
14606,train
14608,train
14609,train
14610,train
14611,train
14613,train
14614,train
14615,train
14617,train
14619,train
14620,train
14621,train
14622,train
14623,train
14624,train
14625,train
14626,train
14627,train
14628,val
14629,val
14630,train
14631,train
14636,train
14637,train
14638,train
14639,train
14640,train
14641,train
14642,train
14643,train
14644,train
14645,train
14646,train
14647,train
14648,train
14649,train
14651,train
14652,train
14653,train
14654,val
14655,train
14656,train
14658,train
14659,train
14660,val
14663,train
14665,train
14666,train
14667,train
14668,val
14669,train
14670,train
14671,val
14673,train
14674,train
14675,train
14676,train
14678,train
14679,train
14680,train
14682,train
14683,train
14685,train
14686,train
14687,train
14688,train
14690,train
14691,val
14692,train
14693,train
14694,train
14695,train
14696,train
14698,train
14699,train
14702,train
14703,val
14704,train
14705,train
14706,train
14707,train
14708,train
14709,train
14710,train
14711,train
14712,train
14713,val
14714,train
14715,val
14716,val
14718,val
14719,train
14720,val
14722,train
14723,val
14724,train
14725,train
14726,train
14727,train
14728,train
14729,val
14730,train
14731,train
14732,train
14734,val
14736,train
14738,train
14741,val
14742,train
14743,train
14744,val
14745,val
14746,train
14747,train
14749,train
14751,train
14753,train
14756,train
14757,train
14758,train
14759,train
14760,train
14761,train
14762,train
14764,train
14766,train
14767,val
14768,train
14769,train
14770,val
14771,train
14772,train
14773,train
14774,val
14775,train
14776,train
14777,train
14778,train
14780,train
14781,train
14783,train
14784,val
14786,val
14787,train
14788,train
14789,train
14791,train
14793,train
14794,val
14795,train
14796,val
14797,train
14798,train
14799,train
14800,train
14802,val
14803,train
14804,train
14805,val
14806,train
14807,train
14808,train
14809,train
14810,val
14811,val
14814,train
14815,val
14818,train
14820,train
14821,train
14822,train
14824,train
14825,train
14826,train
14827,val
14828,train
14829,train
14830,train
14832,train
14833,val
14834,train
14835,train
14837,train
14839,train
14841,train
14842,train
14843,train
14845,train
14846,train
14847,train
14848,train
14850,train
14853,train
14854,train
14855,train
14856,train
14857,val
14860,train
14861,train
14864,train
14865,train
14866,train
14867,train
14868,train
14870,train
14871,train
14872,val
14873,train
14874,train
14875,val
14876,train
14877,train
14878,train
14880,train
14881,train
14883,train
14884,val
14886,train
14887,train
14888,train
14889,val
14891,train
14892,train
14894,val
14895,train
14896,train
14899,train
14900,train
14903,train
14904,train
14905,train
14906,train
14907,val
14908,train
14909,train
14910,val
14911,train
14912,train
14913,train
14914,train
14915,val
14916,val
14918,val
14919,val
14920,train
14921,train
14923,train
14925,val
14926,train
14927,val
14928,train
14929,train
14930,train
14931,train
14932,train
14933,train
14935,train
14936,train
14937,train
14938,train
14939,train
14942,val
14943,val
14944,train
14946,train
14947,train
14949,train
14950,train
14951,train
14952,train
14953,train
14954,val
14955,val
14957,val
14958,train
14959,train
14960,train
14961,train
14964,train
14965,train
14967,train
14968,val
14969,train
14970,train
14971,train
14973,train
14975,val
14976,train
14978,val
14979,val
14981,train
14982,train
14983,train
14984,train
14985,train
14986,train
14987,val
14988,train
14989,train
14992,train
14993,train
14994,train
14995,train
14996,train
14997,val
14999,train
15001,train
15002,train
15003,train
15004,train
15005,train
15006,train
15007,train
15008,train
15009,train
15010,train
15011,train
15012,train
15013,train
15015,train
15016,train
15017,train
15018,train
15019,train
15020,train
15022,train
15023,train
15024,train
15026,train
15027,train
15028,train
15029,train
15030,train
15032,train
15033,train
15034,train
15035,train
15037,train
15038,train
15039,val
15040,train
15041,val
15043,train
15044,train
15045,val
15046,train
15048,train
15050,val
15051,val
15052,val
15053,train
15054,train
15056,train
15057,train
15060,train
15062,train
15063,train
15064,train
15065,train
15066,train
15067,train
15068,train
15071,train
15073,val
15074,train
15075,train
15076,train
15078,train
15079,train
15080,train
15081,train
15082,train
15083,train
15084,val
15086,train
15087,val
15088,val
15089,train
15090,train
15091,train
15092,train
15093,val
15094,train
15095,train
15096,train
15097,train
15098,train
15099,train
15100,train
15102,train
15103,train
15104,train
15106,val
15110,train
15114,train
15115,train
15116,train
15117,train
15118,train
15119,train
15120,train
15121,train
15123,train
15124,train
15125,train
15126,train
15127,train
15130,train
15132,train
15133,train
15134,train
15137,train
15139,val
15141,train
15142,train
15143,train
15144,val
15145,train
15146,train
15147,train
15148,val
15149,train
15150,train
15152,train
15153,train
15154,val
15155,train
15156,train
15157,train
15158,val
15159,train
15161,train
15162,train
15163,val
15164,val
15165,val
15166,train
15167,val
15168,train
15169,val
15172,train
15173,train
15174,val
15175,train
15176,train
15178,train
15179,train
15180,train
15181,train
15182,val
15183,train
15185,train
15186,train
15188,val
15189,train
15190,train
15191,train
15192,train
15193,val
15194,train
15197,train
15198,train
15199,train
15200,train
15201,train
15204,train
15206,train
15207,val
15208,train
15209,val
15210,train
15211,val
15212,train
15213,train
15214,val
15215,train
15216,train
15217,train
15218,train
15219,train
15221,train
15223,val
15225,val
15227,train
15228,train
15230,train
15231,train
15233,val
15235,train
15236,val
15237,train
15238,train
15239,train
15240,train
15241,train
15242,train
15243,train
15244,train
15245,train
15246,train
15247,train
15248,train
15249,val
15251,train
15252,train
15253,val
15255,train
15256,train
15257,train
15259,train
15262,train
15263,train
15264,train
15265,train
15266,train
15267,train
15268,train
15269,train
15270,train
15271,train
15273,train
15274,val
15275,train
15277,train
15279,train
15280,train
15281,val
15283,val
15284,train
15285,val
15286,train
15287,train
15288,train
15291,train
15292,train
15293,train
15295,val
15296,train
15297,train
15299,train
15301,train
15302,train
15303,train
15305,train
15306,train
15309,train
15310,train
15311,val
15312,val
15313,train
15315,train
15316,train
15317,train
15318,train
15319,train
15320,val
15321,val
15324,train
15325,val
15326,val
15327,train
15328,train
15329,train
15331,val
15332,train
15336,train
15337,val
15338,val
15339,train
15340,val
15344,train
15347,train
15348,val
15349,train
15350,train
15351,val
15352,train
15353,train
15354,train
15357,train
15358,val
15359,train
15361,train
15362,train
15363,train
15365,val
15366,train
15367,val
15369,train
15370,train
15371,train
15372,train
15373,train
15374,train
15375,train
15376,train
15377,train
15378,train
15379,train
15380,train
15381,train
15382,train
15383,train
15384,val
15385,train
15386,train
15387,train
15388,train
15390,train
15391,train
15392,val
15393,train
15394,train
15395,train
15396,train
15397,val
15399,train
15402,train
15403,train
15404,train
15407,train
15409,train
15410,train
15411,train
15412,train
15413,train
15415,train
15418,val
15419,train
15420,train
15421,train
15422,train
15423,train
15424,train
15425,train
15426,train
15427,train
15429,train
15430,train
15432,train
15433,val
15435,train
15439,train
15441,train
15442,val
15443,train
15444,train
15445,train
15446,val
15447,train
15452,val
15453,val
15455,train
15456,train
15457,train
15458,train
15460,val
15461,train
15462,val
15463,train
15464,train
15465,train
15467,train
15469,train
15470,train
15471,train
15472,train
15473,train
15474,val
15476,train
15477,train
15479,val
15480,train
15481,val
15484,train
15486,train
15487,train
15488,train
15489,val
15490,train
15491,train
15492,val
15493,train
15495,train
15496,train
15498,val
15499,train
15500,train
15501,train
15502,val
15503,train
15505,train
15506,train
15508,train
15509,val
15510,train
15511,train
15512,train
15513,train
15514,train
15515,val
15516,train
15517,train
15518,val
15522,train
15523,val
15525,train
15526,train
15527,train
15528,val
15529,val
15530,train
15531,train
15532,train
15533,val
15535,train
15536,train
15537,train
15538,train
15542,train
15544,val
15545,val
15546,train
15549,train
15550,train
15552,val
15553,train
15554,train
15555,train
15556,train
15557,train
15558,train
15559,train
15560,val
15561,train
15562,train
15564,train
15566,train
15567,train
15568,val
15571,val
15573,train
15574,train
15576,train
15577,train
15578,train
15579,train
15580,val
15581,train
15582,train
15583,train
15586,val
15589,val
15590,train
15591,train
15594,train
15595,train
15596,train
15597,train
15598,train
15600,train
15601,train
15602,train
15604,train
15608,val
15609,train
15610,train
15611,train
15612,train
15613,train
15614,train
15615,train
15616,train
15617,train
15618,train
15619,train
15620,val
15621,train
15624,train
15625,train
15626,train
15627,train
15629,train
15631,train
15633,train
15634,train
15636,val
15637,train
15638,train
15639,train
15640,train
15641,val
15644,train
15645,train
15646,train
15649,train
15650,train
15653,train
15654,train
15658,val
15660,train
15661,val
15662,train
15668,val
15669,train
15670,train
15671,val
15673,train
15674,val
15675,train
15677,train
15678,train
15679,train
15680,train
15681,train
15682,train
15683,train
15684,val
15686,train
15687,train
15688,train
15689,train
15690,val
15691,train
15692,val
15693,train
15694,train
15695,train
15696,train
15698,train
15699,val
15700,val
15701,val
15702,train
15703,train
15704,train
15707,train
15708,train
15709,train
15710,train
15711,train
15712,train
15713,train
15714,val
15716,train
15717,train
15718,train
15719,train
15721,train
15722,train
15723,val
15727,train
15728,val
15730,val
15732,train
15733,train
15734,train
15735,train
15736,train
15737,train
15738,train
15739,val
15740,train
15741,train
15742,train
15743,train
15744,train
15746,train
15747,train
15748,train
15749,train
15750,train
15751,train
15752,train
15755,train
15756,train
15757,train
15758,train
15759,train
15761,train
15762,train
15765,train
15766,val
15768,train
15769,val
15771,train
15773,val
15774,train
15775,train
15776,train
15778,train
15779,val
15780,val
15782,train
15783,train
15786,train
15787,train
15788,val
15789,train
15790,train
15791,train
15792,train
15793,train
15794,train
15795,train
15796,val
15797,val
15798,train
15800,train
15801,train
15802,train
15804,val
15807,train
15809,val
15811,train
15812,train
15813,train
15814,train
15815,train
15817,train
15819,train
15820,train
15821,train
15822,train
15823,val
15826,train
15828,train
15829,train
15830,val
15831,train
15832,train
15833,train
15836,train
15838,train
15840,train
15841,train
15842,train
15844,train
15846,train
15847,train
15848,train
15849,val
15851,val
15854,val
15855,train
15856,val
15857,train
15858,train
15859,train
15860,train
15861,train
15862,train
15863,train
15865,val
15867,val
15870,train
15871,val
15872,train
15873,train
15874,val
15875,val
15878,train
15879,train
15880,train
15881,train
15883,train
15884,train
15885,train
15886,train
15887,val
15888,val
15889,train
15890,train
15892,val
15893,train
15894,train
15895,train
15896,train
15897,train
15898,val
15899,train
15901,val
15902,train
15903,train
15904,train
15906,train
15907,train
15908,train
15909,train
15910,train
15911,val
15912,val
15914,train
15915,train
15916,train
15917,train
15919,train
15920,train
15921,train
15922,train
15923,train
15924,train
15926,train
15927,train
15928,val
15929,train
15930,train
15931,train
15932,train
15934,val
15935,val
15937,train
15938,train
15941,train
15942,val
15943,train
15946,train
15947,val
15948,train
15949,train
15952,train
15953,val
15954,val
15955,train
15956,train
15957,train
15959,train
15960,train
15961,train
15962,val
15963,val
15964,train
15965,val
15966,train
15967,train
15968,train
15969,train
15970,train
15973,train
15974,train
15975,train
15977,train
15978,train
15981,train
15982,train
15983,train
15989,train
15992,val
15994,train
15995,val
15996,train
15997,train
15998,train
15999,val
16000,train
16001,train
16002,val
16003,train
16004,train
16005,train
16006,train
16007,train
16010,train
16012,train
16013,train
16014,train
16015,train
16017,train
16018,val
16019,train
16020,train
16021,val
16023,val
16026,train
16027,train
16028,train
16029,val
16030,val
16033,val
16034,train
16035,train
16037,train
16038,train
16040,val
16041,train
16042,train
16045,train
16047,train
16048,train
16049,train
16050,train
16053,train
16054,train
16055,train
16058,val
16059,train
16060,train
16062,train
16063,val
16064,train
16065,train
16066,train
16068,train
16069,train
16071,val
16072,train
16074,train
16077,train
16078,train
16080,train
16084,train
16085,train
16087,train
16089,train
16090,train
16091,train
16092,train
16093,train
16095,val
16096,train
16098,train
16100,train
16101,train
16103,train
16104,train
16105,train
16106,train
16108,val
16109,train
16110,train
16111,train
16113,val
16114,train
16116,train
16117,train
16118,train
16121,train
16122,train
16124,train
16125,train
16126,train
16127,val
16129,train
16130,train
16131,train
16132,train
16133,train
16135,train
16136,train
16137,train
16139,train
16140,train
16143,train
16145,val
16146,train
16147,train
16148,train
16149,train
16150,train
16151,train
16152,train
16153,val
16156,train
16157,train
16158,train
16160,val
16162,val
16164,train
16165,train
16166,train
16167,train
16171,train
16172,train
16174,val
16178,train
16179,train
16180,train
16181,train
16184,val
16185,train
16187,train
16189,train
16190,train
16191,val
16192,train
16193,train
16195,train
16196,train
16197,train
16198,train
16199,val
16200,train
16202,train
16203,train
16206,val
16207,val
16209,train
16210,train
16211,train
16214,train
16215,train
16216,train
16217,train
16218,val
16219,train
16220,val
16222,train
16223,val
16224,val
16225,train
16226,train
16228,val
16229,train
16230,val
16232,train
16236,train
16237,train
16240,train
16241,train
16242,train
16243,train
16244,val
16246,train
16249,train
16250,train
16251,val
16253,val
16254,train
16255,train
16256,train
16258,train
16261,train
16263,train
16265,train
16266,train
16267,val
16269,train
16270,train
16271,train
16272,train
16274,train
16275,train
16276,val
16278,val
16279,train
16280,train
16281,train
16282,train
16283,train
16285,train
16286,val
16287,train
16288,train
16289,train
16292,train
16293,train
16294,train
16295,train
16296,train
16297,train
16298,train
16299,train
16300,train
16301,train
16302,train
16303,train
16305,val
16306,train
16308,val
16311,val
16312,val
16313,train
16314,train
16315,train
16316,train
16318,val
16320,train
16321,train
16322,train
16324,train
16325,train
16326,val
16327,train
16328,train
16330,train
16331,train
16332,train
16333,train
16334,train
16335,train
16336,val
16337,train
16338,val
16339,train
16341,val
16342,train
16343,train
16344,train
16346,train
16347,train
16349,train
16351,train
16352,train
16354,train
16355,train
16356,train
16357,train
16358,train
16359,train
16360,train
16361,train
16362,train
16365,train
16367,train
16368,train
16369,val
16370,train
16371,train
16372,train
16373,train
16374,val
16375,train
16376,val
16377,train
16378,train
16380,val
16381,val
16382,train
16383,train
16384,val
16385,train
16386,val
16388,train
16389,train
16391,train
16394,train
16395,train
16397,val
16399,train
16401,val
16402,train
16404,train
16405,val
16406,train
16407,train
16408,train
16410,train
16411,train
16412,val
16413,val
16415,train
16416,train
16419,train
16423,train
16424,train
16425,train
16426,train
16427,train
16428,train
16429,train
16431,train
16437,train
16438,train
16439,train
16440,train
16441,train
16442,val
16443,train
16445,train
16446,train
16447,train
16448,train
16449,train
16450,val
16452,train
16453,train
16454,train
16455,train
16456,val
16457,train
16459,train
16460,val
16461,train
16462,val
16464,train
16465,val
16467,val
16468,train
16470,train
16472,train
16473,val
16474,train
16476,val
16477,val
16478,train
16479,train
16482,train
16483,train
16484,train
16485,train
16487,train
16488,train
16490,train
16491,train
16492,train
16494,train
16495,val
16496,train
16497,train
16498,train
16500,train
16501,train
16502,train
16503,train
16504,train
16505,train
16506,train
16508,train
16510,train
16511,val
16512,train
16513,train
16516,train
16517,train
16519,val
16521,train
16522,train
16523,train
16524,train
16526,train
16527,val
16528,train
16529,train
16530,train
16533,train
16535,val
16536,train
16541,train
16542,train
16543,val
16544,train
16545,train
16546,train
16547,train
16548,train
16550,train
16551,train
16552,val
16553,train
16554,train
16555,val
16556,train
16557,train
16559,train
16561,train
16562,train
16563,train
16564,train
16565,train
16566,train
16567,train
16568,train
16570,val
16572,val
16573,train
16575,train
16576,val
16577,train
16578,train
16579,val
16580,train
16582,train
16584,train
16585,train
16586,train
16587,train
16588,train
16589,train
16591,train
16592,train
16593,train
16595,train
16596,train
16597,train
16598,train
16599,train
16600,train
16601,val
16602,train
16603,val
16604,train
16605,train
16606,train
16607,train
16608,train
16609,train
16610,train
16611,train
16612,val
16613,train
16614,train
16615,val
16618,train
16620,train
16621,train
16622,train
16624,train
16625,train
16626,train
16627,train
16628,val
16630,train
16631,train
16632,train
16633,val
16635,train
16636,train
16637,train
16638,train
16639,train
16643,train
16644,train
16645,train
16646,train
16647,val
16648,train
16649,val
16651,train
16652,train
16653,val
16654,train
16655,train
16657,train
16659,train
16660,train
16661,train
16662,train
16663,train
16665,train
16666,train
16667,train
16668,train
16669,train
16670,train
16672,train
16673,val
16674,train
16675,train
16677,train
16679,train
16680,train
16681,train
16682,train
16683,train
16684,train
16686,train
16687,val
16688,train
16689,train
16690,val
16691,train
16692,train
16694,train
16696,train
16697,train
16699,val
16700,train
16701,train
16703,train
16704,train
16705,train
16706,train
16707,train
16709,train
16710,val
16711,train
16712,train
16714,train
16715,val
16716,train
16717,train
16718,train
16719,val
16720,train
16721,train
16722,train
16723,train
16724,train
16725,train
16726,train
16729,train
16730,train
16731,val
16732,val
16733,train
16734,train
16735,val
16737,train
16738,train
16739,val
16740,train
16741,train
16742,train
16744,train
16745,train
16747,val
16748,train
16749,train
16750,val
16753,train
16755,train
16756,val
16757,train
16758,val
16759,train
16760,train
16761,val
16762,train
16763,train
16764,train
16765,val
16766,train
16767,train
16768,train
16769,train
16770,train
16771,train
16772,train
16773,train
16774,val
16776,train
16777,train
16778,val
16779,val
16780,train
16781,train
16784,val
16786,train
16787,train
16788,train
16789,val
16790,val
16791,train
16792,train
16793,train
16794,train
16795,train
16798,val
16799,train
16800,train
16801,train
16802,train
16803,train
16805,train
16806,val
16807,train
16808,train
16809,train
16810,train
16811,train
16812,train
16813,train
16815,train
16817,train
16818,train
16820,val
16821,train
16822,train
16823,train
16824,train
16825,train
16826,train
16827,train
16829,train
16830,train
16831,train
16832,train
16833,train
16835,train
16837,train
16838,val
16839,train
16842,train
16843,train
16846,train
16847,train
16848,train
16849,train
16850,train
16851,train
16852,val
16853,val
16854,train
16855,val
16856,train
16857,val
16858,train
16859,train
16861,train
16862,train
16863,train
16864,train
16865,train
16866,train
16868,train
16870,train
16871,train
16872,train
16873,val
16874,train
16875,val
16876,train
16877,train
16880,train
16881,train
16882,train
16883,train
16884,train
16886,train
16887,train
16888,train
16889,val
16890,train
16891,train
16892,train
16893,train
16894,train
16895,train
16896,train
16898,train
16899,train
16900,train
16901,train
16902,val
16903,val
16906,train
16907,val
16908,train
16909,train
16910,train
16913,train
16914,train
16915,val
16917,train
16919,val
16920,train
16921,val
16922,train
16924,train
16925,val
16926,train
16928,val
16929,val
16930,train
16931,train
16933,train
16934,train
16935,train
16936,train
16937,train
16940,val
16941,train
16942,train
16943,train
16945,train
16946,train
16947,train
16949,train
16950,train
16951,train
16952,val
16953,train
16954,train
16955,val
16957,train
16958,train
16959,train
16960,train
16962,val
16963,train
16965,train
16967,val
16968,train
16969,train
16970,val
16973,val
16974,train
16975,train
16976,train
16977,train
16979,train
16980,train
16981,train
16982,train
16984,train
16985,train
16986,val
16987,train
16988,val
16991,train
16993,train
16995,train
16996,train
16998,train
16999,train
17000,train
17001,train
17003,train
17004,train
17005,train
17006,train
17007,train
17009,train
17010,train
17011,val
17012,train
17013,train
17014,train
17016,train
17017,train
17020,train
17021,val
17022,train
17023,train
17024,train
17025,train
17027,train
17028,train
17030,train
17031,val
17032,val
17033,val
17034,train
17036,val
17037,train
17039,train
17040,train
17041,train
17042,val
17043,train
17045,val
17046,val
17048,train
17049,train
17050,val
17052,val
17053,val
17056,train
17057,train
17058,val
17059,train
17060,train
17061,train
17062,train
17063,train
17064,val
17065,val
17066,train
17067,train
17068,train
17069,train
17071,train
17072,train
17074,val
17076,train
17077,train
17083,train
17085,val
17086,train
17087,train
17088,train
17089,train
17092,val
17093,train
17094,train
17095,train
17096,train
17097,val
17098,train
17099,train
17100,train
17101,train
17102,train
17104,val
17105,train
17106,train
17107,train
17108,train
17109,train
17110,train
17111,train
17112,train
17113,train
17114,train
17115,train
17116,train
17117,train
17118,train
17119,train
17121,val
17122,train
17123,train
17124,train
17125,train
17126,val
17127,val
17131,train
17132,train
17134,train
17137,val
17139,train
17140,train
17141,train
17142,train
17143,train
17144,train
17145,train
17146,train
17147,train
17148,train
17149,train
17150,train
17151,train
17152,train
17153,train
17154,train
17155,train
17156,train
17157,val
17158,train
17159,train
17160,train
17161,val
17162,val
17163,train
17166,train
17167,train
17168,val
17169,train
17170,train
17171,train
17172,train
17173,train
17174,train
17177,train
17178,train
17179,train
17180,train
17181,train
17182,train
17183,train
17184,val
17185,train
17186,train
17187,train
17188,train
17190,train
17192,train
17195,train
17196,val
17197,val
17198,train
17199,train
17200,val
17202,train
17204,train
17205,train
17206,val
17207,train
17209,train
17210,train
17211,train
17216,train
17217,train
17218,train
17220,train
17221,train
17222,val
17223,train
17224,val
17228,train
17229,train
17230,train
17231,train
17232,train
17234,train
17236,train
17237,train
17238,train
17239,train
17240,val
17241,train
17242,train
17243,val
17244,train
17246,train
17247,train
17248,train
17249,val
17250,train
17251,train
17252,train
17253,train
17255,train
17256,train
17257,val
17259,train
17260,train
17264,val
17266,train
17267,val
17268,train
17269,train
17270,train
17271,train
17272,train
17274,train
17275,train
17277,val
17279,val
17280,train
17282,train
17283,train
17285,train
17286,train
17288,val
17289,train
17291,train
17293,val
17294,train
17295,train
17296,train
17297,train
17303,train
17304,train
17305,train
17306,train
17307,train
17308,train
17309,train
17310,train
17312,train
17313,train
17315,train
17316,train
17317,train
17318,train
17319,train
17320,train
17323,train
17325,train
17326,val
17327,train
17329,train
17330,train
17333,train
17334,train
17335,train
17336,train
17338,train
17339,val
17340,train
17341,train
17342,train
17346,train
17347,train
17349,train
17350,train
17351,train
17352,train
17353,val
17355,train
17356,train
17357,train
17358,train
17359,train
17360,train
17361,val
17364,train
17366,train
17367,train
17368,val
17369,train
17370,train
17371,val
17372,train
17373,train
17374,val
17375,train
17377,train
17378,train
17379,train
17380,train
17381,train
17382,train
17384,train
17386,train
17387,train
17388,val
17389,train
17390,train
17392,train
17393,train
17397,train
17398,val
17399,train
17400,train
17402,val
17403,train
17406,train
17408,train
17409,train
17410,train
17412,train
17413,train
17414,train
17415,train
17416,train
17417,train
17418,train
17419,train
17420,train
17421,train
17422,train
17423,train
17425,train
17426,train
17428,val
17429,train
17430,train
17431,train
17432,train
17433,train
17434,train
17436,train
17437,train
17439,train
17441,train
17442,train
17443,train
17446,train
17447,train
17448,train
17450,train
17451,train
17452,train
17453,train
17454,train
17455,train
17457,train
17460,train
17461,val
17462,train
17463,train
17464,train
17465,val
17466,train
17467,train
17469,train
17471,train
17473,train
17474,train
17475,train
17476,train
17478,train
17480,train
17481,train
17482,train
17484,train
17486,train
17487,val
17488,train
17489,train
17490,val
17491,train
17494,train
17495,train
17497,train
17498,train
17500,train
17501,train
17502,train
17503,val
17504,train
17505,train
17508,val
17509,train
17510,train
17511,train
17512,val
17514,train
17515,train
17517,train
17518,val
17519,train
17521,train
17522,train
17523,train
17525,train
17526,train
17527,train
17529,val
17530,train
17531,train
17532,train
17533,val
17534,train
17535,train
17536,train
17537,train
17539,val
17540,train
17542,train
17543,val
17544,train
17547,train
17548,train
17549,train
17550,val
17551,train
17554,train
17556,train
17557,val
17558,train
17559,train
17560,train
17561,train
17562,train
17563,train
17564,train
17566,val
17568,train
17569,train
17570,train
17572,train
17575,train
17576,train
17577,train
17578,train
17579,train
17581,train
17583,val
17584,train
17585,train
17586,train
17587,val
17588,train
17589,train
17590,train
17591,train
17592,train
17593,train
17594,train
17595,train
17596,val
17597,train
17599,train
17600,val
17601,train
17603,train
17604,train
17605,train
17608,train
17609,train
17610,train
17611,train
17612,val
17613,train
17614,train
17615,train
17616,train
17617,train
17618,train
17619,train
17620,train
17621,train
17622,train
17624,train
17625,train
17626,train
17627,train
17628,val
17629,val
17630,train
17631,train
17634,train
17635,train
17636,train
17637,train
17638,val
17639,train
17640,val
17641,train
17642,train
17644,train
17645,train
17649,train
17650,train
17651,train
17652,train
17653,train
17654,train
17655,val
17656,train
17660,train
17661,train
17662,train
17663,train
17664,train
17665,train
17666,train
17668,val
17669,train
17671,train
17672,train
17673,train
17674,train
17675,train
17676,train
17679,train
17681,train
17682,val
17685,train
17686,train
17687,val
17690,train
17691,train
17692,train
17695,train
17696,train
17697,train
17698,train
17699,train
17700,train
17705,val
17706,train
17707,train
17709,train
17713,train
17717,train
17719,train
17721,train
17722,train
17723,val
17725,train
17726,train
17727,val
17728,val
17730,train
17732,train
17733,val
17735,val
17736,train
17737,train
17738,train
17739,train
17740,val
17743,train
17745,val
17747,train
17748,train
17750,train
17751,train
17754,train
17755,val
17759,val
17760,val
17761,train
17762,train
17763,train
17764,train
17765,train
17767,train
17768,val
17770,val
17771,train
17772,train
17773,train
17774,train
17775,train
17776,train
17777,train
17779,train
17782,train
17783,train
17784,train
17785,train
17786,train
17787,train
17788,train
17789,train
17790,train
17791,train
17792,train
17793,train
17795,train
17796,train
17797,val
17798,train
17799,train
17800,train
17802,train
17803,train
17804,train
17806,train
17807,train
17808,train
17809,train
17810,train
17812,val
17813,train
17814,train
17815,train
17816,train
17817,train
17818,train
17819,val
17821,train
17822,train
17823,train
17825,train
17826,train
17828,train
17829,train
17831,train
17833,train
17834,val
17835,train
17836,train
17837,train
17841,train
17842,train
17843,train
17844,train
17845,val
17846,train
17847,train
17848,train
17849,train
17851,train
17852,train
17853,val
17854,val
17855,train
17857,train
17858,train
17860,train
17862,train
17863,train
17865,train
17866,val
17867,val
17870,train
17873,train
17875,train
17876,train
17877,train
17878,train
17879,train
17880,train
17881,train
17882,train
17883,train
17888,train
17889,train
17890,train
17891,train
17895,train
17896,val
17898,train
17899,train
17900,train
17901,train
17902,val
17903,train
17904,train
17906,train
17907,train
17909,train
17910,val
17911,train
17912,train
17914,train
17916,val
17917,train
17919,train
17920,train
17921,train
17926,val
17927,train
17928,train
17930,train
17931,train
17932,train
17933,train
17934,train
17935,train
17936,train
17937,train
17939,train
17942,train
17943,train
17945,train
17946,train
17947,train
17948,train
17949,val
17950,train
17951,train
17952,train
17954,train
17955,val
17957,train
17958,train
17959,train
17961,train
17962,train
17963,train
17964,train
17966,train
17967,val
17968,train
17970,train
17971,train
17972,val
17974,train
17975,train
17976,train
17978,train
17980,val
17983,train
17985,train
17987,train
17988,val
17990,val
17991,train
17992,train
17993,train
17994,train
17995,train
17996,train
17999,train
18001,train
18002,train
18003,train
18005,train
18006,train
18007,val
18008,train
18009,train
18011,train
18014,train
18016,train
18017,val
18018,train
18019,train
18020,train
18021,train
18022,train
18023,val
18024,train
18025,train
18026,train
18028,train
18030,train
18031,train
18032,train
18033,train
18035,train
18036,train
18037,train
18038,train
18039,train
18040,val
18041,train
18042,train
18044,train
18045,train
18046,val
18047,train
18048,val
18051,train
18052,train
18054,train
18055,train
18056,train
18057,train
18059,train
18060,val
18062,train
18064,train
18067,train
18068,train
18069,train
18070,train
18072,val
18073,val
18074,train
18075,train
18076,train
18079,train
18080,train
18081,train
18082,train
18084,train
18085,train
18087,train
18088,train
18090,train
18091,train
18092,train
18093,val
18094,val
18095,val
18097,train
18098,train
18099,train
18100,train
18101,train
18102,val
18103,train
18104,train
18108,train
18110,train
18112,val
18113,train
18114,val
18116,val
18117,train
18118,train
18119,val
18120,train
18121,train
18122,train
18128,train
18129,val
18130,train
18131,train
18134,train
18135,val
18137,train
18138,train
18139,val
18140,train
18141,train
18142,val
18143,val
18144,train
18147,train
18148,train
18149,val
18150,train
18151,train
18152,train
18153,val
18154,train
18155,train
18156,train
18157,train
18158,val
18159,train
18160,train
18162,train
18163,train
18164,train
18165,train
18167,train
18169,val
18170,train
18171,train
18172,train
18173,train
18174,train
18175,val
18179,train
18180,train
18181,train
18182,train
18185,train
18187,train
18188,train
18189,val
18190,train
18191,train
18194,train
18195,train
18196,train
18199,train
18200,train
18201,train
18202,train
18203,train
18205,val
18208,train
18209,train
18210,train
18213,train
18214,train
18215,val
18217,train
18218,train
18219,train
18220,train
18221,train
18222,val
18224,train
18226,train
18230,val
18231,train
18232,train
18234,train
18235,train
18236,train
18237,train
18238,train
18239,train
18240,val
18241,val
18242,train
18243,train
18245,train
18246,train
18247,train
18249,train
18250,train
18252,train
18254,train
18255,train
18257,train
18258,val
18259,train
18260,val
18261,train
18263,train
18264,val
18265,val
18266,train
18267,val
18268,train
18271,val
18272,val
18273,train
18276,train
18277,train
18278,train
18279,train
18280,train
18281,train
18282,train
18284,train
18286,train
18287,train
18288,train
18289,train
18290,train
18295,val
18296,train
18298,train
18300,val
18301,val
18303,train
18304,train
18305,train
18306,train
18307,val
18308,train
18310,train
18312,val
18314,train
18315,train
18316,train
18317,train
18318,train
18319,val
18320,train
18321,train
18322,train
18323,val
18324,train
18325,train
18327,train
18328,train
18329,val
18330,train
18332,train
18333,train
18334,train
18338,val
18339,val
18340,train
18341,train
18343,train
18344,train
18345,train
18346,train
18347,train
18348,val
18349,val
18350,train
18352,train
18353,train
18354,train
18355,train
18356,val
18357,train
18360,train
18363,train
18364,train
18365,train
18366,train
18368,val
18371,train
18372,val
18373,train
18375,val
18379,train
18382,val
18384,train
18385,train
18386,val
18387,train
18388,val
18391,train
18392,val
18395,train
18396,train
18397,train
18399,train
18401,train
18402,train
18403,train
18405,val
18408,train
18409,train
18414,train
18415,train
18417,train
18418,train
18419,train
18420,train
18421,val
18423,train
18424,val
18425,train
18426,val
18429,train
18431,train
18432,train
18433,train
18434,train
18435,train
18436,train
18439,train
18440,train
18441,train
18442,train
18444,train
18447,val
18448,train
18449,train
18450,train
18451,train
18452,train
18454,val
18455,train
18456,val
18458,train
18461,train
18463,val
18465,train
18466,train
18467,train
18468,train
18470,train
18471,train
18472,train
18475,train
18476,train
18477,val
18478,train
18482,train
18483,train
18485,train
18486,train
18488,train
18489,val
18490,val
18491,train
18493,val
18494,train
18495,train
18496,val
18497,train
18498,val
18499,train
18500,val
18501,train
18503,train
18505,train
18506,train
18507,train
18508,train
18510,train
18511,train
18513,train
18514,train
18516,train
18518,train
18519,train
18520,train
18522,val
18523,train
18524,train
18525,train
18526,train
18527,train
18528,train
18529,train
18530,val
18531,train
18532,train
18533,train
18534,train
18535,train
18536,train
18539,val
18540,train
18541,val
18544,train
18545,train
18547,train
18548,train
18550,train
18551,val
18553,train
18554,val
18555,train
18556,train
18557,val
18559,val
18561,train
18563,train
18564,train
18565,train
18567,train
18572,val
18573,val
18574,train
18577,train
18578,train
18579,val
18580,train
18581,train
18582,train
18583,train
18584,train
18586,train
18591,train
18592,train
18593,train
18594,val
18595,train
18598,val
18599,val
18601,train
18602,train
18603,train
18604,train
18605,train
18606,train
18607,train
18608,val
18609,val
18610,train
18611,train
18613,train
18614,train
18616,train
18617,train
18618,train
18619,train
18621,train
18622,train
18623,train
18625,train
18626,train
18627,train
18628,train
18630,train
18631,train
18633,train
18634,val
18635,train
18641,train
18642,train
18644,train
18647,train
18648,train
18649,val
18650,val
18651,val
18652,val
18654,train
18655,train
18657,train
18658,train
18659,train
18660,val
18661,val
18663,train
18664,train
18665,train
18667,train
18669,train
18670,train
18674,train
18675,train
18676,train
18678,train
18679,val
18682,val
18684,train
18685,train
18686,train
18688,train
18690,train
18692,val
18693,train
18694,train
18695,train
18696,train
18697,train
18698,train
18699,train
18700,val
18701,train
18702,train
18704,train
18705,train
18707,train
18708,train
18709,val
18710,train
18711,train
18712,train
18713,train
18714,train
18716,train
18717,train
18718,train
18719,train
18721,train
18723,train
18724,train
18725,train
18726,train
18727,train
18728,train
18729,val
18730,train
18731,train
18732,train
18733,train
18734,train
18735,train
18736,train
18739,train
18740,val
18741,train
18743,train
18745,train
18746,train
18747,train
18748,train
18749,train
18750,train
18751,val
18752,val
18753,train
18754,val
18755,train
18756,train
18757,train
18758,train
18759,train
18760,val
18761,val
18762,train
18763,val
18764,train
18765,val
18766,train
18767,val
18768,train
18769,train
18770,train
18771,train
18772,train
18773,train
18775,train
18776,train
18777,train
18778,train
18779,train
18780,train
18781,train
18782,train
18783,train
18786,train
18789,train
18790,val
18791,train
18792,val
18793,train
18794,val
18795,train
18796,train
18797,train
18800,train
18801,val
18803,train
18804,train
18805,train
18806,val
18807,val
18808,train
18809,train
18812,val
18814,train
18815,train
18817,train
18818,train
18820,train
18822,train
18824,train
18825,train
18826,val
18827,val
18829,train
18830,train
18832,val
18834,train
18836,train
18837,train
18838,train
18839,train
18841,train
18842,train
18844,val
18845,train
18847,train
18848,train
18849,val
18850,val
18851,train
18853,train
18854,val
18855,train
18856,train
18857,train
18858,train
18859,train
18860,train
18861,train
18862,train
18863,train
18864,val
18865,train
18866,train
18868,train
18869,train
18870,train
18873,train
18874,train
18875,train
18876,train
18877,train
18878,train
18881,val
18882,train
18883,train
18884,train
18885,val
18887,val
18890,train
18891,val
18892,train
18893,train
18894,val
18895,train
18896,train
18899,train
18902,train
18903,val
18904,val
18905,train
18906,train
18907,train
18909,train
18910,train
18911,train
18912,val
18913,train
18914,val
18915,train
18916,val
18917,train
18918,train
18919,val
18920,train
18922,train
18924,train
18925,train
18926,train
18927,train
18928,val
18929,train
18930,val
18931,train
18933,train
18934,val
18935,train
18936,val
18937,train
18938,train
18940,train
18941,train
18942,train
18943,train
18944,train
18945,train
18946,train
18947,train
18948,train
18950,train
18952,train
18953,train
18954,train
18955,train
18956,train
18959,val
18960,train
18961,train
18962,val
18963,train
18964,train
18965,train
18966,val
18967,train
18968,val
18969,val
18970,train
18971,train
18972,train
18973,train
18974,train
18976,train
18977,val
18978,train
18979,train
18980,train
18981,train
18983,train
18984,train
18985,val
18986,train
18988,train
18989,val
18992,train
18993,val
18994,train
18995,train
18996,train
18997,train
18998,val
19000,train
19001,train
19002,train
19003,train
19004,train
19005,train
19006,train
19007,train
19009,train
19011,val
19013,train
19015,train
19019,train
19020,train
19021,train
19022,train
19023,val
19026,train
19027,train
19028,train
19029,val
19031,train
19033,train
19035,train
19036,val
19037,train
19038,val
19039,val
19040,train
19044,train
19046,val
19049,val
19052,train
19053,train
19054,train
19055,train
19056,train
19058,val
19059,train
19061,train
19062,train
19064,train
19065,train
19066,val
19067,train
19068,train
19070,val
19071,train
19072,train
19075,train
19076,train
19077,train
19079,train
19081,train
19083,val
19084,train
19085,train
19086,train
19087,train
19088,train
19089,train
19090,train
19091,train
19092,val
19093,train
19094,train
19095,train
19097,train
19098,train
19099,train
19100,val
19101,train
19102,train
19103,train
19106,train
19107,train
19109,train
19110,train
19111,train
19113,train
19115,train
19116,train
19117,train
19118,train
19119,train
19120,train
19121,train
19122,val
19123,train
19124,train
19125,train
19126,val
19132,train
19133,train
19134,val
19135,val
19136,train
19137,val
19138,train
19139,train
19141,train
19142,train
19143,train
19144,train
19146,train
19149,train
19150,train
19152,train
19153,train
19154,train
19155,train
19156,train
19157,train
19158,train
19159,train
19161,train
19162,val
19165,val
19166,train
19167,val
19169,train
19170,train
19172,train
19173,val
19174,train
19176,val
19177,train
19178,train
19179,train
19182,train
19183,train
19184,train
19185,train
19186,train
19187,train
19188,val
19190,train
19192,train
19194,train
19195,train
19196,train
19197,train
19198,train
19199,train
19201,train
19204,val
19208,train
19210,train
19211,train
19212,train
19214,val
19215,train
19216,val
19217,val
19218,train
19219,train
19220,train
19221,train
19222,train
19223,val
19224,train
19225,train
19226,train
19227,train
19228,train
19229,val
19230,val
19231,val
19232,train
19233,train
19234,train
19235,val
19236,train
19237,train
19238,train
19239,val
19242,val
19244,train
19245,train
19246,train
19249,train
19250,train
19251,val
19253,val
19255,train
19256,train
19257,train
19258,train
19259,train
19260,train
19261,val
19262,val
19263,val
19264,train
19265,train
19266,train
19267,train
19268,val
19269,val
19270,train
19271,train
19274,train
19275,val
19276,train
19277,train
19278,train
19279,train
19280,train
19281,train
19282,train
19283,train
19284,train
19286,train
19287,train
19288,train
19290,train
19291,train
19292,train
19293,val
19294,train
19296,train
19297,train
19299,train
19300,val
19302,train
19303,train
19305,train
19306,train
19307,val
19308,train
19309,train
19310,train
19311,train
19312,train
19313,train
19314,train
19319,train
19320,val
19323,val
19324,val
19326,val
19327,train
19328,train
19329,train
19330,train
19331,train
19332,train
19334,val
19335,train
19336,train
19337,train
19338,train
19339,train
19340,train
19343,train
19344,train
19345,train
19347,train
19349,val
19350,train
19352,val
19353,train
19355,train
19357,train
19358,train
19359,val
19360,train
19361,train
19362,train
19363,train
19364,train
19365,train
19366,train
19367,val
19368,train
19369,train
19370,train
19371,train
19372,train
19373,train
19377,train
19378,train
19379,train
19381,train
19382,train
19383,train
19384,train
19385,train
19387,val
19390,train
19391,train
19392,train
19394,train
19395,train
19396,train
19397,train
19400,train
19401,train
19402,train
19404,train
19405,train
19407,train
19408,train
19409,train
19411,val
19412,train
19413,train
19414,val
19415,train
19418,train
19419,train
19420,train
19421,train
19423,train
19424,val
19425,val
19426,val
19428,train
19429,train
19430,train
19431,train
19432,train
19433,train
19434,val
19435,train
19437,train
19438,train
19439,train
19441,train
19444,train
19445,train
19448,train
19449,train
19450,train
19451,val
19452,val
19453,train
19454,train
19455,train
19457,train
19458,train
19459,train
19461,train
19462,train
19463,train
19464,train
19465,train
19466,val
19467,train
19471,train
19472,train
19473,train
19474,train
19476,train
19477,train
19479,train
19480,train
19483,val
19484,train
19485,train
19486,train
19487,train
19489,train
19492,train
19493,train
19494,train
19495,train
19496,train
19498,train
19499,train
19500,train
19501,train
19503,train
19505,val
19506,train
19507,train
19509,train
19510,val
19512,train
19513,train
19514,train
19515,train
19516,train
19517,train
19519,train
19521,train
19523,train
19524,val
19525,train
19526,train
19527,train
19528,train
19529,train
19531,train
19532,train
19533,train
19534,train
19535,val
19536,val
19537,train
19538,train
19539,train
19540,val
19541,train
19543,train
19545,train
19548,train
19550,train
19551,train
19553,train
19554,train
19555,train
19557,train
19558,train
19560,val
19561,train
19563,val
19565,val
19566,train
19569,train
19570,train
19571,train
19572,train
19573,train
19574,val
19575,train
19576,train
19577,train
19578,train
19579,train
19583,train
19584,train
19586,train
19587,train
19588,train
19589,train
19590,train
19592,train
19593,train
19595,train
19596,train
19597,train
19599,train
19600,train
19601,train
19603,train
19604,val
19605,train
19606,train
19607,val
19608,train
19609,train
19610,val
19611,train
19614,train
19615,train
19616,val
19617,train
19619,train
19620,train
19621,train
19622,train
19625,train
19626,val
19627,train
19630,train
19632,val
19634,train
19635,train
19638,train
19639,val
19640,val
19643,train
19644,train
19645,train
19646,train
19647,train
19648,train
19649,val
19650,val
19651,train
19652,train
19653,val
19654,train
19657,train
19659,val
19660,train
19661,train
19662,train
19663,val
19666,train
19670,train
19671,train
19672,train
19674,train
19677,train
19679,val
19681,train
19682,train
19685,train
19686,train
19687,train
19688,train
19689,train
19690,train
19691,train
19693,train
19694,train
19695,train
19696,train
19697,train
19699,train
19701,train
19703,train
19704,train
19708,train
19709,train
19710,train
19712,train
19713,train
19715,val
19716,train
19717,train
19719,train
19721,train
19722,train
19723,train
19724,train
19725,train
19726,val
19727,train
19728,train
19729,train
19730,train
19731,train
19732,train
19733,train
19734,train
19737,train
19738,train
19739,train
19740,train
19742,train
19743,train
19746,val
19747,train
19749,train
19751,train
19752,val
19753,train
19754,train
19755,train
19756,train
19757,train
19758,train
19759,train
19760,val
19761,train
19762,train
19764,train
19765,train
19766,train
19768,train
19769,train
19770,train
19771,train
19772,train
19773,train
19774,train
19776,train
19777,val
19780,train
19781,train
19783,train
19787,train
19790,train
19793,train
19795,train
19797,train
19798,train
19799,train
19800,train
19801,train
19805,train
19807,train
19808,train
19809,train
19810,val
19811,val
19813,train
19814,train
19815,train
19817,val
19822,train
19824,train
19825,val
19826,train
19827,train
19828,train
19829,train
19831,train
19832,train
19833,train
19835,train
19836,train
19837,train
19839,train
19840,train
19842,train
19844,train
19845,train
19846,train
19849,train
19851,train
19852,train
19853,train
19855,train
19856,train
19857,train
19858,train
19859,val
19860,train
19862,train
19863,train
19864,train
19867,val
19868,val
19870,train
19872,val
19873,train
19874,train
19875,val
19876,train
19878,train
19879,train
19880,train
19881,train
19882,val
19883,val
19884,train
19887,val
19890,val
19891,train
19892,train
19893,val
19894,val
19897,train
19898,train
19900,train
19902,train
19903,train
19904,train
19905,train
19906,val
19908,train
19912,train
19913,train
19914,train
19915,val
19916,train
19917,train
19920,train
19921,train
19922,val
19923,train
19924,val
19925,train
19926,val
19927,train
19929,val
19930,train
19932,train
19933,train
19934,train
19935,val
19936,train
19937,train
19938,train
19939,train
19940,train
19941,train
19942,train
19943,train
19945,train
19946,train
19947,train
19949,train
19950,val
19951,val
19952,train
19953,train
19954,train
19955,train
19958,train
19959,train
19960,train
19962,train
19963,train
19966,train
19967,train
19968,val
19970,val
19971,train
19972,val
19973,train
19974,train
19975,val
19976,train
19977,train
19979,train
19980,train
19981,train
19984,train
19985,train
19986,train
19990,train
19991,train
19993,train
19994,train
19997,train
19998,val
19999,train
20000,train
20001,train
20002,train
20003,train
20004,val
20005,train
20006,train
20007,val
20008,train
20010,train
20011,train
20012,train
20013,val
20014,train
20015,train
20016,train
20018,train
20019,train
20020,train
20021,train
20022,val
20023,train
20024,train
20026,train
20027,train
20028,train
20029,train
20030,train
20031,val
20033,train
20035,train
20036,train
20037,train
20038,val
20040,train
20041,val
20043,train
20045,val
20046,train
20047,train
20049,train
20050,train
20052,val
20053,val
20054,val
20055,train
20057,val
20058,train
20059,train
20060,val
20061,train
20062,train
20063,val
20066,val
20067,train
20068,train
20070,train
20071,val
20072,val
20074,train
20075,train
20076,train
20077,val
20078,train
20079,val
20080,train
20081,train
20082,train
20083,train
20084,train
20085,train
20086,train
20089,val
20090,train
20091,train
20092,train
20093,train
20094,train
20095,train
20096,train
20099,train
20100,train
20101,train
20102,train
20103,train
20104,train
20105,train
20107,train
20109,train
20110,train
20111,train
20112,train
20114,train
20115,train
20116,train
20118,val
20121,train
20123,train
20124,val
20128,val
20129,train
20130,train
20132,train
20134,train
20135,val
20138,train
20139,train
20140,train
20141,val
20142,train
20143,train
20145,train
20148,val
20150,train
20151,train
20152,train
20153,train
20154,val
20155,train
20156,train
20157,train
20159,train
20160,val
20161,train
20162,train
20163,train
20165,train
20166,val
20167,train
20168,train
20169,train
20171,train
20173,train
20174,val
20176,train
20177,train
20178,train
20179,train
20180,train
20181,train
20183,train
20184,train
20185,train
20186,val
20188,train
20189,train
20190,val
20191,val
20192,train
20193,train
20194,train
20195,train
20196,val
20198,train
20200,val
20202,train
20203,train
20205,train
20206,train
20207,train
20208,val
20209,train
20210,train
20211,train
20212,train
20213,train
20214,train
20215,train
20217,train
20218,train
20219,train
20220,val
20222,val
20223,val
20225,train
20228,train
20229,train
20231,val
20233,val
20234,train
20236,train
20238,train
20239,train
20241,train
20242,train
20244,train
20247,train
20248,train
20249,train
20251,val
20252,val
20253,train
20254,train
20255,train
20257,train
20258,val
20259,train
20260,train
20262,train
20263,train
20264,train
20265,val
20266,train
20267,train
20268,train
20269,train
20270,val
20271,val
20272,train
20273,train
20275,val
20276,train
20277,train
20278,train
20279,train
20284,train
20285,train
20286,train
20287,val
20288,train
20289,train
20290,train
20292,train
20293,train
20295,val
20296,train
20297,train
20298,train
20299,train
20302,train
20303,train
20304,train
20305,val
20308,val
20309,train
20310,val
20312,train
20313,train
20314,train
20315,val
20316,train
20317,val
20320,train
20322,val
20323,train
20325,val
20326,train
20329,train
20331,train
20335,train
20336,train
20337,train
20338,train
20339,train
20340,train
20341,train
20342,train
20344,train
20345,train
20346,train
20347,train
20348,train
20349,train
20350,train
20351,train
20352,train
20353,train
20355,train
20356,train
20357,train
20359,train
20360,train
20361,train
20362,train
20363,train
20364,val
20365,train
20366,train
20367,train
20370,train
20372,train
20373,val
20375,train
20376,train
20377,train
20378,val
20381,val
20382,train
20383,train
20384,train
20386,train
20387,train
20388,train
20389,train
20390,train
20395,train
20396,val
20397,train
20398,train
20399,val
20400,val
20401,train
20402,train
20403,train
20405,train
20406,train
20407,train
20408,train
20409,train
20410,train
20411,val
20412,train
20415,val
20416,train
20417,train
20419,train
20420,train
20421,train
20423,val
20424,train
20425,val
20426,val
20427,train
20429,train
20430,train
20432,train
20433,train
20434,train
20436,train
20437,train
20438,train
20440,train
20441,train
20442,val
20443,train
20444,train
20445,val
20446,train
20447,train
20448,train
20449,val
20450,train
20451,val
20452,train
20453,train
20455,train
20456,train
20457,train
20458,train
20459,train
20461,train
20463,train
20465,train
20466,val
20467,train
20468,train
20469,train
20470,val
20471,train
20472,train
20473,train
20474,train
20475,train
20476,train
20478,train
20479,val
20480,train
20481,val
20483,train
20485,train
20486,train
20488,train
20489,train
20490,val
20491,train
20492,train
20493,train
20494,train
20495,train
20496,train
20497,train
20498,train
20499,train
20500,train
20501,train
20502,train
20503,train
20504,train
20508,train
20509,train
20510,train
20511,train
20513,train
20516,val
20518,train
20519,train
20520,train
20521,train
20526,train
20527,train
20528,train
20529,train
20531,train
20532,train
20533,train
20534,train
20535,train
20536,train
20537,train
20538,val
20539,train
20540,train
20541,train
20542,train
20543,train
20546,train
20547,train
20548,train
20549,train
20550,train
20551,val
20553,train
20555,train
20556,train
20558,train
20559,train
20560,train
20561,train
20562,train
20563,train
20565,train
20566,val
20567,train
20569,train
20571,val
20572,train
20573,train
20574,train
20575,train
20576,val
20577,train
20578,train
20580,train
20581,val
20582,val
20583,train
20584,train
20585,train
20587,val
20588,train
20589,train
20590,val
20592,train
20593,val
20594,train
20595,train
20596,train
20598,train
20599,train
20600,val
20601,train
20603,train
20604,val
20605,train
20606,train
20607,train
20610,train
20611,val
20612,train
20613,train
20614,train
20615,train
20616,train
20617,train
20620,train
20621,train
20622,train
20623,val
20624,val
20625,train
20626,train
20627,train
20628,train
20629,train
20630,train
20631,train
20632,train
20633,train
20634,train
20635,train
20637,train
20638,train
20639,val
20641,val
20642,train
20643,train
20644,val
20645,train
20647,train
20648,train
20649,train
20650,val
20651,train
20652,train
20653,val
20655,train
20657,train
20658,train
20659,train
20660,val
20662,train
20663,train
20667,train
20668,val
20669,val
20670,train
20672,val
20673,val
20674,train
20675,val
20676,train
20677,val
20678,train
20679,train
20680,train
20681,train
20682,val
20683,val
20684,train
20685,train
20686,train
20687,train
20688,val
20689,train
20690,train
20691,train
20692,train
20693,val
20696,train
20697,train
20698,train
20699,train
20700,val
20701,val
20702,val
20703,val
20706,val
20708,train
20709,train
20713,train
20715,train
20716,train
20717,train
20718,train
20719,val
20720,train
20721,train
20723,val
20724,train
20725,val
20726,train
20727,train
20728,train
20729,train
20730,train
20731,train
20733,train
20734,train
20735,val
20736,val
20737,train
20739,train
20740,train
20741,train
20742,train
20743,train
20744,train
20748,train
20749,train
20750,train
20752,train
20753,val
20754,val
20756,train
20757,train
20758,train
20759,train
20760,train
20761,train
20764,train
20765,val
20766,train
20767,train
20768,val
20770,val
20771,train
20772,train
20773,train
20775,train
20776,train
20777,val
20778,val
20779,train
20781,train
20785,train
20786,train
20787,train
20788,train
20789,train
20790,train
20791,val
20792,train
20793,train
20794,val
20795,train
20796,train
20797,train
20798,val
20799,train
20800,train
20801,train
20802,train
20803,train
20804,train
20805,train
20806,train
20807,train
20808,train
20809,train
20810,train
20813,train
20815,train
20816,val
20817,train
20818,train
20819,train
20820,train
20821,train
20822,train
20823,train
20824,train
20826,train
20829,train
20831,train
20832,train
20834,val
20836,val
20837,train
20838,train
20839,train
20840,train
20841,train
20842,train
20844,train
20845,train
20848,train
20850,train
20852,train
20853,train
20854,train
20855,train
20856,train
20857,train
20859,train
20860,train
20861,train
20862,train
20864,val
20865,train
20866,val
20867,train
20868,val
20869,train
20871,train
20872,train
20873,train
20874,train
20876,train
20877,train
20878,train
20880,train
20882,train
20883,train
20884,train
20885,train
20886,train
20888,train
20889,train
20890,val
20891,train
20893,train
20894,val
20896,val
20897,train
20898,val
20899,train
20900,train
20901,train
20902,train
20904,val
20906,train
20909,train
20910,train
20911,train
20913,train
20914,train
20916,train
20919,train
20920,train
20921,train
20922,train
20926,train
20928,val
20929,train
20930,train
20931,train
20932,train
20933,val
20934,train
20936,train
20938,val
20939,val
20940,val
20941,train
20942,train
20944,train
20946,train
20947,train
20948,train
20951,train
20952,train
20953,val
20954,train
20955,val
20956,val
20957,train
20958,val
20959,train
20960,train
20961,train
20962,train
20963,train
20965,train
20966,train
20967,train
20968,val
20969,val
20971,train
20972,val
20973,train
20974,train
20975,train
20976,val
20977,train
20978,val
20979,train
20981,train
20982,train
20983,val
20984,train
20985,val
20986,train
20987,train
20988,train
20989,train
20992,train
20993,train
20994,train
20995,train
20997,train
20998,train
20999,train
21001,val
21003,train
21005,train
21006,train
21007,train
21008,train
21009,train
21010,train
21012,train
21013,train
21016,train
21017,train
21018,train
21019,train
21020,val
21021,train
21023,train
21024,train
21025,train
21027,train
21028,train
21029,train
21030,train
21031,train
21032,train
21033,train
21034,train
21035,train
21036,train
21040,train
21041,train
21042,train
21043,train
21044,train
21045,train
21046,val
21047,train
21048,train
21049,train
21050,train
21051,train
21052,train
21053,train
21054,train
21055,train
21056,train
21057,val
21058,train
21059,val
21060,train
21062,train
21064,train
21066,val
21067,train
21068,train
21070,val
21072,val
21073,train
21074,train
21075,train
21076,train
21077,train
21078,train
21079,train
21080,val
21081,train
21082,train
21083,val
21085,train
21088,train
21090,val
21091,train
21092,train
21093,val
21096,train
21097,val
21099,train
21100,train
21101,val
21102,train
21104,train
21107,val
21110,train
21113,train
21114,train
21115,val
21116,train
21117,train
21118,train
21119,train
21121,train
21122,train
21123,train
21124,train
21126,train
21127,val
21128,train
21129,train
21130,train
21131,train
21132,train
21133,train
21134,train
21135,train
21136,train
21137,train
21138,train
21139,train
21140,val
21143,train
21145,train
21147,train
21148,train
21149,train
21151,train
21152,train
21153,val
21154,train
21155,train
21156,train
21157,train
21158,train
21160,train
21161,train
21162,val
21163,train
21164,train
21167,train
21168,train
21169,val
21170,train
21171,train
21172,train
21173,val
21174,train
21175,train
21176,train
21177,train
21178,train
21179,val
21181,train
21182,train
21184,train
21185,train
21188,train
21190,train
21191,train
21192,train
21195,train
21196,train
21197,train
21198,train
21199,train
21200,train
21201,train
21202,train
21203,train
21204,val
21206,val
21207,val
21212,train
21213,train
21215,train
21216,train
21217,train
21218,val
21219,train
21220,train
21222,train
21223,train
21224,train
21225,train
21226,val
21227,train
21229,train
21230,val
21231,train
21232,val
21233,val
21234,train
21236,train
21237,train
21238,train
21240,train
21241,train
21243,train
21246,train
21247,val
21248,train
21249,train
21250,train
21252,val
21253,train
21254,train
21255,train
21256,train
21257,train
21258,train
21259,train
21261,train
21262,train
21263,train
21264,train
21265,train
21266,train
21268,train
21270,train
21271,val
21272,val
21273,val
21274,train
21276,val
21277,val
21278,train
21279,train
21280,train
21283,train
21284,train
21285,train
21288,val
21289,train
21290,train
21291,train
21293,train
21295,train
21296,train
21297,train
21298,train
21299,train
21300,train
21301,val
21302,train
21303,train
21304,train
21306,train
21307,train
21308,train
21309,val
21310,train
21311,train
21312,train
21313,train
21314,train
21315,train
21316,train
21317,train
21318,train
21319,train
21320,train
21321,train
21322,train
21324,val
21325,train
21326,train
21327,train
21328,val
21330,val
21333,train
21335,train
21336,train
21337,train
21338,train
21339,train
21341,train
21342,train
21343,train
21345,val
21349,train
21350,val
21351,train
21352,train
21353,train
21355,train
21356,train
21357,val
21358,train
21359,train
21360,train
21361,train
21362,train
21363,train
21364,train
21366,train
21370,train
21372,train
21373,train
21374,train
21375,train
21376,train
21378,train
21380,train
21384,val
21385,train
21386,val
21388,train
21389,train
21391,train
21392,train
21393,train
21396,train
21398,train
21403,train
21404,train
21407,train
21408,val
21410,train
21413,train
21414,train
21415,train
21417,train
21418,train
21419,train
21420,train
21423,train
21424,val
21426,train
21427,train
21429,train
21430,train
21432,val
21433,train
21435,train
21437,train
21438,train
21439,train
21440,train
21441,train
21442,train
21443,train
21445,train
21446,train
21447,train
21449,train
21450,train
21451,val
21452,train
21454,train
21455,train
21456,val
21458,train
21459,train
21460,train
21462,train
21463,train
21464,train
21465,val
21466,train
21467,val
21468,val
21469,train
21470,train
21471,train
21472,train
21473,train
21474,train
21475,train
21477,train
21478,train
21479,train
21481,train
21482,train
21483,train
21485,train
21486,val
21487,train
21488,train
21491,train
21492,train
21493,train
21495,train
21497,train
21498,val
21499,train
21500,train
21501,train
21502,val
21503,train
21504,train
21505,train
21507,train
21509,train
21510,train
21511,train
21512,train
21513,train
21514,train
21518,train
21519,train
21520,val
21521,train
21522,val
21523,train
21525,val
21526,train
21527,train
21528,val
21529,train
21530,train
21531,train
21532,train
21533,train
21534,train
21535,train
21536,val
21537,train
21538,val
21539,val
21540,train
21541,val
21542,train
21544,train
21545,train
21546,train
21547,train
21548,train
21549,train
21550,train
21551,train
21552,train
21553,train
21554,train
21555,train
21556,train
21557,train
21560,val
21561,val
21562,train
21563,val
21564,train
21565,train
21567,train
21568,train
21569,train
21570,train
21571,train
21573,train
21574,train
21576,train
21577,train
21579,train
21580,train
21581,train
21582,train
21583,train
21584,train
21585,val
21586,train
21587,val
21588,train
21590,train
21591,train
21592,train
21593,val
21594,train
21597,train
21598,train
21599,train
21600,train
21601,train
21602,train
21603,val
21604,train
21606,train
21607,train
21608,train
21609,train
21610,train
21611,train
21612,train
21613,train
21614,train
21615,train
21616,train
21617,train
21618,train
21619,val
21620,train
21622,train
21623,val
21624,train
21625,train
21626,train
21627,train
21629,train
21631,train
21633,train
21634,train
21635,val
21636,train
21637,val
21638,train
21639,train
21640,val
21641,train
21642,train
21644,train
21646,train
21647,train
21648,train
21649,train
21650,train
21651,train
21653,train
21654,train
21655,train
21656,train
21657,train
21658,train
21659,train
21662,train
21663,train
21667,train
21668,train
21670,val
21671,train
21672,train
21677,val
21678,train
21679,train
21681,train
21682,train
21683,train
21684,val
21685,train
21686,train
21687,val
21689,train
21690,train
21691,train
21692,train
21694,train
21696,train
21698,train
21700,train
21701,train
21702,train
21703,train
21704,train
21708,train
21710,train
21713,val
21714,train
21715,train
21716,train
21718,train
21719,val
21720,val
21721,train
21723,val
21724,val
21725,val
21727,train
21728,train
21729,val
21730,train
21733,train
21734,train
21735,train
21736,val
21737,val
21738,train
21739,train
21740,train
21741,val
21742,train
21743,train
21746,val
21747,val
21748,train
21749,train
21750,train
21751,train
21753,train
21754,val
21755,train
21756,train
21757,train
21758,train
21760,train
21761,train
21762,train
21764,train
21766,train
21767,train
21768,train
21769,train
21770,train
21771,train
21773,train
21774,train
21775,train
21776,train
21777,train
21778,train
21780,val
21781,train
21782,train
21783,val
21784,train
21785,val
21786,train
21788,train
21789,train
21791,train
21792,train
21795,train
21796,train
21797,train
21798,train
21800,train
21801,val
21802,train
21803,train
21804,val
21805,train
21806,train
21807,train
21808,train
21810,train
21811,train
21812,train
21813,train
21814,train
21815,train
21817,val
21818,train
21820,train
21821,train
21823,train
21824,train
21825,train
21826,train
21827,train
21828,train
21829,train
21830,train
21831,train
21832,train
21833,train
21834,train
21835,val
21836,train
21840,train
21841,train
21842,train
21843,train
21844,train
21845,train
21847,train
21850,train
21851,train
21852,train
21853,train
21854,train
21855,train
21857,train
21859,train
21860,train
21861,train
21862,train
21863,train
21864,train
21865,train
21867,train
21868,train
21869,train
21871,train
21872,train
21874,train
21875,train
21876,train
21877,train
21879,val
21880,val
21882,train
21883,train
21884,train
21885,train
21886,train
21888,val
21889,train
21891,val
21892,train
21893,val
21894,val
21895,train
21896,train
21898,train
21899,train
21900,train
21901,train
21903,train
21904,train
21905,val
21906,train
21907,train
21908,train
21910,train
21911,val
21912,train
21913,val
21914,train
21916,train
21917,train
21919,train
21921,train
21922,train
21925,train
21926,train
21927,train
21928,train
21930,val
21931,train
21932,val
21934,train
21935,train
21936,train
21937,train
21938,train
21939,train
21940,train
21941,train
21942,train
21943,train
21945,train
21948,train
21949,train
21950,train
21951,val
21952,val
21954,train
21955,train
21956,train
21957,train
21958,train
21960,train
21961,train
21962,train
21963,val
21964,train
21965,train
21966,train
21967,train
21968,train
21970,train
21971,val
21973,train
21974,train
21976,train
21977,train
21980,train
21981,train
21982,train
21983,val
21984,val
21985,train
21986,train
21987,train
21988,train
21989,val
21990,train
21991,train
21992,train
21993,train
21994,train
21995,train
21997,train
21998,train
21999,train
22000,train
22002,train
22003,val
22004,train
22005,train
22006,train
22007,train
22008,train
22009,train
22010,train
22011,train
22012,train
22013,train
22014,val
22015,train
22018,train
22019,train
22020,val
22021,val
22023,train
22024,val
22025,val
22026,train
22027,train
22030,train
22031,train
22032,train
22035,train
22036,train
22038,val
22039,train
22041,train
22043,train
22046,train
22047,train
22049,train
22050,val
22051,train
22052,train
22053,val
22055,train
22059,train
22060,train
22061,train
22062,train
22063,train
22064,train
22066,train
22067,train
22068,train
22070,val
22071,val
22072,train
22074,train
22076,train
22078,train
22079,train
22081,train
22083,train
22086,train
22088,train
22090,val
22091,train
22094,train
22095,train
22096,train
22098,val
22102,train
22103,train
22104,train
22105,train
22106,train
22107,train
22108,train
22110,train
22112,val
22116,train
22119,train
22120,train
22121,train
22122,train
22123,train
22124,train
22125,train
22126,train
22127,train
22129,val
22130,train
22133,train
22134,train
22135,train
22136,train
22137,train
22138,val
22141,val
22142,train
22143,train
22145,train
22146,train
22147,train
22148,train
22149,train
22150,train
22151,train
22152,train
22153,train
22154,train
22155,train
22156,train
22157,train
22159,train
22160,train
22165,train
22166,val
22167,train
22168,train
22169,train
22170,train
22171,val
22173,train
22174,val
22175,train
22177,val
22178,train
22180,train
22183,train
22186,train
22189,train
22190,train
22191,val
22192,val
22193,train
22194,train
22195,train
22198,train
22199,val
22200,train
22201,train
22202,train
22203,train
22204,train
22205,train
22206,train
22207,train
22208,train
22209,train
22210,train
22211,train
22212,train
22214,train
22215,train
22216,train
22217,train
22218,train
22219,train
22220,train
22224,train
22228,train
22229,train
22230,val
22231,train
22232,train
22233,train
22234,val
22235,train
22237,train
22240,train
22242,val
22245,train
22246,train
22247,val
22249,train
22250,train
22251,train
22252,train
22254,val
22256,train
22258,train
22260,train
22261,train
22262,train
22263,train
22264,train
22265,train
22266,train
22268,train
22270,train
22274,val
22275,train
22277,train
22278,train
22280,train
22282,val
22283,train
22284,train
22285,train
22287,train
22289,train
22290,train
22291,train
22293,train
22294,train
22295,val
22296,train
22297,train
22298,train
22299,train
22302,train
22303,val
22304,train
22305,train
22306,train
22307,train
22309,train
22310,val
22311,train
22312,train
22313,train
22314,train
22315,train
22316,train
22319,train
22320,val
22323,val
22324,train
22325,train
22326,val
22327,train
22330,train
22332,train
22335,train
22336,train
22339,val
22340,train
22341,train
22343,train
22344,train
22345,val
22347,train
22349,train
22350,train
22351,train
22352,train
22353,train
22355,train
22356,train
22357,train
22360,train
22362,train
22363,train
22364,train
22365,train
22366,train
22367,val
22371,train
22373,train
22374,train
22377,train
22380,val
22383,train
22384,val
22385,train
22386,train
22387,val
22388,train
22389,train
22390,val
22391,train
22392,train
22393,train
22395,train
22396,train
22397,train
22398,train
22399,train
22400,val
22401,train
22402,train
22403,train
22407,train
22408,train
22409,train
22411,train
22412,val
22414,train
22415,train
22416,train
22417,train
22418,val
22419,train
22421,train
22422,train
22424,train
22426,train
22427,train
22429,train
22430,train
22432,train
22433,train
22435,train
22436,train
22437,train
22438,val
22439,train
22441,train
22442,train
22443,train
22444,train
22445,train
22446,train
22447,train
22448,train
22450,train
22451,train
22454,train
22455,val
22456,train
22457,train
22460,val
22461,train
22462,train
22463,train
22465,train
22467,train
22468,train
22469,train
22470,train
22471,train
22472,train
22473,train
22474,train
22476,val
22477,val
22478,val
22479,train
22481,train
22483,train
22484,train
22485,train
22488,train
22491,train
22492,train
22495,val
22497,train
22498,train
22499,train
22501,train
22502,train
22503,val
22504,train
22505,train
22507,train
22508,train
22509,train
22510,train
22511,train
22512,train
22513,train
22514,train
22515,train
22517,train
22518,val
22519,train
22521,train
22522,train
22523,train
22524,train
22525,train
22526,val
22528,train
22529,train
22531,train
22532,train
22533,train
22536,train
22537,train
22538,train
22539,train
22540,train
22541,train
22542,train
22543,train
22545,train
22548,train
22549,train
22550,train
22551,val
22552,train
22553,train
22554,train
22555,train
22556,train
22558,train
22560,train
22562,train
22563,train
22564,val
22565,train
22568,train
22569,train
22571,train
22572,train
22573,train
22575,val
22576,train
22577,val
22578,train
22579,train
22580,train
22581,train
22582,train
22583,train
22585,train
22586,train
22587,train
22593,train
22594,val
22595,train
22597,val
22599,train
22601,train
22605,train
22606,val
22607,train
22608,train
22609,train
22611,train
22612,train
22613,train
22614,train
22615,val
22618,val
22619,train
22621,train
22622,train
22624,train
22626,train
22627,train
22628,val
22632,train
22633,train
22637,train
22639,train
22640,train
22641,train
22642,val
22643,train
22644,train
22645,train
22646,train
22648,val
22649,train
22650,train
22651,train
22652,train
22654,train
22656,train
22657,val
22658,train
22659,train
22660,train
22661,train
22662,train
22664,train
22665,train
22667,train
22668,train
22669,val
22670,train
22671,train
22672,train
22673,train
22674,train
22675,train
22676,train
22677,val
22678,val
22679,val
22680,train
22681,train
22682,train
22685,train
22687,val
22688,train
22689,train
22690,val
22691,train
22692,train
22693,train
22694,train
22695,train
22697,train
22699,train
22700,train
22701,val
22702,train
22704,train
22706,train
22707,train
22708,train
22710,train
22711,train
22712,train
22713,train
22714,train
22715,train
22716,train
22717,val
22718,val
22720,val
22721,train
22722,val
22723,train
22724,val
22725,train
22726,train
22727,train
22728,train
22729,train
22730,train
22732,train
22733,train
22735,train
22736,train
22737,train
22739,train
22740,val
22743,train
22745,train
22746,train
22747,train
22748,train
22749,train
22751,train
22752,train
22754,train
22755,val
22757,val
22758,train
22759,val
22761,train
22762,val
22763,train
22764,train
22767,train
22768,train
22769,train
22772,val
22773,train
22774,train
22775,train
22776,train
22777,train
22778,val
22779,train
22780,train
22782,train
22783,train
22784,train
22785,val
22786,train
22787,train
22790,val
22791,train
22792,train
22794,train
22796,train
22797,val
22798,val
22799,train
22800,train
22801,train
22804,train
22807,train
22808,train
22809,val
22810,val
22811,train
22812,val
22813,train
22814,train
22816,val
22817,train
22818,train
22820,train
22821,val
22823,train
22824,train
22825,train
22826,val
22827,train
22828,train
22829,train
22830,train
22833,train
22834,train
22838,train
22839,train
22840,train
22841,train
22843,train
22844,train
22845,train
22846,train
22847,train
22848,train
22849,train
22851,train
22853,train
22854,train
22856,val
22857,train
22858,train
22860,train
22861,val
22864,val
22865,train
22866,train
22867,train
22868,train
22870,train
22872,train
22873,train
22874,val
22875,train
22876,train
22877,train
22878,train
22880,val
22881,val
22883,val
22884,val
22886,val
22887,train
22888,val
22892,train
22893,train
22895,val
22896,train
22897,train
22898,val
22899,train
22900,train
22901,val
22904,train
22905,train
22906,train
22908,train
22909,train
22910,train
22911,train
22912,train
22914,train
22915,train
22916,train
22918,train
22922,val
22923,val
22924,train
22925,train
22926,train
22928,val
22930,train
22932,train
22933,train
22935,train
22936,train
22937,train
22938,val
22939,val
22940,train
22942,train
22943,val
22944,val
22945,train
22946,train
22948,val
22949,train
22950,train
22951,train
22952,train
22953,val
22954,train
22955,train
22957,train
22958,train
22961,train
22962,val
22963,val
22966,train
22967,train
22968,train
22969,val
22971,train
22972,train
22974,train
22976,val
22977,train
22978,train
22980,val
22982,val
22983,train
22984,train
22985,train
22986,train
22987,train
22988,val
22989,val
22992,train
22993,train
22994,train
22995,train
22996,train
22997,train
22998,train
22999,train
23000,val
23001,train
23002,train
23004,train
23005,train
23006,train
23007,val
23009,val
23010,val
23011,val
23012,train
23013,train
23014,train
23015,train
23016,val
23017,val
23018,val
23019,val
23020,train
23021,train
23023,train
23025,train
23027,train
23028,train
23029,val
23030,train
23031,train
23032,train
23033,train
23034,val
23036,val
23037,train
23038,val
23039,train
23040,train
23042,train
23043,train
23044,train
23045,train
23046,train
23049,train
23050,train
23051,train
23052,train
23053,train
23054,val
23055,val
23056,train
23057,train
23058,train
23059,train
23061,train
23062,train
23063,train
23065,val
23066,train
23068,train
23069,train
23070,val
23071,val
23072,train
23074,val
23075,val
23076,train
23077,val
23078,train
23079,train
23080,train
23081,train
23082,train
23083,train
23084,val
23085,train
23086,train
23088,train
23089,train
23090,train
23091,train
23092,train
23094,train
23095,train
23096,train
23097,train
23098,val
23099,train
23102,train
23103,val
23104,train
23106,train
23107,train
23109,train
23110,train
23113,train
23114,train
23116,train
23117,train
23122,train
23123,val
23124,val
23125,train
23127,train
23128,train
23130,train
23132,train
23134,train
23136,train
23137,val
23138,train
23143,train
23144,train
23145,train
23146,val
23147,val
23150,train
23151,train
23153,train
23155,val
23157,train
23158,val
23161,train
23162,train
23163,train
23165,train
23166,val
23167,train
23168,train
23169,train
23170,train
23171,val
23172,train
23173,train
23174,train
23175,train
23176,val
23177,train
23179,train
23180,val
23181,train
23182,train
23185,train
23187,train
23188,train
23190,train
23192,train
23195,train
23197,val
23198,train
23199,train
23200,train
23201,train
23202,train
23203,train
23204,train
23205,train
23206,train
23207,val
23208,val
23214,train
23215,val
23217,train
23218,train
23219,train
23220,train
23221,train
23223,val
23225,train
23227,val
23228,train
23230,val
23231,val
23232,train
23233,train
23235,train
23236,val
23237,train
23238,train
23240,train
23241,val
23242,train
23243,train
23244,val
23245,train
23246,train
23248,train
23249,train
23250,train
23251,train
23253,train
23254,val
23255,train
23256,train
23257,train
23258,train
23260,train
23262,train
23263,train
23264,train
23265,val
23266,train
23268,train
23269,train
23271,train
23272,train
23273,val
23274,train
23275,train
23276,train
23277,train
23281,train
23282,val
23283,train
23284,train
23286,train
23287,train
23288,train
23289,val
23290,train
23291,val
23292,train
23293,val
23295,train
23296,train
23297,val
23298,train
23299,train
23300,train
23302,val
23303,train
23304,train
23305,train
23307,train
23308,train
23309,train
23310,train
23311,train
23312,val
23313,train
23314,train
23315,train
23316,train
23318,train
23320,train
23321,val
23322,val
23324,train
23325,train
23326,train
23328,train
23331,val
23332,train
23333,train
23334,train
23336,train
23337,train
23338,train
23339,train
23340,train
23341,train
23342,train
23343,train
23344,train
23345,train
23346,train
23347,val
23348,train
23349,train
23350,train
23351,val
23352,train
23353,train
23354,val
23355,train
23356,train
23357,train
23358,train
23359,train
23360,val
23361,train
23362,train
23363,train
23364,train
23367,train
23368,train
23369,train
23370,val
23371,train
23373,train
23374,train
23375,train
23377,train
23379,train
23380,train
23382,train
23384,train
23385,train
23386,train
23388,train
23389,train
23390,train
23392,train
23393,val
23394,val
23395,train
23396,train
23398,train
23399,train
23400,train
23401,train
23402,train
23406,train
23407,train
23408,train
23409,train
23410,train
23413,train
23415,train
23416,train
23417,val
23418,val
23419,train
23420,train
23421,train
23422,train
23423,train
23425,train
23426,train
23427,val
23428,train
23430,train
23431,train
23432,val
23433,train
23434,train
23435,train
23437,train
23440,train
23441,train
23442,train
23443,train
23444,val
23445,train
23446,val
23447,train
23449,train
23450,train
23451,train
23452,val
23453,train
23454,train
23456,train
23457,train
23458,train
23459,train
23461,train
23464,train
23465,train
23466,val
23467,train
23468,train
23469,train
23470,train
23472,val
23474,train
23476,train
23477,train
23478,train
23479,val
23480,train
23483,train
23484,train
23485,train
23486,train
23487,train
23490,train
23491,train
23492,train
23493,train
23496,train
23497,train
23498,train
23499,train
23500,val
23501,train
23502,train
23503,val
23505,train
23506,val
23507,train
23508,train
23510,train
23511,train
23512,val
23513,train
23515,val
23518,train
23519,val
23520,train
23521,train
23524,train
23525,train
23526,train
23527,train
23530,val
23531,train
23532,train
23533,train
23534,val
23535,train
23536,train
23538,val
23539,train
23540,train
23541,train
23542,train
23543,train
23544,train
23545,train
23546,train
23547,train
23550,train
23552,train
23553,val
23554,train
23555,train
23556,train
23559,train
23561,train
23562,train
23563,train
23564,train
23567,train
23568,train
23569,train
23570,val
23573,train
23575,train
23576,train
23577,train
23578,train
23579,train
23580,train
23582,val
23584,train
23586,val
23587,train
23589,train
23590,train
23591,train
23592,train
23593,train
23594,train
23596,val
23598,train
23599,train
23600,val
23602,train
23603,train
23604,train
23609,val
23611,train
23613,train
23615,train
23617,train
23618,train
23619,train
23620,train
23621,val
23622,train
23623,train
23625,train
23626,train
23627,train
23629,train
23630,train
23631,train
23632,train
23633,val
23636,val
23637,train
23638,train
23641,train
23642,val
23645,train
23646,train
23647,val
23648,train
23650,train
23651,train
23652,val
23653,train
23655,train
23656,train
23657,val
23658,train
23659,train
23660,val
23661,train
23662,train
23664,val
23665,train
23666,train
23667,train
23668,train
23670,train
23671,train
23672,train
23673,train
23674,train
23675,val
23676,train
23677,val
23678,val
23682,val
23685,train
23686,train
23689,train
23691,train
23692,train
23693,train
23694,val
23697,val
23699,train
23700,train
23701,train
23705,train
23706,val
23707,train
23708,val
23709,train
23710,train
23711,train
23712,train
23713,train
23714,train
23715,train
23718,train
23719,train
23720,val
23721,val
23722,train
23723,val
23725,val
23726,train
23727,train
23729,train
23730,train
23731,train
23732,train
23733,train
23734,train
23735,train
23736,train
23737,train
23739,val
23740,train
23741,train
23742,val
23743,train
23744,train
23747,val
23748,train
23749,train
23750,train
23751,train
23752,train
23753,train
23756,train
23757,train
23759,train
23760,train
23762,train
23763,train
23764,train
23765,train
23766,train
23767,train
23770,train
23771,val
23772,val
23773,train
23774,train
23776,train
23777,train
23778,train
23779,train
23780,train
23782,val
23784,val
23785,train
23786,train
23787,train
23790,train
23791,train
23792,train
23793,train
23795,train
23796,train
23798,train
23799,train
23800,val
23801,train
23802,val
23803,train
23804,train
23807,train
23808,train
23809,train
23810,train
23811,train
23812,val
23813,train
23814,train
23815,val
23817,train
23818,val
23819,train
23820,val
23821,train
23823,train
23824,train
23825,val
23827,val
23828,train
23829,train
23830,train
23831,val
23832,val
23833,train
23834,train
23835,train
23836,train
23837,val
23838,train
23839,train
23841,train
23842,val
23843,train
23844,train
23845,train
23846,train
23847,train
23849,train
23853,train
23854,train
23855,train
23856,val
23857,train
23858,train
23860,train
23861,train
23862,train
23863,train
23864,train
23865,train
23866,train
23867,train
23868,train
23869,val
23870,val
23871,train
23872,train
23873,train
23874,train
23875,train
23876,train
23877,train
23879,train
23880,train
23881,train
23882,train
23883,train
23884,train
23885,train
23886,train
23887,train
23889,val
23890,train
23891,train
23892,val
23893,train
23894,train
23895,val
23896,train
23898,train
23899,train
23900,val
23902,val
23903,train
23904,train
23906,train
23907,val
23908,train
23910,train
23911,train
23912,train
23914,val
23916,train
23917,train
23918,train
23920,train
23921,train
23922,train
23924,train
23925,train
23927,train
23928,train
23929,train
23931,train
23932,val
23933,train
23934,train
23936,train
23940,train
23941,train
23942,train
23943,val
23947,val
23949,train
23950,train
23951,train
23952,train
23954,train
23956,train
23958,train
23959,train
23960,val
23962,val
23963,train
23964,train
23966,train
23968,train
23970,train
23971,train
23974,train
23975,val
23976,train
23977,train
23978,val
23979,train
23981,train
23985,train
23987,train
23988,train
23989,train
23990,train
23991,train
23992,train
23993,train
23994,train
23995,train
23996,val
23997,train
23998,train
23999,train
24000,train
24001,train
24002,train
24004,train
24005,train
24007,train
24008,val
24009,train
24012,train
24013,train
24015,train
24016,train
24017,val
24018,train
24020,val
24021,train
24022,train
24023,train
24024,train
24025,train
24026,train
24027,train
24029,val
24030,train
24031,val
24032,train
24034,val
24036,val
24037,train
24038,train
24039,val
24040,train
24044,train
24046,val
24047,train
24049,train
24051,train
24052,train
24053,val
24054,train
24055,train
24056,train
24058,train
24059,train
24060,train
24061,train
24063,train
24064,train
24068,train
24069,val
24070,train
24071,train
24073,train
24074,train
24075,train
24077,train
24078,train
24079,train
24080,train
24081,train
24082,val
24084,train
24086,train
24087,val
24088,train
24091,train
24093,train
24094,train
24095,val
24097,train
24098,train
24099,train
24101,val
24102,train
24104,train
24105,val
24106,train
24107,train
24108,train
24109,train
24110,train
24111,train
24112,train
24113,val
24114,train
24115,train
24116,train
24117,train
24118,train
24119,train
24120,train
24122,train
24123,train
24124,train
24126,train
24127,train
24128,train
24130,train
24131,train
24132,train
24133,train
24134,val
24135,val
24136,val
24137,train
24138,train
24139,train
24140,train
24141,val
24142,train
24143,train
24144,train
24146,train
24147,val
24148,val
24150,val
24151,train
24152,train
24153,train
24154,train
24155,train
24156,train
24157,val
24158,train
24162,train
24163,train
24166,train
24167,train
24168,train
24169,train
24170,val
24171,train
24172,train
24173,val
24174,val
24176,train
24177,train
24178,train
24179,train
24181,val
24182,val
24185,train
24186,train
24188,val
24189,train
24192,train
24193,train
24194,train
24195,train
24196,train
24197,train
24201,train
24202,train
24203,train
24206,train
24209,train
24210,val
24211,train
24215,train
24216,train
24217,train
24218,train
24220,val
24224,train
24226,train
24227,val
24228,train
24229,train
24230,train
24232,train
24233,train
24234,train
24235,train
24236,train
24238,train
24240,val
24242,train
24243,train
24244,train
24245,train
24246,val
24247,train
24250,train
24251,train
24252,val
24254,val
24255,train
24256,train
24258,train
24260,train
24261,train
24264,train
24266,train
24267,val
24268,train
24269,val
24270,train
24271,train
24272,train
24273,train
24274,train
24275,val
24276,train
24277,train
24278,train
24279,train
24280,train
24281,val
24282,train
24283,train
24285,val
24287,train
24288,train
24289,train
24291,train
24292,train
24295,val
24297,train
24300,val
24301,train
24302,train
24303,train
24304,val
24305,train
24306,val
24307,train
24308,train
24309,val
24311,train
24312,train
24313,train
24315,train
24317,train
24318,val
24319,train
24321,train
24323,train
24324,train
24325,val
24326,train
24327,val
24331,val
24332,train
24337,train
24338,train
24339,train
24341,val
24342,val
24343,train
24346,train
24348,train
24349,train
24350,train
24351,train
24352,val
24353,train
24354,train
24355,val
24356,train
24358,val
24363,val
24364,train
24365,val
24366,train
24367,train
24369,val
24371,train
24372,train
24373,train
24375,train
24376,val
24378,train
24379,train
24381,train
24382,train
24384,val
24385,train
24386,train
24388,train
24389,train
24393,val
24395,train
24396,train
24397,train
24398,train
24399,train
24400,train
24401,val
24402,train
24403,val
24405,train
24407,train
24408,train
24410,train
24412,train
24413,train
24415,val
24417,train
24418,train
24419,val
24421,train
24422,val
24423,train
24424,val
24425,train
24426,train
24428,train
24429,val
24430,train
24433,train
24434,train
24438,train
24439,train
24440,train
24442,train
24443,val
24444,train
24445,train
24446,train
24447,train
24449,train
24451,train
24453,train
24454,train
24455,train
24456,train
24457,train
24459,val
24460,train
24463,train
24464,train
24465,train
24466,train
24467,train
24469,train
24470,train
24471,val
24473,val
24474,train
24475,train
24478,train
24479,val
24480,val
24481,val
24482,val
24483,val
24485,train
24487,train
24489,train
24492,train
24494,val
24495,train
24496,train
24497,train
24498,train
24499,val
24501,train
24503,train
24505,train
24506,val
24507,val
24508,train
24509,train
24510,val
24511,train
24513,train
24514,val
24515,train
24516,train
24517,train
24519,train
24521,val
24522,train
24523,val
24524,val
24525,val
24526,train
24527,train
24528,val
24530,train
24533,train
24534,val
24536,val
24537,val
24539,train
24540,train
24542,val
24543,val
24545,train
24546,val
24547,train
24548,train
24551,train
24552,train
24553,train
24554,train
24555,train
24556,train
24557,val
24558,train
24559,train
24562,train
24563,val
24564,train
24565,train
24566,val
24567,train
24568,train
24569,train
24570,train
24571,val
24572,train
24573,train
24574,val
24577,train
24578,train
24579,train
24582,train
24583,train
24584,train
24585,train
24586,train
24588,train
24589,train
24591,train
24592,train
24594,train
24596,train
24597,train
24598,train
24599,train
24600,train
24601,train
24603,train
24605,train
24606,train
24608,val
24609,train
24610,train
24611,train
24612,train
24615,val
24616,train
24617,train
24618,train
24619,train
24621,train
24622,train
24623,train
24624,val
24625,train
24626,train
24628,train
24629,val
24630,train
24632,train
24633,train
24634,train
24635,train
24636,val
24637,train
24640,val
24641,train
24644,val
24645,train
24646,train
24647,val
24648,train
24649,train
24650,train
24651,train
24652,train
24654,train
24655,train
24656,train
24657,train
24658,train
24659,val
24660,train
24661,train
24662,train
24663,train
24664,train
24665,train
24666,val
24667,train
24668,train
24669,val
24671,train
24672,train
24674,train
24675,train
24676,train
24677,train
24679,train
24680,train
24683,train
24684,train
24685,val
24686,val
24687,train
24688,train
24689,val
24690,train
24691,train
24692,train
24693,val
24694,val
24695,val
24696,train
24699,train
24700,train
24701,train
24704,train
24705,val
24708,train
24710,train
24711,train
24712,train
24713,val
24714,train
24716,train
24717,train
24718,train
24720,train
24721,train
24722,train
24723,val
24724,train
24725,train
24727,train
24730,train
24731,train
24732,train
24733,train
24735,train
24738,val
24739,train
24740,train
24741,train
24742,train
24743,train
24745,train
24746,val
24747,train
24748,train
24749,train
24750,train
24751,train
24752,train
24756,val
24758,val
24759,val
24760,val
24761,train
24762,train
24763,val
24768,val
24769,train
24770,train
24771,train
24772,val
24773,train
24774,val
24777,train
24778,train
24779,train
24780,val
24781,val
24783,train
24784,train
24788,val
24789,train
24790,val
24792,train
24794,train
24795,val
24796,train
24797,train
24798,train
24799,train
24800,train
24802,train
24803,train
24804,train
24805,train
24806,val
24807,val
24809,train
24810,train
24811,train
24812,train
24814,train
24815,train
24816,train
24818,val
24819,train
24820,train
24821,train
24822,train
24823,train
24824,train
24827,train
24828,train
24829,train
24831,train
24832,train
24833,train
24834,train
24835,train
24836,train
24838,train
24839,val
24840,train
24842,train
24843,train
24844,train
24845,val
24846,train
24847,train
24848,train
24851,val
24852,train
24854,train
24855,train
24856,train
24861,train
24863,train
24865,train
24866,train
24868,train
24870,train
24871,train
24872,train
24873,train
24874,val
24877,train
24878,train
24880,val
24881,train
24884,val
24885,train
24886,train
24887,train
24888,val
24889,train
24890,val
24891,val
24892,train
24893,train
24894,train
24895,train
24897,train
24898,train
24900,train
24903,val
24904,val
24905,val
24907,train
24908,train
24910,train
24911,train
24913,train
24915,train
24917,train
24918,train
24919,train
24920,train
24921,train
24922,train
24923,train
24924,val
24925,train
24927,train
24928,train
24931,train
24932,val
24933,train
24934,train
24935,train
24936,train
24938,train
24941,train
24942,train
24943,val
24944,train
24945,train
24946,train
24947,train
24948,train
24949,train
24950,train
24951,train
24952,train
24953,train
24954,val
24955,train
24956,train
24957,train
24958,train
24959,train
24960,train
24961,train
24963,train
24964,train
24965,val
24966,val
24967,train
24968,train
24969,val
24970,train
24972,train
24973,val
24975,train
24977,val
24978,train
24979,train
24980,train
24982,val
24983,train
24984,val
24985,train
24986,train
24987,train
24989,train
24990,train
24991,train
24992,val
24994,train
24997,train
24998,train
24999,train
25000,train
25001,train
25002,train
25003,train
25004,train
25005,val
25006,train
25007,train
25008,train
25009,train
25010,train
25011,val
25013,val
25014,train
25015,train
25016,train
25017,train
25018,train
25019,train
25020,train
25022,val
25023,val
25024,val
25025,train
25026,train
25027,train
25028,train
25029,train
25030,train
25032,train
25034,train
25035,train
25038,val
25039,train
25040,val
25041,train
25043,val
25044,train
25045,train
25048,train
25049,train
25050,train
25051,train
25052,val
25053,train
25054,train
25056,train
25057,val
25058,train
25059,train
25061,train
25062,train
25064,train
25065,train
25066,train
25067,train
25068,train
25069,train
25070,train
25072,train
25073,train
25074,val
25075,val
25076,val
25077,train
25079,train
25080,train
25081,train
25083,train
25084,train
25085,val
25086,train
25087,train
25088,train
25089,train
25091,train
25095,train
25096,train
25098,train
25100,train
25104,train
25105,train
25106,train
25107,train
25108,val
25109,train
25111,train
25112,train
25113,train
25114,train
25115,train
25116,train
25117,train
25118,train
25121,train
25122,train
25123,train
25126,train
25129,train
25130,train
25132,train
25133,train
25134,val
25135,train
25137,train
25138,train
25139,train
25140,train
25141,train
25142,train
25143,train
25144,train
25145,val
25147,train
25148,train
25149,train
25150,train
25151,val
25152,train
25153,val
25154,val
25155,val
25157,train
25158,train
25159,train
25160,train
25161,train
25162,train
25164,train
25167,val
25168,train
25169,val
25170,val
25171,train
25173,val
25174,val
25176,train
25177,train
25179,train
25181,val
25182,train
25183,train
25186,train
25187,train
25188,train
25189,train
25190,train
25191,val
25192,train
25193,train
25196,train
25198,train
25199,train
25201,train
25204,train
25205,train
25206,train
25208,train
25210,train
25212,train
25213,train
25214,train
25215,train
25222,train
25223,train
25224,train
25225,val
25226,train
25227,train
25229,train
25230,val
25233,train
25234,train
25235,train
25236,train
25237,train
25238,val
25239,train
25240,train
25241,train
25243,train
25244,train
25245,val
25248,val
25249,train
25250,train
25251,train
25252,train
25253,train
25254,val
25255,train
25257,train
25258,val
25259,train
25263,train
25264,train
25266,train
25267,train
25270,train
25271,train
25272,train
25273,train
25274,train
25275,train
25276,train
25277,train
25278,train
25280,train
25281,train
25282,train
25284,train
25285,train
25287,train
25288,train
25289,train
25290,train
25292,train
25294,train
25295,train
25296,train
25297,train
25298,train
25299,val
25300,train
25301,train
25302,train
25303,train
25304,train
25305,train
25306,train
25308,train
25309,train
25310,train
25312,train
25313,val
25315,train
25317,train
25318,val
25319,train
25320,train
25321,train
25322,train
25323,train
25324,train
25326,train
25327,val
25328,train
25329,train
25330,val
25331,train
25332,val
25333,val
25334,train
25335,train
25336,train
25337,train
25338,train
25339,val
25340,val
25342,train
25344,train
25345,train
25346,train
25348,train
25349,train
25350,train
25351,val
25352,train
25353,train
25354,train
25355,train
25356,train
25357,train
25359,train
25361,train
25362,val
25363,train
25364,train
25365,train
25366,train
25367,train
25368,val
25369,val
25370,val
25371,train
25372,val
25374,train
25376,val
25377,val
25378,train
25379,train
25380,train
25381,train
25382,train
25383,train
25384,train
25385,train
25386,train
25387,train
25388,val
25389,train
25390,train
25391,train
25392,val
25394,train
25396,train
25397,val
25399,train
25400,train
25401,val
25402,train
25403,train
25404,train
25406,val
25407,train
25408,train
25409,train
25410,val
25412,train
25413,train
25414,train
25415,train
25417,val
25419,train
25420,train
25421,train
25422,val
25423,train
25424,train
25425,train
25426,train
25428,train
25430,train
25431,train
25432,train
25434,train
25438,train
25439,train
25440,train
25443,train
25444,val
25445,train
25446,train
25447,val
25452,train
25453,train
25455,train
25456,train
25457,train
25458,val
25459,val
25460,val
25461,train
25462,train
25463,train
25464,val
25465,train
25466,train
25467,val
25468,train
25469,train
25470,train
25472,train
25473,train
25474,val
25475,train
25476,train
25477,train
25478,train
25479,train
25480,train
25481,val
25482,val
25483,train
25484,train
25485,train
25486,train
25487,train
25488,train
25489,val
25490,train
25492,val
25495,val
25497,val
25499,train
25500,train
25503,train
25504,train
25505,train
25506,train
25507,train
25510,train
25511,train
25513,val
25514,train
25516,train
25518,train
25519,train
25520,train
25521,train
25522,val
25523,train
25524,train
25527,train
25528,train
25529,val
25530,train
25531,train
25532,train
25533,train
25534,train
25535,train
25537,train
25538,train
25539,train
25541,train
25543,train
25544,train
25545,train
25546,val
25547,train
25548,train
25550,val
25552,train
25553,val
25554,train
25556,train
25557,train
25558,train
25560,train
25561,train
25562,train
25565,train
25567,train
25569,train
25570,train
25571,train
25572,train
25573,train
25574,train
25575,train
25577,train
25578,train
25579,train
25580,val
25582,val
25583,train
25584,train
25585,train
25587,train
25588,train
25589,val
25590,train
25592,val
25594,train
25595,train
25596,train
25597,train
25599,train
25600,train
25601,val
25602,val
25603,train
25604,val
25605,train
25607,train
25610,val
25611,train
25612,train
25614,train
25615,val
25617,train
25618,train
25619,val
25621,val
25622,train
25623,val
25624,train
25625,train
25626,train
25628,train
25629,train
25630,val
25631,train
25633,val
25634,val
25636,val
25637,val
25638,train
25639,train
25640,train
25641,val
25643,train
25644,val
25645,train
25648,val
25649,train
25650,train
25651,train
25652,train
25654,train
25655,train
25656,train
25657,train
25659,train
25660,train
25662,val
25663,val
25664,train
25666,train
25667,val
25668,train
25669,train
25670,val
25671,train
25672,train
25673,train
25674,train
25675,val
25676,train
25678,train
25679,train
25683,train
25685,train
25687,train
25688,train
25689,train
25690,val
25691,train
25692,val
25693,train
25695,train
25696,train
25698,val
25699,train
25701,train
25702,train
25705,train
25706,train
25708,train
25709,train
25711,train
25712,train
25713,train
25714,train
25716,train
25718,train
25719,val
25720,train
25721,train
25722,train
25723,train
25725,val
25727,val
25728,train
25729,train
25730,train
25731,train
25732,train
25734,train
25735,train
25736,train
25737,train
25738,val
25739,train
25740,train
25743,train
25745,train
25746,train
25748,train
25749,train
25750,train
25751,train
25752,train
25753,val
25754,train
25755,train
25756,train
25758,train
25759,train
25761,train
25763,val
25764,train
25766,train
25767,train
25768,train
25769,train
25771,train
25772,train
25773,train
25774,train
25776,train
25778,train
25779,train
25780,train
25781,val
25782,train
25784,val
25785,train
25787,train
25788,train
25790,train
25791,train
25792,train
25793,val
25794,val
25795,val
25796,val
25797,train
25798,val
25799,train
25800,train
25802,train
25806,train
25807,train
25809,train
25810,train
25811,train
25813,train
25815,train
25816,train
25818,train
25819,val
25821,train
25822,train
25823,train
25824,train
25826,train
25828,val
25829,train
25830,train
25832,val
25833,train
25834,train
25837,train
25839,train
25840,train
25841,train
25842,train
25843,val
25844,train
25845,train
25846,train
25847,train
25848,train
25849,train
25850,train
25851,val
25853,val
25854,val
25855,train
25856,train
25858,train
25859,train
25860,train
25861,train
25862,train
25863,val
25864,train
25865,val
25868,val
25870,train
25871,train
25872,val
25875,train
25878,train
25879,train
25880,train
25881,train
25882,val
25883,train
25885,train
25887,train
25890,train
25891,val
25895,train
25896,val
25897,train
25898,val
25900,train
25901,train
25902,train
25903,train
25904,val
25905,train
25906,train
25907,train
25908,train
25909,val
25910,train
25911,train
25912,train
25914,train
25917,train
25918,val
25920,train
25922,train
25923,val
25925,train
25927,val
25928,val
25929,train
25930,train
25932,train
25933,train
25934,train
25935,train
25936,train
25937,train
25938,train
25939,train
25940,train
25941,val
25942,val
25943,train
25946,val
25947,train
25948,train
25949,train
25952,train
25953,train
25954,train
25955,train
25957,val
25958,train
25959,train
25960,val
25961,train
25962,train
25964,val
25965,train
25966,train
25967,train
25968,train
25970,train
25971,train
25972,val
25973,train
25975,train
25977,train
25978,val
25979,train
25981,val
25982,train
25983,train
25987,val
25988,train
25989,train
25990,val
25991,train
25992,train
25993,train
25994,train
25995,train
25996,train
25998,train
26000,val
26002,train
26003,train
26004,train
26005,train
26006,train
26007,val
26008,val
26009,train
26010,train
26012,val
26013,train
26014,train
26015,train
26016,train
26017,train
26020,train
26021,train
26022,val
26023,train
26024,train
26025,train
26026,train
26028,train
26029,train
26030,val
26032,train
26033,train
26034,train
26035,train
26036,train
26040,train
26041,val
26042,train
26045,val
26047,train
26048,train
26050,train
26051,train
26052,train
26053,val
26054,train
26055,train
26057,train
26058,train
26059,val
26061,train
26062,train
26064,train
26066,train
26067,train
26068,train
26070,val
26071,train
26072,train
26074,train
26075,train
26076,val
26077,train
26079,train
26080,val
26081,train
26083,train
26084,train
26085,val
26086,train
26088,train
26089,train
26090,train
26091,train
26092,train
26093,train
26098,train
26099,val
26100,val
26101,val
26103,train
26104,train
26105,train
26106,train
26107,train
26108,train
26109,train
26110,train
26111,train
26112,train
26113,train
26115,train
26116,val
26119,train
26120,train
26121,train
26122,val
26123,train
26125,train
26126,train
26127,train
26128,train
26129,train
26130,val
26132,train
26133,train
26134,train
26135,train
26136,train
26138,train
26139,val
26140,train
26141,val
26142,train
26144,train
26145,train
26146,val
26147,val
26148,train
26149,train
26151,train
26152,val
26153,train
26154,train
26155,train
26156,train
26157,train
26158,train
26159,train
26160,train
26161,train
26162,train
26163,train
26164,train
26165,train
26166,val
26168,val
26170,train
26172,train
26173,train
26174,val
26175,val
26176,val
26177,train
26180,train
26181,train
26182,train
26184,train
26185,train
26186,train
26188,train
26190,train
26191,train
26192,train
26194,train
26195,val
26197,train
26198,train
26199,train
26200,train
26202,train
26203,train
26205,train
26207,train
26208,train
26209,val
26210,train
26211,train
26212,train
26213,train
26215,train
26217,train
26218,train
26219,train
26220,train
26222,val
26223,train
26224,train
26225,train
26226,train
26228,train
26229,train
26230,train
26231,train
26232,val
26233,train
26234,train
26235,train
26237,train
26238,val
26239,train
26242,val
26243,train
26244,train
26245,train
26246,train
26247,val
26248,train
26249,train
26250,train
26251,train
26252,train
26253,train
26254,train
26255,train
26256,train
26257,train
26259,train
26260,train
26261,train
26262,train
26263,train
26264,train
26265,train
26266,train
26268,val
26269,train
26271,train
26272,train
26273,train
26275,train
26276,train
26277,train
26278,train
26279,train
26281,train
26282,val
26283,train
26285,train
26286,train
26287,train
26288,train
26289,train
26290,train
26291,val
26292,train
26293,train
26294,train
26295,val
26296,val
26297,train
26298,val
26300,train
26301,train
26302,train
26303,train
26304,train
26305,train
26306,train
26308,val
26309,train
26311,train
26312,train
26315,val
26317,train
26318,train
26319,train
26320,train
26321,train
26323,train
26324,train
26325,train
26328,train
26332,train
26333,train
26334,train
26335,train
26336,train
26338,train
26339,train
26340,val
26341,train
26342,val
26343,train
26345,val
26347,train
26348,train
26349,train
26350,train
26351,train
26352,train
26353,train
26355,train
26357,train
26358,train
26359,train
26360,train
26361,train
26362,train
26363,train
26364,train
26365,train
26366,train
26367,train
26368,train
26369,train
26370,train
26371,train
26372,train
26373,train
26374,train
26375,train
26376,train
26377,train
26378,train
26379,train
26380,train
26381,train
26382,train
26383,train
26384,train
26385,train
26386,train
26387,val
26388,val
26390,train
26391,val
26392,train
26393,train
26394,train
26395,train
26396,val
26397,train
26398,train
26399,train
26400,train
26401,train
26402,val
26404,train
26406,train
26407,train
26408,train
26409,train
26410,val
26411,train
26412,train
26413,train
26414,train
26416,val
26417,train
26418,train
26419,train
26420,train
26422,train
26423,train
26424,train
26425,train
26426,train
26429,train
26430,train
26431,train
26432,train
26433,val
26436,train
26437,train
26438,val
26439,train
26440,train
26441,train
26443,train
26444,train
26446,train
26448,val
26450,val
26452,train
26453,train
26455,val
26456,train
26457,train
26458,val
26459,train
26460,train
26461,train
26463,train
26464,train
26466,train
26467,train
26468,val
26470,val
26471,train
26472,train
26473,train
26474,train
26475,train
26477,train
26478,train
26481,train
26482,val
26483,train
26484,train
26485,train
26486,train
26487,train
26488,val
26489,train
26490,train
26491,train
26492,train
26493,train
26494,train
26496,train
26499,train
26500,val
26501,train
26502,train
26504,train
26505,train
26506,val
26507,val
26508,train
26510,train
26511,train
26513,train
26514,train
26515,train
26516,train
26517,train
26520,train
26522,train
26523,train
26525,train
26526,train
26528,train
26529,train
26530,train
26531,train
26532,train
26533,val
26534,train
26536,train
26537,train
26538,train
26540,train
26541,train
26543,train
26544,train
26545,val
26546,val
26547,val
26548,val
26550,train
26551,train
26552,train
26553,train
26555,train
26556,val
26557,val
26558,train
26560,val
26563,train
26564,train
26565,train
26566,train
26568,train
26569,train
26571,train
26572,train
26573,train
26574,val
26575,train
26576,train
26577,val
26578,train
26579,val
26580,val
26581,train
26582,train
26583,train
26585,train
26586,val
26587,train
26589,train
26590,val
26591,train
26592,val
26594,train
26595,train
26600,train
26601,train
26602,val
26603,train
26604,train
26605,train
26606,train
26607,val
26608,val
26610,train
26612,train
26613,train
26614,train
26615,val
26616,train
26619,train
26620,train
26622,train
26623,train
26624,val
26625,train
26627,val
26629,train
26630,train
26632,train
26633,train
26634,val
26635,train
26636,train
26637,val
26638,train
26639,train
26641,train
26643,val
26645,train
26646,train
26647,train
26648,train
26650,train
26651,train
26652,train
26653,train
26654,val
26655,train
26657,val
26658,val
26659,train
26660,train
26661,train
26662,val
26663,train
26665,val
26666,train
26667,val
26668,val
26669,train
26670,train
26671,train
26672,train
26674,train
26675,val
26676,train
26677,train
26678,train
26679,val
26680,train
26681,train
26682,train
26683,val
26684,train
26686,train
26688,train
26691,val
26692,train
26693,train
26694,train
26695,train
26696,train
26697,train
26700,train
26702,train
26703,train
26704,train
26705,val
26706,train
26707,train
26708,train
26709,train
26710,train
26712,train
26713,train
26714,val
26715,val
26716,train
26717,train
26718,val
26719,val
26721,train
26722,train
26723,train
26725,train
26728,train
26729,val
26730,val
26731,val
26733,train
26736,train
26737,train
26741,val
26742,val
26743,val
26744,train
26745,val
26746,train
26747,train
26748,train
26750,train
26751,val
26752,train
26753,train
26754,train
26755,train
26756,train
26758,train
26760,train
26761,train
26762,train
26763,train
26764,train
26765,train
26767,train
26771,train
26772,train
26773,train
26774,train
26775,train
26777,train
26778,train
26779,train
26780,train
26781,train
26783,train
26784,train
26785,train
26787,train
26789,train
26790,train
26794,val
26795,train
26797,train
26799,train
26800,train
26801,train
26802,train
26803,train
26804,train
26805,train
26806,train
26807,train
26808,train
26809,train
26810,train
26811,train
26812,train
26813,train
26814,train
26815,val
26816,val
26819,val
26820,val
26822,val
26823,train
26825,train
26826,train
26827,train
26828,train
26829,val
26830,train
26831,train
26834,val
26835,train
26836,train
26837,train
26838,train
26839,val
26840,train
26841,val
26842,val
26843,train
26844,train
26845,val
26846,val
26847,train
26849,train
26850,train
26851,train
26852,train
26855,train
26856,val
26857,train
26858,train
26860,val
26862,val
26863,train
26864,train
26867,val
26869,val
26870,val
26871,train
26872,val
26874,train
26875,train
26877,train
26878,train
26879,train
26880,val
26881,train
26883,train
26885,train
26886,train
26887,train
26888,train
26889,train
26892,train
26895,train
26897,train
26898,val
26899,train
26900,val
26901,train
26902,val
26903,train
26905,train
26906,train
26907,train
26911,val
26912,val
26913,train
26914,train
26915,train
26916,train
26917,train
26918,train
26920,train
26921,train
26922,train
26923,train
26924,train
26925,val
26926,train
26927,train
26928,val
26930,train
26932,train
26934,train
26935,train
26939,train
26941,train
26944,train
26945,val
26947,train
26949,train
26951,val
26952,val
26953,train
26954,val
26955,train
26956,val
26957,train
26958,train
26959,train
26960,train
26961,train
26962,train
26963,train
26967,train
26970,val
26971,train
26972,train
26973,train
26974,train
26975,train
26976,train
26978,train
26979,val
26981,val
26983,train
26984,train
26986,train
26987,train
26988,train
26989,val
26990,train
26993,train
26994,train
26995,train
26997,train
26998,train
26999,train
27000,train
27001,train
27002,val
27003,val
27006,val
27007,train
27008,train
27010,val
27011,val
27012,train
27013,train
27016,train
27017,train
27018,train
27019,val
27020,train
27021,train
27023,train
27025,train
27026,train
27027,val
27028,train
27029,train
27030,train
27031,train
27032,train
27034,train
27035,val
27036,train
27037,train
27038,train
27039,val
27043,val
27045,val
27046,train
27047,train
27048,train
27049,train
27050,train
27052,train
27053,train
27055,train
27057,train
27058,train
27059,train
27061,val
27063,train
27064,val
27065,train
27066,train
27068,val
27070,train
27071,train
27073,train
27074,train
27075,train
27076,train
27077,train
27078,train
27079,train
27080,train
27081,train
27084,train
27085,train
27086,val
27087,train
27090,train
27091,train
27092,train
27093,train
27094,train
27095,val
27097,train
27098,train
27099,train
27100,train
27101,train
27103,train
27104,val
27106,train
27108,train
27109,train
27110,train
27112,val
27113,train
27115,train
27116,val
27117,val
27118,train
27119,train
27120,train
27121,train
27122,train
27123,train
27124,train
27126,train
27127,train
27128,train
27129,train
27130,train
27131,train
27133,train
27134,train
27137,val
27138,train
27140,train
27141,train
27142,train
27143,train
27144,train
27145,train
27149,train
27150,val
27151,train
27152,train
27153,train
27154,train
27155,train
27156,train
27157,train
27158,train
27159,train
27160,train
27162,val
27165,val
27167,train
27168,train
27169,val
27170,train
27171,train
27172,train
27173,train
27175,train
27177,train
27178,train
27179,train
27180,train
27182,train
27184,train
27185,train
27186,train
27187,train
27188,val
27189,train
27190,train
27192,train
27193,val
27194,train
27195,val
27196,train
27197,val
27198,train
27199,val
27200,train
27201,train
27204,train
27207,train
27208,train
27211,val
27213,train
27215,train
27216,val
27217,val
27218,val
27219,train
27220,train
27221,train
27222,train
27224,val
27226,train
27228,train
27230,train
27231,train
27232,train
27238,val
27239,val
27242,val
27243,val
27244,train
27245,val
27246,train
27247,train
27249,train
27250,train
27251,train
27252,val
27253,train
27254,train
27255,train
27256,val
27257,train
27258,train
27259,val
27260,train
27262,train
27263,train
27264,train
27265,train
27267,train
27268,train
27269,train
27270,train
27271,train
27272,val
27273,train
27274,train
27275,train
27277,train
27278,train
27279,train
27280,train
27283,train
27284,train
27285,train
27286,train
27287,train
27291,train
27293,train
27295,train
27296,train
27297,val
27298,train
27299,train
27300,train
27302,train
27303,train
27304,train
27305,train
27306,train
27307,train
27308,val
27309,train
27311,train
27313,train
27314,val
27315,train
27316,val
27317,val
27320,train
27321,train
27322,train
27323,train
27324,train
27325,train
27326,val
27327,val
27328,train
27329,train
27330,train
27331,val
27332,train
27333,train
27334,val
27335,train
27336,train
27337,train
27338,train
27339,train
27340,train
27342,train
27343,train
27344,train
27345,train
27346,train
27347,val
27348,train
27349,train
27350,train
27351,val
27352,train
27353,train
27354,train
27355,val
27357,train
27359,train
27360,train
27362,val
27363,train
27364,train
27365,train
27366,train
27367,train
27368,val
27370,train
27371,train
27373,train
27375,val
27376,train
27377,train
27380,train
27381,train
27382,train
27384,train
27385,train
27386,train
27387,val
27389,val
27390,train
27391,train
27392,train
27393,train
27394,train
27396,train
27397,train
27398,val
27399,train
27400,val
27401,train
27402,train
27403,train
27404,train
27405,train
27407,val
27410,train
27411,train
27412,val
27414,train
27415,train
27417,train
27418,train
27419,train
27420,val
27421,train
27422,train
27423,train
27424,train
27425,train
27426,val
27427,train
27428,train
27429,train
27432,val
27433,train
27434,train
27436,train
27437,train
27438,val
27439,val
27440,train
27441,train
27442,train
27443,train
27445,train
27446,train
27447,train
27448,train
27449,train
27450,train
27451,train
27452,val
27453,val
27454,val
27455,train
27456,train
27457,train
27458,train
27459,val
27460,train
27461,val
27462,val
27463,train
27464,train
27465,val
27466,train
27467,train
27469,train
27470,train
27471,train
27472,train
27473,train
27474,val
27476,train
27478,train
27479,val
27480,train
27481,train
27482,train
27483,train
27484,train
27485,val
27486,train
27488,train
27490,train
27491,train
27492,train
27493,train
27495,train
27496,train
27497,train
27498,train
27500,train
27502,train
27503,val
27505,val
27509,train
27510,train
27512,train
27513,val
27514,train
27516,train
27517,train
27518,train
27521,val
27522,val
27523,val
27524,train
27525,train
27526,train
27529,train
27530,train
27531,train
27532,train
27533,train
27534,val
27537,train
27538,train
27539,train
27540,train
27541,train
27542,train
27544,train
27545,train
27547,train
27549,train
27550,train
27552,train
27554,train
27555,val
27556,train
27557,train
27558,train
27559,train
27560,val
27562,train
27564,train
27568,train
27569,val
27570,train
27571,train
27572,train
27574,val
27578,train
27579,train
27580,train
27581,train
27582,val
27584,train
27585,train
27586,train
27588,train
27590,train
27591,train
27593,train
27594,train
27595,train
27596,train
27598,train
27601,train
27603,train
27604,train
27607,train
27608,val
27609,train
27610,train
27611,train
27612,train
27613,train
27614,train
27615,train
27616,val
27617,train
27618,train
27619,val
27620,train
27622,train
27623,train
27626,train
27627,train
27628,train
27629,train
27632,train
27635,val
27636,val
27637,train
27638,train
27641,train
27642,train
27643,train
27644,train
27648,train
27650,train
27651,train
27652,train
27653,train
27654,train
27655,train
27656,val
27657,val
27658,train
27659,train
27661,val
27662,val
27663,val
27665,val
27668,train
27670,train
27672,train
27674,train
27675,train
27676,train
27677,val
27678,train
27679,train
27680,train
27682,train
27683,val
27687,val
27689,train
27690,train
27691,train
27692,train
27693,train
27694,val
27695,val
27696,train
27697,train
27698,train
27699,train
27700,val
27702,train
27703,train
27705,train
27706,train
27707,train
27708,train
27709,val
27710,val
27711,train
27714,train
27715,train
27717,train
27718,train
27721,val
27722,train
27723,train
27725,train
27726,val
27727,train
27728,train
27729,val
27731,train
27732,train
27735,train
27736,train
27737,val
27740,train
27741,train
27743,train
27744,train
27745,val
27746,train
27747,train
27748,train
27749,train
27750,train
27751,train
27752,train
27753,train
27754,train
27755,train
27756,train
27757,train
27758,train
27760,train
27761,train
27762,train
27763,train
27764,train
27765,train
27766,val
27767,train
27769,train
27770,train
27774,train
27775,train
27776,train
27777,train
27778,train
27779,train
27781,train
27782,train
27783,train
27784,train
27785,train
27786,train
27787,val
27789,train
27790,train
27791,val
27792,train
27794,train
27797,train
27798,train
27800,train
27801,val
27803,train
27804,train
27805,train
27806,train
27807,train
27808,train
27810,train
27811,train
27812,train
27813,train
27814,train
27815,train
27818,train
27819,val
27820,train
27821,val
27822,train
27823,train
27824,train
27825,train
27828,train
27829,train
27830,train
27831,train
27832,train
27834,train
27836,train
27837,train
27838,train
27840,val
27841,train
27842,train
27843,train
27844,train
27845,train
27848,train
27849,val
27850,train
27852,val
27853,train
27857,train
27858,train
27860,val
27862,val
27863,train
27865,train
27866,train
27867,train
27868,val
27869,train
27870,train
27871,train
27872,train
27873,val
27874,train
27875,train
27876,train
27878,train
27879,train
27880,train
27881,train
27882,train
27883,train
27884,train
27886,train
27887,val
27888,train
27891,train
27892,train
27894,train
27895,train
27896,train
27897,train
27898,train
27899,train
27900,train
27902,train
27903,train
27905,train
27907,train
27910,train
27911,val
27912,train
27913,train
27914,train
27916,train
27917,train
27918,val
27919,train
27920,train
27922,val
27924,train
27925,train
27926,train
27928,train
27929,train
27930,train
27931,val
27932,train
27933,train
27935,train
27940,train
27943,val
27944,train
27945,train
27946,val
27947,val
27948,val
27949,train
27950,train
27951,train
27952,train
27954,train
27956,train
27957,train
27958,train
27959,train
27961,train
27964,train
27966,train
27967,train
27970,val
27971,train
27972,train
27973,train
27974,train
27975,train
27976,train
27978,train
27981,train
27982,train
27983,train
27984,train
27985,train
27986,train
27987,train
27988,train
27989,train
27991,train
27992,val
27993,train
27995,train
27996,train
27997,train
27998,train
27999,train
28000,train
28002,train
28004,train
28005,val
28007,train
28008,train
28010,train
28011,train
28012,train
28013,train
28014,train
28015,train
28016,train
28017,train
28018,train
28019,train
28020,train
28022,train
28023,train
28024,train
28026,train
28027,val
28028,train
28029,train
28032,train
28033,train
28034,val
28035,train
28036,train
28039,train
28040,train
28042,train
28044,val
28045,train
28046,val
28047,train
28048,train
28050,train
28051,train
28052,train
28053,train
28054,train
28057,train
28058,val
28059,val
28060,train
28061,train
28062,train
28063,val
28064,train
28065,train
28066,train
28067,train
28068,train
28069,train
28070,train
28071,train
28072,train
28073,train
28074,val
28076,train
28077,train
28078,val
28079,train
28080,train
28081,train
28083,train
28084,val
28087,train
28088,train
28089,val
28090,val
28092,val
28093,train
28094,train
28095,val
28096,train
28099,val
28100,val
28101,train
28102,train
28104,train
28105,train
28106,train
28107,val
28108,train
28109,train
28110,train
28111,val
28114,train
28115,train
28116,train
28117,train
28118,train
28119,val
28120,train
28122,val
28125,train
28129,train
28131,train
28132,train
28133,train
28134,train
28137,train
28139,train
28140,train
28141,train
28142,train
28143,train
28146,train
28147,train
28148,train
28149,train
28153,train
28154,train
28155,train
28156,train
28157,train
28158,val
28159,train
28160,train
28161,train
28163,train
28166,train
28167,train
28168,train
28169,train
28170,train
28171,train
28172,val
28174,val
28175,train
28176,train
28177,train
28178,val
28179,val
28180,train
28182,train
28183,train
28184,train
28185,val
28186,val
28187,val
28188,val
28191,train
28192,train
28194,train
28195,train
28196,train
28198,train
28199,val
28200,train
28202,train
28203,train
28205,val
28206,train
28207,train
28208,val
28209,train
28210,val
28211,train
28212,train
28213,train
28214,train
28215,train
28216,train
28217,train
28218,train
28219,train
28220,train
28221,train
28223,train
28224,train
28225,train
28226,train
28227,val
28228,train
28229,train
28230,train
28231,train
28232,train
28233,val
28234,val
28235,val
28236,train
28238,train
28240,train
28241,train
28243,train
28244,train
28245,train
28246,train
28248,train
28249,val
28250,train
28252,train
28253,train
28254,train
28255,train
28256,train
28257,val
28258,train
28260,train
28261,train
28262,train
28263,val
28264,train
28265,train
28266,train
28267,train
28269,train
28270,train
28273,train
28274,train
28275,train
28276,train
28277,train
28278,train
28279,val
28281,val
28283,train
28284,val
28287,train
28290,train
28291,train
28292,train
28293,train
28294,val
28295,train
28296,train
28298,train
28299,train
28300,train
28301,train
28302,train
28303,train
28304,train
28305,train
28306,train
28307,train
28308,train
28309,val
28312,train
28313,train
28316,train
28317,train
28318,train
28319,val
28320,train
28321,train
28322,val
28323,train
28324,train
28326,train
28327,train
28329,train
28330,val
28332,train
28333,train
28334,train
28335,train
28336,val
28338,train
28339,train
28340,train
28341,train
28342,train
28344,train
28345,val
28347,val
28348,train
28349,train
28351,train
28352,train
28353,val
28354,train
28356,train
28357,train
28359,train
28360,val
28361,train
28364,train
28366,train
28367,train
28368,train
28370,train
28371,train
28372,train
28374,train
28375,val
28376,val
28377,train
28379,train
28380,train
28382,train
28383,train
28384,train
28385,val
28386,train
28387,train
28388,train
28390,val
28392,train
28393,train
28394,train
28395,train
28396,train
28397,train
28398,train
28399,train
28400,val
28402,train
28403,train
28404,train
28406,train
28407,val
28409,val
28410,train
28411,train
28412,train
28413,train
28414,train
28415,val
28416,train
28417,train
28418,val
28419,val
28421,train
28422,train
28424,train
28426,val
28427,val
28428,train
28430,train
28431,train
28433,train
28434,train
28436,val
28438,train
28439,train
28440,train
28441,val
28442,train
28445,train
28446,train
28447,train
28448,train
28449,train
28450,train
28451,train
28452,train
28453,train
28455,train
28456,train
28457,train
28458,train
28460,train
28461,train
28462,val
28463,train
28465,train
28466,train
28467,train
28468,train
28469,val
28471,val
28472,train
28473,train
28474,val
28476,val
28477,train
28478,train
28479,train
28480,val
28481,train
28482,train
28483,train
28486,train
28487,train
28488,train
28489,train
28490,train
28492,val
28493,train
28494,train
28495,train
28497,train
28498,train
28500,train
28503,val
28504,val
28505,val
28507,train
28508,val
28509,train
28512,train
28514,val
28515,train
28516,train
28517,val
28518,train
28519,train
28520,train
28522,train
28523,val
28524,val
28525,train
28526,train
28527,train
28528,train
28529,train
28530,train
28531,train
28532,train
28534,train
28536,train
28539,train
28542,train
28543,train
28544,train
28545,train
28547,train
28548,train
28549,train
28550,train
28552,train
28553,val
28554,train
28555,train
28556,train
28557,train
28558,val
28560,train
28561,val
28562,train
28563,train
28564,train
28565,train
28566,val
28567,val
28568,train
28569,train
28574,train
28576,train
28577,val
28578,train
28579,train
28580,train
28581,train
28582,val
28583,train
28584,val
28586,train
28587,train
28588,train
28589,train
28590,val
28591,train
28592,train
28593,train
28594,train
28596,train
28597,val
28598,val
28599,train
28601,train
28602,train
28603,val
28604,val
28605,train
28606,train
28607,train
28608,train
28609,train
28610,train
28612,val
28613,train
28616,train
28619,val
28620,train
28621,val
28622,train
28623,train
28624,train
28625,train
28626,val
28627,val
28628,train
28630,train
28631,train
28634,val
28635,train
28637,train
28639,train
28640,train
28641,val
28643,train
28644,train
28645,train
28646,val
28648,train
28649,val
28650,train
28651,val
28652,val
28653,train
28655,train
28656,val
28662,train
28664,train
28666,train
28668,train
28670,train
28671,train
28672,train
28674,val
28675,val
28676,train
28677,train
28678,train
28679,train
28680,val
28681,train
28682,train
28683,train
28684,val
28685,train
28686,train
28690,val
28691,val
28693,train
28694,train
28695,train
28696,val
28697,train
28698,train
28699,train
28700,train
28702,train
28704,train
28706,train
28708,train
28710,val
28711,train
28712,train
28713,train
28714,val
28715,train
28717,train
28718,train
28719,train
28720,train
28721,train
28722,train
28723,train
28725,train
28726,train
28727,train
28731,train
28732,train
28733,train
28734,train
28735,train
28737,train
28738,train
28739,train
28740,train
28742,train
28744,train
28745,train
28747,val
28748,val
28749,train
28750,train
28751,train
28753,train
28754,train
28755,train
28756,train
28757,train
28758,train
28760,train
28764,train
28766,train
28767,train
28770,val
28772,train
28773,train
28774,train
28775,train
28776,train
28777,train
28778,train
28779,train
28780,train
28781,train
28782,val
28783,train
28784,train
28787,train
28788,train
28789,val
28792,train
28793,train
28794,train
28795,train
28798,train
28799,train
28800,val
28801,train
28802,train
28803,train
28804,val
28805,train
28806,train
28809,train
28810,train
28811,val
28812,train
28814,train
28816,train
28817,train
28818,train
28819,train
28820,train
28823,train
28825,val
28826,train
28828,train
28829,train
28830,train
28831,train
28832,train
28833,train
28834,train
28836,train
28838,train
28839,train
28840,train
28842,train
28843,train
28844,train
28846,train
28847,train
28848,train
28849,train
28850,val
28851,train
28852,train
28853,train
28854,train
28855,train
28856,train
28858,val
28859,train
28860,train
28861,train
28862,train
28863,val
28865,train
28868,train
28869,train
28871,train
28872,val
28873,train
28874,train
28875,train
28876,train
28877,train
28878,val
28879,train
28881,train
28882,train
28883,val
28884,val
28885,train
28886,train
28887,train
28888,val
28890,train
28891,val
28892,train
28893,train
28894,train
28895,train
28896,train
28898,val
28899,train
28900,train
28901,train
28904,train
28905,val
28909,train
28911,train
28912,val
28913,val
28914,train
28915,train
28916,val
28917,train
28918,val
28919,train
28920,train
28922,train
28924,train
28925,train
28926,train
28927,train
28930,train
28931,train
28932,train
28933,val
28934,train
28935,train
28936,train
28937,train
28938,val
28939,train
28940,train
28941,train
28942,train
28943,train
28944,train
28945,val
28946,train
28947,train
28948,train
28949,train
28950,val
28951,train
28952,train
28953,train
28955,train
28956,train
28957,train
28958,train
28959,val
28960,train
28962,train
28963,train
28965,val
28966,train
28967,train
28969,train
28970,train
28971,train
28972,train
28973,train
28975,train
28976,train
28978,train
28980,train
28981,train
28982,train
28983,train
28984,train
28985,train
28986,train
28988,train
28990,train
28991,train
28992,train
28993,train
28995,train
28997,train
28998,train
29000,val
29001,train
29002,train
29003,train
29005,val
29006,train
29009,train
29010,val
29011,val
29012,train
29013,train
29015,train
29017,val
29018,val
29020,train
29021,train
29022,val
29023,train
29025,train
29026,train
29027,train
29029,val
29030,train
29031,train
29032,train
29033,val
29035,val
29036,train
29037,train
29038,train
29041,val
29042,train
29043,train
29044,train
29046,train
29047,train
29048,val
29049,train
29050,train
29051,train
29052,train
29053,train
29055,train
29057,train
29058,val
29059,train
29060,train
29061,train
29062,train
29063,val
29064,train
29065,train
29066,train
29067,train
29069,train
29070,val
29072,train
29073,val
29074,train
29077,val
29078,val
29079,train
29081,train
29082,train
29083,train
29084,train
29085,train
29086,train
29087,val
29088,train
29089,train
29090,train
29091,train
29092,train
29093,train
29095,train
29098,train
29101,val
29102,train
29103,train
29104,val
29105,train
29107,train
29108,train
29109,train
29110,train
29112,train
29113,train
29114,train
29115,train
29116,train
29117,val
29118,train
29119,train
29120,train
29121,train
29122,train
29128,val
29129,train
29130,train
29132,train
29133,train
29134,train
29135,train
29137,train
29139,train
29140,train
29141,train
29142,train
29144,train
29149,train
29150,train
29151,train
29154,train
29156,train
29157,val
29158,train
29159,train
29161,train
29162,train
29164,train
29170,train
29172,train
29173,val
29174,train
29175,train
29177,train
29178,train
29179,val
29180,val
29181,train
29182,val
29183,train
29184,train
29186,train
29187,val
29189,val
29191,train
29192,train
29195,train
29197,train
29199,val
29200,val
29201,train
29202,train
29203,val
29204,val
29205,train
29206,val
29207,train
29208,train
29209,val
29210,train
29211,train
29212,train
29213,train
29216,train
29218,train
29219,val
29220,train
29222,train
29224,val
29225,train
29226,train
29227,train
29228,train
29229,val
29230,train
29231,train
29236,train
29237,train
29239,train
29240,train
29242,train
29244,val
29245,train
29246,train
29247,val
29248,val
29249,val
29250,train
29251,train
29252,train
29253,train
29254,train
29256,train
29257,train
29258,train
29259,train
29260,train
29262,train
29266,train
29267,train
29270,train
29271,train
29272,val
29273,val
29274,train
29275,train
29277,train
29278,train
29279,val
29280,val
29282,val
29283,train
29284,train
29286,train
29289,val
29290,train
29291,train
29292,train
29294,val
29295,train
29296,train
29297,train
29299,train
29300,train
29302,train
29303,train
29304,train
29305,val
29306,train
29307,train
29308,val
29309,train
29312,train
29313,val
29315,train
29317,train
29318,train
29319,train
29320,val
29321,train
29322,train
29323,train
29324,train
29325,train
29326,train
29327,train
29328,train
29329,train
29330,train
29332,val
29333,train
29334,train
29337,val
29338,train
29339,train
29340,train
29341,train
29343,train
29346,train
29347,train
29348,train
29350,train
29351,train
29353,train
29354,train
29355,train
29357,train
29358,train
29359,train
29360,train
29362,val
29363,val
29364,train
29365,train
29366,train
29367,train
29368,train
29370,train
29371,train
29372,train
29373,train
29375,train
29376,train
29377,train
29378,train
29379,train
29380,train
29384,train
29385,train
29386,val
29387,train
29388,train
29389,val
29390,train
29391,train
29393,train
29394,train
29397,train
29399,train
29401,train
29402,train
29404,train
29405,train
29406,train
29407,train
29408,train
29409,train
29411,val
29413,train
29414,train
29416,train
29417,train
29418,val
29419,train
29420,train
29422,train
29423,train
29424,train
29425,train
29427,train
29428,val
29431,train
29432,train
29433,val
29434,train
29436,train
29437,train
29438,train
29439,train
29440,train
29442,train
29443,train
29445,val
29446,train
29447,train
29448,train
29449,train
29450,train
29451,train
29452,val
29453,train
29454,train
29460,train
29461,train
29462,train
29464,train
29465,train
29466,train
29467,train
29468,train
29469,train
29470,train
29472,train
29473,val
29475,train
29476,train
29478,train
29479,train
29480,val
29481,train
29482,train
29483,train
29484,val
29486,train
29487,train
29488,train
29489,train
29490,val
29492,train
29493,train
29496,train
29497,train
29500,train
29501,train
29502,train
29503,train
29505,train
29506,val
29507,train
29508,train
29509,train
29511,train
29513,val
29514,train
29515,train
29516,train
29517,train
29518,train
29520,val
29521,val
29523,val
29524,train
29525,val
29526,train
29527,train
29530,train
29531,train
29533,train
29534,train
29535,train
29536,train
29537,train
29540,train
29542,val
29543,train
29544,train
29545,val
29546,val
29547,train
29548,val
29549,train
29551,train
29552,train
29553,train
29554,train
29555,train
29556,val
29557,train
29559,val
29560,train
29561,train
29562,train
29563,train
29564,train
29565,train
29568,train
29569,train
29570,val
29571,train
29573,train
29574,train
29575,train
29576,train
29580,train
29581,train
29582,val
29583,train
29584,train
29585,train
29588,train
29589,train
29590,train
29591,train
29592,val
29593,train
29594,train
29595,train
29596,train
29597,train
29599,train
29600,train
29601,train
29602,train
29603,train
29604,val
29605,train
29607,train
29609,train
29612,train
29614,train
29616,train
29617,val
29618,train
29619,train
29620,train
29622,val
29624,train
29625,train
29626,train
29627,train
29628,train
29632,train
29633,train
29634,train
29636,train
29637,train
29638,val
29640,val
29641,train
29643,train
29644,train
29645,train
29646,train
29647,train
29648,train
29649,val
29651,train
29652,train
29655,val
29657,train
29658,train
29659,train
29660,train
29661,train
29662,train
29663,train
29665,val
29666,train
29668,val
29669,val
29670,train
29671,train
29672,train
29675,train
29676,train
29677,train
29678,train
29679,val
29680,train
29681,train
29682,val
29683,train
29684,val
29685,train
29687,train
29688,train
29689,train
29691,train
29693,train
29694,train
29695,train
29696,train
29697,train
29698,train
29699,train
29701,val
29702,val
29703,train
29704,val
29705,train
29706,train
29707,train
29708,train
29709,val
29710,train
29713,train
29714,val
29717,train
29718,train
29719,train
29721,train
29722,train
29723,train
29724,train
29725,train
29726,train
29728,val
29730,train
29731,val
29732,train
29733,train
29734,val
29735,val
29736,train
29737,val
29738,train
29739,train
29740,train
29741,val
29743,train
29745,train
29746,val
29750,train
29751,train
29753,train
29754,train
29755,train
29756,train
29758,val
29759,train
29760,train
29761,train
29762,train
29763,train
29764,train
29766,train
29767,val
29769,train
29770,train
29771,train
29772,val
29773,train
29774,train
29775,train
29776,train
29778,train
29780,train
29781,train
29782,train
29783,train
29784,val
29785,train
29786,train
29787,train
29788,val
29789,val
29790,train
29791,train
29792,train
29793,train
29795,train
29797,train
29798,train
29799,train
29800,train
29801,val
29802,train
29804,train
29805,train
29806,train
29807,train
29808,train
29809,train
29812,val
29814,val
29815,train
29816,train
29817,val
29818,train
29819,train
29820,train
29822,train
29823,train
29825,train
29826,train
29827,train
29828,train
29829,train
29831,train
29833,val
29835,train
29836,val
29838,val
29839,train
29840,val
29841,val
29842,train
29845,train
29846,val
29847,train
29849,val
29850,train
29852,train
29853,train
29855,train
29856,train
29857,val
29858,train
29862,val
29863,val
29865,train
29866,train
29867,train
29869,val
29871,train
29873,train
29877,train
29878,train
29879,train
29880,val
29882,train
29883,train
29884,train
29885,train
29887,train
29888,train
29889,train
29890,train
29893,train
29895,train
29896,val
29897,train
29898,train
29899,train
29900,train
29901,train
29903,train
29905,train
29907,train
29908,val
29909,train
29910,train
29911,train
29912,train
29916,train
29917,train
29918,train
29920,train
29921,train
29922,train
29923,train
29924,train
29926,train
29927,train
29928,train
29929,train
29930,train
29931,train
29932,train
29933,train
29935,train
29937,train
29940,train
29941,train
29942,train
29944,train
29946,val
29948,train
29949,train
29950,val
29953,train
29954,train
29955,train
29957,train
29958,val
29959,train
29961,train
29963,train
29964,train
29965,train
29966,train
29967,train
29968,train
29970,train
29972,train
29973,val
29974,train
29975,train
29976,train
29977,val
29978,train
29979,train
29980,val
29984,train
29985,train
29988,train
29989,val
29990,train
29992,train
29994,train
29995,val
29997,val
29998,train
29999,val
30001,val
30004,train
30005,train
30006,train
30007,train
30008,train
30009,val
30011,train
30012,val
30013,train
30014,train
30016,train
30018,val
30019,train
30020,train
30022,train
30023,train
30024,train
30026,val
30027,val
30028,val
30029,train
30031,train
30033,val
30034,train
30036,val
30037,train
30039,train
30040,train
30043,train
30044,train
30046,train
30047,train
30048,val
30049,train
30050,train
30051,train
30052,val
30054,val
30056,val
30058,train
30060,train
30064,val
30065,train
30066,train
30068,train
30069,train
30070,val
30073,train
30074,train
30078,train
30079,val
30080,val
30082,train
30083,train
30084,train
30085,train
30086,train
30088,train
30089,train
30091,val
30092,val
30095,train
30098,train
30099,train
30100,val
30101,train
30102,train
30103,train
30104,train
30105,train
30107,val
30109,train
30110,train
30111,train
30112,train
30113,train
30114,train
30115,train
30118,train
30119,train
30120,train
30122,train
30123,train
30126,val
30127,val
30128,train
30129,train
30130,val
30131,train
30132,train
30133,val
30134,train
30135,val
30136,train
30137,train
30138,train
30139,train
30143,train
30144,train
30145,train
30147,train
30148,train
30149,train
30150,train
30151,val
30156,val
30158,val
30160,train
30161,train
30162,train
30165,train
30166,train
30172,train
30173,train
30174,train
30175,train
30176,val
30177,train
30178,val
30180,train
30184,train
30185,train
30186,val
30188,train
30190,train
30191,train
30193,train
30194,train
30195,train
30196,val
30197,train
30199,train
30200,train
30201,train
30204,train
30206,train
30208,train
30210,train
30211,val
30212,train
30214,val
30215,val
30216,train
30218,train
30219,val
30220,train
30221,val
30222,train
30225,val
30226,train
30227,train
30228,train
30229,train
30230,train
30232,train
30233,train
30235,train
30237,train
30238,val
30241,val
30242,train
30243,train
30244,val
30245,train
30246,train
30248,val
30249,train
30250,train
30251,train
30253,train
30255,train
30257,train
30258,train
30259,train
30260,train
30261,val
30262,val
30263,train
30264,train
30265,train
30266,train
30268,train
30269,train
30271,train
30272,train
30273,train
30274,train
30275,train
30276,train
30278,train
30279,train
30280,train
30282,train
30283,val
30285,train
30286,train
30288,train
30289,train
30291,val
30292,train
30293,val
30296,train
30297,train
30298,train
30299,val
30300,train
30302,val
30303,train
30305,train
30306,train
30307,train
30311,train
30312,train
30314,train
30317,val
30319,train
30321,train
30322,train
30323,train
30324,train
30325,train
30326,train
30327,train
30328,train
30329,val
30330,train
30331,train
30332,train
30334,train
30336,train
30338,train
30339,train
30341,train
30342,train
30343,train
30344,train
30347,train
30348,val
30349,val
30350,train
30351,val
30352,train
30354,train
30355,train
30356,train
30357,train
30359,val
30360,train
30361,val
30363,train
30364,train
30367,train
30368,val
30369,train
30370,train
30371,train
30373,train
30374,val
30375,train
30376,train
30378,train
30379,train
30380,train
30381,train
30382,train
30383,train
30384,train
30385,train
30387,train
30388,train
30389,train
30390,train
30391,train
30392,val
30393,train
30394,train
30395,train
30396,train
30397,train
30399,train
30400,val
30401,train
30402,train
30403,train
30404,train
30405,train
30406,train
30407,train
30409,train
30412,train
30413,train
30415,train
30416,train
30417,train
30418,train
30419,val
30421,train
30422,train
30424,train
30426,train
30427,train
30428,train
30429,train
30430,train
30432,train
30433,train
30434,train
30435,train
30438,train
30439,val
30440,train
30441,train
30445,train
30448,train
30450,val
30453,train
30454,train
30456,val
30457,train
30458,val
30459,val
30460,train
30461,train
30462,train
30463,train
30465,train
30466,train
30467,train
30468,val
30469,train
30470,train
30471,train
30472,train
30473,train
30474,val
30476,train
30477,train
30478,train
30479,train
30480,train
30482,val
30483,train
30484,train
30485,train
30486,val
30487,val
30488,val
30489,train
30491,train
30493,train
30494,train
30495,train
30496,train
30498,train
30499,train
30500,train
30501,train
30502,val
30507,train
30508,train
30510,train
30511,val
30513,train
30514,train
30517,train
30518,train
30519,train
30520,train
30521,train
30523,val
30524,train
30525,train
30527,train
30528,train
30529,val
30530,train
30532,train
30533,train
30534,train
30535,train
30537,val
30538,train
30539,train
30541,train
30543,train
30544,val
30545,train
30547,train
30548,train
30549,train
30551,train
30553,train
30554,train
30556,val
30560,train
30561,train
30562,train
30563,train
30566,train
30567,train
30568,val
30569,train
30570,train
30571,train
30572,train
30573,train
30574,train
30575,train
30576,train
30577,train
30579,train
30580,train
30581,train
30583,train
30584,train
30587,train
30588,train
30589,val
30590,train
30591,train
30592,train
30593,val
30594,train
30597,train
30599,val
30600,train
30601,train
30602,val
30603,train
30604,train
30607,train
30608,train
30609,val
30610,train
30611,train
30615,train
30616,train
30617,train
30618,train
30619,train
30621,train
30622,train
30623,train
30625,train
30626,train
30627,val
30628,val
30629,train
30631,train
30632,train
30633,train
30634,train
30635,train
30636,val
30637,train
30638,train
30641,train
30642,train
30644,train
30645,train
30646,train
30647,train
30648,val
30649,val
30650,train
30652,train
30653,train
30655,val
30656,train
30658,train
30659,train
30660,train
30661,train
30662,train
30663,train
30664,train
30667,train
30668,val
30669,train
30670,train
30672,train
30673,val
30674,train
30675,val
30676,train
30677,val
30680,train
30681,val
30682,train
30683,train
30684,train
30685,val
30686,val
30687,train
30688,train
30690,train
30691,train
30693,train
30694,train
30695,train
30696,val
30697,train
30699,train
30700,train
30701,train
30704,val
30705,val
30706,val
30707,train
30708,train
30710,val
30711,train
30712,train
30713,val
30714,val
30715,train
30716,train
30717,train
30718,train
30719,train
30720,train
30722,train
30725,train
30726,train
30727,train
30728,train
30729,train
30730,train
30731,train
30732,train
30733,val
30735,train
30736,train
30737,train
30738,val
30739,train
30740,val
30741,train
30743,train
30744,val
30746,train
30747,val
30748,val
30749,train
30750,val
30752,train
30753,train
30754,train
30755,train
30756,train
30757,val
30758,train
30759,train
30760,val
30761,train
30762,train
30763,train
30766,train
30767,train
30768,val
30769,train
30770,train
30771,train
30772,train
30773,train
30774,train
30775,train
30776,train
30777,train
30778,train
30779,train
30780,train
30781,train
30782,val
30783,train
30784,train
30785,train
30787,train
30789,train
30792,train
30793,train
30795,train
30796,train
30797,train
30798,train
30799,train
30800,val
30801,train
30802,train
30804,train
30806,train
30807,train
30808,train
30809,train
30810,train
30813,train
30814,val
30816,train
30817,train
30819,train
30820,train
30821,train
30822,train
30824,train
30825,train
30826,train
30828,train
30831,train
30832,train
30833,train
30834,train
30836,train
30839,train
30840,train
30841,train
30842,train
30843,val
30844,train
30845,val
30846,train
30848,train
30849,train
30850,train
30852,train
30853,val
30854,train
30855,train
30856,train
30857,train
30858,train
30860,train
30862,val
30863,train
30864,train
30865,train
30868,train
30869,train
30870,val
30871,train
30872,train
30873,train
30876,train
30878,train
30880,train
30881,train
30882,train
30883,train
30884,train
30888,train
30889,train
30891,train
30892,train
30894,train
30895,val
30896,train
30897,train
30898,train
30899,train
30900,train
30901,train
30902,train
30904,train
30905,train
30907,train
30908,train
30910,train
30911,train
30912,train
30913,train
30915,train
30916,val
30919,val
30921,train
30922,train
30923,train
30924,val
30925,train
30926,train
30927,val
30928,train
30929,train
30930,train
30931,val
30932,train
30935,train
30937,train
30939,val
30940,train
30941,val
30942,train
30943,train
30945,val
30947,train
30948,val
30951,val
30953,train
30954,train
30955,train
30956,val
30957,train
30959,train
30960,train
30961,val
30962,train
30963,val
30964,train
30966,train
30968,train
30969,train
30970,train
30972,train
30974,train
30975,train
30976,train
30977,train
30978,train
30979,train
30980,val
30981,train
30982,train
30983,train
30986,train
30988,train
30989,train
30990,train
30991,train
30992,train
30993,train
30994,train
30995,train
30996,train
30998,train
30999,train
31000,train
31002,train
31003,train
31005,train
31010,train
31011,train
31013,train
31015,train
31016,train
31017,val
31018,val
31019,train
31021,val
31022,train
31023,train
31024,train
31025,train
31026,train
31027,train
31028,train
31032,train
31033,train
31034,train
31035,train
31037,train
31038,val
31041,train
31042,train
31043,train
31045,train
31046,train
31047,train
31049,train
31052,train
31053,train
31054,train
31055,train
31056,val
31057,val
31058,val
31061,train
31062,val
31063,train
31064,train
31066,train
31068,train
31069,train
31071,train
31072,val
31073,train
31074,train
31075,train
31076,val
31078,val
31079,train
31080,train
31081,val
31084,val
31085,train
31086,val
31087,val
31088,train
31090,val
31091,val
31092,train
31094,train
31095,train
31097,train
31098,train
31099,train
31101,train
31102,train
31104,train
31105,train
31106,train
31107,train
31108,train
31109,train
31110,train
31111,val
31112,train
31113,train
31114,val
31115,val
31116,train
31117,train
31118,train
31119,train
31120,train
31122,train
31123,train
31124,val
31125,train
31126,train
31127,train
31128,train
31129,train
31130,train
31131,train
31132,train
31133,train
31134,train
31136,val
31138,train
31140,train
31141,train
31142,train
31143,train
31145,train
31146,train
31148,train
31149,train
31150,train
31151,train
31152,train
31153,train
31154,train
31156,train
31157,train
31159,train
31163,train
31164,train
31165,train
31166,train
31167,train
31169,train
31170,val
31171,train
31173,train
31175,train
31177,train
31178,train
31179,val
31181,train
31182,train
31183,train
31186,val
31187,train
31189,train
31190,train
31191,train
31192,train
31194,train
31195,train
31196,train
31197,train
31198,train
31199,train
31200,val
31201,train
31203,train
31204,val
31205,train
31206,train
31208,train
31209,train
31211,train
31214,val
31215,train
31216,train
31219,train
31220,train
31221,val
31222,train
31224,train
31225,val
31226,train
31227,train
31228,train
31229,train
31230,train
31232,train
31233,train
31234,train
31235,train
31236,train
31237,val
31239,train
31241,train
31242,val
31243,train
31244,train
31245,train
31246,train
31247,train
31248,val
31251,val
31252,val
31253,val
31254,val
31256,train
31257,train
31258,train
31259,train
31262,val
31263,train
31264,train
31265,train
31266,train
31267,train
31268,val
31269,train
31270,train
31271,train
31272,val
31274,train
31275,train
31278,train
31279,train
31280,train
31281,train
31282,train
31283,train
31285,train
31287,train
31288,val
31289,train
31291,train
31292,train
31293,train
31294,train
31296,val
31297,val
31298,val
31299,train
31301,train
31305,train
31309,train
31310,train
31311,train
31312,train
31313,train
31314,train
31315,train
31316,train
31317,train
31318,train
31319,train
31320,train
31322,train
31325,train
31327,val
31328,train
31329,val
31330,train
31331,train
31332,train
31333,train
31334,train
31335,val
31338,train
31340,train
31341,train
31345,train
31346,train
31347,val
31350,train
31351,train
31352,val
31353,train
31355,train
31357,val
31358,train
31359,train
31360,train
31363,train
31364,val
31366,val
31367,train
31368,train
31369,train
31370,train
31372,train
31374,train
31376,val
31378,train
31380,val
31381,train
31383,val
31385,train
31386,train
31387,train
31388,train
31391,train
31392,val
31394,train
31395,train
31396,val
31397,train
31400,train
31401,val
31402,train
31403,train
31404,train
31405,train
31406,train
31409,train
31410,train
31411,train
31414,train
31415,train
31417,val
31420,train
31422,train
31423,train
31424,train
31425,train
31428,val
31429,val
31430,val
31431,val
31432,train
31435,train
31436,train
31437,train
31438,train
31439,train
31440,train
31442,train
31443,train
31444,train
31445,train
31447,train
31448,val
31449,train
31450,train
31455,val
31457,train
31459,train
31460,train
31463,train
31465,train
31466,train
31469,val
31470,train
31472,train
31473,val
31476,train
31478,train
31480,val
31481,train
31482,train
31483,train
31484,train
31485,train
31486,train
31487,val
31488,train
31489,train
31490,train
31491,train
31493,train
31495,val
31496,train
31497,train
31498,train
31500,val
31501,train
31502,val
31503,train
31504,train
31505,train
31506,train
31507,train
31508,train
31509,train
31511,train
31513,train
31514,val
31515,train
31516,train
31518,train
31519,train
31521,train
31522,train
31523,train
31524,train
31525,val
31526,train
31527,train
31528,train
31529,val
31530,val
31533,train
31536,train
31538,train
31539,train
31543,train
31544,train
31545,train
31546,train
31547,val
31548,train
31550,train
31551,train
31552,val
31553,train
31554,train
31556,train
31557,train
31558,val
31559,train
31560,train
31561,train
31562,train
31563,train
31564,train
31565,train
31568,val
31569,train
31571,train
31572,val
31573,train
31574,train
31575,train
31577,train
31578,val
31579,train
31580,train
31581,train
31582,train
31584,train
31585,train
31586,val
31587,train
31588,train
31590,train
31591,train
31592,val
31593,val
31595,train
31596,train
31598,train
31600,train
31602,train
31603,val
31604,train
31606,train
31607,train
31610,train
31611,train
31612,train
31613,train
31614,val
31615,train
31617,train
31618,train
31619,train
31621,train
31623,train
31625,train
31626,train
31628,val
31629,train
31631,train
31633,train
31634,train
31636,train
31637,train
31638,train
31640,val
31641,val
31642,train
31644,train
31645,val
31646,train
31647,train
31648,train
31649,train
31650,train
31651,train
31652,val
31653,val
31654,train
31656,train
31657,train
31658,train
31660,train
31662,val
31663,train
31664,train
31665,train
31667,train
31668,val
31671,val
31672,train
31673,train
31675,val
31676,train
31677,val
31678,train
31679,val
31680,train
31682,train
31683,val
31684,train
31685,train
31687,train
31688,val
31691,val
31692,train
31694,val
31695,train
31698,train
31700,train
31702,train
31703,train
31705,train
31706,train
31707,train
31708,train
31710,train
31711,train
31713,train
31714,val
31715,train
31717,train
31718,val
31723,val
31724,train
31725,train
31726,train
31729,val
31731,train
31732,train
31734,train
31735,train
31736,val
31737,train
31738,train
31739,train
31740,train
31741,val
31742,train
31743,train
31744,train
31745,train
31746,train
31747,train
31749,val
31750,train
31751,train
31752,train
31754,train
31755,val
31756,val
31757,train
31758,val
31760,train
31761,train
31762,train
31763,train
31764,train
31765,val
31766,train
31767,val
31768,train
31770,train
31771,train
31773,val
31774,train
31775,train
31776,val
31777,train
31779,train
31780,train
31781,train
31783,val
31784,train
31785,train
31786,train
31787,train
31788,train
31789,train
31790,train
31791,val
31792,train
31793,train
31794,train
31795,val
31796,train
31797,val
31798,train
31799,train
31801,train
31802,train
31803,train
31805,train
31806,train
31807,train
31808,train
31809,val
31810,val
31811,val
31812,train
31813,val
31814,val
31816,train
31817,train
31820,train
31822,val
31823,train
31824,train
31825,train
31827,train
31828,train
31829,train
31830,train
31833,train
31834,train
31837,train
31839,val
31842,train
31843,train
31845,train
31846,train
31847,val
31848,train
31849,train
31850,train
31851,val
31852,val
31853,train
31854,train
31855,train
31856,train
31857,train
31858,train
31859,train
31860,train
31862,train
31865,train
31866,val
31867,val
31869,train
31870,train
31872,val
31873,train
31874,train
31875,train
31878,train
31879,val
31882,train
31883,train
31884,train
31885,train
31886,train
31887,train
31888,train
31889,val
31891,train
31893,train
31894,train
31895,train
31898,train
31900,train
31901,val
31902,train
31903,train
31904,train
31906,train
31907,val
31909,train
31910,train
31911,val
31913,train
31914,train
31915,train
31916,train
31917,val
31918,train
31919,train
31922,train
31923,train
31924,train
31925,train
31926,train
31929,train
31930,train
31931,train
31935,train
31936,val
31937,train
31939,train
31940,train
31941,train
31942,train
31944,train
31945,train
31946,train
31948,val
31949,val
31950,train
31951,train
31953,train
31954,val
31955,train
31956,val
31957,train
31958,val
31960,val
31961,val
31962,train
31963,val
31964,train
31965,val
31967,train
31968,val
31969,train
31970,train
31971,train
31972,train
31973,train
31974,train
31975,train
31976,train
31977,train
31978,train
31979,val
31982,val
31983,val
31984,train
31985,train
31986,train
31987,train
31988,train
31989,val
31991,train
31992,train
31993,train
31995,val
31996,train
31997,train
31998,train
31999,train
32000,train
32001,val
32002,train
32003,train
32004,val
32005,train
32006,val
32007,train
32008,train
32009,train
32011,train
32012,train
32015,val
32016,val
32017,train
32018,train
32019,train
32020,train
32021,val
32022,train
32023,train
32025,train
32027,train
32028,train
32029,val
32030,train
32032,train
32034,val
32035,train
32036,val
32038,train
32039,train
32041,train
32043,val
32044,train
32045,train
32047,train
32049,train
32050,train
32051,train
32052,train
32053,train
32054,train
32055,train
32056,val
32057,train
32060,train
32061,val
32062,val
32063,train
32064,val
32065,train
32066,train
32067,train
32068,train
32069,train
32070,train
32072,train
32073,train
32075,train
32076,train
32078,train
32079,train
32080,train
32081,train
32082,train
32083,train
32087,train
32088,val
32089,val
32090,train
32091,train
32092,train
32093,val
32094,train
32095,train
32096,val
32097,val
32098,train
32099,train
32101,train
32102,train
32103,val
32104,val
32109,train
32111,train
32112,train
32113,train
32114,train
32115,val
32117,train
32118,train
32119,val
32121,train
32122,train
32123,train
32124,train
32125,train
32126,train
32127,val
32128,train
32129,val
32131,val
32132,val
32133,train
32135,train
32136,val
32137,train
32138,train
32139,train
32140,train
32141,val
32142,val
32145,val
32146,train
32147,train
32148,train
32149,train
32150,train
32152,train
32154,train
32155,train
32156,train
32157,train
32159,train
32160,val
32161,train
32162,train
32163,train
32164,train
32166,train
32168,val
32170,train
32171,train
32172,train
32176,train
32177,train
32180,val
32182,train
32184,val
32185,train
32186,train
32187,train
32188,train
32189,val
32191,train
32192,train
32193,train
32194,train
32195,train
32196,train
32198,train
32199,val
32200,val
32202,val
32203,train
32204,train
32205,train
32206,train
32209,train
32210,train
32211,train
32212,train
32213,train
32214,train
32216,train
32218,train
32219,train
32220,train
32221,val
32222,train
32223,train
32224,val
32225,train
32226,val
32228,train
32229,val
32230,val
32231,train
32233,train
32234,val
32235,val
32236,train
32237,val
32240,train
32242,val
32243,train
32244,train
32245,val
32249,val
32251,train
32252,train
32254,val
32255,train
32256,val
32257,val
32258,train
32260,train
32261,train
32262,train
32263,train
32264,train
32266,train
32267,val
32268,train
32269,val
32272,train
32273,train
32274,train
32275,train
32276,val
32277,train
32278,train
32279,train
32280,train
32281,val
32282,train
32283,train
32284,train
32285,train
32287,val
32288,train
32289,train
32290,train
32292,train
32293,train
32294,train
32295,train
32296,train
32297,train
32298,train
32299,train
32301,train
32302,train
32303,val
32304,train
32305,train
32306,train
32307,val
32308,train
32310,train
32312,train
32313,train
32314,train
32315,train
32316,train
32317,train
32318,train
32319,train
32320,train
32321,train
32322,train
32323,train
32324,val
32325,train
32326,train
32327,val
32329,train
32331,train
32332,train
32333,train
32334,train
32335,train
32336,val
32337,train
32338,train
32339,train
32340,val
32342,train
32344,train
32345,train
32346,train
32347,train
32348,val
32349,train
32350,train
32351,train
32352,train
32353,train
32354,train
32355,train
32356,train
32357,train
32358,train
32359,train
32360,train
32363,val
32364,train
32366,val
32367,val
32369,val
32370,train
32371,train
32372,val
32373,train
32375,train
32377,train
32378,train
32380,val
32381,train
32383,train
32384,train
32386,train
32387,train
32388,train
32389,train
32390,val
32391,val
32392,train
32394,train
32395,val
32397,train
32398,train
32399,train
32400,train
32401,train
32402,val
32404,train
32405,train
32406,val
32409,val
32411,train
32413,train
32414,train
32415,train
32416,val
32417,train
32419,train
32420,train
32421,train
32422,train
32425,val
32426,train
32427,train
32428,train
32429,train
32430,val
32432,train
32433,train
32436,train
32437,val
32438,train
32439,train
32440,train
32441,val
32442,train
32444,val
32446,train
32448,train
32449,val
32450,val
32451,val
32452,train
32454,train
32455,train
32458,train
32459,val
32460,train
32461,train
32464,train
32466,train
32468,val
32469,train
32471,val
32473,train
32475,train
32476,train
32477,train
32478,train
32480,train
32481,train
32482,val
32483,val
32484,train
32485,train
32486,train
32487,train
32490,train
32491,val
32494,train
32495,train
32497,train
32498,train
32499,train
32500,val
32501,train
32502,train
32503,train
32504,train
32505,train
32506,train
32507,val
32508,train
32509,train
32510,train
32511,train
32512,train
32514,train
32515,train
32521,train
32522,train
32523,train
32524,train
32525,train
32527,train
32528,train
32529,train
32530,val
32531,train
32533,train
32534,train
32535,val
32537,train
32538,val
32539,train
32540,val
32541,train
32543,train
32544,train
32545,train
32547,train
32549,train
32550,train
32551,train
32553,train
32555,train
32556,train
32558,train
32559,train
32560,train
32562,train
32563,train
32566,train
32567,train
32569,train
32570,val
32571,val
32572,train
32573,val
32574,train
32575,train
32576,train
32577,train
32578,val
32579,train
32580,train
32581,train
32583,val
32584,train
32585,val
32586,val
32587,train
32588,train
32589,val
32590,val
32591,train
32592,train
32595,val
32596,train
32597,train
32599,val
32602,train
32603,val
32604,train
32605,train
32606,train
32607,train
32608,train
32610,train
32612,val
32613,train
32616,train
32618,train
32619,val
32620,train
32622,train
32623,train
32625,train
32626,val
32627,train
32628,train
32629,train
32632,val
32636,val
32637,train
32638,train
32639,train
32640,train
32641,val
32643,train
32644,train
32645,train
32648,val
32649,train
32650,train
32651,train
32652,train
32653,train
32655,train
32656,train
32658,val
32659,train
32661,train
32662,train
32664,train
32665,train
32666,train
32667,train
32668,val
32669,train
32670,train
32671,train
32672,train
32673,train
32674,train
32675,train
32676,val
32677,train
32678,val
32679,train
32680,val
32681,train
32682,train
32683,train
32685,train
32688,train
32689,train
32690,train
32691,train
32695,train
32696,val
32697,train
32698,train
32699,train
32700,train
32703,train
32704,train
32705,train
32706,train
32707,train
32708,train
32709,train
32711,train
32713,val
32714,train
32715,train
32716,val
32717,val
32718,train
32719,val
32720,train
32722,val
32724,val
32725,train
32727,train
32729,val
32730,train
32731,train
32732,train
32733,val
32735,val
32736,train
32737,train
32738,train
32739,train
32740,train
32741,train
32742,train
32743,train
32744,train
32746,train
32748,val
32749,train
32750,train
32751,train
32752,train
32753,train
32755,train
32756,train
32757,val
32758,val
32759,train
32760,train
32761,train
32762,val
32763,train
32764,train
32765,val
32766,train
32767,train
32768,train
32769,train
32770,train
32773,train
32774,val
32775,train
32776,train
32778,train
32779,val
32780,train
32781,val
32783,train
32784,val
32785,train
32786,train
32787,train
32788,train
32789,train
32790,val
32791,train
32792,train
32795,train
32796,train
32797,train
32799,train
32800,val
32801,train
32803,val
32806,train
32807,val
32808,val
32810,val
32811,train
32812,train
32813,train
32816,train
32817,train
32818,train
32819,train
32821,train
32822,train
32823,train
32824,train
32825,train
32826,val
32827,train
32828,train
32829,train
32830,train
32833,train
32834,train
32835,train
32836,train
32837,val
32839,train
32841,train
32842,train
32843,train
32844,train
32845,val
32846,train
32849,train
32850,train
32851,train
32852,train
32853,val
32854,train
32856,train
32857,train
32859,train
32860,train
32861,train
32863,train
32864,val
32865,val
32866,val
32867,train
32868,train
32869,train
32870,train
32871,train
32872,train
32873,train
32874,train
32875,train
32876,train
32878,train
32879,train
32881,val
32883,train
32884,val
32885,val
32886,train
32887,train
32888,train
32889,val
32890,train
32891,train
32892,train
32893,train
32894,train
32895,train
32896,train
32897,train
32898,train
32900,val
32901,train
32902,train
32903,train
32906,train
32907,val
32908,train
32909,train
32910,train
32911,train
32912,train
32913,train
32914,train
32915,val
32916,train
32918,val
32919,train
32920,train
32922,val
32924,train
32925,train
32926,val
32927,train
32928,train
32929,train
32930,train
32932,train
32934,train
32935,val
32936,train
32938,val
32941,train
32942,val
32943,train
32944,train
32945,train
32946,train
32947,train
32949,train
32950,train
32951,val
32952,train
32953,train
32954,train
32956,train
32957,train
32959,val
32960,train
32961,train
32962,train
32963,val
32965,train
32968,train
32969,train
32970,train
32971,train
32973,train
32974,train
32975,val
32976,train
32978,train
32979,val
32980,train
32982,train
32983,train
32984,train
32985,train
32986,val
32987,train
32988,train
32991,train
32992,train
32993,train
32996,train
32997,train
32998,val
32999,train
33001,train
33002,train
33003,train
33004,train
33005,train
33006,train
33008,train
33009,train
33010,train
33013,val
33015,train
33016,train
33017,train
33018,train
33019,train
33021,train
33022,train
33024,train
33025,train
33026,train
33027,train
33028,train
33029,train
33030,train
33031,val
33032,val
33033,val
33035,train
33036,train
33037,train
33039,val
33040,train
33041,train
33043,train
33045,train
33046,train
33049,val
33050,train
33051,train
33052,train
33053,train
33054,val
33057,train
33058,train
33059,train
33060,train
33061,train
33063,train
33064,val
33066,train
33067,train
33069,train
33070,train
33072,val
33073,train
33074,train
33076,train
33078,train
33079,train
33080,train
33081,val
33082,train
33083,train
33085,val
33086,train
33088,train
33089,train
33090,train
33091,train
33092,val
33093,train
33094,val
33095,train
33096,train
33097,train
33098,train
33099,val
33100,train
33101,train
33102,train
33103,train
33104,train
33105,train
33106,train
33107,train
33108,train
33109,train
33110,train
33111,train
33113,train
33114,val
33115,train
33116,train
33118,train
33121,train
33122,train
33123,train
33124,train
33125,train
33126,train
33127,train
33128,train
33130,train
33132,train
33133,val
33134,train
33135,train
33136,train
33137,val
33138,train
33140,train
33142,train
33143,val
33144,train
33145,train
33146,train
33147,train
33149,train
33150,train
33151,val
33152,train
33154,train
33155,train
33156,train
33157,train
33158,train
33159,train
33160,train
33161,train
33162,train
33163,train
33165,train
33168,train
33169,train
33170,train
33172,train
33173,train
33174,val
33175,train
33176,train
33177,train
33178,train
33179,train
33181,train
33183,train
33184,train
33186,train
33187,val
33188,train
33190,train
33192,train
33193,train
33194,train
33195,train
33196,val
33197,train
33198,val
33200,val
33201,train
33202,val
33205,val
33206,train
33207,train
33208,val
33212,train
33213,train
33214,train
33215,train
33216,val
33218,train
33219,val
33220,train
33221,train
33222,train
33223,val
33224,train
33225,train
33226,train
33227,train
33228,train
33229,train
33230,train
33232,val
33233,val
33235,val
33237,train
33238,val
33239,train
33240,val
33241,val
33243,train
33244,train
33245,val
33247,train
33248,train
33249,train
33250,train
33252,train
33254,train
33255,val
33257,train
33259,train
33260,train
33261,train
33262,train
33263,train
33264,train
33266,train
33267,val
33269,val
33270,val
33271,train
33274,train
33275,val
33276,train
33277,train
33278,train
33279,train
33280,train
33281,train
33283,train
33284,train
33286,train
33287,train
33288,train
33289,val
33290,train
33291,val
33292,train
33294,val
33295,train
33296,val
33297,train
33299,train
33300,val
33301,val
33304,train
33305,train
33306,train
33308,train
33309,train
33310,train
33311,train
33312,val
33313,train
33315,train
33316,train
33317,train
33318,train
33319,train
33320,train
33322,train
33323,train
33324,train
33325,train
33326,train
33327,val
33328,train
33329,val
33330,train
33331,train
33332,train
33333,train
33334,train
33335,val
33337,train
33338,train
33340,train
33341,train
33343,val
33344,train
33346,train
33347,val
33348,val
33349,train
33350,train
33351,train
33352,val
33353,val
33356,train
33357,val
33358,train
33359,train
33360,train
33361,val
33362,train
33363,val
33365,train
33367,val
33368,train
33369,train
33370,train
33371,train
33375,train
33376,train
33377,train
33378,train
33380,train
33381,train
33382,train
33383,train
33384,train
33385,train
33386,train
33387,train
33388,train
33389,val
33390,train
33391,train
33392,train
33394,val
33396,train
33397,val
33398,train
33399,train
33400,train
33401,train
33403,train
33404,train
33405,val
33406,train
33407,train
33410,train
33411,train
33412,train
33415,train
33416,train
33417,train
33418,train
33420,train
33421,train
33422,train
33423,train
33424,train
33427,train
33428,train
33429,train
33432,train
33433,val
33434,train
33435,train
33436,train
33437,train
33438,train
33439,val
33440,train
33441,train
33442,val
33443,train
33444,train
33446,val
33447,train
33448,train
33449,train
33450,val
33451,train
33452,train
33453,train
33455,train
33457,val
33458,train
33459,train
33460,val
33461,train
33463,train
33464,train
33466,train
33467,val
33468,val
33469,train
33470,train
33471,train
33473,train
33474,val
33475,train
33478,train
33480,val
33481,val
33482,train
33483,train
33484,train
33485,train
33489,train
33490,train
33492,train
33493,train
33494,train
33495,train
33496,train
33498,val
33499,train
33500,train
33502,train
33504,train
33505,train
33507,train
33509,train
33510,train
33511,train
33513,train
33514,train
33515,train
33516,train
33519,train
33520,train
33521,train
33524,train
33527,val
33528,train
33530,train
33531,train
33532,train
33533,val
33534,val
33535,train
33536,train
33537,train
33538,val
33539,train
33540,train
33542,train
33544,train
33545,train
33546,val
33547,val
33548,train
33550,train
33551,val
33553,train
33554,train
33555,train
33556,val
33557,train
33558,train
33559,train
33561,train
33562,train
33563,train
33564,val
33565,train
33570,train
33571,train
33572,train
33573,train
33575,train
33576,val
33577,train
33578,train
33579,train
33580,train
33581,train
33582,train
33583,val
33584,train
33586,train
33587,train
33590,val
33591,train
33593,train
33595,train
33596,train
33597,train
33598,train
33599,val
33600,train
33601,train
33602,train
33603,train
33604,val
33607,val
33608,train
33609,train
33610,train
33611,train
33612,train
33613,train
33614,train
33616,train
33617,train
33618,train
33619,train
33621,val
33622,train
33624,train
33625,val
33626,train
33627,train
33628,train
33630,val
33631,val
33633,train
33634,train
33636,train
33638,train
33640,val
33641,train
33642,train
33643,train
33645,train
33647,train
33648,train
33650,train
33651,train
33652,train
33653,train
33656,train
33657,val
33658,train
33662,val
33663,train
33664,val
33666,train
33667,train
33669,train
33670,train
33671,train
33672,train
33673,train
33674,train
33675,train
33676,train
33677,train
33678,train
33679,train
33680,train
33681,train
33682,train
33685,train
33686,train
33687,val
33688,train
33689,val
33690,train
33691,train
33693,train
33694,train
33695,train
33697,train
33698,train
33700,train
33703,train
33704,train
33705,val
33706,train
33708,train
33709,train
33710,train
33711,train
33712,train
33713,train
33714,train
33715,train
33716,train
33718,train
33719,train
33720,train
33721,train
33722,train
33723,train
33725,train
33726,train
33727,train
33728,val
33730,train
33731,val
33732,train
33733,train
33734,train
33735,train
33736,train
33737,train
33738,train
33740,train
33742,train
33743,train
33744,val
33745,train
33746,train
33748,train
33750,train
33752,val
33753,train
33754,train
33755,train
33756,train
33757,train
33758,train
33759,train
33760,train
33761,train
33762,train
33763,train
33764,train
33765,train
33766,val
33767,train
33769,train
33770,train
33772,train
33773,train
33774,train
33775,val
33776,train
33777,train
33778,train
33779,train
33781,train
33782,train
33783,train
33784,train
33786,train
33787,train
33788,val
33790,train
33791,train
33792,train
33794,train
33796,train
33797,train
33798,train
33799,train
33800,train
33801,train
33803,train
33805,train
33806,train
33807,val
33808,train
33810,train
33812,train
33813,train
33814,train
33817,train
33818,train
33819,val
33820,train
33822,train
33823,train
33825,val
33827,train
33828,train
33829,train
33830,train
33831,train
33832,train
33833,train
33836,train
33839,val
33840,train
33843,train
33844,train
33845,train
33846,train
33848,train
33852,train
33854,train
33855,train
33856,train
33857,train
33858,train
33859,train
33860,val
33861,train
33863,train
33865,train
33866,val
33869,train
33871,train
33872,val
33873,train
33875,train
33876,train
33878,train
33879,train
33880,val
33881,train
33882,train
33883,train
33884,val
33885,train
33886,train
33888,train
33890,train
33891,train
33893,train
33894,train
33895,train
33896,train
33897,val
33898,train
33899,train
33900,train
33901,train
33903,val
33904,train
33905,val
33906,train
33907,train
33909,train
33910,train
33911,train
33912,val
33913,val
33914,train
33915,train
33916,train
33918,train
33919,val
33920,train
33921,train
33922,train
33923,train
33924,train
33925,val
33926,train
33927,train
33929,train
33930,val
33931,train
33932,val
33933,train
33934,train
33935,val
33936,val
33937,val
33938,train
33940,train
33941,train
33942,train
33945,train
33946,train
33947,train
33948,train
33949,train
33950,train
33951,train
33952,val
33955,train
33957,train
33959,val
33961,val
33962,train
33964,train
33968,train
33970,train
33971,val
33972,train
33974,train
33975,train
33976,val
33977,train
33978,train
33979,val
33980,train
33981,train
33982,val
33983,train
33985,train
33988,train
33989,train
33990,val
33991,train
33992,train
33994,train
33995,train
33996,train
33997,train
33998,train
33999,train
34000,val
34001,train
34002,train
34004,train
34005,train
34006,train
34007,train
34009,train
34010,train
34011,train
34013,train
34015,train
34016,train
34017,train
34018,train
34020,train
34021,val
34022,train
34023,train
34024,train
34025,train
34027,train
34028,train
34029,train
34030,val
34031,train
34032,train
34033,train
34034,train
34035,train
34036,val
34037,train
34039,train
34040,train
34041,train
34042,train
34043,train
34044,val
34045,train
34046,train
34048,train
34049,train
34052,val
34053,train
34054,train
34055,train
34056,train
34057,train
34060,val
34062,train
34065,train
34067,train
34068,train
34069,train
34070,train
34071,train
34072,train
34073,train
34074,train
34075,train
34076,train
34078,val
34079,train
34083,train
34084,train
34085,train
34086,train
34087,train
34089,train
34090,val
34092,train
34094,train
34097,train
34098,train
34099,train
34101,train
34104,train
34105,train
34106,train
34107,train
34110,train
34111,train
34112,train
34113,train
34114,train
34115,train
34116,val
34117,train
34118,train
34119,train
34120,train
34123,val
34125,train
34126,train
34128,train
34129,train
34131,train
34133,train
34134,train
34135,train
34137,val
34138,val
34139,val
34140,val
34141,train
34142,train
34143,train
34144,train
34145,train
34146,train
34147,val
34148,train
34149,train
34150,train
34151,train
34152,train
34153,val
34154,train
34155,train
34156,val
34157,val
34158,train
34159,train
34161,train
34162,train
34164,train
34165,train
34167,val
34168,val
34169,train
34170,train
34171,train
34172,train
34173,train
34176,train
34177,val
34178,train
34179,val
34180,train
34181,train
34182,train
34184,train
34185,train
34187,train
34188,train
34189,train
34190,train
34192,train
34195,train
34196,train
34197,val
34198,train
34200,train
34201,train
34202,train
34204,val
34206,val
34208,train
34211,train
34213,train
34215,train
34216,train
34217,train
34218,train
34219,train
34221,train
34224,train
34225,train
34226,train
34227,train
34228,train
34229,val
34230,val
34232,train
34233,train
34234,train
34236,train
34237,train
34239,val
34240,val
34242,val
34244,val
34245,train
34246,val
34247,train
34248,val
34249,train
34250,train
34251,train
34252,val
34253,train
34254,val
34257,train
34259,train
34260,train
34261,val
34263,train
34264,val
34266,train
34267,train
34269,val
34270,train
34271,train
34272,train
34274,val
34275,train
34276,val
34277,train
34278,train
34280,train
34281,train
34283,val
34284,train
34285,train
34287,train
34288,train
34289,train
34290,val
34291,train
34292,train
34293,train
34294,val
34295,train
34296,train
34297,train
34298,train
34299,train
34300,train
34302,val
34304,train
34305,train
34306,train
34307,train
34308,train
34309,train
34310,train
34311,train
34313,train
34314,train
34318,val
34319,train
34320,train
34321,train
34323,val
34324,train
34326,train
34327,train
34328,val
34331,train
34332,train
34334,val
34335,train
34336,train
34338,train
34339,train
34342,train
34344,val
34345,val
34346,train
34347,train
34348,train
34349,train
34350,train
34351,val
34352,train
34354,train
34356,val
34358,val
34359,train
34360,val
34361,train
34363,train
34364,train
34366,train
34367,val
34368,train
34369,val
34370,train
34371,train
34372,val
34373,train
34374,train
34375,train
34376,train
34377,train
34378,train
34380,train
34381,train
34383,train
34386,train
34387,train
34388,train
34389,train
34391,val
34392,train
34393,train
34394,train
34395,train
34396,val
34397,train
34398,train
34399,train
34400,train
34401,train
34402,train
34403,val
34405,train
34406,train
34410,train
34411,train
34412,train
34413,train
34414,val
34417,train
34419,train
34421,train
34424,train
34425,train
34426,train
34428,train
34429,val
34430,train
34431,train
34432,train
34433,train
34434,train
34435,train
34437,val
34438,val
34440,train
34441,train
34442,train
34444,val
34445,train
34446,train
34447,val
34451,train
34452,val
34454,train
34455,train
34456,val
34457,train
34458,train
34459,train
34460,train
34461,train
34462,val
34463,train
34464,train
34465,train
34466,train
34467,train
34468,train
34469,train
34471,train
34472,train
34474,train
34477,train
34478,train
34479,train
34480,train
34481,val
34482,train
34484,val
34486,train
34487,train
34488,train
34489,train
34490,train
34491,train
34492,val
34493,train
34495,val
34496,val
34497,train
34498,val
34499,train
34500,train
34501,val
34502,train
34504,train
34506,train
34508,val
34509,train
34510,val
34511,train
34515,train
34518,train
34519,train
34520,train
34521,train
34522,train
34523,val
34525,train
34527,train
34528,val
34529,train
34530,train
34531,val
34532,train
34534,val
34536,val
34537,val
34539,train
34540,val
34541,train
34542,val
34544,train
34546,train
34547,train
34550,train
34551,train
34552,train
34553,train
34554,val
34555,train
34556,train
34557,val
34559,val
34560,train
34562,train
34563,train
34564,train
34565,train
34566,train
34567,val
34568,train
34569,train
34570,val
34571,train
34572,train
34574,train
34575,train
34576,train
34577,train
34579,train
34580,train
34581,train
34585,train
34586,train
34587,val
34588,val
34589,val
34590,train
34591,val
34592,val
34593,train
34595,val
34596,train
34597,train
34598,train
34599,train
34601,train
34602,train
34603,train
34604,train
34605,train
34606,train
34607,train
34608,train
34609,train
34610,val
34611,train
34614,train
34615,train
34617,train
34618,train
34620,train
34622,train
34623,train
34624,train
34625,train
34626,train
34628,train
34629,train
34630,train
34631,train
34632,train
34635,train
34636,train
34637,val
34638,val
34639,val
34640,train
34641,train
34643,train
34645,train
34646,train
34647,train
34648,train
34649,val
34650,train
34651,val
34652,val
34653,train
34654,train
34655,train
34656,train
34657,val
34659,val
34660,train
34661,train
34662,train
34663,train
34664,val
34665,train
34666,train
34667,train
34669,train
34670,train
34672,train
34673,train
34674,train
34677,train
34678,train
34679,val
34680,train
34681,train
34682,train
34683,train
34684,val
34685,val
34688,train
34689,train
34690,val
34691,train
34694,train
34695,train
34696,train
34697,train
34698,train
34699,train
34700,train
34701,train
34702,train
34703,train
34704,train
34705,train
34706,val
34707,train
34708,val
34709,train
34710,val
34713,train
34714,val
34715,train
34716,train
34717,train
34718,val
34719,train
34720,train
34721,train
34723,train
34724,train
34725,train
34726,train
34727,train
34728,train
34730,train
34732,train
34734,train
34736,train
34739,train
34740,train
34741,train
34743,val
34744,train
34745,val
34748,train
34749,train
34751,val
34752,val
34754,train
34757,train
34758,train
34760,train
34762,train
34763,val
34764,train
34765,train
34766,train
34767,train
34768,train
34769,train
34770,train
34771,val
34772,train
34775,train
34776,train
34777,train
34778,val
34779,train
34780,train
34781,train
34782,train
34784,train
34786,train
34787,train
34788,train
34789,train
34790,train
34791,train
34792,train
34795,train
34798,train
34799,train
34800,val
34801,train
34802,val
34803,train
34804,train
34805,train
34807,val
34808,val
34809,train
34810,train
34811,train
34812,train
34813,val
34815,val
34816,train
34818,train
34819,train
34820,train
34821,train
34822,train
34823,train
34824,val
34825,train
34827,train
34830,train
34831,val
34834,val
34835,train
34839,train
34840,train
34841,train
34842,train
34843,train
34844,train
34848,val
34849,train
34850,val
34851,train
34852,val
34853,val
34854,train
34855,val
34856,train
34857,val
34858,train
34860,train
34861,train
34863,train
34864,train
34866,val
34867,train
34869,train
34870,train
34871,val
34872,train
34873,val
34874,train
34875,train
34876,train
34877,train
34879,train
34880,train
34882,train
34883,train
34884,train
34886,train
34887,train
34889,train
34890,train
34891,train
34893,train
34894,train
34895,train
34896,train
34897,train
34898,train
34899,train
34900,train
34901,val
34902,train
34906,val
34908,train
34910,train
34911,val
34913,train
34914,val
34915,val
34917,train
34918,train
34919,train
34920,train
34921,train
34922,train
34924,train
34925,val
34926,train
34927,train
34929,train
34930,train
34932,train
34933,train
34936,val
34937,train
34938,train
34939,train
34940,train
34942,train
34943,train
34945,val
34946,train
34947,val
34948,train
34950,train
34951,train
34952,val
34954,train
34955,train
34956,train
34957,train
34958,val
34960,val
34961,train
34963,train
34964,train
34966,train
34967,train
34968,train
34969,train
34970,train
34971,train
34972,train
34973,train
34974,train
34977,train
34979,train
34980,val
34981,train
34982,train
34983,val
34985,val
34987,train
34989,train
34991,val
34995,train
34996,train
34999,train
35002,train
35004,val
35006,train
35007,train
35008,train
35009,val
35012,train
35013,val
35015,val
35016,train
35018,train
35019,train
35020,train
35021,train
35022,train
35023,train
35024,train
35026,train
35027,train
35028,train
35029,train
35030,train
35032,train
35033,train
35035,train
35037,train
35041,train
35042,val
35044,train
35046,train
35047,train
35049,val
35050,train
35051,train
35052,train
35053,train
35055,train
35057,train
35059,train
35060,train
35061,train
35062,train
35063,train
35064,val
35068,train
35070,train
35071,train
35073,train
35075,train
35076,train
35077,val
35078,train
35079,train
35080,train
35081,val
35082,train
35083,train
35084,train
35088,val
35091,train
35092,train
35093,train
35094,train
35096,train
35098,train
35099,train
35100,train
35104,train
35107,train
35108,train
35109,train
35110,train
35112,train
35113,val
35114,train
35115,train
35116,train
35117,val
35119,train
35120,train
35122,train
35123,train
35124,train
35125,val
35126,train
35127,train
35128,train
35129,train
35130,val
35131,train
35132,train
35133,train
35134,train
35136,train
35137,val
35138,train
35139,train
35140,train
35143,train
35144,train
35145,train
35146,train
35147,train
35148,val
35149,train
35151,val
35153,train
35154,train
35155,train
35157,train
35158,train
35159,train
35161,train
35164,val
35165,train
35167,train
35168,train
35173,train
35174,train
35177,train
35178,val
35179,train
35180,train
35181,train
35184,train
35185,train
35186,val
35188,val
35189,train
35190,val
35192,train
35193,train
35194,train
35196,train
35197,train
35198,train
35199,train
35203,train
35204,val
35206,train
35207,train
35209,train
35211,val
35212,train
35213,val
35214,train
35215,train
35216,train
35217,train
35219,train
35220,val
35221,val
35222,train
35223,train
35224,train
35225,train
35226,train
35228,train
35229,train
35230,train
35231,val
35232,train
35233,val
35234,train
35237,train
35238,train
35239,train
35240,train
35242,train
35243,train
35244,train
35245,train
35246,train
35247,val
35248,val
35249,train
35250,val
35252,train
35253,train
35254,train
35255,train
35256,train
35258,train
35259,train
35261,train
35262,val
35263,val
35265,val
35266,train
35267,train
35268,train
35269,train
35270,val
35273,train
35274,train
35275,train
35276,val
35280,val
35281,val
35283,val
35284,val
35285,train
35286,train
35287,train
35288,val
35291,train
35295,train
35296,train
35297,train
35298,train
35300,train
35301,train
35302,val
35303,train
35304,train
35305,train
35306,train
35307,train
35308,train
35309,train
35310,val
35312,val
35314,train
35315,train
35316,train
35317,val
35318,train
35319,train
35320,train
35322,train
35323,train
35326,val
35328,val
35331,train
35332,train
35333,train
35334,train
35335,train
35336,train
35339,train
35340,val
35341,train
35343,train
35344,train
35345,train
35346,val
35348,train
35351,val
35352,val
35354,train
35355,train
35356,train
35357,train
35358,train
35360,train
35362,train
35363,train
35364,train
35365,val
35368,val
35369,val
35371,train
35372,train
35373,val
35374,train
35377,train
35378,train
35379,train
35380,train
35381,train
35382,train
35383,train
35384,train
35386,train
35387,train
35388,train
35389,val
35390,train
35391,train
35392,train
35393,train
35394,train
35396,val
35399,train
35400,val
35402,val
35403,train
35404,train
35405,val
35406,train
35407,train
35409,train
35410,train
35411,train
35412,val
35414,train
35416,train
35418,train
35420,train
35421,train
35422,train
35423,train
35424,train
35425,train
35426,train
35429,train
35430,train
35431,train
35432,train
35433,train
35434,train
35435,train
35436,train
35438,train
35439,train
35440,val
35441,train
35442,train
35445,val
35447,train
35451,train
35452,train
35453,train
35454,val
35455,train
35456,train
35458,val
35459,val
35460,val
35461,val
35463,val
35465,train
35466,train
35468,val
35470,val
35471,val
35472,train
35474,train
35475,train
35477,val
35478,val
35479,val
35481,train
35482,train
35485,train
35486,val
35487,val
35488,train
35490,val
35491,train
35495,train
35496,train
35497,train
35498,train
35499,train
35500,train
35501,val
35502,val
35504,train
35505,train
35508,train
35509,train
35510,train
35511,train
35512,train
35513,train
35514,train
35515,train
35516,train
35517,val
35520,train
35521,train
35522,train
35524,train
35525,train
35526,train
35527,train
35528,train
35529,train
35530,train
35531,train
35532,train
35533,val
35535,train
35536,val
35537,train
35538,train
35539,train
35540,train
35541,train
35543,train
35545,val
35546,train
35547,train
35548,val
35549,train
35550,train
35551,train
35552,train
35553,train
35557,val
35559,train
35561,train
35562,val
35563,train
35564,train
35568,train
35570,train
35571,train
35572,val
35573,train
35574,val
35575,train
35576,train
35578,train
35579,train
35580,val
35581,train
35584,train
35585,val
35587,train
35588,train
35589,train
35590,train
35591,train
35592,train
35593,val
35594,train
35595,train
35596,train
35597,train
35598,val
35600,val
35601,train
35602,val
35603,train
35604,train
35605,train
35606,val
35607,train
35609,train
35610,train
35611,train
35612,val
35614,train
35615,train
35616,train
35617,train
35618,train
35619,train
35620,train
35621,train
35622,val
35624,val
35625,train
35626,train
35628,train
35629,train
35631,val
35632,train
35633,train
35634,val
35636,train
35637,train
35639,train
35640,train
35641,val
35642,train
35643,val
35644,train
35645,train
35646,val
35648,train
35650,train
35651,train
35652,train
35653,val
35655,train
35656,train
35658,val
35659,train
35660,train
35663,train
35664,train
35665,train
35667,train
35668,train
35669,train
35670,val
35671,train
35672,val
35673,val
35674,train
35675,train
35677,train
35678,train
35679,train
35680,val
35681,train
35683,train
35684,train
35685,train
35686,val
35687,train
35688,train
35689,train
35690,val
35691,train
35693,val
35694,train
35695,train
35698,train
35699,train
35700,val
35702,train
35703,train
35704,train
35705,train
35706,train
35707,train
35708,val
35709,val
35710,train
35711,train
35712,val
35713,train
35714,train
35715,val
35716,train
35717,val
35719,train
35720,train
35721,train
35723,train
35725,val
35726,val
35727,train
35728,train
35729,train
35731,train
35732,train
35733,val
35734,train
35735,train
35736,train
35737,train
35739,train
35740,train
35742,train
35743,val
35745,train
35747,train
35748,train
35750,train
35752,train
35753,train
35754,train
35755,train
35756,train
35759,train
35760,train
35761,train
35765,train
35766,train
35767,val
35768,val
35769,train
35771,train
35772,train
35773,train
35774,train
35775,train
35776,train
35777,train
35779,train
35781,train
35782,train
35783,train
35784,train
35785,train
35786,train
35788,train
35789,train
35791,val
35792,train
35793,val
35794,train
35795,train
35797,val
35799,val
35801,val
35802,train
35804,train
35805,train
35806,train
35807,train
35808,val
35810,train
35811,val
35812,train
35813,val
35815,val
35816,train
35818,train
35819,train
35821,train
35822,train
35823,train
35824,train
35825,train
35828,train
35829,train
35830,train
35831,train
35832,train
35834,val
35835,train
35837,train
35838,val
35839,train
35840,train
35842,val
35845,train
35846,train
35847,train
35848,train
35849,val
35850,train
35851,train
35852,train
35855,train
35858,train
35859,val
35860,train
35861,val
35863,train
35864,train
35865,train
35866,val
35867,train
35868,train
35870,train
35871,train
35872,val
35874,val
35876,train
35878,val
35879,train
35881,val
35882,train
35883,train
35884,val
35886,train
35887,train
35891,val
35892,train
35893,train
35894,val
35895,val
35896,train
35897,train
35899,train
35900,train
35901,val
35902,train
35904,train
35906,train
35907,val
35908,val
35909,val
35910,train
35912,train
35913,train
35914,val
35915,train
35916,train
35918,train
35919,train
35920,train
35921,train
35922,train
35924,train
35925,train
35926,train
35927,train
35928,train
35930,train
35931,train
35932,train
35933,val
35934,train
35935,train
35938,train
35940,val
35943,val
35944,val
35945,train
35946,train
35948,train
35951,train
35953,val
35954,train
35955,val
35956,train
35957,train
35958,train
35959,train
35960,train
35962,train
35963,train
35964,train
35965,train
35966,train
35967,val
35969,train
35970,train
35971,train
35972,train
35973,train
35974,val
35976,train
35977,train
35978,train
35979,val
35980,train
35981,train
35982,train
35983,train
35984,train
35985,train
35986,train
35987,train
35989,train
35990,train
35991,train
35992,train
35993,train
35994,val
35997,train
35998,train
35999,train
36001,train
36002,train
36003,train
36006,train
36007,train
36008,train
36009,train
36010,train
36011,train
36012,train
36013,train
36014,train
36015,train
36016,train
36017,train
36018,val
36019,train
36020,train
36021,train
36022,train
36023,train
36024,train
36025,train
36026,train
36027,train
36031,train
36032,train
36033,val
36034,train
36036,train
36037,train
36038,train
36039,train
36041,train
36042,train
36043,train
36044,train
36045,train
36047,train
36050,train
36052,val
36053,val
36054,train
36055,train
36057,train
36058,train
36059,val
36060,train
36061,train
36062,train
36063,train
36064,train
36067,val
36069,train
36070,train
36072,val
36073,train
36074,val
36075,val
36076,train
36077,val
36078,train
36079,train
36081,train
36083,train
36085,val
36086,train
36087,val
36090,train
36091,train
36092,train
36095,train
36096,train
36098,train
36099,train
36100,train
36101,train
36103,val
36104,val
36106,train
36107,val
36110,train
36111,train
36112,val
36113,train
36114,train
36115,val
36116,val
36117,train
36118,train
36120,train
36122,train
36123,train
36125,train
36126,train
36128,train
36129,val
36130,train
36131,train
36132,train
36134,train
36136,val
36137,train
36138,train
36139,train
36140,val
36143,train
36144,train
36145,val
36146,train
36148,train
36149,train
36150,train
36151,train
36152,train
36153,train
36154,val
36155,train
36157,train
36159,train
36160,train
36163,train
36164,train
36165,train
36167,train
36168,train
36169,train
36173,val
36175,train
36176,val
36177,train
36178,train
36179,val
36180,train
36181,train
36183,val
36184,train
36185,train
36186,train
36187,train
36188,train
36189,val
36193,train
36194,val
36195,train
36196,train
36197,train
36198,train
36200,train
36201,train
36202,val
36203,train
36204,train
36205,val
36206,val
36208,train
36209,train
36210,train
36212,val
36213,train
36215,train
36216,train
36217,train
36218,train
36219,train
36220,val
36221,train
36224,train
36226,train
36228,train
36229,train
36230,train
36231,train
36232,train
36233,train
36234,train
36236,train
36239,train
36241,train
36243,train
36244,val
36245,train
36246,val
36247,train
36248,train
36249,train
36250,train
36251,val
36252,val
36253,val
36254,train
36258,train
36259,train
36261,train
36262,train
36263,train
36266,train
36267,train
36268,train
36270,val
36271,train
36274,train
36275,val
36276,train
36279,train
36280,train
36281,val
36282,val
36285,train
36286,train
36289,train
36290,train
36291,train
36293,train
36295,train
36296,train
36298,train
36301,train
36302,train
36303,train
36304,train
36307,train
36308,val
36309,train
36311,train
36314,train
36315,train
36316,train
36317,train
36318,train
36320,val
36321,val
36322,train
36324,val
36325,train
36326,train
36327,train
36328,train
36329,train
36331,train
36334,train
36335,train
36337,train
36338,train
36339,train
36341,train
36345,val
36346,train
36347,train
36348,train
36349,train
36351,train
36352,train
36354,train
36355,train
36357,train
36358,train
36359,val
36361,train
36362,train
36363,val
36364,train
36365,train
36367,train
36368,train
36369,train
36370,train
36371,val
36372,train
36374,train
36375,train
36377,train
36378,train
36379,train
36380,train
36381,train
36382,train
36383,train
36384,train
36385,train
36386,val
36387,train
36388,val
36389,train
36390,train
36392,train
36393,train
36394,train
36395,val
36396,train
36398,train
36399,train
36400,train
36402,train
36403,train
36404,val
36405,train
36406,val
36407,train
36408,train
36409,train
36410,train
36411,train
36412,train
36413,train
36414,train
36415,val
36416,val
36417,val
36419,train
36421,train
36422,train
36423,train
36425,train
36426,train
36427,val
36428,train
36429,train
36430,train
36431,train
36432,train
36435,train
36436,train
36437,train
36440,train
36442,train
36443,val
36444,train
36446,train
36448,val
36450,train
36452,train
36453,train
36454,train
36455,train
36456,train
36457,train
36458,train
36460,train
36461,train
36462,val
36463,train
36464,train
36465,val
36467,train
36469,train
36470,train
36471,train
36472,train
36473,val
36474,train
36475,train
36476,train
36477,train
36478,train
36479,train
36480,train
36481,train
36482,train
36483,val
36484,train
36486,train
36487,val
36488,train
36489,train
36490,train
36491,val
36492,train
36493,train
36494,val
36495,train
36496,train
36497,train
36500,train
36501,val
36502,train
36503,val
36504,train
36505,train
36509,val
36510,train
36511,train
36512,val
36513,val
36514,train
36515,train
36518,train
36519,train
36520,val
36521,train
36522,train
36523,train
36524,train
36526,val
36528,train
36529,train
36533,train
36534,train
36535,val
36536,train
36537,train
36538,train
36539,val
36540,train
36541,train
36542,train
36543,val
36544,train
36545,val
36546,train
36547,train
36548,train
36549,train
36550,train
36551,train
36552,val
36553,val
36554,train
36555,train
36556,train
36558,train
36559,train
36561,train
36562,train
36563,val
36564,train
36565,train
36566,train
36567,train
36568,train
36569,train
36571,train
36572,train
36575,train
36576,train
36577,train
36579,train
36580,train
36581,train
36583,train
36586,train
36587,train
36590,train
36591,train
36592,train
36593,train
36594,train
36595,val
36596,train
36597,train
36598,train
36599,train
36600,train
36601,val
36602,train
36603,train
36605,val
36606,train
36607,val
36608,train
36609,train
36610,train
36611,train
36612,train
36613,train
36614,train
36615,train
36616,train
36617,train
36618,train
36619,train
36620,train
36621,val
36622,train
36624,train
36625,val
36627,train
36628,val
36629,val
36630,train
36631,val
36632,train
36633,val
36636,train
36637,val
36638,train
36639,train
36640,train
36641,train
36642,train
36643,train
36645,train
36646,train
36648,train
36649,train
36650,train
36651,train
36652,train
36653,train
36654,val
36655,train
36656,train
36658,train
36661,train
36662,val
36663,train
36664,train
36665,train
36667,val
36669,train
36670,train
36671,train
36672,train
36676,val
36677,train
36678,train
36679,train
36680,train
36682,train
36683,train
36684,train
36686,train
36687,train
36688,train
36689,train
36691,train
36692,train
36693,train
36694,train
36695,val
36696,train
36698,train
36699,train
36700,train
36701,train
36702,train
36703,train
36704,val
36705,train
36707,train
36709,train
36710,train
36711,train
36712,val
36713,train
36714,train
36715,train
36716,train
36717,val
36718,train
36719,train
36722,train
36723,val
36724,train
36725,train
36726,train
36728,val
36732,train
36733,train
36734,train
36737,train
36738,train
36739,train
36741,train
36742,val
36743,train
36744,train
36746,train
36749,train
36750,train
36751,train
36752,train
36754,val
36755,train
36756,train
36759,train
36760,train
36761,train
36762,train
36765,train
36767,train
36768,train
36769,train
36770,train
36772,train
36774,train
36775,train
36776,train
36777,train
36778,train
36779,train
36780,train
36781,train
36782,train
36783,train
36784,train
36785,train
36786,val
36787,train
36789,val
36790,train
36792,train
36793,val
36794,train
36795,train
36796,train
36797,val
36798,val
36800,train
36801,train
36803,train
36804,val
36807,train
36808,train
36810,train
36812,train
36813,train
36814,train
36816,val
36818,train
36819,val
36820,train
36821,val
36823,val
36824,train
36825,val
36827,train
36828,train
36830,train
36831,val
36832,train
36833,train
36834,train
36835,train
36836,train
36837,val
36838,val
36839,train
36842,train
36843,train
36844,train
36845,train
36846,val
36847,train
36848,train
36849,train
36852,train
36853,train
36854,train
36855,train
36856,train
36857,train
36858,train
36859,train
36860,train
36861,train
36862,train
36863,val
36866,val
36868,train
36870,train
36871,train
36873,train
36874,train
36875,train
36876,val
36877,train
36878,val
36879,val
36880,train
36881,train
36882,train
36883,train
36884,train
36885,train
36886,val
36887,val
36888,train
36890,train
36891,train
36892,train
36894,train
36895,train
36898,val
36899,train
36901,train
36902,train
36903,train
36904,train
36905,train
36906,val
36907,train
36908,train
36909,val
36910,val
36911,val
36912,train
36913,train
36914,val
36915,train
36916,train
36917,train
36919,train
36920,train
36922,train
36924,train
36930,val
36931,train
36934,train
36935,val
36938,val
36939,train
36940,train
36941,train
36942,train
36943,train
36944,train
36946,val
36947,val
36950,train
36951,train
36954,train
36955,train
36957,train
36958,train
36959,train
36961,train
36962,train
36963,train
36964,train
36965,train
36966,train
36967,train
36968,train
36969,train
36970,train
36971,train
36972,train
36973,val
36975,train
36980,train
36981,train
36982,train
36983,train
36985,train
36987,train
36988,val
36989,train
36990,train
36991,val
36994,train
36995,train
36996,val
36997,train
36998,train
36999,train
37000,val
37001,train
37002,train
37003,val
37004,train
37005,train
37006,val
37007,train
37008,train
37009,train
37010,train
37012,train
37013,train
37017,train
37018,train
37019,train
37022,train
37023,train
37024,train
37026,val
37027,train
37028,train
37029,train
37030,train
37031,train
37032,train
37033,train
37036,train
37037,train
37038,val
37039,val
37040,train
37041,train
37042,train
37043,train
37044,train
37048,train
37049,train
37051,train
37052,train
37053,train
37054,train
37057,train
37058,train
37059,train
37060,train
37063,train
37064,train
37065,train
37066,val
37067,train
37068,train
37069,val
37070,val
37071,train
37072,val
37073,val
37074,train
37075,train
37076,val
37080,train
37081,train
37082,val
37084,val
37085,train
37086,train
37087,train
37088,train
37089,val
37090,train
37092,train
37093,train
37094,train
37095,val
37096,train
37097,train
37098,train
37099,train
37100,train
37101,train
37102,train
37103,train
37105,train
37106,train
37107,train
37108,train
37110,train
37111,val
37113,train
37116,train
37118,val
37121,train
37122,train
37123,val
37125,train
37128,train
37130,train
37131,train
37132,train
37138,train
37139,train
37140,train
37141,val
37142,train
37143,train
37144,train
37145,train
37146,train
37147,train
37148,train
37150,train
37151,train
37152,train
37153,val
37155,train
37156,val
37157,train
37158,train
37159,train
37160,train
37161,train
37162,train
37163,train
37164,val
37166,train
37167,train
37168,train
37169,train
37171,train
37172,train
37173,train
37175,train
37176,train
37177,train
37178,train
37179,val
37180,train
37181,train
37182,train
37183,val
37184,train
37185,train
37186,train
37187,train
37189,train
37190,train
37191,val
37192,train
37193,val
37195,val
37196,train
37197,train
37198,train
37200,train
37201,val
37203,train
37204,val
37205,val
37207,train
37208,train
37209,train
37210,train
37211,train
37212,train
37213,train
37214,train
37216,train
37217,train
37218,train
37219,train
37220,val
37221,train
37222,train
37223,train
37224,train
37225,train
37226,train
37227,train
37228,train
37231,train
37232,val
37233,train
37234,val
37235,train
37236,train
37237,train
37238,train
37240,val
37241,val
37243,train
37244,train
37245,val
37246,val
37247,train
37248,val
37249,train
37250,train
37252,val
37253,train
37254,val
37255,val
37256,train
37257,train
37259,train
37260,train
37261,train
37262,train
37263,train
37264,train
37266,train
37269,train
37270,train
37272,train
37273,train
37274,val
37275,train
37276,train
37278,train
37279,train
37280,train
37281,train
37283,train
37284,train
37285,train
37286,train
37289,train
37290,val
37291,train
37292,train
37293,train
37294,train
37295,train
37296,train
37297,train
37299,train
37300,train
37301,train
37302,val
37303,val
37305,train
37306,train
37307,train
37308,train
37309,train
37310,train
37311,train
37313,train
37315,train
37317,train
37319,train
37322,train
37323,train
37326,train
37328,train
37329,val
37330,train
37331,train
37332,train
37333,train
37335,train
37336,train
37337,train
37338,train
37339,train
37340,train
37341,val
37342,train
37344,train
37345,val
37346,val
37348,train
37349,train
37350,val
37351,train
37352,train
37353,train
37354,train
37355,train
37356,train
37357,train
37358,train
37360,val
37361,train
37362,train
37364,val
37365,train
37366,train
37369,val
37370,train
37372,val
37374,train
37375,val
37376,val
37377,train
37379,train
37380,val
37381,train
37382,train
37383,train
37384,train
37385,train
37387,train
37388,train
37390,val
37391,train
37394,train
37395,train
37396,train
37398,train
37400,train
37402,train
37403,train
37404,train
37405,train
37406,val
37407,val
37408,train
37409,train
37410,train
37411,train
37412,train
37413,train
37415,val
37416,val
37418,train
37419,train
37420,train
37421,train
37424,train
37425,train
37426,train
37427,train
37428,train
37431,train
37432,val
37434,train
37435,val
37436,val
37438,train
37439,val
37440,val
37441,train
37442,train
37443,train
37444,val
37445,train
37446,train
37447,val
37448,train
37449,train
37450,train
37451,val
37452,val
37455,train
37456,train
37457,train
37458,train
37460,train
37461,train
37463,train
37464,train
37465,train
37466,train
37467,train
37470,train
37471,train
37475,train
37476,train
37478,train
37479,train
37482,train
37483,train
37484,train
37486,train
37487,train
37489,train
37490,train
37492,train
37493,train
37495,train
37496,train
37498,train
37499,val
37500,train
37502,train
37503,val
37504,train
37505,val
37506,train
37507,train
37508,train
37509,val
37510,train
37511,train
37512,train
37513,train
37515,train
37516,train
37517,val
37518,train
37520,train
37522,val
37523,train
37524,train
37525,val
37526,train
37527,val
37529,train
37530,train
37531,train
37532,train
37533,train
37534,train
37535,train
37536,train
37537,val
37539,train
37540,val
37541,train
37542,train
37544,train
37546,train
37547,train
37548,val
37549,train
37550,train
37552,train
37554,train
37555,train
37556,train
37558,train
37559,train
37560,val
37561,train
37562,val
37564,train
37565,train
37569,train
37570,train
37571,train
37572,train
37573,train
37574,train
37575,val
37579,train
37581,train
37582,train
37583,train
37584,train
37585,train
37586,train
37587,train
37588,train
37589,train
37590,train
37591,train
37592,val
37593,val
37594,train
37595,train
37599,train
37600,train
37601,val
37604,train
37605,train
37607,train
37608,val
37609,train
37610,train
37611,train
37612,train
37613,val
37615,train
37616,train
37617,train
37618,train
37620,val
37621,val
37622,train
37623,train
37624,val
37627,val
37628,train
37629,train
37630,train
37632,val
37633,val
37635,val
37636,train
37637,val
37638,train
37639,val
37641,train
37642,train
37645,train
37647,train
37649,train
37650,train
37651,train
37652,train
37655,val
37656,val
37657,val
37658,train
37659,train
37660,val
37661,val
37664,train
37666,train
37667,train
37669,train
37671,train
37672,train
37676,val
37677,train
37678,train
37679,train
37680,train
37682,val
37683,train
37684,train
37686,train
37688,train
37689,train
37690,train
37691,train
37692,val
37693,train
37694,train
37695,val
37697,train
37698,train
37699,train
37700,train
37701,train
37702,train
37703,val
37705,train
37706,train
37707,val
37708,train
37709,train
37710,train
37711,train
37712,val
37715,train
37716,train
37717,train
37718,val
37719,val
37721,train
37722,train
37725,train
37726,train
37727,train
37728,train
37729,val
37730,train
37731,val
37732,train
37734,train
37735,train
37736,train
37737,train
37739,train
37740,train
37741,train
37742,train
37743,train
37744,val
37745,train
37747,train
37748,train
37749,train
37750,train
37751,train
37752,train
37753,train
37756,train
37758,val
37759,train
37760,train
37761,train
37762,train
37763,train
37764,train
37765,train
37766,val
37767,train
37769,train
37771,train
37772,train
37773,train
37774,train
37775,val
37776,train
37777,train
37778,val
37779,train
37780,train
37781,train
37783,train
37784,train
37785,val
37786,train
37787,train
37788,train
37789,val
37790,train
37792,train
37793,val
37794,train
37795,val
37796,train
37797,train
37798,val
37799,train
37800,train
37801,val
37803,train
37804,train
37806,train
37807,train
37808,train
37809,train
37811,train
37813,val
37814,train
37815,val
37816,train
37817,train
37818,train
37820,train
37822,train
37824,train
37825,train
37827,train
37828,train
37829,train
37831,val
37832,val
37833,train
37834,train
37835,train
37837,train
37838,train
37839,train
37840,train
37841,val
37842,train
37844,train
37845,train
37848,train
37849,val
37851,train
37852,val
37853,train
37854,val
37857,val
37858,val
37859,val
37860,val
37862,train
37863,train
37864,val
37868,val
37870,train
37871,train
37872,train
37873,train
37875,val
37876,train
37878,val
37879,train
37880,train
37881,val
37882,train
37883,val
37884,train
37888,val
37889,train
37890,train
37891,train
37893,train
37894,val
37898,train
37900,train
37902,train
37904,val
37905,train
37906,train
37907,train
37908,train
37910,train
37911,train
37914,train
37915,train
37916,train
37917,train
37918,train
37919,val
37921,train
37922,train
37923,train
37924,val
37925,train
37926,val
37927,train
37928,train
37929,train
37930,val
37932,train
37933,val
37934,train
37935,train
37937,train
37938,train
37939,train
37940,val
37942,val
37943,train
37946,train
37947,train
37948,train
37950,val
37953,train
37954,train
37955,train
37956,val
37957,train
37958,train
37959,train
37960,train
37961,val
37963,train
37965,train
37966,train
37968,train
37969,val
37971,train
37972,train
37973,train
37974,train
37977,train
37978,train
37979,train
37980,train
37981,val
37982,train
37983,train
37984,train
37985,train
37986,train
37987,train
37989,train
37992,train
37997,val
37998,train
38000,train
38001,train
38002,train
38003,train
38004,train
38005,train
38006,train
38007,train
38009,train
38010,val
38012,val
38013,train
38014,train
38017,train
38019,val
38020,val
38022,train
38023,train
38024,train
38025,val
38026,train
38027,train
38030,train
38031,train
38032,train
38033,train
38034,train
38035,train
38038,train
38039,train
38040,val
38042,train
38043,train
38044,train
38045,train
38047,train
38048,train
38049,val
38050,train
38052,train
38053,train
38055,val
38056,train
38058,train
38059,train
38061,train
38063,train
38064,train
38065,val
38066,train
38069,train
38070,train
38071,train
38072,train
38075,train
38078,val
38080,train
38082,train
38084,train
38085,train
38087,train
38088,train
38090,train
38091,train
38093,train
38094,val
38095,train
38096,val
38098,train
38099,train
38101,train
38102,train
38104,train
38105,train
38106,val
38107,train
38108,train
38109,train
38110,val
38111,val
38112,train
38113,train
38115,train
38116,val
38118,train
38120,train
38122,train
38123,val
38125,train
38126,train
38127,val
38128,train
38131,train
38133,train
38134,train
38135,train
38136,train
38138,train
38139,train
38140,train
38142,train
38143,train
38144,train
38145,train
38146,train
38147,val
38148,train
38149,val
38150,train
38151,train
38152,train
38155,train
38156,train
38157,train
38158,train
38159,train
38160,val
38162,train
38164,train
38165,train
38166,val
38167,val
38169,val
38170,train
38171,train
38172,train
38173,val
38174,train
38175,train
38176,train
38178,train
38179,train
38180,train
38181,train
38184,train
38185,train
38186,val
38187,train
38188,train
38189,train
38190,train
38191,train
38192,train
38193,train
38194,val
38195,train
38197,train
38198,train
38199,train
38200,val
38202,train
38203,train
38204,train
38205,train
38206,train
38207,val
38208,val
38209,train
38210,train
38211,train
38212,val
38213,train
38216,train
38217,train
38218,train
38219,train
38220,train
38221,train
38223,train
38224,train
38225,train
38226,train
38227,train
38228,train
38229,train
38230,train
38231,train
38232,val
38233,train
38234,train
38235,train
38239,train
38240,val
38241,train
38242,val
38243,train
38244,val
38245,val
38246,train
38247,train
38248,train
38249,train
38250,val
38254,val
38256,train
38257,val
38258,train
38259,train
38260,val
38261,train
38262,train
38263,train
38265,train
38268,train
38270,train
38273,train
38274,train
38276,train
38278,train
38279,train
38280,train
38281,train
38285,val
38286,train
38287,train
38290,train
38291,train
38292,train
38293,val
38294,train
38295,val
38296,val
38297,train
38298,val
38299,train
38301,train
38303,train
38305,train
38308,train
38309,train
38310,train
38311,val
38312,train
38313,train
38314,train
38315,val
38316,train
38318,train
38320,train
38321,val
38322,train
38323,train
38324,val
38325,train
38326,train
38327,train
38329,train
38330,val
38331,val
38332,train
38333,val
38334,train
38335,train
38336,train
38337,train
38338,train
38339,val
38340,train
38341,train
38343,train
38344,val
38345,train
38346,train
38347,train
38349,val
38350,train
38351,train
38352,train
38353,train
38357,train
38359,train
38360,train
38361,train
38362,val
38363,train
38364,train
38365,train
38366,train
38367,train
38370,val
38371,train
38372,train
38373,train
38374,train
38375,train
38376,train
38377,train
38378,train
38379,train
38380,train
38381,train
38382,train
38383,train
38384,val
38385,train
38386,train
38387,train
38388,train
38389,train
38390,train
38391,train
38392,train
38393,train
38394,val
38395,train
38398,train
38400,train
38401,train
38402,train
38404,val
38405,train
38406,train
38408,train
38410,train
38411,train
38413,train
38414,val
38415,val
38416,train
38417,train
38418,train
38419,train
38420,val
38421,train
38422,train
38423,train
38424,train
38425,train
38426,val
38427,train
38430,train
38431,train
38432,val
38435,val
38436,train
38437,train
38439,train
38440,val
38441,train
38442,train
38443,val
38444,train
38445,train
38446,train
38447,train
38448,train
38449,train
38450,train
38451,val
38452,train
38453,train
38454,train
38455,train
38456,train
38457,train
38458,val
38459,train
38460,train
38461,train
38462,train
38463,val
38464,train
38467,train
38468,train
38469,val
38472,val
38473,train
38476,val
38477,train
38478,train
38479,train
38480,train
38481,train
38482,train
38483,train
38485,val
38486,train
38487,train
38488,train
38489,train
38491,val
38492,train
38493,train
38494,train
38495,train
38496,train
38497,train
38498,train
38500,val
38501,train
38502,val
38504,train
38506,val
38507,val
38508,train
38509,train
38510,train
38511,train
38512,train
38513,train
38515,val
38517,train
38519,val
38520,train
38521,train
38524,train
38525,train
38527,train
38529,train
38531,val
38532,val
38534,train
38535,train
38536,val
38539,train
38540,train
38541,train
38542,train
38543,train
38545,train
38547,train
38548,train
38549,train
38550,val
38551,train
38552,train
38553,train
38554,train
38556,val
38557,train
38559,val
38561,val
38562,train
38563,train
38564,train
38565,train
38567,train
38568,val
38569,train
38570,train
38571,train
38572,train
38575,val
38578,train
38579,train
38580,train
38581,train
38582,train
38584,train
38585,train
38587,train
38588,train
38589,val
38590,val
38591,val
38592,train
38594,train
38595,train
38596,train
38597,train
38599,train
38600,val
38602,train
38603,train
38604,train
38605,train
38606,val
38607,train
38608,val
38609,train
38610,train
38611,val
38612,train
38613,train
38614,train
38615,train
38616,val
38617,val
38618,train
38619,val
38620,train
38621,train
38622,val
38623,val
38624,val
38627,train
38628,train
38629,val
38630,train
38631,train
38632,train
38633,train
38634,train
38635,train
38636,train
38638,val
38639,train
38640,train
38641,train
38643,train
38644,val
38645,val
38647,val
38648,train
38650,train
38651,train
38655,val
38657,train
38658,train
38659,train
38660,train
38661,val
38662,val
38663,train
38664,train
38665,val
38668,val
38669,train
38670,train
38671,train
38672,train
38673,train
38674,val
38676,train
38677,train
38679,val
38680,train
38682,train
38683,train
38684,val
38685,train
38686,val
38687,train
38688,train
38689,val
38690,train
38691,val
38692,train
38693,train
38694,train
38695,val
38696,train
38697,val
38698,train
38699,val
38700,val
38701,train
38702,train
38704,val
38705,train
38706,train
38707,val
38708,val
38709,train
38710,train
38711,val
38713,train
38714,train
38716,val
38718,train
38719,train
38720,val
38721,train
38722,train
38723,train
38724,train
38725,train
38726,train
38727,val
38728,train
38729,train
38730,train
38731,train
38734,train
38736,train
38737,train
38738,val
38739,train
38740,train
38742,train
38743,train
38744,train
38745,train
38747,train
38748,train
38749,train
38751,train
38752,train
38753,train
38754,train
38755,train
38756,val
38757,train
38758,train
38759,train
38760,train
38761,train
38762,train
38763,train
38764,val
38765,train
38766,train
38768,train
38769,train
38770,train
38771,train
38772,train
38774,train
38776,val
38777,train
38780,train
38782,train
38783,train
38785,train
38786,val
38787,train
38788,val
38789,train
38790,train
38791,train
38793,train
38794,train
38795,train
38796,train
38797,train
38798,train
38799,train
38800,train
38803,val
38804,val
38805,train
38806,train
38807,train
38808,val
38809,train
38810,train
38812,train
38813,val
38814,train
38815,train
38817,val
38819,val
38821,train
38823,train
38824,train
38825,train
38827,val
38828,val
38829,val
38830,train
38831,train
38832,train
38833,train
38834,train
38835,train
38836,train
38837,val
38840,train
38841,train
38842,train
38843,train
38846,train
38847,val
38849,val
38852,train
38854,train
38855,train
38856,train
38857,train
38858,train
38859,train
38860,train
38861,train
38862,train
38863,train
38864,train
38865,train
38866,val
38868,train
38869,train
38870,train
38872,train
38873,val
38874,train
38875,train
38876,train
38877,train
38879,train
38880,val
38882,val
38884,train
38885,train
38886,train
38888,train
38889,train
38890,val
38891,train
38892,train
38894,train
38896,train
38897,train
38898,train
38899,train
38900,val
38902,train
38903,val
38905,train
38906,train
38907,train
38908,train
38909,train
38910,val
38911,train
38912,train
38913,val
38914,train
38915,train
38916,train
38920,train
38921,val
38923,train
38924,val
38925,train
38926,train
38928,train
38930,train
38931,val
38932,train
38933,train
38934,val
38935,val
38936,train
38937,val
38938,train
38939,train
38940,train
38941,train
38943,train
38944,train
38947,train
38948,train
38949,train
38950,train
38952,train
38953,train
38954,val
38955,train
38956,train
38957,val
38959,train
38960,train
38961,train
38962,val
38963,train
38964,train
38965,train
38966,train
38967,val
38969,train
38970,train
38972,train
38973,val
38974,train
38975,train
38977,train
38979,train
38980,train
38981,val
38982,val
38983,train
38984,train
38985,val
38986,train
38989,train
38992,val
38993,train
38994,train
38995,train
38996,train
38999,val
39000,train
39001,train
39003,train
39004,train
39005,train
39006,val
39007,train
39008,train
39009,train
39010,train
39011,train
39012,train
39013,train
39014,train
39016,train
39017,train
39018,val
39019,val
39020,train
39021,train
39022,train
39023,val
39024,train
39025,train
39026,train
39027,train
39028,val
39029,train
39032,train
39033,train
39034,train
39035,train
39036,train
39037,val
39038,val
39039,train
39041,val
39043,val
39044,train
39045,train
39046,train
39048,train
39050,val
39051,train
39052,train
39054,val
39055,train
39056,train
39057,train
39058,train
39059,train
39062,train
39063,train
39064,train
39065,train
39067,val
39068,train
39069,train
39070,train
39072,train
39074,train
39077,train
39078,train
39080,train
39081,val
39083,val
39085,train
39088,train
39089,train
39092,train
39093,train
39094,train
39095,train
39097,train
39098,val
39100,val
39101,train
39103,train
39104,train
39105,train
39107,train
39109,val
39110,val
39112,train
39113,train
39116,train
39118,train
39120,train
39121,val
39122,train
39124,train
39125,val
39126,val
39127,val
39128,train
39129,val
39130,train
39132,train
39133,val
39134,train
39135,train
39136,val
39137,train
39138,train
39139,train
39140,train
39141,train
39142,train
39143,train
39144,train
39145,train
39147,train
39150,train
39151,val
39152,train
39153,train
39154,val
39155,train
39156,train
39158,train
39159,train
39162,val
39165,train
39166,train
39167,train
39168,train
39169,train
39170,train
39171,train
39172,val
39173,train
39174,train
39175,train
39176,train
39178,val
39179,train
39180,val
39182,val
39183,train
39184,train
39185,train
39187,val
39188,val
39189,train
39190,train
39191,train
39192,train
39193,train
39194,train
39195,train
39196,train
39197,train
39198,train
39199,val
39200,train
39201,train
39203,train
39204,train
39206,train
39209,train
39210,train
39211,train
39212,train
39214,train
39215,train
39216,train
39218,train
39219,train
39221,train
39222,train
39223,train
39224,train
39225,val
39226,val
39227,train
39230,val
39231,train
39232,train
39234,train
39235,val
39236,train
39237,train
39238,val
39239,train
39241,train
39242,val
39243,train
39245,train
39247,train
39248,train
39250,train
39251,train
39252,train
39253,train
39254,val
39257,train
39258,train
39259,train
39260,train
39261,train
39262,train
39263,val
39264,train
39265,val
39266,train
39267,val
39268,val
39270,train
39271,train
39272,train
39273,train
39275,train
39276,train
39278,train
39279,val
39280,train
39281,val
39282,train
39283,train
39284,train
39285,train
39286,val
39287,val
39292,train
39294,train
39295,train
39296,train
39297,train
39298,train
39300,train
39301,train
39302,train
39303,train
39304,val
39305,train
39306,train
39309,train
39310,train
39311,train
39312,train
39313,train
39314,train
39315,train
39317,train
39320,train
39321,train
39322,train
39323,train
39324,train
39325,train
39326,train
39328,train
39329,train
39330,val
39331,val
39332,train
39333,val
39334,train
39335,train
39336,train
39338,train
39340,train
39341,val
39343,train
39344,train
39346,train
39347,train
39348,train
39349,train
39350,train
39351,train
39352,val
39354,train
39355,train
39356,train
39357,train
39358,val
39359,train
39360,train
39361,train
39362,train
39363,train
39364,train
39365,train
39366,train
39367,val
39368,train
39369,train
39370,train
39372,train
39374,val
39376,train
39377,train
39378,train
39379,train
39380,train
39381,train
39383,train
39385,train
39386,train
39388,train
39389,val
39390,val
39391,train
39393,train
39394,val
39397,val
39398,train
39399,train
39400,train
39401,train
39404,train
39405,val
39407,train
39408,val
39409,train
39410,train
39411,train
39412,val
39413,val
39415,train
39416,train
39417,train
39419,val
39420,train
39421,val
39422,train
39423,train
39424,train
39425,val
39427,train
39430,train
39431,train
39433,train
39434,train
39435,train
39437,train
39438,val
39440,train
39441,train
39442,train
39443,train
39444,train
39445,train
39446,train
39447,val
39448,train
39450,train
39451,train
39453,val
39454,train
39455,train
39456,val
39457,train
39459,train
39461,train
39462,train
39463,val
39465,train
39468,train
39469,train
39471,train
39472,train
39473,val
39474,val
39478,train
39479,train
39480,train
39482,train
39483,train
39484,val
39485,val
39487,val
39488,train
39490,train
39491,val
39492,train
39493,train
39495,train
39497,train
39498,train
39499,train
39500,train
39501,train
39502,val
39503,train
39505,train
39510,train
39511,train
39512,train
39513,train
39515,train
39516,val
39517,val
39518,train
39519,train
39520,train
39521,train
39522,train
39523,train
39524,train
39525,train
39526,train
39527,val
39528,train
39530,train
39531,train
39533,train
39534,val
39535,train
39537,train
39538,train
39540,train
39541,train
39543,train
39544,train
39546,train
39549,train
39550,train
39551,train
39553,train
39554,train
39558,val
39560,train
39561,val
39562,train
39563,train
39564,train
39565,val
39566,train
39567,train
39568,val
39569,train
39570,train
39571,train
39572,train
39573,train
39574,train
39575,train
39576,train
39577,train
39578,train
39579,train
39580,train
39581,train
39582,train
39583,val
39584,train
39585,train
39587,train
39588,train
39590,train
39591,train
39592,train
39593,train
39594,train
39598,train
39600,train
39601,train
39602,train
39603,val
39604,val
39606,train
39607,val
39608,train
39609,train
39610,train
39611,train
39613,train
39614,train
39616,train
39617,train
39618,train
39619,train
39620,train
39621,train
39622,val
39623,train
39625,train
39628,train
39629,val
39630,val
39631,train
39632,train
39634,train
39635,val
39636,train
39637,val
39639,train
39640,train
39641,val
39642,train
39644,train
39645,train
39646,train
39647,train
39648,val
39649,train
39650,val
39651,train
39652,train
39653,train
39654,val
39655,val
39656,train
39658,val
39660,train
39661,val
39662,train
39663,train
39666,train
39667,train
39668,train
39670,train
39671,train
39672,train
39673,train
39674,train
39675,train
39676,train
39677,train
39678,train
39679,train
39680,train
39681,train
39682,val
39683,train
39684,train
39685,train
39686,train
39687,train
39688,val
39689,train
39690,val
39692,train
39694,train
39695,train
39696,val
39697,train
39699,train
39701,train
39702,train
39703,val
39704,val
39705,train
39706,train
39707,val
39708,train
39710,val
39711,train
39714,train
39715,train
39716,train
39717,train
39718,train
39719,val
39720,train
39721,train
39722,train
39723,train
39724,train
39725,train
39727,train
39728,train
39729,train
39731,val
39733,train
39734,val
39735,train
39736,train
39737,train
39738,train
39739,train
39741,train
39743,train
39744,train
39745,train
39746,train
39747,val
39748,train
39749,train
39750,train
39751,train
39752,train
39753,train
39754,val
39757,train
39758,val
39760,train
39762,train
39765,train
39766,train
39767,train
39768,train
39770,train
39771,train
39772,train
39773,train
39774,train
39775,train
39776,train
39777,train
39778,train
39779,val
39780,train
39781,train
39782,train
39783,val
39785,train
39787,train
39788,train
39791,train
39792,val
39793,train
39794,train
39795,train
39798,train
39800,train
39801,train
39803,train
39804,train
39805,val
39806,train
39807,train
39808,train
39809,train
39810,train
39811,train
39812,train
39813,train
39814,val
39815,train
39816,train
39817,train
39819,train
39820,train
39821,val
39822,train
39823,val
39824,train
39827,train
39828,train
39829,val
39831,train
39834,train
39835,train
39836,train
39837,val
39838,train
39839,val
39840,train
39841,train
39842,train
39843,train
39844,train
39845,train
39846,train
39847,train
39848,train
39849,val
39850,train
39851,val
39854,train
39855,train
39856,val
39857,train
39858,val
39859,train
39861,train
39862,train
39863,train
39864,train
39868,train
39869,train
39870,train
39871,train
39872,val
39873,val
39875,train
39876,val
39877,train
39878,train
39879,val
39880,val
39881,val
39883,train
39884,val
39885,val
39886,train
39887,train
39888,train
39890,val
39891,train
39892,train
39894,train
39896,train
39897,train
39899,val
39900,train
39902,train
39903,train
39904,train
39905,train
39906,train
39909,val
39912,train
39913,train
39914,train
39915,train
39916,train
39917,train
39918,val
39919,train
39920,train
39921,train
39922,train
39923,train
39925,val
39926,val
39927,train
39930,train
39931,train
39932,train
39933,train
39934,val
39935,train
39936,train
39938,train
39940,val
39941,train
39942,train
39943,val
39945,train
39946,train
39947,train
39949,train
39950,train
39952,val
39953,train
39954,train
39955,train
39956,train
39957,train
39960,val
39961,train
39962,train
39963,train
39964,train
39965,train
39966,train
39968,train
39969,train
39970,train
39971,train
39973,train
39974,train
39976,train
39977,train
39979,train
39980,train
39981,train
39982,train
39983,train
39984,train
39985,train
39986,train
39987,train
39988,train
39989,train
39990,train
39991,train
39992,train
39993,val
39994,train
39995,train
39996,train
39997,train
39998,train
39999,train
40000,train
40001,train
40002,train
40003,train
40005,train
40006,train
40007,train
40008,train
40009,train
40010,val
40011,train
40012,train
40013,val
40014,train
40015,train
40017,train
40018,train
40019,train
40020,val
40021,train
40022,train
40023,val
40024,train
40025,train
40027,train
40029,train
40030,train
40031,train
40032,val
40033,train
40034,train
40035,train
40037,train
40038,train
40039,train
40044,train
40045,train
40046,train
40047,train
40048,train
40049,train
40051,train
40054,train
40055,train
40056,val
40057,val
40058,train
40059,val
40060,val
40062,train
40064,train
40065,train
40066,train
40067,train
40068,train
40069,train
40070,train
40071,train
40072,val
40073,train
40074,train
40075,train
40076,train
40077,train
40079,val
40080,train
40081,train
40082,val
40083,train
40086,train
40088,train
40089,train
40092,train
40094,val
40095,train
40096,val
40097,train
40100,val
40101,train
40103,train
40105,train
40106,train
40107,train
40108,train
40110,train
40111,val
40112,train
40114,train
40115,train
40116,train
40117,train
40119,train
40120,train
40121,train
40123,train
40126,train
40128,train
40132,train
40133,train
40134,train
40135,train
40137,train
40138,train
40139,train
40140,train
40141,val
40142,val
40143,train
40144,train
40145,train
40147,train
40148,train
40149,train
40152,train
40153,train
40154,train
40155,train
40156,train
40157,train
40158,val
40159,train
40161,train
40164,val
40165,train
40166,train
40167,val
40168,train
40169,train
40170,train
40172,train
40174,train
40175,train
40176,val
40177,train
40178,train
40179,train
40180,train
40183,train
40185,train
40186,train
40187,train
40188,train
40189,train
40190,train
40191,val
40192,train
40193,train
40194,train
40196,train
40199,train
40200,val
40201,train
40202,train
40203,train
40204,val
40205,train
40206,train
40207,val
40208,train
40210,train
40214,train
40215,train
40216,train
40217,train
40218,train
40219,train
40220,train
40221,train
40222,train
40223,val
40225,train
40226,train
40227,train
40229,train
40230,train
40231,train
40232,val
40233,train
40234,train
40235,val
40236,val
40238,train
40239,val
40240,val
40241,train
40242,train
40243,train
40245,train
40246,train
40247,train
40248,train
40249,train
40251,train
40253,train
40254,val
40255,train
40256,train
40259,train
40260,val
40261,train
40263,train
40264,val
40265,val
40266,train
40267,train
40269,val
40270,train
40271,train
40272,train
40274,train
40275,train
40276,train
40277,train
40278,train
40279,val
40280,train
40281,train
40283,train
40284,train
40287,train
40288,train
40289,train
40290,train
40291,train
40292,val
40293,train
40294,train
40295,train
40296,train
40297,train
40300,val
40301,train
40302,train
40303,train
40304,train
40305,val
40306,train
40307,train
40308,train
40309,train
40310,train
40312,val
40315,train
40318,train
40319,train
40321,train
40322,train
40323,train
40324,train
40325,val
40326,train
40328,train
40329,train
40330,train
40331,val
40332,val
40333,train
40334,val
40335,train
40336,train
40337,train
40338,val
40339,val
40340,val
40341,train
40342,train
40343,val
40344,train
40347,train
40349,val
40350,train
40351,train
40352,val
40353,train
40354,train
40355,train
40356,val
40358,train
40359,train
40360,train
40361,train
40362,train
40363,val
40365,train
40366,train
40369,train
40370,train
40371,train
40372,val
40373,train
40374,train
40375,val
40379,train
40380,train
40381,train
40382,train
40383,train
40384,train
40385,train
40387,train
40389,train
40390,val
40391,train
40392,train
40394,val
40395,train
40396,train
40397,train
40398,train
40399,train
40400,train
40401,train
40402,train
40403,train
40404,val
40407,val
40408,train
40409,train
40410,train
40411,train
40412,train
40416,train
40417,train
40419,train
40420,train
40421,train
40422,val
40424,train
40425,train
40426,train
40430,train
40431,train
40433,train
40436,train
40437,train
40438,train
40439,train
40440,train
40441,val
40443,val
40444,train
40445,train
40446,val
40448,train
40449,train
40450,train
40451,train
40452,val
40453,train
40454,train
40455,train
40456,train
40459,val
40460,val
40461,train
40462,train
40463,train
40464,train
40465,train
40466,train
40467,train
40468,train
40469,train
40473,train
40474,train
40475,train
40476,train
40478,train
40480,val
40481,train
40482,train
40485,train
40487,val
40489,val
40490,train
40491,train
40493,train
40494,train
40495,train
40497,val
40500,val
40501,train
40502,train
40503,train
40505,train
40506,train
40507,train
40508,train
40509,train
40510,train
40511,train
40512,train
40515,train
40516,train
40517,val
40518,val
40519,train
40521,val
40522,val
40524,train
40525,val
40526,val
40528,train
40529,train
40530,train
40531,train
40532,train
40533,train
40534,val
40535,val
40536,train
40539,train
40542,train
40543,val
40544,train
40545,train
40546,train
40547,train
40549,train
40550,train
40551,val
40552,train
40553,train
40554,train
40555,val
40556,train
40557,train
40558,train
40559,train
40560,train
40561,train
40564,val
40565,val
40566,train
40567,train
40568,train
40571,train
40572,train
40575,train
40578,train
40580,train
40581,train
40582,train
40583,train
40584,val
40585,train
40586,train
40587,train
40588,val
40590,train
40591,train
40592,val
40594,val
40595,train
40596,train
40597,val
40598,train
40600,val
40602,train
40603,train
40604,train
40605,train
40606,train
40607,train
40608,train
40609,train
40611,train
40612,train
40613,train
40614,train
40615,val
40617,train
40618,train
40619,train
40620,train
40621,train
40622,train
40623,val
40625,val
40627,train
40628,val
40629,train
40631,train
40632,val
40634,train
40635,val
40636,train
40637,train
40638,train
40639,train
40640,val
40641,train
40642,val
40643,val
40645,train
40646,train
40647,train
40648,train
40649,train
40650,train
40651,train
40652,val
40653,train
40654,val
40655,train
40656,train
40657,train
40659,train
40660,train
40661,train
40662,val
40664,train
40665,train
40667,val
40668,train
40669,train
40670,train
40671,train
40672,train
40674,train
40675,train
40676,train
40678,train
40679,val
40681,train
40682,train
40683,train
40685,val
40686,train
40687,train
40688,val
40689,train
40691,train
40692,train
40694,val
40695,train
40696,train
40697,train
40698,train
40699,train
40700,val
40701,train
40705,train
40706,train
40708,val
40710,train
40711,train
40712,val
40714,train
40715,train
40716,train
40717,train
40718,train
40719,train
40720,train
40721,val
40722,train
40724,train
40725,train
40726,train
40727,train
40728,train
40729,train
40730,train
40731,train
40732,val
40733,train
40734,train
40736,train
40737,train
40738,train
40739,train
40740,train
40741,train
40743,train
40744,train
40746,train
40747,train
40748,train
40750,train
40751,train
40752,val
40753,train
40754,train
40756,train
40757,train
40758,val
40759,train
40760,train
40761,val
40763,val
40764,train
40765,train
40766,train
40767,train
40768,train
40769,train
40770,train
40772,train
40774,val
40775,train
40776,train
40777,val
40778,train
40780,train
40781,train
40782,train
40784,train
40785,train
40786,val
40787,val
40788,train
40790,val
40792,val
40794,val
40796,train
40797,val
40798,train
40799,train
40800,val
40802,train
40803,val
40804,val
40805,train
40806,train
40807,val
40808,train
40809,train
40810,val
40811,train
40812,train
40813,train
40814,train
40816,train
40818,train
40819,val
40820,val
40821,train
40824,train
40826,train
40827,train
40829,train
40830,train
40831,train
40832,train
40835,train
40836,train
40837,train
40838,train
40839,train
40840,val
40841,train
40842,train
40843,train
40844,val
40845,train
40846,train
40849,val
40850,train
40851,train
40852,train
40853,train
40855,train
40856,train
40857,train
40860,train
40862,train
40863,train
40868,val
40869,train
40870,train
40872,train
40874,train
40875,train
40876,val
40877,train
40878,train
40879,train
40880,train
40882,train
40883,val
40884,train
40885,train
40886,train
40888,train
40889,train
40890,train
40891,train
40892,train
40893,train
40894,train
40895,train
40896,train
40897,train
40899,train
40900,train
40901,train
40903,train
40904,train
40906,train
40909,val
40910,train
40911,train
40912,train
40913,train
40914,train
40916,train
40917,val
40918,train
40919,train
40920,train
40921,train
40922,train
40924,train
40925,val
40926,train
40927,train
40930,train
40931,train
40932,train
40933,val
40934,train
40935,train
40936,val
40937,train
40938,train
40939,train
40940,train
40941,train
40943,train
40944,train
40945,train
40946,val
40948,train
40949,train
40950,train
40951,train
40953,train
40954,train
40955,train
40956,train
40957,train
40961,val
40962,train
40963,val
40964,val
40965,val
40966,val
40967,train
40968,train
40969,train
40970,train
40972,val
40973,train
40974,train
40975,train
40976,train
40977,val
40978,train
40980,val
40981,train
40982,train
40983,train
40984,train
40985,train
40986,train
40987,train
40990,train
40992,train
40994,train
40995,train
40996,val
40997,train
40998,train
40999,train
41000,train
41001,val
41002,val
41004,train
41005,train
41010,train
41011,val
41012,train
41013,train
41014,train
41016,train
41017,train
41018,train
41019,train
41020,val
41021,train
41024,train
41027,train
41028,train
41031,train
41033,train
41034,train
41035,val
41039,val
41040,val
41041,train
41042,train
41043,val
41044,train
41045,val
41047,train
41048,val
41049,train
41050,val
41051,val
41052,train
41054,val
41055,train
41056,train
41057,train
41058,val
41059,train
41060,train
41061,val
41062,train
41063,train
41064,val
41065,val
41066,train
41068,train
41070,train
41071,train
41072,train
41073,train
41074,val
41075,train
41076,train
41077,val
41078,train
41079,val
41080,train
41081,train
41082,val
41083,train
41085,val
41086,train
41087,val
41088,train
41090,train
41092,val
41093,train
41094,train
41096,val
41097,train
41098,val
41099,train
41101,train
41103,val
41105,train
41106,train
41107,val
41108,train
41110,train
41111,train
41112,train
41114,train
41115,train
41116,train
41117,train
41118,train
41121,train
41122,train
41123,train
41124,train
41125,val
41127,train
41128,train
41130,train
41131,val
41132,train
41133,train
41134,train
41135,val
41136,train
41137,train
41138,train
41139,train
41140,train
41143,train
41144,val
41145,train
41146,train
41148,train
41149,train
41150,train
41152,val
41153,train
41154,train
41156,val
41157,train
41158,train
41159,val
41160,val
41161,train
41163,train
41164,val
41165,train
41166,train
41167,train
41168,train
41171,train
41172,train
41173,val
41174,train
41176,train
41177,train
41178,train
41179,train
41180,val
41181,train
41182,val
41183,train
41184,train
41185,val
41186,train
41188,train
41189,train
41191,train
41192,train
41193,train
41194,val
41195,train
41196,train
41197,val
41198,val
41199,train
41200,train
41201,train
41203,val
41204,train
41205,train
41206,train
41209,val
41210,train
41211,train
41212,train
41213,val
41215,train
41217,train
41219,train
41220,train
41221,train
41222,train
41223,train
41224,train
41227,val
41228,train
41229,train
41230,train
41231,val
41232,train
41234,train
41235,train
41236,train
41237,train
41238,train
41239,val
41243,train
41244,val
41245,train
41246,train
41247,train
41248,val
41250,train
41252,train
41255,train
41257,train
41258,train
41262,train
41263,train
41264,train
41266,train
41267,val
41268,train
41269,train
41270,train
41271,val
41272,train
41273,train
41275,train
41276,train
41277,train
41278,train
41279,train
41280,val
41281,train
41282,val
41283,train
41285,train
41286,val
41287,train
41288,train
41289,train
41290,train
41291,val
41292,val
41293,train
41294,train
41295,val
41297,val
41299,train
41301,train
41303,train
41304,train
41305,train
41306,train
41307,train
41308,train
41309,train
41310,val
41312,train
41315,train
41316,train
41317,train
41319,train
41321,train
41322,val
41323,train
41324,train
41325,train
41326,train
41327,train
41328,train
41329,train
41330,train
41331,train
41332,train
41334,train
41335,train
41336,train
41337,val
41338,train
41339,train
41340,train
41341,train
41342,train
41343,train
41344,train
41345,train
41346,train
41347,train
41348,train
41349,val
41350,train
41351,train
41352,train
41354,train
41355,train
41356,train
41358,train
41359,train
41361,train
41362,train
41363,val
41364,train
41366,train
41367,val
41368,val
41369,train
41371,train
41373,val
41374,train
41376,train
41377,train
41380,val
41383,train
41384,train
41386,train
41387,train
41388,train
41389,train
41390,train
41391,train
41393,train
41394,train
41395,train
41397,train
41398,train
41399,train
41400,train
41401,train
41402,train
41403,train
41404,train
41405,train
41407,train
41408,val
41409,train
41411,train
41412,train
41413,val
41414,val
41415,train
41416,train
41417,train
41418,val
41422,train
41423,val
41424,val
41425,train
41427,train
41428,val
41431,train
41432,val
41433,val
41434,train
41435,train
41436,train
41437,train
41438,train
41439,val
41440,val
41441,val
41442,val
41443,train
41445,train
41446,train
41447,train
41448,train
41449,train
41453,train
41455,train
41456,train
41457,train
41458,train
41460,train
41461,train
41462,train
41468,train
41469,train
41470,train
41471,train
41472,train
41473,train
41475,train
41476,train
41477,train
41479,train
41480,train
41481,train
41482,train
41483,train
41484,train
41486,train
41487,train
41489,train
41490,val
41492,train
41493,train
41494,train
41495,train
41496,train
41497,train
41498,train
41499,val
41500,train
41501,train
41502,train
41504,train
41505,train
41506,train
41507,val
41508,val
41509,val
41510,train
41511,train
41513,train
41514,train
41515,train
41517,train
41518,train
41519,train
41520,val
41522,train
41523,val
41524,train
41526,val
41528,train
41529,train
41530,train
41532,train
41533,train
41536,train
41537,train
41539,train
41540,train
41541,train
41543,train
41544,val
41545,train
41546,train
41549,train
41550,train
41551,train
41553,train
41554,train
41555,train
41556,train
41557,train
41558,train
41559,train
41562,train
41563,val
41564,train
41565,train
41566,train
41568,train
41570,train
41571,val
41572,train
41573,val
41574,train
41575,train
41576,train
41577,train
41579,val
41580,train
41581,train
41582,val
41583,train
41585,train
41586,val
41588,train
41589,train
41591,train
41593,train
41594,val
41595,train
41596,train
41597,train
41598,train
41599,train
41600,train
41601,val
41602,train
41604,train
41605,train
41606,val
41607,train
41609,train
41611,val
41612,train
41613,val
41614,val
41615,val
41616,train
41618,train
41619,train
41620,train
41624,train
41625,train
41628,train
41629,val
41633,train
41634,train
41636,train
41637,train
41638,val
41639,train
41640,val
41641,val
41642,train
41643,train
41644,train
41645,train
41646,train
41648,train
41650,train
41654,train
41655,train
41656,val
41657,train
41658,val
41659,train
41660,val
41661,val
41662,train
41664,val
41665,train
41666,train
41667,val
41668,train
41669,train
41671,train
41674,val
41675,train
41678,train
41679,train
41680,train
41682,train
41683,train
41684,train
41686,train
41687,train
41688,train
41689,train
41690,train
41691,train
41693,train
41694,train
41696,val
41697,train
41698,train
41700,train
41701,train
41703,train
41704,train
41705,train
41706,train
41709,train
41711,train
41712,val
41714,val
41715,train
41717,train
41719,train
41720,val
41721,train
41722,train
41723,train
41724,train
41725,train
41726,train
41727,train
41728,train
41729,val
41730,train
41732,train
41733,val
41734,train
41736,train
41737,train
41738,train
41739,train
41740,train
41741,train
41742,train
41743,train
41745,val
41747,train
41748,train
41749,val
41750,val
41751,train
41752,train
41755,val
41756,val
41757,train
41760,train
41761,val
41762,train
41763,train
41764,train
41765,train
41766,val
41767,train
41768,train
41769,train
41770,val
41771,train
41772,train
41773,val
41774,val
41775,val
41776,train
41777,train
41778,train
41779,train
41781,val
41782,train
41783,train
41784,train
41786,val
41788,train
41789,train
41790,val
41791,train
41792,train
41793,train
41794,train
41795,train
41796,train
41797,train
41798,train
41799,train
41800,val
41801,train
41802,train
41804,train
41805,train
41806,train
41807,val
41808,train
41809,val
41811,train
41813,train
41814,train
41815,train
41816,train
41818,train
41819,train
41820,train
41821,val
41822,val
41823,train
41825,train
41826,train
41827,val
41828,train
41830,train
41831,val
41832,train
41833,train
41834,val
41835,train
41836,train
41837,train
41838,val
41839,train
41840,train
41841,train
41842,train
41843,train
41845,val
41846,train
41847,train
41848,train
41849,train
41850,train
41851,train
41852,train
41853,val
41857,val
41858,val
41859,train
41861,val
41862,train
41863,train
41864,train
41865,train
41866,train
41867,train
41869,train
41871,train
41872,train
41873,train
41874,train
41875,train
41876,train
41877,train
41878,train
41879,train
41880,val
41881,val
41883,train
41884,train
41886,train
41887,val
41888,train
41889,train
41890,train
41891,val
41892,train
41893,train
41894,val
41895,train
41896,train
41897,val
41898,val
41899,train
41902,train
41903,train
41904,train
41905,train
41907,train
41908,train
41910,train
41911,train
41912,train
41913,train
41914,val
41916,val
41917,train
41918,train
41919,train
41920,train
41921,train
41922,val
41924,val
41925,train
41926,train
41927,train
41928,train
41929,train
41930,train
41932,val
41933,train
41934,train
41936,train
41937,train
41938,train
41940,train
41941,train
41943,train
41944,train
41945,train
41946,train
41947,train
41949,val
41951,train
41952,train
41953,train
41954,val
41955,train
41956,train
41957,train
41958,train
41959,train
41960,train
41961,train
41963,train
41964,train
41965,val
41966,train
41967,train
41968,train
41970,train
41971,val
41972,train
41973,train
41975,train
41976,train
41979,train
41981,train
41982,train
41984,train
41985,val
41986,train
41987,train
41989,train
41990,train
41991,train
41993,train
41995,train
41996,val
41997,val
41999,val
42000,train
42001,val
42002,train
42004,train
42005,val
42007,val
42010,train
42011,val
42012,val
42013,train
42014,train
42016,val
42017,train
42018,train
42021,train
42022,train
42023,train
42024,val
42025,train
42026,train
42027,val
42028,val
42029,val
42030,val
42032,val
42033,train
42034,train
42037,val
42038,train
42039,train
42040,val
42041,train
42043,train
42044,val
42046,train
42047,train
42048,train
42050,train
42053,train
42055,train
42056,val
42060,val
42062,val
42063,train
42064,train
42065,train
42066,train
42068,train
42069,val
42073,train
42074,train
42075,train
42077,val
42078,train
42081,train
42082,train
42083,train
42086,train
42087,train
42090,train
42091,train
42092,train
42094,train
42095,val
42097,train
42098,train
42099,train
42100,train
42101,train
42103,val
42104,train
42105,val
42106,train
42107,train
42108,train
42109,train
42110,train
42111,val
42112,val
42113,train
42114,train
42115,train
42116,val
42117,val
42118,train
42122,train
42123,train
42124,train
42126,train
42127,train
42128,val
42129,train
42130,train
42131,val
42132,val
42133,train
42134,train
42136,train
42137,train
42139,train
42140,train
42141,train
42142,train
42144,train
42145,val
42146,train
42147,train
42148,train
42149,train
42150,train
42152,train
42153,train
42154,train
42155,train
42158,val
42159,val
42160,train
42161,train
42162,train
42163,train
42165,val
42167,train
42169,train
42171,train
42172,train
42173,val
42174,train
42177,val
42179,train
42180,train
42181,train
42182,train
42183,train
42184,train
42185,train
42186,train
42188,train
42189,val
42190,val
42191,train
42192,train
42193,train
42194,train
42195,val
42196,train
42197,train
42198,train
42199,train
42202,train
42203,train
42207,train
42208,val
42209,train
42211,train
42213,train
42214,train
42216,train
42217,train
42218,train
42220,train
42221,val
42222,train
42223,train
42224,train
42225,train
42226,train
42228,train
42230,val
42232,val
42233,train
42234,train
42235,train
42236,train
42237,train
42239,val
42240,train
42241,train
42242,train
42243,train
42244,val
42245,train
42246,train
42247,train
42249,val
42253,train
42254,train
42255,train
42258,train
42259,train
42260,train
42262,train
42263,train
42264,train
42265,train
42266,train
42267,val
42268,val
42269,train
42270,train
42271,train
42272,val
42273,train
42274,val
42275,train
42276,val
42277,train
42279,train
42280,train
42281,train
42282,train
42283,train
42284,train
42285,val
42287,train
42288,train
42289,train
42290,train
42291,train
42293,val
42294,train
42295,train
42296,train
42298,train
42300,train
42301,train
42303,val
42304,train
42305,train
42306,train
42308,val
42309,train
42310,train
42311,val
42312,train
42313,train
42314,train
42315,train
42316,val
42317,val
42318,train
42319,train
42321,val
42323,train
42325,val
42327,train
42332,train
42335,train
42337,train
42338,val
42339,train
42342,train
42343,val
42344,train
42346,train
42348,train
42351,train
42352,train
42353,train
42355,val
42356,train
42357,train
42358,val
42359,train
42360,train
42361,train
42362,train
42363,train
42365,train
42367,train
42368,train
42369,train
42370,train
42371,val
42373,train
42374,train
42375,val
42376,train
42377,train
42378,val
42379,val
42380,train
42381,val
42382,val
42383,train
42384,train
42385,train
42386,train
42387,val
42388,train
42389,train
42390,train
42391,train
42393,val
42394,train
42396,val
42397,train
42398,train
42399,train
42401,train
42402,val
42404,train
42405,train
42406,val
42407,val
42408,train
42409,train
42410,train
42411,val
42412,train
42413,train
42414,train
42415,val
42416,train
42418,val
42419,train
42420,train
42421,train
42423,val
42424,train
42425,train
42426,train
42427,train
42428,train
42430,train
42434,train
42435,train
42436,train
42438,val
42439,train
42441,val
42442,train
42444,train
42446,train
42448,val
42449,train
42450,train
42451,train
42452,train
42453,train
42454,train
42455,train
42456,train
42457,train
42458,train
42459,train
42460,train
42461,val
42462,train
42463,train
42464,train
42465,train
42467,train
42468,train
42469,train
42470,train
42472,train
42473,train
42474,train
42475,train
42477,train
42478,train
42479,train
42480,val
42481,train
42482,train
42483,train
42484,train
42485,train
42486,train
42487,val
42489,train
42490,val
42491,train
42492,train
42493,train
42495,train
42496,train
42497,train
42498,train
42499,train
42500,train
42501,train
42503,train
42504,train
42505,train
42506,train
42507,train
42508,train
42509,train
42511,train
42512,val
42515,train
42518,train
42519,train
42520,train
42522,val
42523,train
42524,val
42525,train
42527,train
42528,val
42529,train
42531,train
42532,val
42533,val
42534,val
42535,train
42536,val
42537,train
42538,val
42540,train
42542,val
42543,train
42544,train
42545,train
42546,train
42547,train
42550,train
42553,val
42554,train
42555,val
42556,train
42557,train
42558,val
42559,train
42560,train
42561,train
42562,train
42563,train
42564,train
42565,train
42566,val
42567,val
42568,train
42569,train
42570,train
42571,val
42572,val
42573,train
42574,val
42575,val
42576,val
42578,train
42579,train
42581,train
42583,train
42584,val
42585,val
42586,train
42587,train
42588,val
42592,train
42593,val
42594,val
42595,train
42599,train
42601,train
42603,train
42604,train
42605,train
42606,val
42607,train
42608,train
42609,train
42610,train
42611,val
42613,train
42614,train
42616,train
42617,train
42621,train
42622,val
42623,train
42625,train
42626,train
42627,train
42628,val
42631,train
42632,train
42633,train
42634,val
42635,train
42636,train
42639,train
42640,train
42641,train
42643,train
42644,train
42645,train
42646,train
42647,val
42649,val
42651,val
42652,train
42653,train
42654,train
42656,train
42657,train
42658,train
42659,train
42660,train
42661,train
42662,train
42663,val
42664,train
42665,train
42666,train
42667,val
42668,train
42669,train
42671,train
42672,train
42673,train
42674,train
42675,train
42677,val
42678,train
42682,train
42683,train
42684,train
42685,train
42687,train
42689,train
42690,train
42691,train
42692,train
42693,train
42694,train
42695,train
42696,train
42698,train
42699,train
42701,train
42702,train
42703,train
42704,val
42705,train
42706,train
42707,train
42708,train
42709,train
42710,train
42711,train
42713,train
42714,val
42715,train
42716,train
42717,val
42718,train
42719,train
42720,val
42721,train
42722,train
42723,train
42724,val
42725,train
42727,train
42728,train
42730,train
42733,train
42734,train
42737,train
42738,val
42739,train
42740,val
42741,train
42743,train
42745,val
42747,val
42748,train
42749,train
42750,train
42752,train
42753,train
42754,train
42755,train
42757,train
42758,train
42759,train
42760,train
42761,train
42762,val
42763,train
42764,train
42765,train
42766,train
42767,train
42768,train
42769,train
42770,train
42771,train
42772,train
42773,val
42774,train
42775,train
42777,train
42778,train
42779,train
42780,val
42781,train
42782,train
42783,val
42784,train
42787,val
42788,val
42789,train
42790,train
42791,train
42792,val
42793,train
42795,train
42796,val
42797,train
42798,val
42799,train
42800,train
42801,val
42803,train
42804,train
42805,train
42807,train
42808,train
42809,train
42810,train
42811,train
42812,train
42813,train
42814,train
42815,train
42816,train
42817,train
42818,train
42819,train
42820,train
42821,train
42822,train
42823,train
42824,val
42825,train
42826,train
42827,train
42828,train
42830,train
42832,train
42836,train
42838,train
42839,train
42840,train
42841,train
42842,train
42843,train
42844,train
42846,train
42850,train
42851,val
42852,val
42853,train
42854,val
42855,train
42856,train
42857,train
42858,train
42859,train
42860,train
42862,train
42863,train
42865,train
42866,val
42868,train
42870,val
42871,train
42872,train
42873,train
42874,train
42875,train
42876,train
42878,train
42879,train
42880,train
42882,train
42884,train
42885,train
42888,val
42889,train
42891,train
42893,train
42894,train
42895,train
42896,train
42897,val
42899,train
42900,val
42901,train
42902,train
42903,train
42904,train
42905,train
42907,val
42909,train
42911,train
42912,train
42914,val
42916,val
42917,train
42919,train
42922,train
42923,val
42924,train
42926,train
42927,train
42928,val
42929,train
42931,train
42932,train
42933,val
42934,train
42935,train
42939,train
42943,train
42944,train
42945,val
42947,train
42948,train
42949,train
42951,train
42952,val
42953,train
42954,val
42956,train
42958,train
42961,train
42966,train
42967,train
42968,train
42969,val
42970,train
42971,train
42972,train
42973,train
42974,val
42975,train
42976,train
42977,train
42978,train
42979,train
42980,train
42981,train
42982,train
42983,train
42984,train
42985,train
42986,train
42987,val
42988,train
42989,train
42990,train
42991,train
42992,train
42994,train
42995,val
42996,val
42997,train
42998,train
42999,train
43000,train
43001,train
43004,train
43005,val
43007,train
43008,train
43009,val
43011,val
43013,train
43015,train
43017,val
43018,train
43019,train
43020,train
43021,train
43022,train
43024,train
43025,train
43026,train
43027,train
43028,train
43029,train
43036,val
43037,train
43038,train
43039,train
43040,train
43041,train
43043,train
43044,train
43045,train
43047,train
43049,train
43051,train
43053,train
43054,train
43055,train
43056,train
43057,train
43058,train
43060,train
43062,train
43064,train
43065,train
43067,train
43068,train
43069,train
43071,train
43072,val
43073,train
43074,train
43075,train
43076,train
43077,train
43079,train
43081,train
43082,train
43083,train
43086,train
43088,val
43089,train
43090,train
43092,train
43093,val
43094,val
43095,train
43096,train
43097,train
43098,val
43099,val
43100,train
43101,val
43104,train
43106,train
43107,train
43108,val
43109,val
43110,train
43111,train
43112,val
43113,train
43115,val
43116,train
43119,val
43120,train
43122,val
43123,train
43124,train
43126,train
43127,train
43128,train
43129,train
43130,val
43131,val
43133,train
43134,train
43135,train
43137,train
43139,train
43140,train
43141,train
43143,train
43144,val
43145,train
43146,train
43147,val
43149,train
43150,train
43151,val
43152,train
43153,train
43154,train
43156,train
43157,train
43158,train
43159,train
43160,train
43161,train
43162,val
43163,train
43164,train
43165,val
43166,train
43168,train
43169,train
43170,train
43171,train
43172,train
43174,train
43175,train
43176,train
43177,train
43178,train
43179,train
43180,train
43181,train
43182,val
43183,train
43184,val
43185,train
43187,val
43189,train
43192,train
43193,train
43197,train
43199,train
43200,train
43201,train
43202,train
43204,train
43205,val
43206,train
43208,val
43209,train
43210,train
43211,train
43212,train
43213,train
43214,val
43215,train
43216,train
43217,val
43219,val
43220,train
43221,train
43223,train
43224,val
43225,val
43227,train
43228,train
43230,train
43231,train
43232,train
43233,train
43234,train
43235,train
43236,train
43237,val
43239,val
43240,train
43241,train
43242,train
43243,train
43244,val
43245,val
43246,train
43247,train
43249,train
43250,train
43251,train
43253,train
43255,val
43256,train
43258,train
43259,train
43260,val
43261,train
43264,train
43265,train
43266,train
43267,train
43268,train
43269,train
43270,train
43272,train
43274,val
43275,train
43276,val
43277,train
43278,train
43279,train
43280,train
43282,train
43283,train
43284,train
43287,train
43289,val
43290,train
43291,train
43292,train
43293,val
43294,train
43295,val
43296,train
43297,train
43299,train
43300,train
43302,train
43304,train
43305,train
43307,train
43310,train
43311,train
43313,train
43315,train
43317,train
43318,train
43319,train
43321,train
43324,val
43325,train
43326,val
43327,train
43328,train
43329,val
43330,train
43331,val
43333,train
43335,train
43336,train
43337,train
43338,val
43339,val
43340,train
43341,val
43345,train
43346,val
43347,train
43348,train
43349,train
43351,train
43354,val
43355,train
43356,train
43357,train
43358,train
43359,train
43362,train
43363,train
43364,train
43365,train
43366,train
43367,val
43368,train
43369,train
43370,train
43371,train
43372,train
43373,train
43374,train
43375,train
43376,val
43377,train
43378,val
43379,train
43381,train
43382,train
43383,train
43384,train
43385,train
43386,train
43387,train
43388,train
43389,train
43390,train
43392,train
43393,train
43394,train
43395,val
43396,train
43397,val
43400,train
43401,val
43402,train
43404,train
43405,train
43406,train
43409,train
43410,train
43411,val
43412,train
43414,train
43415,train
43416,train
43417,train
43418,train
43419,train
43420,train
43421,val
43422,train
43423,val
43426,train
43427,val
43430,train
43433,train
43434,train
43435,train
43436,train
43438,val
43439,train
43440,train
43441,train
43442,train
43443,train
43448,train
43449,val
43450,val
43451,train
43453,train
43454,train
43455,train
43456,train
43457,train
43458,train
43460,val
43461,train
43462,val
43463,train
43464,train
43467,train
43468,train
43469,train
43471,train
43472,train
43474,train
43478,train
43479,train
43480,train
43481,train
43482,val
43483,val
43485,train
43486,train
43487,train
43489,train
43490,train
43491,train
43492,train
43494,train
43495,train
43496,train
43499,train
43501,train
43503,train
43505,train
43506,train
43507,train
43508,val
43511,train
43512,train
43513,train
43514,val
43516,train
43518,train
43521,val
43522,train
43523,train
43525,train
43526,train
43527,train
43528,train
43529,train
43530,val
43531,train
43533,val
43536,val
43537,train
43538,train
43541,train
43543,train
43544,train
43545,train
43547,train
43548,train
43549,val
43550,train
43551,train
43553,train
43555,train
43556,train
43557,train
43559,val
43560,train
43561,val
43562,train
43563,train
43564,val
43565,val
43566,train
43567,train
43568,train
43569,train
43572,train
43573,val
43574,val
43575,val
43576,train
43578,train
43581,train
43582,train
43583,train
43585,train
43586,train
43587,train
43588,train
43589,val
43590,val
43591,train
43592,train
43593,train
43594,train
43597,train
43598,train
43601,train
43604,train
43606,train
43607,val
43608,train
43609,train
43610,train
43614,train
43615,train
43616,train
43617,train
43618,val
43620,train
43621,val
43622,train
43623,train
43625,train
43628,train
43630,train
43631,train
43632,train
43634,train
43637,train
43638,train
43639,train
43640,train
43642,train
43643,val
43644,train
43645,train
43647,train
43648,train
43649,train
43650,train
43651,val
43652,val
43653,val
43654,train
43657,train
43658,train
43659,train
43660,train
43661,train
43662,train
43664,val
43666,train
43667,train
43669,train
43670,train
43671,val
43672,train
43673,train
43675,train
43676,val
43678,train
43679,val
43681,val
43682,train
43683,train
43684,val
43686,train
43687,train
43688,train
43690,train
43691,train
43695,val
43696,train
43697,train
43698,train
43699,train
43700,train
43702,train
43703,val
43704,train
43707,train
43708,train
43709,train
43711,train
43713,train
43714,train
43715,train
43716,train
43717,train
43718,val
43719,train
43721,train
43722,train
43726,train
43727,train
43728,train
43729,train
43730,train
43731,train
43732,train
43733,train
43734,train
43735,train
43739,train
43740,train
43742,train
43743,val
43746,train
43747,train
43748,train
43749,val
43750,train
43752,train
43753,train
43755,train
43757,train
43758,train
43759,train
43761,train
43764,train
43766,train
43767,val
43768,train
43769,train
43771,train
43772,train
43773,train
43775,val
43776,val
43778,train
43779,train
43780,train
43781,train
43782,train
43783,train
43784,train
43785,val
43787,train
43789,val
43792,val
43793,train
43795,train
43796,val
43797,train
43798,train
43799,val
43800,train
43801,train
43802,train
43803,train
43804,train
43805,train
43806,train
43809,train
43810,train
43812,train
43814,train
43815,val
43816,train
43817,train
43818,val
43819,train
43820,train
43821,train
43823,val
43824,train
43827,train
43828,train
43829,train
43831,train
43832,train
43833,train
43834,train
43835,val
43836,train
43838,train
43840,val
43841,train
43843,train
43846,val
43847,train
43848,train
43849,val
43850,train
43851,train
43853,train
43854,val
43856,train
43857,train
43858,val
43859,val
43860,val
43861,val
43862,train
43863,train
43864,val
43865,val
43868,train
43869,train
43870,train
43871,train
43872,train
43875,train
43876,train
43877,train
43878,val
43881,train
43882,train
43883,val
43884,train
43885,train
43886,train
43887,train
43888,train
43889,train
43891,train
43893,train
43895,val
43896,train
43898,train
43899,train
43900,train
43901,train
43902,val
43903,val
43905,train
43907,val
43909,train
43910,train
43911,train
43912,train
43913,val
43914,val
43915,train
43916,val
43917,train
43918,train
43919,train
43920,train
43921,val
43922,val
43923,train
43924,train
43926,train
43927,train
43928,train
43930,train
43931,train
43932,train
43933,train
43934,train
43935,val
43937,train
43938,val
43939,train
43940,train
43941,train
43942,train
43944,val
43945,train
43947,train
43950,train
43951,train
43952,val
43954,train
43957,train
43958,train
43959,train
43960,train
43961,val
43964,train
43965,train
43966,val
43968,train
43969,val
43973,train
43974,val
43975,train
43976,train
43977,train
43978,val
43980,val
43982,train
43983,train
43984,train
43985,val
43987,train
43990,train
43991,train
43992,train
43995,train
43997,train
44000,train
44001,val
44004,train
44005,val
44008,train
44009,val
44010,train
44011,train
44015,train
44016,train
44017,train
44018,train
44019,train
44020,train
44021,train
44022,val
44023,train
44024,train
44025,train
44026,train
44027,train
44028,train
44029,val
44030,train
44032,val
44033,train
44035,train
44036,train
44037,train
44039,val
44042,train
44043,train
44045,val
44046,train
44048,train
44049,train
44051,train
44052,val
44053,train
44054,train
44055,train
44057,train
44058,train
44059,train
44060,train
44061,train
44062,val
44063,train
44064,train
44065,train
44066,train
44068,train
44069,train
44070,train
44072,val
44073,train
44074,val
44076,train
44077,train
44078,train
44079,train
44080,train
44082,train
44083,train
44084,train
44086,train
44088,train
44089,train
44090,train
44091,train
44092,train
44093,train
44094,train
44095,train
44096,train
44097,train
44098,train
44099,train
44100,val
44101,train
44104,val
44105,train
44107,val
44108,train
44110,train
44111,train
44112,val
44113,train
44115,train
44116,train
44117,train
44118,train
44121,train
44122,train
44123,val
44124,train
44125,train
44127,train
44128,train
44129,train
44130,train
44131,val
44134,train
44135,train
44139,train
44141,train
44142,train
44143,train
44144,train
44147,val
44148,train
44149,train
44151,train
44152,train
44153,train
44154,train
44155,train
44156,train
44157,val
44158,train
44160,train
44161,train
44162,train
44163,val
44164,train
44167,val
44169,val
44170,train
44171,val
44172,train
44173,train
44174,val
44175,train
44176,train
44177,val
44179,train
44181,train
44182,val
44185,train
44186,train
44187,train
44189,train
44190,train
44191,val
44192,val
44193,train
44194,train
44195,train
44196,train
44197,train
44198,train
44199,train
44201,val
44202,train
44203,train
44204,train
44205,train
44206,val
44207,train
44208,train
44209,val
44210,val
44214,val
44215,train
44218,train
44219,train
44220,train
44222,train
44223,train
44224,train
44225,train
44228,train
44229,val
44232,val
44233,train
44234,train
44235,val
44237,train
44238,train
44239,train
44240,val
44242,train
44244,train
44246,train
44247,train
44248,val
44249,train
44250,train
44251,train
44253,val
44257,val
44258,train
44259,val
44260,train
44261,val
44262,train
44263,train
44265,train
44266,train
44267,val
44268,train
44269,train
44271,train
44273,train
44274,train
44275,train
44276,train
44278,train
44279,train
44280,train
44281,train
44282,train
44284,train
44285,train
44288,train
44289,train
44290,train
44291,train
44292,train
44293,val
44295,val
44296,val
44298,train
44299,train
44300,train
44301,train
44302,val
44303,train
44304,train
44305,train
44307,train
44308,train
44309,val
44310,val
44311,train
44312,train
44313,train
44314,train
44315,train
44316,train
44318,train
44321,val
44322,train
44323,train
44324,val
44325,train
44326,train
44327,train
44328,train
44329,train
44330,train
44331,train
44332,val
44333,train
44335,val
44336,val
44338,train
44339,train
44340,train
44341,train
44343,train
44344,train
44345,train
44347,train
44351,train
44353,train
44354,train
44355,train
44356,train
44357,train
44360,train
44362,train
44363,train
44364,val
44365,train
44366,train
44367,train
44369,train
44370,train
44371,train
44372,train
44373,val
44374,train
44376,train
44377,train
44378,train
44379,train
44380,train
44382,val
44383,val
44384,train
44385,val
44386,train
44388,train
44390,train
44391,val
44392,train
44393,train
44394,val
44395,train
44396,train
44397,val
44399,train
44401,train
44402,train
44403,val
44404,train
44406,train
44407,val
44408,train
44409,train
44410,val
44411,train
44412,val
44414,train
44416,train
44417,train
44418,train
44419,val
44420,train
44421,train
44422,train
44423,train
44424,train
44425,train
44426,val
44427,train
44430,train
44432,train
44433,train
44434,train
44435,train
44436,train
44438,train
44440,train
44442,val
44444,train
44445,train
44446,train
44447,train
44448,train
44449,train
44450,train
44451,train
44452,train
44453,train
44455,train
44456,train
44458,train
44460,train
44461,train
44462,train
44463,train
44464,train
44465,train
44468,train
44470,train
44472,train
44473,train
44474,train
44476,train
44477,train
44478,train
44479,train
44480,train
44481,train
44482,train
44483,train
44485,train
44486,train
44487,train
44488,val
44489,train
44490,train
44491,val
44492,val
44493,val
44495,train
44497,val
44498,val
44501,train
44502,train
44503,train
44507,train
44508,train
44509,train
44511,train
44512,train
44514,train
44516,train
44517,train
44518,train
44519,val
44520,val
44521,train
44523,train
44524,val
44525,train
44527,train
44528,val
44529,val
44530,train
44532,train
44533,train
44534,train
44536,train
44539,train
44540,train
44541,val
44542,train
44543,train
44544,val
44545,train
44546,val
44547,val
44548,train
44549,val
44550,val
44551,train
44552,train
44553,val
44554,train
44555,train
44556,train
44557,train
44558,train
44560,val
44561,train
44562,train
44563,train
44564,train
44565,train
44567,train
44568,train
44571,val
44572,train
44573,train
44574,train
44575,train
44576,train
44577,val
44578,val
44579,train
44581,train
44583,train
44584,val
44585,train
44586,val
44587,val
44588,train
44589,val
44590,val
44591,train
44593,val
44594,train
44595,train
44596,train
44598,train
44601,train
44602,train
44603,val
44604,train
44605,train
44607,train
44608,val
44610,train
44612,train
44613,train
44614,train
44615,train
44617,train
44618,val
44619,train
44621,train
44622,train
44623,train
44624,train
44625,train
44628,train
44631,val
44632,train
44634,train
44637,val
44638,train
44640,train
44641,train
44642,train
44643,train
44645,train
44646,train
44647,train
44648,val
44649,train
44650,train
44651,train
44652,train
44656,val
44657,train
44658,val
44659,val
44660,train
44661,train
44662,train
44663,train
44664,train
44665,train
44668,train
44670,train
44672,train
44673,train
44674,train
44675,val
44676,train
44677,val
44678,train
44679,train
44680,train
44681,train
44682,train
44683,train
44684,train
44686,train
44688,val
44689,train
44690,val
44691,train
44693,train
44694,train
44695,train
44696,train
44697,train
44699,val
44700,val
44701,val
44702,train
44703,train
44704,train
44705,val
44706,val
44708,train
44709,train
44710,train
44711,train
44712,val
44713,train
44714,train
44715,train
44716,val
44719,train
44720,train
44721,train
44723,train
44724,train
44726,train
44729,val
44730,train
44733,val
44734,val
44735,train
44738,train
44739,train
44740,train
44741,train
44742,train
44744,train
44745,train
44746,train
44748,val
44750,val
44751,train
44752,train
44753,train
44755,train
44758,val
44759,train
44760,train
44762,train
44763,train
44765,val
44767,train
44768,val
44770,train
44773,train
44774,train
44775,train
44777,val
44778,train
44779,train
44780,train
44781,train
44782,train
44783,val
44784,train
44785,train
44786,train
44787,train
44788,train
44789,train
44791,train
44792,train
44793,val
44795,train
44796,train
44799,train
44800,train
44801,val
44802,train
44803,train
44804,train
44805,train
44806,train
44807,train
44808,train
44809,val
44812,train
44813,train
44814,train
44815,train
44816,train
44817,train
44821,train
44822,train
44823,train
44824,val
44825,train
44826,train
44828,val
44829,train
44831,train
44832,train
44833,train
44834,train
44836,train
44837,train
44838,val
44841,val
44842,train
44843,train
44845,train
44846,val
44847,train
44848,train
44849,train
44850,train
44851,train
44852,train
44853,train
44854,train
44855,train
44857,val
44859,val
44860,train
44861,train
44862,train
44863,train
44864,train
44865,train
44866,train
44867,val
44868,train
44871,train
44872,train
44873,val
44874,train
44879,train
44880,val
44882,train
44883,train
44884,train
44885,train
44886,train
44887,train
44888,train
44889,train
44890,val
44891,train
44892,train
44893,train
44894,train
44896,train
44897,val
44898,train
44899,train
44900,train
44901,train
44902,train
44903,train
44904,train
44905,train
44906,train
44907,train
44908,train
44910,train
44911,val
44912,train
44914,val
44920,train
44921,train
44922,train
44924,train
44925,val
44926,train
44927,train
44928,train
44929,train
44930,train
44931,train
44932,train
44935,train
44936,train
44940,train
44941,train
44944,train
44945,train
44946,train
44948,val
44949,val
44951,train
44952,train
44953,train
44954,train
44955,train
44956,train
44957,val
44958,train
44959,train
44960,train
44961,train
44962,train
44963,train
44964,val
44965,val
44966,train
44967,train
44969,train
44971,val
44972,train
44973,train
44975,train
44976,val
44977,train
44978,train
44979,train
44980,val
44981,train
44983,train
44984,train
44985,train
44986,train
44987,train
44988,train
44989,train
44991,train
44993,val
44996,train
44997,train
44998,train
45000,train
45001,train
45002,train
45004,val
45007,train
45009,train
45011,train
45014,val
45015,train
45016,train
45017,train
45020,train
45021,train
45022,train
45023,train
45024,train
45027,train
45031,train
45033,val
45034,train
45035,val
45036,train
45037,train
45040,train
45042,train
45043,train
45044,val
45046,train
45047,train
45048,train
45049,train
45050,train
45051,train
45052,val
45053,train
45055,train
45056,val
45058,train
45059,train
45060,train
45062,train
45063,train
45065,val
45066,train
45067,train
45068,train
45069,train
45070,train
45072,train
45073,train
45074,train
45075,train
45077,train
45078,val
45080,train
45081,train
45082,train
45086,train
45087,train
45088,train
45089,train
45090,val
45091,train
45092,train
45094,train
45096,train
45098,val
45100,train
45103,train
45104,val
45105,train
45106,train
45107,train
45108,train
45109,train
45110,train
45111,val
45112,train
45113,train
45114,train
45116,train
45117,train
45118,train
45120,train
45121,train
45122,train
45123,val
45124,train
45125,train
45126,val
45129,val
45130,train
45131,train
45132,val
45133,train
45134,train
45135,train
45136,val
45137,train
45139,train
45140,train
45142,val
45143,train
45144,val
45145,train
45147,train
45148,train
45149,val
45150,train
45153,train
45154,train
45156,train
45157,train
45159,val
45160,val
45161,train
45162,train
45163,val
45164,val
45165,train
45166,train
45167,train
45168,train
45170,val
45171,train
45172,val
45173,train
45174,val
45176,val
45177,train
45178,train
45179,val
45180,train
45181,train
45182,train
45184,train
45185,val
45186,val
45187,train
45188,train
45189,train
45190,train
45191,train
45192,train
45193,train
45194,train
45195,val
45197,val
45201,train
45202,train
45203,train
45204,train
45205,train
45206,train
45207,train
45208,train
45209,train
45210,train
45212,val
45215,train
45217,train
45218,train
45219,train
45220,train
45221,train
45222,train
45223,train
45224,train
45225,val
45226,train
45228,train
45229,train
45230,val
45231,train
45232,train
45233,train
45235,train
45236,val
45237,train
45238,train
45241,val
45242,train
45243,val
45245,val
45247,val
45249,train
45250,train
45252,val
45253,train
45254,train
45255,train
45256,train
45257,val
45258,val
45260,train
45261,val
45262,val
45264,train
45265,train
45266,train
45267,train
45268,train
45269,train
45270,train
45271,train
45273,train
45274,val
45275,train
45276,train
45277,train
45278,train
45279,train
45280,train
45281,train
45283,train
45284,train
45285,train
45286,val
45287,train
45288,train
45289,train
45290,train
45292,val
45293,train
45296,train
45297,val
45298,train
45299,train
45300,val
45302,val
45304,train
45306,train
45307,val
45308,train
45309,train
45310,train
45311,train
45312,train
45313,train
45314,train
45315,train
45316,train
45317,train
45318,val
45320,train
45322,val
45323,val
45324,train
45326,train
45327,train
45328,train
45329,train
45330,train
45331,train
45332,train
45334,train
45335,train
45336,train
45337,train
45338,val
45339,train
45340,val
45341,train
45346,train
45347,train
45348,train
45351,train
45353,train
45354,train
45358,val
45359,train
45360,train
45361,val
45362,train
45363,train
45364,train
45365,train
45366,train
45367,val
45368,train
45369,train
45370,train
45371,train
45374,val
45375,train
45376,train
45379,train
45380,train
45382,train
45385,train
45386,train
45387,train
45388,val
45390,train
45391,val
45392,train
45394,train
45396,train
45397,train
45398,train
45401,train
45403,train
45404,train
45405,val
45406,val
45407,train
45409,train
45410,train
45411,train
45412,train
45413,val
45414,train
45416,train
45417,val
45418,val
45420,train
45421,train
45424,train
45425,train
45426,val
45427,train
45428,val
45430,val
45432,train
45433,train
45434,train
45435,train
45436,val
45437,train
45438,train
45439,train
45440,train
45441,train
45442,train
45443,val
45444,val
45445,train
45446,train
45451,train
45452,train
45453,train
45455,train
45457,train
45458,train
45461,train
45462,val
45463,train
45469,val
45470,train
45471,train
45473,train
45474,train
45475,train
45476,train
45477,train
45478,val
45482,train
45483,train
45484,train
45485,train
45486,train
45487,train
45488,train
45489,train
45490,val
45491,train
45492,train
45493,train
45494,train
45495,train
45497,train
45498,train
45499,train
45500,train
45501,train
45502,train
45503,train
45504,train
45505,train
45507,val
45508,train
45509,train
45510,train
45511,train
45513,train
45514,train
45515,val
45517,train
45518,train
45519,train
45520,train
45522,train
45523,val
45524,train
45525,train
45526,train
45527,train
45528,train
45529,val
45530,train
45531,val
45533,train
45536,train
45537,train
45538,train
45539,train
45541,val
45543,val
45546,val
45547,val
45548,train
45549,train
45551,train
45552,val
45553,train
45554,train
45555,train
45556,train
45557,train
45558,train
45561,val
45562,train
45563,train
45564,train
45565,train
45566,val
45567,train
45569,train
45570,train
45571,train
45572,train
45578,val
45579,val
45580,train
45581,train
45582,val
45583,train
45584,train
45586,train
45587,train
45588,train
45589,train
45592,val
45594,train
45595,train
45598,train
45599,train
45602,train
45603,train
45604,val
45605,val
45606,val
45607,train
45609,train
45610,train
45612,train
45613,train
45614,val
45615,train
45616,train
45617,val
45618,train
45619,val
45620,train
45623,train
45627,train
45628,train
45629,train
45631,train
45632,train
45634,train
45636,train
45637,train
45639,train
45640,train
45641,train
45642,train
45643,train
45644,train
45645,train
45646,train
45648,train
45649,train
45650,val
45651,train
45652,train
45657,train
45660,train
45661,val
45665,train
45666,train
45667,train
45669,train
45670,train
45671,train
45672,train
45673,train
45674,val
45675,val
45676,train
45678,val
45679,val
45680,train
45681,train
45682,train
45683,train
45684,train
45685,train
45686,val
45687,val
45689,val
45690,train
45691,val
45692,val
45693,val
45694,train
45695,train
45697,train
45698,train
45699,val
45700,train
45703,train
45706,train
45707,train
45708,train
45709,train
45710,train
45714,train
45716,train
45717,train
45719,val
45720,train
45721,train
45722,train
45723,val
45724,train
45725,val
45726,train
45728,train
45729,val
45730,train
45731,val
45732,train
45733,train
45734,train
45735,train
45736,train
45738,train
45739,train
45740,train
45742,train
45743,train
45745,train
45749,train
45750,train
45751,train
45752,train
45753,val
45754,train
45755,val
45756,val
45758,val
45759,train
45760,train
45761,train
45762,train
45763,train
45764,train
45765,val
45767,train
45769,train
45770,train
45773,train
45776,val
45779,val
45780,train
45781,train
45782,train
45783,train
45784,val
45785,train
45786,train
45788,train
45789,train
45792,val
45793,train
45794,val
45795,train
45796,val
45798,train
45799,val
45800,train
45801,train
45803,train
45805,train
45806,val
45807,val
45808,train
45809,train
45810,train
45811,train
45812,train
45813,train
45817,train
45818,val
45819,train
45822,train
45827,train
45829,train
45831,val
45832,val
45833,train
45835,val
45836,val
45837,train
45838,val
45839,train
45840,val
45842,val
45843,train
45844,val
45845,train
45848,train
45849,train
45850,val
45851,val
45854,train
45855,train
45856,train
45857,train
45858,train
45863,train
45867,train
45868,train
45870,val
45871,train
45872,train
45873,train
45874,val
45875,val
45876,train
45877,val
45878,train
45881,val
45882,train
45885,train
45886,train
45887,train
45888,train
45889,train
45891,train
45893,val
45894,train
45896,val
45899,train
45901,val
45902,val
45905,train
45906,train
45907,val
45908,train
45909,train
45911,train
45912,train
45913,train
45914,train
45915,val
45916,val
45917,val
45918,train
45919,train
45920,train
45921,train
45924,train
45925,train
45926,train
45927,train
45929,val
45930,train
45931,val
45932,train
45933,train
45934,train
45935,train
45937,train
45939,val
45940,train
45941,train
45942,train
45943,train
45946,train
45947,train
45949,val
45950,train
45953,train
45954,train
45955,train
45956,train
45958,train
45959,train
45960,train
45961,val
45962,train
45963,train
45964,train
45965,train
45966,val
45967,train
45969,train
45971,train
45973,train
45974,train
45978,train
45979,train
45980,train
45981,train
45982,val
45983,train
45984,train
45989,train
45990,val
45991,train
45992,train
45993,train
45994,train
45995,val
45996,train
45997,train
45998,train
45999,train
46000,train
46001,train
46002,train
46004,val
46005,train
46007,train
46009,train
46010,val
46012,train
46013,train
46014,train
46015,train
46016,val
46017,train
46018,train
46019,train
46020,train
46022,train
46023,train
46024,train
46025,train
46026,train
46027,train
46028,train
46029,val
46030,train
46031,train
46032,train
46033,train
46034,train
46035,val
46036,val
46037,train
46038,train
46040,train
46042,train
46043,train
46045,val
46046,train
46048,train
46049,train
46051,train
46052,train
46053,train
46054,train
46055,val
46056,train
46057,train
46058,train
46059,val
46060,train
46061,train
46062,train
46065,val
46066,train
46067,train
46068,train
46069,train
46070,train
46071,train
46072,train
46073,train
46074,val
46077,train
46078,val
46079,train
46080,train
46081,train
46082,train
46085,train
46088,train
46090,train
46091,train
46092,train
46096,val
46097,val
46098,train
46099,train
46100,val
46102,train
46103,train
46104,train
46105,train
46107,train
46108,train
46109,train
46111,train
46113,train
46114,val
46115,val
46116,train
46118,train
46119,train
46120,train
46121,train
46123,train
46124,val
46126,train
46127,train
46129,train
46130,train
46131,train
46133,train
46135,val
46136,val
46137,train
46138,train
46139,train
46140,train
46141,val
46142,train
46143,train
46144,train
46145,val
46146,val
46147,train
46148,train
46149,train
46150,train
46151,train
46152,train
46153,val
46154,val
46156,train
46157,val
46158,train
46160,val
46161,train
46162,val
46163,train
46166,val
46167,train
46169,train
46170,train
46171,train
46172,val
46173,train
46174,val
46175,train
46178,train
46179,train
46180,train
46183,train
46184,train
46185,train
46186,train
46189,train
46190,train
46191,train
46195,train
46197,val
46198,train
46199,val
46200,train
46201,train
46203,train
46205,train
46206,val
46207,train
46209,val
46213,train
46214,train
46216,train
46217,train
46219,train
46220,train
46221,train
46222,train
46224,train
46225,train
46227,train
46229,val
46230,val
46231,train
46234,train
46237,train
46238,train
46239,train
46240,train
46241,train
46242,val
46245,val
46246,train
46248,val
46249,val
46250,train
46251,train
46252,train
46253,train
46254,train
46255,train
46257,train
46258,train
46261,val
46262,train
46263,train
46264,train
46267,train
46268,train
46270,train
46271,train
46273,train
46274,train
46275,val
46277,val
46278,train
46279,train
46280,train
46281,train
46282,train
46283,train
46284,train
46285,train
46286,val
46287,train
46288,train
46289,train
46290,train
46291,train
46292,train
46293,train
46294,train
46296,train
46297,train
46298,train
46299,train
46300,train
46301,train
46302,val
46303,train
46304,train
46306,train
46307,train
46309,train
46310,train
46311,train
46312,train
46313,train
46314,train
46315,val
46316,val
46317,train
46318,train
46319,val
46320,train
46321,train
46323,train
46324,train
46326,val
46327,train
46328,train
46330,train
46331,train
46332,train
46333,train
46334,train
46336,train
46338,val
46339,train
46340,train
46341,train
46342,val
46344,train
46345,train
46346,train
46347,train
46348,train
46349,train
46350,val
46354,train
46355,train
46356,train
46357,val
46359,train
46360,val
46361,train
46362,train
46364,val
46365,train
46366,val
46367,train
46368,train
46369,train
46370,val
46374,train
46375,train
46376,train
46377,train
46378,train
46380,train
46382,train
46383,train
46384,train
46385,train
46387,val
46390,train
46392,train
46393,train
46394,train
46395,train
46396,val
46397,train
46399,train
46400,val
46401,train
46402,train
46403,train
46405,train
46407,val
46408,train
46409,train
46410,train
46411,train
46412,val
46413,train
46414,train
46415,val
46416,train
46417,train
46418,train
46419,train
46421,train
46423,train
46424,train
46425,train
46426,train
46427,val
46428,train
46430,train
46431,train
46433,train
46434,train
46435,train
46438,train
46441,train
46442,val
46443,train
46444,train
46446,train
46447,train
46448,train
46449,val
46450,train
46451,train
46452,train
46453,train
46454,train
46456,train
46457,train
46458,train
46459,train
46461,train
46462,train
46463,train
46464,train
46465,train
46468,val
46469,train
46470,val
46471,train
46472,train
46473,train
46474,train
46475,train
46476,train
46477,train
46479,val
46481,train
46482,val
46483,train
46484,val
46485,train
46486,train
46487,train
46488,train
46489,train
46490,train
46491,train
46492,train
46493,train
46495,val
46496,train
46497,train
46498,val
46499,train
46500,train
46501,train
46503,val
46505,train
46506,train
46507,val
46508,val
46509,val
46510,train
46511,val
46512,val
46514,train
46515,val
46516,val
46518,train
46522,train
46523,train
46526,train
46528,train
46529,train
46530,train
46531,train
46533,val
46535,train
46536,train
46537,val
46538,train
46539,train
46540,train
46542,train
46543,train
46545,val
46546,train
46548,train
46551,train
46552,train
46553,train
46554,val
46555,train
46556,train
46557,val
46559,val
46561,train
46565,train
46566,train
46567,train
46568,train
46569,train
46570,train
46571,train
46572,val
46573,train
46574,train
46575,train
46576,val
46577,train
46578,train
46579,train
46581,train
46582,train
46584,val
46585,val
46587,train
46588,train
46589,train
46590,train
46591,val
46592,train
46596,val
46597,train
46598,train
46599,val
46600,train
46602,train
46603,val
46605,train
46606,train
46607,train
46608,train
46609,train
46610,train
46612,val
46614,train
46615,train
46616,train
46617,train
46618,val
46619,train
46620,train
46622,train
46623,train
46624,val
46625,train
46627,train
46628,train
46629,train
46630,train
46632,train
46634,train
46635,train
46636,train
46637,val
46638,train
46639,train
46640,val
46641,train
46642,train
46643,val
46645,val
46647,train
46648,val
46649,train
46651,train
46652,train
46653,train
46654,train
46655,train
46656,train
46657,val
46659,val
46661,train
46662,train
46665,train
46667,val
46670,train
46671,train
46675,train
46676,val
46677,train
46679,val
46680,train
46681,train
46682,train
46684,train
46685,train
46687,val
46688,val
46689,train
46690,val
46691,val
46693,train
46695,train
46696,train
46697,train
46698,train
46700,train
46702,val
46703,train
46704,train
46705,train
46706,train
46708,train
46709,train
46710,train
46712,val
46713,train
46714,train
46715,train
46716,train
46717,train
46718,train
46720,train
46721,train
46723,val
46724,train
46725,val
46726,train
46728,train
46729,train
46730,train
46732,train
46734,val
46735,val
46737,train
46738,val
46739,train
46740,val
46741,train
46742,val
46743,train
46745,train
46746,train
46747,train
46748,train
46749,train
46750,train
46751,val
46752,val
46754,train
46755,train
46756,train
46757,val
46758,train
46759,train
46760,train
46761,train
46762,train
46763,train
46764,train
46766,train
46768,train
46769,train
46770,train
46771,train
46772,train
46774,val
46775,train
46776,train
46777,train
46778,train
46779,train
46780,train
46781,train
46783,train
46784,train
46785,train
46786,train
46787,train
46788,val
46789,train
46790,train
46791,train
46792,train
46793,train
46796,train
46798,train
46799,val
46800,val
46801,train
46802,val
46803,val
46804,train
46805,train
46806,train
46807,train
46810,train
46811,val
46812,val
46814,train
46815,train
46816,train
46817,train
46818,val
46819,train
46820,train
46822,val
46823,train
46824,train
46825,train
46827,train
46828,train
46829,train
46831,train
46832,train
46833,val
46834,train
46835,val
46836,train
46837,train
46839,train
46843,val
46845,train
46846,train
46850,train
46851,train
46853,train
46854,val
46855,train
46856,train
46857,train
46858,train
46859,train
46860,train
46862,train
46863,train
46865,train
46866,val
46867,train
46868,train
46869,train
46871,train
46872,val
46873,val
46875,train
46877,train
46878,train
46879,val
46880,train
46882,val
46883,val
46885,train
46886,val
46888,train
46889,val
46890,val
46894,train
46895,val
46896,train
46898,val
46899,train
46900,train
46902,train
46904,train
46905,train
46906,train
46908,train
46909,val
46911,train
46912,train
46915,train
46916,train
46917,train
46921,train
46922,val
46924,train
46925,val
46926,train
46927,train
46929,train
46930,train
46932,train
46933,val
46935,train
46936,val
46937,val
46939,train
46940,train
46942,val
46943,train
46944,train
46945,train
46946,train
46947,train
46948,train
46950,val
46951,train
46952,train
46953,train
46954,train
46955,val
46956,train
46958,val
46959,train
46960,train
46961,train
46962,train
46963,train
46964,train
46966,train
46967,train
46968,train
46969,val
46971,train
46975,train
46976,train
46977,val
46978,train
46979,val
46980,train
46981,train
46986,val
46987,train
46988,train
46989,train
46990,train
46991,train
46992,train
46993,train
46995,val
46998,train
46999,train
47000,val
47001,train
47002,val
47003,train
47004,val
47005,train
47006,train
47007,val
47008,train
47009,train
47010,val
47011,val
47012,train
47013,val
47014,train
47015,train
47016,train
47017,val
47018,train
47019,train
47020,train
47022,train
47023,train
47024,train
47025,train
47026,train
47027,train
47028,train
47030,train
47031,val
47032,train
47033,val
47035,train
47036,val
47037,train
47038,train
47040,val
47041,train
47042,train
47045,train
47046,train
47047,train
47048,train
47049,train
47051,train
47052,train
47053,train
47054,val
47055,train
47056,val
47057,train
47058,train
47059,train
47060,train
47061,train
47062,train
47063,train
47065,train
47066,train
47067,val
47068,train
47069,train
47071,train
47072,train
47073,train
47074,val
47076,val
47077,train
47078,train
47079,train
47081,train
47084,train
47085,train
47086,val
47087,train
47088,train
47089,train
47090,train
47092,train
47093,train
47094,train
47095,val
47097,train
47098,train
47099,train
47100,train
47101,train
47103,train
47104,train
47106,train
47107,train
47108,train
47112,train
47113,train
47114,train
47116,train
47117,train
47120,train
47121,train
47122,train
47123,train
47124,train
47125,train
47127,train
47130,train
47131,val
47132,train
47134,train
47135,train
47137,train
47138,val
47139,train
47140,train
47141,train
47142,train
47143,train
47144,train
47145,train
47146,train
47147,train
47148,train
47149,train
47150,train
47151,train
47152,train
47153,val
47154,train
47155,train
47156,train
47157,val
47159,train
47161,train
47162,train
47163,train
47164,train
47165,val
47167,train
47168,train
47169,train
47170,train
47171,train
47172,train
47173,train
47174,train
47175,train
47176,train
47178,train
47179,val
47180,train
47181,train
47182,train
47183,train
47184,train
47185,val
47187,train
47188,val
47189,train
47190,val
47191,train
47192,train
47193,train
47194,train
47195,val
47196,val
47197,train
47198,train
47199,train
47201,val
47202,train
47204,train
47205,val
47206,train
47207,val
47208,train
47209,train
47211,train
47214,train
47215,train
47216,train
47220,train
47221,train
47223,val
47224,train
47225,train
47226,train
47227,val
47228,train
47229,train
47230,train
47232,train
47233,train
47234,train
47236,train
47237,train
47238,train
47240,train
47241,train
47242,train
47245,train
47246,train
47247,val
47248,val
47249,train
47251,train
47252,train
47253,train
47254,train
47255,train
47256,train
47258,train
47259,train
47260,train
47261,train
47262,val
47263,val
47266,train
47267,train
47269,train
47271,train
47272,train
47273,train
47276,train
47278,train
47279,train
47280,train
47281,train
47283,val
47284,train
47285,train
47287,train
47288,train
47289,train
47290,val
47291,train
47292,train
47293,train
47294,val
47297,train
47298,train
47299,train
47300,train
47301,train
47302,train
47306,train
47307,train
47308,train
47309,val
47311,val
47313,train
47314,train
47316,train
47317,train
47318,train
47319,train
47321,train
47322,train
47323,train
47324,train
47325,val
47327,val
47328,train
47329,train
47330,val
47331,val
47335,train
47336,val
47338,train
47339,val
47341,train
47342,val
47343,train
47344,train
47345,train
47346,train
47347,val
47348,train
47349,train
47350,train
47351,train
47352,train
47353,train
47354,train
47355,val
47356,val
47357,train
47358,train
47359,train
47361,train
47363,train
47368,train
47370,train
47371,train
47372,train
47373,train
47374,train
47375,train
47376,val
47377,train
47378,train
47379,val
47380,train
47385,train
47386,train
47387,train
47389,train
47391,train
47394,train
47396,train
47398,train
47399,val
47400,train
47401,train
47403,train
47404,train
47406,train
47407,train
47408,train
47409,val
47410,train
47412,train
47415,val
47416,train
47418,train
47419,train
47420,train
47422,train
47423,train
47424,val
47425,train
47426,val
47427,val
47428,train
47430,val
47431,val
47434,val
47435,train
47436,val
47437,train
47438,train
47439,train
47440,train
47441,val
47442,train
47443,train
47444,train
47445,train
47446,train
47447,val
47448,train
47449,train
47450,train
47451,train
47452,train
47453,train
47454,train
47455,train
47456,train
47457,train
47458,train
47459,val
47460,train
47461,train
47462,train
47463,train
47464,train
47466,train
47467,train
47468,val
47470,train
47471,train
47475,train
47476,train
47477,train
47478,train
47479,train
47480,train
47481,train
47482,val
47483,val
47484,train
47485,train
47487,train
47488,train
47489,val
47490,val
47491,train
47492,val
47493,train
47494,train
47496,train
47497,val
47498,train
47499,train
47500,val
47501,train
47502,train
47504,train
47505,train
47506,train
47507,val
47508,train
47510,train
47511,train
47512,val
47514,train
47515,val
47516,train
47518,val
47519,train
47521,train
47522,val
47523,train
47524,train
47526,train
47527,val
47528,train
47529,val
47530,train
47532,train
47533,train
47534,train
47535,val
47537,train
47538,val
47539,train
47540,train
47541,train
47542,train
47544,train
47545,train
47546,train
47547,train
47548,train
47550,train
47551,train
47552,train
47553,train
47554,train
47555,train
47556,train
47557,train
47558,train
47559,train
47561,train
47562,train
47567,train
47570,train
47571,val
47572,train
47574,train
47575,val
47576,val
47577,train
47578,train
47579,val
47581,train
47582,train
47583,train
47589,val
47591,train
47592,val
47594,train
47598,train
47600,val
47602,train
47604,train
47605,train
47606,train
47607,train
47608,train
47609,val
47610,train
47612,train
47613,train
47614,train
47615,train
47616,train
47617,train
47618,train
47619,val
47620,train
47621,train
47622,train
47623,train
47624,train
47625,train
47626,train
47627,train
47630,train
47631,train
47632,train
47634,train
47635,train
47637,train
47638,val
47639,train
47640,train
47644,train
47645,train
47646,val
47648,train
47649,train
47650,train
47652,train
47653,train
47654,train
47655,train
47656,train
47658,train
47659,val
47661,train
47662,train
47663,train
47664,train
47665,val
47666,train
47667,val
47668,train
47670,train
47672,train
47675,train
47676,train
47677,val
47679,train
47681,train
47683,train
47684,train
47685,train
47686,train
47687,train
47688,train
47690,train
47691,val
47695,train
47696,train
47698,train
47700,val
47701,train
47702,train
47703,train
47705,train
47706,train
47707,val
47709,train
47710,train
47711,train
47712,train
47713,train
47714,train
47715,train
47716,train
47717,train
47718,train
47719,train
47720,train
47722,train
47723,train
47724,train
47726,train
47728,val
47730,val
47731,train
47732,train
47733,train
47734,train
47735,train
47736,train
47738,train
47742,val
47743,train
47744,val
47746,val
47748,train
47749,train
47750,val
47751,train
47752,train
47753,train
47755,val
47756,train
47758,val
47759,train
47760,train
47761,val
47762,train
47763,train
47764,train
47765,train
47766,train
47767,train
47768,train
47769,val
47770,train
47772,val
47773,train
47775,val
47776,train
47777,train
47778,train
47779,train
47780,train
47782,train
47784,train
47785,train
47786,train
47787,val
47790,train
47791,train
47792,train
47793,val
47794,train
47795,train
47796,train
47797,train
47799,val
47800,train
47801,train
47804,train
47805,train
47806,train
47807,train
47809,train
47812,train
47815,train
47816,train
47817,train
47818,train
47820,val
47821,train
47824,train
47825,train
47826,train
47827,val
47829,train
47830,train
47831,train
47833,train
47834,train
47835,train
47837,val
47838,train
47839,train
47840,train
47841,train
47842,val
47843,train
47845,train
47846,train
47848,val
47849,train
47850,train
47851,train
47852,train
47854,train
47855,val
47856,train
47857,train
47859,train
47860,train
47861,val
47865,train
47866,train
47868,train
47869,train
47870,train
47871,train
47872,train
47873,train
47875,train
47877,val
47878,train
47879,train
47880,train
47882,train
47883,val
47884,train
47885,val
47887,train
47888,train
47889,train
47893,train
47895,val
47896,val
47897,train
47898,train
47899,train
47900,train
47901,val
47902,train
47904,train
47905,val
47907,train
47908,val
47909,train
47910,val
47911,val
47912,train
47915,val
47916,train
47917,train
47918,train
47919,train
47921,train
47922,train
47923,train
47924,val
47927,train
47928,val
47929,train
47930,train
47931,val
47932,train
47933,train
47935,val
47936,val
47937,train
47940,train
47941,train
47943,train
47944,val
47945,val
47946,train
47949,train
47950,val
47951,train
47952,train
47954,train
47955,train
47956,train
47960,train
47961,train
47963,train
47965,train
47966,train
47967,train
47970,train
47971,train
47972,train
47973,train
47974,train
47975,train
47976,train
47977,train
47978,train
47979,train
47980,val
47981,train
47982,train
47983,val
47984,train
47985,train
47986,val
47987,train
47988,train
47989,val
47990,train
47991,train
47993,train
47994,train
47995,train
47996,train
47997,val
47999,train
48000,train
48001,train
48002,train
48003,val
48004,train
48005,train
48006,train
48007,train
48008,train
48009,train
48010,train
48012,train
48013,val
48014,train
48015,train
48018,val
48019,train
48020,val
48024,train
48026,val
48027,train
48028,train
48029,train
48030,train
48034,val
48035,train
48036,train
48038,train
48040,train
48041,train
48042,val
48043,train
48044,train
48045,val
48046,val
48047,train
48048,train
48049,train
48050,train
48051,train
48052,train
48053,train
48055,train
48056,train
48058,train
48059,train
48060,train
48061,train
48062,train
48064,train
48067,train
48069,train
48070,val
48071,val
48073,train
48074,train
48076,val
48077,train
48080,train
48083,val
48087,train
48088,train
48090,train
48091,train
48093,train
48094,train
48098,train
48099,train
48100,train
48101,val
48102,train
48104,val
48105,train
48106,train
48107,train
48108,train
48109,train
48110,train
48111,train
48114,train
48115,train
48116,train
48117,train
48118,train
48119,val
48122,train
48123,train
48124,train
48126,val
48127,train
48128,train
48129,val
48130,train
48132,train
48134,val
48135,train
48137,train
48138,train
48139,train
48140,train
48142,val
48143,train
48145,train
48146,train
48147,train
48148,train
48150,train
48151,train
48152,val
48153,train
48154,train
48155,train
48157,val
48158,train
48159,val
48160,val
48163,train
48164,val
48165,train
48166,train
48167,train
48168,train
48173,train
48175,train
48176,train
48177,train
48179,train
48180,val
48182,train
48183,train
48186,train
48187,train
48188,train
48189,train
48191,val
48193,train
48194,train
48195,train
48196,train
48198,train
48199,train
48200,train
48201,val
48202,train
48203,train
48204,train
48205,train
48207,val
48208,train
48209,train
48210,train
48211,train
48212,train
48213,train
48214,val
48215,train
48218,val
48219,train
48220,train
48221,val
48224,val
48225,train
48227,train
48229,train
48230,train
48232,train
48233,train
48234,train
48235,train
48236,train
48237,train
48238,train
48239,train
48242,val
48244,train
48245,train
48246,train
48247,train
48248,train
48249,train
48250,train
48251,train
48252,train
48253,val
48255,val
48256,train
48257,train
48259,train
48260,train
48261,train
48262,val
48263,val
48266,val
48268,train
48270,train
48271,train
48272,train
48274,val
48275,train
48276,val
48277,val
48278,train
48280,val
48281,train
48282,train
48283,train
48284,train
48285,train
48286,train
48287,train
48289,train
48290,train
48291,val
48292,train
48295,train
48297,train
48298,train
48299,train
48301,train
48302,train
48303,train
48304,train
48306,train
48308,val
48309,val
48312,train
48313,train
48314,val
48315,val
48317,train
48318,val
48319,val
48321,train
48322,train
48323,train
48324,val
48325,val
48326,train
48327,train
48328,train
48329,train
48333,train
48334,train
48337,train
48338,train
48339,train
48340,train
48341,train
48343,train
48344,train
48345,val
48346,train
48347,train
48348,train
48349,train
48350,val
48351,train
48352,val
48353,val
48354,train
48355,train
48356,val
48357,train
48358,train
48359,train
48361,val
48363,val
48364,val
48366,train
48367,train
48369,train
48370,train
48371,val
48373,train
48374,train
48375,train
48376,val
48377,train
48378,train
48379,train
48384,train
48385,train
48386,train
48387,train
48388,train
48389,train
48390,val
48393,train
48394,train
48395,train
48396,train
48397,train
48398,train
48399,train
48400,train
48402,train
48404,train
48406,val
48407,val
48408,train
48409,train
48410,train
48411,val
48412,train
48413,train
48414,val
48415,train
48416,train
48417,train
48421,train
48422,train
48423,train
48429,train
48431,val
48432,val
48434,val
48435,train
48436,val
48437,train
48438,train
48439,train
48440,train
48442,train
48443,train
48444,train
48446,train
48447,val
48448,train
48449,train
48450,train
48451,train
48452,train
48453,val
48454,val
48455,val
48456,train
48459,val
48460,train
48462,val
48463,train
48465,train
48466,train
48467,train
48468,train
48469,train
48470,train
48471,val
48473,train
48474,train
48475,train
48476,train
48477,train
48478,val
48479,train
48481,train
48482,train
48484,train
48485,val
48486,train
48487,train
48488,train
48489,train
48490,train
48492,train
48493,val
48494,train
48495,train
48497,train
48499,train
48500,train
48501,train
48502,train
48503,train
48504,train
48505,train
48508,val
48509,val
48510,train
48511,train
48512,train
48513,train
48514,train
48515,train
48516,train
48517,train
48519,train
48521,train
48523,train
48524,train
48525,val
48528,val
48529,train
48530,train
48531,train
48532,train
48533,train
48534,train
48535,train
48536,val
48538,train
48539,train
48540,val
48541,train
48542,train
48544,val
48545,val
48546,train
48547,train
48548,val
48550,train
48551,train
48552,train
48553,train
48554,train
48557,train
48558,train
48559,val
48560,train
48561,train
48562,train
48565,train
48566,train
48567,train
48568,train
48569,train
48572,train
48573,train
48574,train
48576,train
48577,train
48578,train
48579,train
48580,val
48581,train
48583,train
48584,train
48585,train
48586,val
48587,train
48588,train
48589,train
48590,train
48591,train
48592,val
48593,val
48594,train
48596,train
48597,train
48598,train
48599,val
48601,val
48602,train
48605,train
48606,val
48607,train
48608,train
48609,train
48610,train
48612,train
48614,train
48615,val
48616,train
48617,train
48618,train
48619,train
48620,train
48623,train
48624,train
48626,train
48628,train
48629,train
48630,val
48631,train
48632,train
48633,train
48634,train
48635,val
48636,train
48637,train
48638,train
48639,train
48641,train
48642,train
48643,train
48644,train
48645,train
48647,train
48650,train
48652,train
48653,train
48656,val
48658,val
48659,val
48660,val
48662,train
48663,train
48664,train
48665,train
48666,train
48667,train
48670,train
48671,train
48672,train
48673,val
48674,train
48675,train
48676,val
48678,val
48679,train
48682,train
48685,train
48687,train
48688,train
48689,train
48690,val
48691,train
48692,train
48694,train
48695,train
48697,val
48698,train
48699,val
48701,val
48702,train
48703,train
48704,train
48705,train
48707,train
48708,train
48709,train
48711,train
48713,train
48714,train
48715,train
48718,train
48721,train
48722,train
48724,train
48726,train
48728,train
48729,train
48730,train
48731,val
48732,train
48733,train
48734,train
48735,train
48737,train
48738,train
48739,val
48740,train
48741,train
48742,train
48743,val
48745,train
48746,train
48747,val
48748,train
48749,train
48752,train
48754,train
48755,train
48758,train
48761,train
48762,train
48763,train
48764,train
48765,train
48766,train
48767,train
48768,val
48769,train
48770,val
48771,train
48772,train
48773,train
48775,train
48776,train
48777,train
48780,train
48781,train
48783,train
48784,train
48785,train
48786,train
48787,val
48788,val
48791,train
48792,train
48793,train
48795,train
48796,train
48797,train
48798,val
48799,train
48800,train
48803,val
48804,train
48805,train
48806,train
48809,train
48811,train
48812,train
48813,train
48815,train
48816,train
48819,train
48822,train
48823,train
48824,train
48825,train
48826,train
48827,train
48828,train
48829,val
48830,val
48831,train
48833,val
48834,train
48835,train
48836,train
48837,train
48838,val
48840,train
48841,train
48842,train
48843,val
48844,train
48845,val
48846,train
48847,train
48848,train
48850,train
48851,val
48852,train
48854,train
48855,train
48856,train
48857,train
48858,train
48859,train
48861,train
48862,train
48863,train
48864,train
48867,val
48868,train
48869,train
48870,train
48871,train
48872,train
48873,train
48874,train
48875,train
48876,train
48877,train
48878,train
48881,train
48882,train
48883,train
48884,train
48885,train
48886,train
48887,train
48888,val
48889,val
48891,train
48893,val
48894,train
48896,train
48898,val
48899,train
48901,train
48903,train
48904,val
48905,train
48906,train
48908,train
48910,val
48912,train
48913,train
48914,train
48915,train
48916,train
48917,train
48918,train
48919,val
48920,train
48921,train
48922,train
48924,train
48926,train
48928,train
48929,val
48930,val
48931,train
48932,val
48933,train
48934,train
48935,val
48937,train
48938,val
48939,train
48940,train
48941,train
48942,train
48943,train
48944,train
48945,train
48946,train
48948,train
48949,val
48951,val
48952,train
48953,train
48954,train
48956,train
48957,train
48958,train
48959,train
48960,train
48961,train
48963,train
48964,train
48965,train
48966,train
48967,train
48968,train
48969,train
48970,train
48971,train
48972,train
48973,train
48974,train
48975,val
48978,train
48979,val
48980,train
48981,train
48982,train
48983,train
48984,train
48985,train
48987,train
48988,train
48989,train
48990,train
48991,train
48992,train
48993,train
48994,val
48995,train
48996,train
48997,train
48998,train
49000,train
49001,train
49002,train
49003,train
49004,train
49006,train
49008,train
49009,train
49013,train
49017,train
49018,train
49019,train
49020,train
49021,train
49022,train
49025,train
49026,train
49027,train
49028,train
49029,train
49030,train
49031,train
49033,val
49034,val
49035,train
49038,train
49039,train
49040,train
49041,train
49042,train
49043,val
49044,train
49046,train
49047,train
49048,train
49049,train
49050,train
49053,train
49054,train
49055,train
49056,train
49058,train
49060,train
49061,train
49063,train
49064,train
49065,val
49066,train
49067,train
49068,train
49069,train
49070,train
49071,train
49073,train
49074,val
49075,train
49076,train
49077,train
49079,train
49080,train
49081,train
49082,train
49083,train
49085,train
49086,train
49087,train
49089,train
49090,train
49091,train
49092,train
49095,train
49096,train
49097,train
49098,train
49099,train
49101,train
49102,train
49103,train
49105,train
49106,train
49107,train
49108,train
49110,train
49111,train
49112,train
49113,train
49114,train
49115,train
49116,train
49117,train
49118,train
49119,val
49121,train
49122,train
49125,train
49126,train
49127,train
49129,train
49130,train
49132,train
49133,train
49134,train
49135,train
49136,train
49137,train
49138,train
49139,train
49141,train
49143,train
49144,val
49145,train
49147,train
49149,train
49150,train
49151,train
49152,train
49154,train
49156,train
49157,train
49158,val
49159,train
49160,train
49161,train
49162,train
49163,val
49164,train
49165,train
49168,val
49169,train
49171,train
49172,train
49173,val
49175,train
49176,train
49177,train
49179,val
49180,train
49181,train
49182,train
49184,train
49186,val
49188,train
49189,train
49190,val
49192,train
49193,train
49194,train
49195,train
49196,train
49197,train
49198,train
49199,train
49200,val
49201,val
49202,train
49203,val
49204,train
49205,train
49207,train
49208,train
49209,train
49211,val
49212,train
49214,train
49216,train
49217,train
49219,train
49220,train
49221,train
49222,val
49223,train
49224,val
49225,train
49226,train
49227,train
49228,val
49230,val
49231,train
49233,train
49234,train
49236,train
49237,train
49238,train
49239,train
49240,train
49242,train
49243,val
49244,train
49245,train
49246,train
49248,val
49249,val
49250,val
49251,train
49252,train
49254,train
49256,train
49258,train
49260,train
49262,train
49264,train
49265,train
49266,train
49267,train
49268,train
49269,train
49270,train
49271,val
49272,train
49273,train
49274,val
49278,train
49279,train
49280,train
49281,train
49282,train
49284,train
49285,train
49286,train
49287,train
49288,train
49289,train
49291,train
49292,train
49294,val
49298,val
49299,train
49300,train
49301,train
49302,train
49304,train
49306,train
49308,train
49309,train
49310,train
49311,val
49312,train
49314,train
49316,train
49318,train
49320,train
49322,train
49323,train
49324,train
49325,train
49327,val
49328,train
49329,train
49330,train
49334,train
49335,val
49336,train
49337,train
49338,train
49339,train
49341,train
49342,train
49343,train
49344,train
49345,train
49346,train
49348,train
49351,train
49353,train
49354,train
49355,val
49358,train
49361,train
49362,train
49363,train
49364,train
49366,train
49367,train
49369,train
49370,train
49373,train
49374,train
49375,train
49376,train
49377,train
49379,train
49380,train
49381,train
49382,train
49383,train
49384,train
49386,val
49387,train
49388,train
49389,train
49390,train
49391,train
49394,train
49397,val
49399,train
49401,train
49402,train
49403,train
49405,train
49406,train
49407,train
49408,val
49409,val
49410,train
49412,train
49413,train
49416,train
49417,train
49418,val
49419,val
49420,train
49421,train
49422,train
49423,train
49425,train
49426,val
49427,train
49428,train
49429,train
49431,train
49434,train
49436,train
49437,train
49438,train
49440,train
49442,train
49443,train
49445,train
49446,train
49450,train
49451,train
49452,train
49453,train
49454,train
49456,val
49458,val
49459,train
49461,train
49462,train
49463,val
49464,train
49465,train
49466,train
49467,train
49468,train
49470,train
49471,train
49474,train
49475,train
49476,train
49477,val
49478,train
49479,train
49480,train
49481,train
49482,train
49484,train
49485,train
49487,train
49488,train
49489,train
49490,val
49492,train
49493,val
49494,train
49495,train
49496,train
49497,train
49498,train
49499,val
49500,train
49501,train
49502,train
49503,train
49505,train
49506,train
49507,train
49508,train
49510,train
49511,val
49512,train
49513,train
49514,train
49516,train
49517,val
49518,train
49520,train
49521,train
49522,train
49523,train
49524,train
49525,train
49526,train
49527,train
49528,val
49529,val
49530,val
49532,val
49533,train
49534,train
49535,train
49536,train
49537,train
49538,train
49540,train
49541,train
49542,train
49543,train
49544,train
49546,train
49547,train
49549,val
49550,train
49551,val
49553,val
49554,train
49555,val
49556,train
49557,train
49558,train
49559,train
49562,train
49563,val
49566,train
49567,val
49568,train
49569,val
49570,train
49571,val
49572,train
49575,train
49576,train
49580,train
49581,train
49584,train
49585,train
49586,train
49587,train
49588,train
49593,train
49594,train
49595,train
49596,train
49597,train
49598,train
49599,train
49600,val
49601,train
49602,train
49603,train
49605,val
49606,train
49607,train
49608,val
49609,val
49610,train
49612,train
49613,train
49614,train
49615,train
49616,train
49617,val
49618,train
49619,train
49620,train
49621,val
49622,train
49623,train
49624,val
49625,val
49627,train
49628,train
49630,train
49632,val
49633,val
49634,train
49637,train
49638,train
49639,train
49640,train
49642,val
49643,train
49644,train
49646,train
49648,train
49649,train
49650,train
49651,train
49652,val
49653,train
49654,train
49655,val
49656,train
49657,val
49658,train
49659,val
49660,train
49661,train
49663,train
49665,train
49666,train
49667,val
49668,train
49669,train
49671,train
49672,train
49673,train
49674,val
49675,train
49677,train
49678,val
49680,train
49681,val
49683,val
49684,train
49686,train
49687,train
49688,train
49689,train
49690,train
49691,train
49692,train
49693,train
49694,train
49695,train
49696,train
49697,train
49699,train
49700,val
49701,train
49702,train
49705,train
49706,train
49707,val
49709,val
49710,train
49711,train
49713,val
49714,train
49716,train
49717,train
49719,train
49720,train
49721,val
49722,train
49723,train
49724,train
49726,train
49728,train
49729,train
49731,train
49732,train
49733,train
49734,train
49736,train
49737,train
49738,train
49739,train
49740,train
49741,train
49742,train
49743,train
49744,val
49746,train
49747,train
49748,train
49750,train
49751,val
49752,train
49753,val
49754,train
49755,train
49756,train
49757,val
49758,train
49759,train
49760,train
49762,val
49763,train
49764,val
49765,train
49768,train
49769,train
49770,train
49772,train
49773,val
49774,train
49775,train
49776,val
49777,train
49778,train
49779,train
49781,train
49782,train
49783,val
49784,train
49786,train
49787,train
49788,val
49790,train
49792,val
49793,val
49794,train
49796,train
49797,train
49798,train
49799,train
49801,train
49802,train
49803,train
49804,train
49805,train
49806,val
49807,train
49808,train
49809,train
49810,train
49811,train
49812,train
49813,train
49814,train
49815,train
49816,train
49818,train
49819,train
49820,train
49821,train
49822,train
49823,val
49826,train
49827,val
49828,train
49832,val
49833,train
49835,train
49836,val
49837,train
49838,train
49841,train
49842,train
49844,train
49845,val
49846,train
49847,train
49848,train
49849,train
49850,train
49851,train
49852,train
49853,train
49858,train
49860,val
49862,train
49863,val
49865,train
49866,train
49868,train
49869,train
49870,train
49871,train
49872,train
49875,train
49876,train
49877,val
49878,train
49879,train
49882,train
49883,train
49884,val
49885,train
49886,train
49887,train
49888,train
49889,train
49890,train
49891,val
49892,train
49894,train
49895,train
49896,train
49897,train
49899,train
49900,train
49901,train
49902,train
49903,train
49904,val
49905,train
49906,train
49907,train
49908,train
49909,train
49910,val
49911,train
49913,train
49914,val
49915,train
49917,val
49918,train
49919,val
49920,val
49921,train
49922,train
49923,train
49924,train
49926,val
49927,train
49928,train
49930,train
49931,train
49932,train
49933,val
49934,train
49935,train
49936,train
49937,train
49939,train
49940,train
49941,train
49942,val
49943,train
49944,train
49946,train
49947,train
49949,train
49950,train
49951,train
49952,val
49954,train
49955,train
49956,train
49957,train
49959,val
49961,train
49962,train
49965,train
49967,train
49968,train
49971,train
49972,train
49976,train
49979,train
49980,train
49983,train
49984,train
49985,train
49986,train
49987,train
49989,train
49990,train
49991,val
49992,val
49994,train
49995,train
49996,train
49997,val
49998,train
49999,val
50003,train
50004,train
50006,val
50007,val
50008,val
50009,train
50010,train
50012,val
50013,train
50014,train
50015,train
50016,train
50017,train
50018,val
50019,val
50020,train
50021,train
50022,train
50023,val
50026,train
50028,val
50029,train
50030,train
50031,train
50032,train
50033,train
50035,val
50037,train
50038,train
50039,val
50042,train
50043,train
50044,val
50045,train
50046,train
50047,train
50048,train
50049,val
50050,val
50051,train
50052,train
50054,train
50055,train
50056,train
50057,train
50058,train
50059,val
50060,train
50061,val
50062,train
50066,val
50067,train
50070,train
50073,val
50074,train
50075,train
50077,train
50080,train
50081,val
50082,train
50083,train
50084,train
50085,train
50086,val
50087,val
50088,train
50089,train
50091,train
50092,train
50093,train
50094,train
50095,val
50096,train
50098,val
50099,train
50100,val
50101,val
50102,train
50103,val
50107,train
50111,train
50112,train
50113,val
50115,train
50116,train
50117,train
50118,val
50120,train
50122,train
50123,train
50125,train
50127,train
50129,train
50130,train
50131,train
50133,train
50134,val
50135,train
50137,train
50142,train
50143,train
50144,train
50146,train
50147,train
50148,train
50149,train
50150,val
50155,train
50159,val
50160,train
50161,train
50162,train
50163,val
50164,train
50165,val
50166,train
50167,val
50169,train
50170,train
50171,train
50172,train
50175,train
50177,train
50178,val
50179,val
50180,train
50182,train
50183,val
50184,train
50185,train
50186,train
50187,train
50188,train
50189,train
50190,train
50191,train
50193,val
50194,train
50195,train
50196,train
50197,train
50200,val
50203,train
50205,train
50206,train
50207,train
50208,val
50209,train
50210,val
50211,train
50212,train
50213,val
50214,train
50215,val
50216,train
50217,train
50218,train
50219,train
50222,train
50223,val
50224,train
50225,train
50226,train
50227,train
50228,train
50229,train
50230,val
50232,val
50233,val
50234,train
50235,val
50237,train
50238,train
50242,train
50243,val
50244,train
50246,train
50248,train
50251,val
50252,train
50253,train
50254,val
50255,train
50256,train
50257,train
50258,train
50259,train
50260,train
50262,train
50263,train
50265,val
50266,train
50267,train
50268,train
50269,train
50270,train
50271,val
50272,train
50273,train
50274,train
50275,val
50276,train
50277,train
50278,train
50279,train
50281,train
50282,val
50283,train
50284,val
50285,train
50287,val
50288,train
50289,train
50290,train
50291,train
50292,val
50294,val
50295,val
50296,train
50297,val
50298,train
50299,train
50300,train
50301,val
50303,val
50304,train
50306,val
50307,train
50308,val
50309,train
50310,train
50311,train
50312,train
50313,val
50314,train
50315,train
50316,train
50317,train
50319,train
50321,train
50322,train
50323,train
50324,train
50327,val
50328,train
50329,val
50330,train
50332,val
50334,train
50335,train
50336,train
50337,train
50338,train
50339,train
50340,train
50342,train
50343,train
50349,val
50351,train
50353,train
50354,train
50355,train
50356,train
50357,train
50358,val
50359,train
50360,train
50362,train
50363,train
50365,train
50366,val
50368,train
50369,train
50370,train
50372,val
50373,train
50374,train
50376,train
50378,train
50379,val
50380,train
50381,val
50382,train
50383,val
50384,train
50385,train
50386,train
50387,train
50388,train
50389,train
50390,train
50391,train
50392,train
50393,train
50394,train
50395,train
50396,val
50397,train
50398,train
50399,train
50400,train
50401,train
50403,val
50404,train
50407,train
50408,val
50410,train
50411,train
50412,train
50414,train
50415,train
50417,train
50419,train
50420,train
50421,train
50422,train
50423,val
50424,val
50425,train
50426,train
50427,val
50428,val
50429,train
50430,val
50431,train
50432,train
50433,train
50434,val
50435,val
50436,train
50438,train
50439,train
50440,train
50441,train
50442,train
50443,train
50444,val
50445,train
50446,train
50447,train
50448,train
50449,train
50450,train
50452,val
50453,train
50455,train
50456,train
50458,val
50459,val
50462,val
50464,train
50465,train
50466,train
50468,train
50469,train
50470,val
50472,train
50473,train
50474,train
50475,train
50477,train
50478,train
50479,train
50481,train
50482,train
50483,train
50484,train
50485,train
50486,train
50487,val
50488,train
50489,train
50490,train
50492,val
50493,train
50494,train
50495,train
50497,train
50498,train
50499,train
50500,train
50501,train
50503,val
50504,train
50505,train
50506,val
50508,train
50510,train
50511,train
50513,val
50515,train
50516,val
50517,train
50518,train
50520,train
50522,train
50523,train
50525,train
50526,val
50527,train
50528,train
50529,val
50530,train
50531,val
50533,train
50534,train
50535,val
50536,val
50537,train
50538,train
50539,train
50540,train
50541,train
50542,train
50543,train
50544,train
50545,train
50549,val
50551,train
50553,train
50554,train
50555,train
50556,train
50557,train
50558,val
50559,train
50560,val
50561,train
50563,train
50564,train
50565,train
50566,train
50567,train
50568,train
50569,val
50570,train
50571,val
50572,train
50573,train
50574,val
50576,train
50578,train
50579,val
50581,train
50582,train
50583,train
50585,train
50586,train
50587,train
50588,train
50589,train
50590,train
50592,val
50593,train
50595,train
50596,train
50597,val
50598,train
50599,train
50600,train
50601,val
50602,train
50603,train
50605,val
50606,train
50608,train
50609,train
50611,val
50612,train
50613,val
50614,train
50615,train
50616,train
50617,train
50618,train
50620,train
50621,train
50622,train
50623,train
50625,train
50626,train
50627,train
50630,train
50631,train
50632,train
50634,val
50637,train
50638,train
50640,train
50641,train
50642,train
50645,train
50648,train
50650,train
50651,train
50652,train
50653,train
50655,train
50656,train
50657,train
50659,train
50660,train
50661,train
50662,train
50663,val
50665,train
50666,train
50668,train
50669,val
50670,train
50672,train
50674,train
50677,train
50679,train
50680,val
50682,train
50683,train
50685,train
50686,train
50687,train
50688,train
50689,train
50691,train
50693,train
50694,train
50695,val
50696,train
50698,val
50702,train
50703,train
50706,train
50707,train
50709,train
50711,train
50712,train
50714,val
50715,train
50716,train
50717,val
50718,train
50719,train
50720,train
50721,train
50723,val
50725,train
50726,train
50727,train
50728,train
50729,train
50731,train
50732,train
50734,train
50735,train
50736,train
50737,train
50738,train
50739,train
50740,train
50741,val
50742,train
50743,val
50744,train
50745,val
50748,train
50749,val
50751,train
50752,train
50753,train
50754,train
50756,train
50757,train
50758,train
50759,val
50761,val
50762,train
50763,train
50764,train
50765,train
50767,train
50768,train
50769,train
50771,train
50772,train
50774,train
50775,train
50776,train
50778,train
50779,val
50780,train
50781,val
50782,train
50783,train
50784,train
50785,train
50786,train
50787,train
50788,train
50789,train
50790,train
50791,val
50792,train
50794,train
50795,train
50796,train
50797,val
50798,train
50799,val
50800,train
50801,val
50802,train
50805,train
50808,train
50810,train
50811,train
50812,train
50813,train
50815,train
50816,train
50817,val
50818,train
50819,train
50821,train
50822,train
50823,train
50824,train
50825,train
50827,train
50828,train
50829,train
50830,train
50831,val
50832,train
50833,train
50834,val
50836,train
50837,val
50839,train
50841,train
50842,train
50843,train
50844,val
50845,train
50846,train
50847,train
50848,val
50850,train
50851,train
50853,train
50854,train
50856,train
50857,train
50858,train
50862,train
50863,val
50864,train
50865,val
50868,val
50869,train
50871,train
50873,train
50874,train
50875,train
50877,train
50878,train
50879,train
50880,train
50881,train
50884,train
50885,val
50886,train
50888,train
50889,val
50890,val
50891,train
50892,train
50894,train
50895,train
50897,train
50898,train
50899,train
50901,train
50902,val
50904,train
50906,val
50908,train
50909,train
50910,train
50912,train
50914,train
50915,val
50916,train
50917,train
50918,train
50919,train
50921,train
50922,train
50923,train
50925,val
50926,train
50928,train
50929,train
50930,val
50932,train
50933,train
50934,val
50935,train
50936,val
50937,train
50938,val
50942,train
50944,train
50945,train
50947,train
50948,train
50950,train
50951,train
50953,train
50954,train
50955,train
50956,train
50957,train
50958,train
50959,val
50960,train
50961,train
50962,val
50963,train
50964,train
50965,train
50968,train
50969,train
50970,val
50972,train
50973,train
50974,train
50975,train
50976,train
50977,val
50978,train
50979,train
50980,train
50981,train
50982,val
50983,train
50985,train
50986,train
50987,train
50989,train
50990,train
50991,train
50993,train
50996,train
50997,train
50999,train
51000,train
51001,val
51002,train
51003,val
51006,val
51008,val
51010,train
51011,train
51012,val
51013,train
51015,train
51016,val
51017,train
51019,train
51021,train
51022,train
51023,train
51025,train
51026,train
51027,val
51028,train
51029,train
51031,val
51032,train
51034,train
51035,train
51038,train
51039,val
51040,val
51041,val
51042,train
51043,train
51045,train
51046,train
51047,train
51048,train
51051,train
51052,val
51053,train
51054,train
51055,val
51056,train
51057,train
51061,train
51063,train
51064,train
51065,train
51066,train
51067,train
51068,train
51069,train
51073,train
51074,train
51075,train
51076,train
51077,val
51078,train
51079,train
51080,train
51081,val
51082,val
51084,val
51087,train
51088,train
51089,train
51090,train
51092,train
51093,train
51094,train
51095,train
51096,train
51097,train
51098,val
51099,train
51102,val
51103,val
51104,train
51106,train
51107,val
51110,train
51111,train
51112,train
51113,train
51115,val
51117,train
51118,train
51119,train
51120,train
51121,train
51122,train
51123,train
51124,train
51125,train
51126,train
51127,val
51128,val
51129,train
51130,train
51131,train
51132,val
51133,train
51138,val
51139,train
51140,train
51141,train
51143,train
51144,val
51145,train
51146,train
51147,train
51148,train
51149,val
51150,train
51151,train
51152,train
51153,train
51154,train
51155,val
51156,train
51157,val
51160,val
51161,train
51163,train
51164,train
51165,train
51166,train
51167,train
51170,val
51171,train
51173,train
51175,val
51176,val
51178,train
51180,train
51181,train
51182,train
51183,val
51185,train
51187,train
51188,train
51189,train
51190,train
51194,train
51195,train
51196,val
51197,train
51198,val
51199,train
51200,train
51203,train
51204,train
51205,train
51206,train
51209,train
51211,val
51212,val
51213,val
51214,train
51216,train
51218,train
51221,train
51222,train
51223,train
51224,train
51225,train
51226,train
51228,train
51230,train
51232,train
51233,val
51234,train
51235,val
51236,train
51237,train
51238,train
51239,train
51241,train
51242,train
51243,train
51245,train
51247,train
51249,train
51250,train
51252,train
51253,val
51255,train
51257,train
51258,train
51259,train
51260,train
51261,train
51263,train
51264,train
51265,val
51266,val
51267,train
51268,train
51269,train
51270,train
51271,val
51272,train
51273,train
51275,train
51276,train
51277,train
51278,train
51279,train
51280,train
51281,train
51285,val
51287,train
51288,val
51289,train
51290,train
51291,val
51292,val
51293,train
51294,train
51297,train
51300,train
51304,train
51306,train
51307,train
51308,train
51309,train
51310,train
51311,train
51312,train
51314,train
51315,train
51316,train
51317,train
51318,train
51320,train
51321,train
51322,train
51324,train
51325,train
51326,train
51327,train
51328,train
51330,val
51331,val
51332,train
51333,train
51334,train
51335,train
51337,train
51338,val
51339,train
51340,train
51341,train
51343,train
51344,val
51346,train
51347,train
51348,val
51349,val
51350,train
51351,train
51352,train
51353,train
51354,train
51355,train
51356,val
51358,train
51359,train
51360,train
51361,train
51363,train
51364,train
51366,val
51367,train
51368,train
51369,train
51370,train
51372,val
51374,train
51375,val
51376,train
51377,train
51378,train
51379,train
51380,train
51381,train
51383,val
51384,train
51385,train
51387,train
51391,train
51392,val
51393,train
51394,train
51395,train
51397,val
51399,train
51400,train
51402,val
51403,train
51404,train
51405,val
51406,train
51407,val
51408,train
51409,train
51410,val
51411,train
51412,train
51413,train
51414,train
51415,val
51416,train
51417,train
51418,train
51419,train
51420,train
51421,train
51423,val
51424,train
51425,train
51426,train
51427,train
51429,train
51430,train
51431,train
51432,val
51433,train
51434,train
51435,train
51436,train
51437,val
51438,train
51439,train
51442,val
51443,train
51444,train
51445,train
51446,train
51450,val
51451,train
51452,train
51453,train
51454,train
51455,train
51456,train
51457,val
51458,val
51459,val
51460,train
51461,train
51462,train
51463,train
51465,train
51466,val
51467,train
51468,train
51470,train
51471,val
51472,train
51473,train
51474,train
51475,train
51476,val
51477,train
51478,val
51481,val
51482,train
51484,train
51485,train
51486,train
51487,train
51488,train
51489,val
51490,train
51491,train
51492,val
51493,val
51495,train
51497,train
51499,train
51500,train
51501,val
51502,train
51503,train
51505,train
51508,train
51510,train
51514,train
51515,train
51516,train
51518,val
51519,train
51520,train
51522,train
51524,train
51526,train
51527,train
51528,train
51529,train
51530,train
51531,val
51532,train
51533,train
51534,train
51535,train
51536,val
51538,train
51539,val
51540,train
51542,train
51543,train
51544,train
51545,val
51546,train
51548,train
51549,train
51550,train
51552,val
51553,train
51554,train
51555,val
51556,train
51558,val
51560,val
51561,train
51562,train
51564,train
51565,train
51566,train
51567,train
51568,train
51570,train
51571,val
51573,train
51574,train
51575,train
51576,val
51579,train
51581,train
51582,train
51583,train
51584,train
51585,train
51587,val
51588,train
51589,train
51590,train
51591,train
51592,train
51593,train
51594,val
51596,train
51597,train
51600,train
51601,train
51602,train
51603,train
51604,train
51605,train
51606,train
51607,train
51608,train
51610,train
51611,train
51612,train
51614,val
51617,train
51618,train
51619,train
51620,train
51621,val
51622,train
51623,val
51624,train
51625,train
51626,val
51627,train
51628,train
51629,train
51630,train
51631,train
51632,train
51633,train
51636,val
51637,val
51638,train
51641,train
51642,train
51643,train
51644,val
51646,train
51647,train
51648,train
51649,train
51651,train
51652,train
51653,train
51654,val
51655,train
51656,train
51657,train
51658,train
51660,val
51662,train
51664,val
51665,val
51667,val
51668,train
51669,train
51670,train
51671,val
51672,train
51674,train
51675,train
51676,train
51679,train
51680,val
51682,train
51683,train
51686,train
51687,train
51689,train
51690,train
51691,train
51692,train
51693,train
51694,train
51697,train
51699,train
51700,train
51701,train
51703,train
51705,train
51706,train
51708,train
51711,train
51712,train
51713,val
51714,train
51715,val
51716,train
51718,train
51719,train
51720,train
51721,train
51722,train
51723,train
51724,train
51725,train
51728,train
51729,val
51730,train
51731,train
51732,train
51734,train
51737,train
51738,train
51739,train
51740,train
51741,train
51743,val
51744,train
51745,val
51746,train
51747,train
51748,train
51749,train
51750,val
51752,train
51753,train
51754,val
51755,train
51756,val
51757,train
51758,train
51759,train
51760,train
51761,train
51762,train
51763,train
51765,val
51767,val
51768,val
51770,train
51771,val
51773,train
51775,val
51776,train
51777,train
51778,train
51780,val
51781,val
51782,train
51783,train
51784,train
51785,val
51786,train
51788,train
51791,train
51792,val
51793,train
51794,train
51796,train
51797,train
51798,train
51799,train
51800,train
51803,train
51804,train
51805,train
51807,train
51809,train
51810,train
51811,val
51812,train
51813,train
51814,train
51818,train
51820,val
51821,train
51822,train
51823,val
51824,train
51826,train
51828,train
51829,val
51830,train
51831,train
51832,train
51833,train
51834,train
51835,train
51836,val
51837,val
51839,train
51841,val
51845,train
51846,train
51847,train
51849,train
51851,val
51855,train
51856,train
51858,train
51859,train
51860,train
51861,train
51864,train
51869,val
51870,train
51871,val
51872,train
51873,train
51877,train
51878,train
51879,train
51881,val
51882,train
51883,train
51885,val
51886,train
51887,train
51888,train
51889,train
51890,train
51892,train
51894,train
51895,train
51896,train
51897,train
51898,train
51899,train
51900,train
51901,train
51903,train
51905,train
51906,train
51907,train
51909,train
51911,train
51913,train
51914,train
51915,train
51916,val
51917,train
51918,train
51919,train
51920,train
51921,val
51922,train
51923,train
51924,train
51925,train
51926,train
51927,train
51928,train
51929,train
51930,val
51931,train
51932,val
51933,train
51934,train
51935,train
51937,train
51938,train
51939,train
51940,train
51942,train
51944,train
51946,train
51947,train
51948,train
51950,train
51951,val
51952,train
51953,val
51955,val
51957,val
51958,train
51960,train
51961,train
51962,train
51963,train
51965,val
51966,val
51967,train
51968,train
51969,train
51971,val
51972,train
51974,train
51975,val
51976,train
51978,train
51979,train
51980,train
51981,train
51982,val
51983,val
51985,train
51988,val
51989,train
51990,train
51991,train
51993,train
51995,val
51998,val
52000,train
52001,val
52002,val
52003,val
52004,val
52006,val
52007,train
52008,train
52010,train
52011,train
52012,train
52013,train
52014,train
52016,val
52017,train
52019,val
52020,train
52021,train
52022,train
52023,train
52024,train
52025,train
52026,train
52028,val
52029,val
52030,train
52033,train
52034,train
52035,train
52038,train
52039,train
52040,train
52041,val
52042,train
52043,train
52044,train
52046,train
52048,train
52049,train
52050,train
52051,val
52052,train
52055,train
52056,train
52057,train
52059,val
52061,train
52065,val
52067,val
52068,train
52069,train
52070,train
52072,train
52073,train
52075,train
52077,train
52078,val
52079,train
52080,train
52081,val
52082,train
52083,train
52084,val
52085,val
52086,train
52087,train
52088,train
52089,train
52090,train
52091,train
52092,train
52094,train
52096,train
52097,val
52098,train
52099,val
52100,train
52101,train
52102,val
52104,train
52105,train
52107,train
52108,train
52109,val
52110,train
52111,train
52112,val
52113,train
52114,train
52115,val
52116,train
52117,train
52118,val
52120,train
52121,train
52122,train
52123,train
52124,train
52125,train
52126,val
52128,train
52129,train
52130,train
52131,train
52132,train
52133,train
52134,val
52135,train
52136,train
52137,train
52138,train
52139,train
52140,val
52141,train
52142,train
52144,train
52145,train
52146,val
52147,train
52149,train
52150,train
52151,train
52152,train
52153,val
52154,train
52156,train
52157,train
52158,train
52159,train
52160,train
52161,train
52162,train
52163,train
52165,train
52166,train
52169,train
52170,train
52171,train
52172,train
52173,train
52174,train
52175,train
52177,train
52178,val
52180,train
52183,train
52185,train
52186,train
52188,val
52190,train
52191,train
52192,train
52193,train
52194,train
52196,train
52197,train
52198,val
52200,val
52202,train
52203,train
52205,train
52208,train
52209,train
52210,train
52211,train
52212,train
52213,train
52214,train
52215,train
52216,train
52217,val
52218,train
52220,val
52221,train
52223,train
52224,val
52227,train
52228,train
52229,train
52230,train
52231,train
52232,val
52233,val
52234,train
52235,train
52236,train
52240,val
52242,train
52243,val
52244,train
52247,train
52248,train
52250,train
52251,train
52253,train
52254,train
52256,val
52258,train
52260,train
52261,train
52262,train
52263,train
52265,val
52266,train
52267,train
52269,train
52270,train
52271,train
52273,val
52275,train
52276,val
52277,train
52278,train
52280,val
52281,train
52284,val
52287,val
52288,train
52289,train
52290,val
52291,train
52292,val
52293,train
52294,val
52295,train
52296,train
52297,train
52298,train
52300,val
52301,train
52302,train
52304,train
52305,val
52306,val
52307,train
52308,train
52309,val
52311,train
52312,train
52313,train
52314,train
52315,train
52316,train
52317,train
52318,train
52319,train
52320,train
52323,train
52324,val
52325,train
52327,train
52328,train
52329,train
52330,train
52333,train
52334,train
52335,train
52336,train
52337,train
52339,train
52341,train
52342,train
52343,val
52344,train
52345,train
52346,train
52347,train
52348,train
52349,train
52350,train
52352,train
52353,train
52354,train
52355,train
52356,train
52358,train
52359,train
52361,train
52362,train
52363,train
52364,train
52365,val
52366,train
52367,val
52368,train
52369,train
52370,val
52375,val
52376,train
52377,train
52378,train
52379,train
52381,train
52382,train
52383,train
52384,train
52385,train
52386,train
52389,train
52390,train
52391,train
52392,train
52393,train
52394,val
52395,train
52396,train
52397,train
52398,val
52399,train
52400,train
52402,train
52403,train
52404,train
52405,train
52406,train
52407,train
52409,val
52410,train
52413,val
52415,val
52416,train
52417,train
52419,val
52421,val
52422,train
52423,train
52425,val
52426,train
52427,train
52428,train
52429,train
52430,val
52431,train
52432,train
52433,train
52434,train
52435,train
52436,val
52438,train
52439,val
52440,val
52442,train
52444,train
52445,train
52448,train
52449,train
52450,train
52451,train
52452,train
52453,train
52457,train
52458,train
52460,train
52461,train
52462,train
52463,val
52464,train
52465,train
52466,train
52467,train
52468,train
52469,train
52470,train
52471,train
52472,train
52473,train
52474,val
52475,train
52476,train
52477,train
52479,train
52481,train
52482,train
52483,train
52484,train
52485,train
52486,train
52487,train
52488,train
52492,train
52493,train
52494,train
52495,val
52496,train
52497,train
52498,train
52499,train
52501,val
52502,val
52503,train
52505,train
52507,val
52509,train
52510,train
52513,train
52517,train
52520,train
52521,val
52522,train
52524,train
52525,train
52526,val
52527,train
52528,train
52529,train
52530,train
52532,train
52537,val
52538,train
52540,train
52541,train
52542,train
52543,train
52545,val
52546,val
52549,val
52551,train
52552,train
52553,train
52555,train
52556,train
52558,train
52560,val
52562,train
52563,train
52564,train
52566,val
52568,train
52569,train
52570,train
52572,train
52573,train
52576,train
52577,val
52578,val
52579,val
52580,train
52581,val
52583,train
52584,train
52585,train
52586,val
52587,train
52588,train
52591,val
52592,train
52593,train
52594,train
52595,val
52596,train
52598,train
52602,val
52604,train
52605,train
52607,train
52612,train
52613,train
52614,train
52615,train
52616,train
52617,train
52619,train
52620,train
52621,train
52622,val
52624,train
52625,train
52627,train
52628,train
52629,train
52631,train
52632,val
52633,val
52636,val
52637,train
52638,train
52640,train
52641,val
52642,train
52643,train
52644,val
52645,train
52646,val
52647,train
52648,train
52649,val
52651,train
52652,train
52654,train
52656,train
52657,train
52658,train
52660,val
52661,train
52663,train
52664,val
52665,train
52666,train
52667,train
52668,val
52669,train
52670,train
52671,val
52674,train
52675,train
52676,train
52677,train
52678,val
52681,val
52682,val
52683,train
52684,train
52685,train
52686,train
52687,train
52688,train
52690,val
52691,train
52692,train
52693,val
52694,train
52695,train
52696,train
52697,train
52698,val
52700,train
52702,train
52703,train
52705,train
52707,train
52708,train
52710,val
52711,train
52712,train
52714,val
52715,train
52716,val
52717,train
52718,train
52719,train
52721,train
52722,train
52724,train
52726,train
52727,val
52728,train
52729,train
52730,train
52731,train
52733,train
52736,train
52737,train
52738,train
52739,val
52740,val
52741,train
52742,train
52743,val
52744,train
52745,val
52746,train
52749,train
52752,train
52753,train
52754,train
52755,val
52756,train
52757,val
52759,train
52761,train
52762,val
52763,val
52764,val
52765,train
52766,val
52767,val
52770,train
52772,train
52773,train
52774,train
52775,train
52777,train
52780,train
52782,train
52783,train
52785,val
52786,val
52787,val
52789,train
52790,val
52792,train
52794,train
52795,train
52796,train
52797,train
52798,train
52799,val
52807,val
52808,train
52809,train
52810,val
52811,train
52813,train
52814,val
52815,train
52817,train
52819,train
52820,train
52821,val
52822,train
52823,train
52824,train
52825,train
52827,train
52828,val
52829,train
52830,val
52831,train
52832,train
52833,train
52834,train
52835,train
52838,train
52842,train
52845,train
52846,train
52847,train
52848,train
52849,train
52850,train
52851,val
52852,train
52853,val
52855,train
52858,train
52859,train
52861,train
52862,train
52863,train
52864,train
52865,train
52866,train
52867,train
52868,train
52869,val
52870,train
52871,train
52872,val
52873,train
52874,train
52875,val
52876,train
52877,train
52881,train
52882,val
52884,train
52886,train
52887,train
52890,train
52891,train
52892,train
52893,val
52895,train
52896,train
52897,train
52899,train
52900,train
52901,train
52902,train
52903,train
52904,train
52906,train
52907,train
52909,train
52910,train
52911,train
52912,val
52914,train
52918,train
52919,val
52920,train
52923,train
52924,val
52925,train
52926,val
52927,train
52928,train
52929,val
52930,train
52931,train
52933,train
52934,train
52935,train
52936,train
52939,train
52941,train
52942,train
52943,val
52944,val
52945,train
52946,train
52947,train
52948,train
52949,train
52950,train
52952,train
52954,train
52955,train
52957,train
52958,train
52959,train
52960,train
52962,train
52963,train
52964,train
52965,train
52966,train
52967,train
52968,val
52970,train
52971,val
52972,train
52973,train
52974,train
52975,train
52977,train
52978,train
52979,train
52980,train
52981,val
52983,val
52986,train
52987,train
52988,train
52989,train
52990,train
52991,train
52993,val
52994,train
52995,train
52996,train
52997,train
52998,val
52999,train
53000,train
53001,train
53002,train
53003,train
53005,train
53006,train
53007,train
53009,train
53010,train
53011,train
53013,train
53014,train
53015,val
53016,train
53017,train
53018,val
53019,val
53020,train
53021,val
53023,train
53024,train
53026,val
53027,train
53033,train
53034,train
53035,val
53036,train
53037,train
53038,train
53039,train
53040,train
53041,train
53042,train
53043,train
53045,val
53047,train
53048,train
53049,val
53050,val
53051,train
53052,train
53053,train
53054,train
53055,train
53056,val
53057,train
53058,val
53061,train
53063,train
53064,train
53065,train
53067,train
53068,train
53069,val
53070,val
53073,val
53074,train
53075,train
53077,train
53078,val
53079,train
53080,train
53082,train
53083,train
53085,train
53086,train
53087,train
53088,train
53091,train
53093,train
53094,train
53098,train
53099,train
53100,train
53101,train
53102,train
53103,train
53105,train
53106,train
53107,train
53108,train
53109,train
53110,val
53111,val
53112,train
53114,train
53115,train
53118,train
53120,train
53121,train
53122,train
53124,val
53125,train
53126,train
53127,train
53129,train
53130,train
53131,train
53133,val
53134,train
53135,train
53136,train
53139,train
53140,train
53141,train
53142,train
53145,val
53146,train
53147,train
53148,train
53149,val
53150,train
53151,train
53153,train
53155,train
53156,train
53157,train
53160,train
53161,train
53162,train
53163,train
53164,train
53165,train
53167,train
53168,train
53169,train
53171,train
53173,train
53174,val
53175,train
53176,train
53180,train
53181,val
53182,val
53183,train
53184,train
53185,train
53186,train
53188,train
53191,train
53192,train
53193,train
53194,train
53195,train
53197,train
53198,train
53200,val
53201,train
53203,train
53204,train
53205,train
53206,val
53207,train
53208,val
53209,train
53211,train
53212,train
53213,train
53215,val
53216,train
53217,train
53218,train
53219,train
53220,train
53221,train
53222,train
53223,train
53225,val
53227,train
53228,val
53229,train
53230,train
53231,train
53232,train
53233,train
53234,train
53235,train
53236,val
53237,val
53239,train
53240,train
53241,train
53242,train
53243,train
53244,train
53246,train
53248,train
53249,val
53250,train
53251,train
53252,train
53254,train
53256,val
53258,train
53259,train
53260,val
53262,train
53264,train
53266,train
53268,train
53269,train
53270,train
53271,train
53272,train
53273,train
53274,train
53275,train
53276,train
53277,train
53278,train
53280,train
53281,train
53282,train
53283,train
53284,train
53285,train
53286,val
53287,train
53290,train
53291,train
53292,train
53295,train
53296,train
53297,train
53298,train
53299,train
53302,train
53303,train
53304,train
53305,val
53306,train
53307,train
53308,train
53309,train
53310,train
53311,train
53313,train
53314,train
53315,val
53317,train
53319,train
53321,train
53325,val
53326,train
53327,train
53328,val
53329,train
53330,val
53331,train
53333,val
53335,train
53337,val
53338,train
53339,train
53341,train
53343,val
53345,val
53348,val
53349,train
53350,train
53351,train
53352,val
53353,train
53355,train
53356,train
53357,val
53358,train
53359,train
53360,train
53361,val
53362,train
53363,train
53364,train
53365,train
53366,train
53367,val
53368,train
53370,train
53371,train
53372,train
53373,train
53374,train
53375,val
53376,train
53377,train
53378,val
53381,train
53382,val
53383,val
53385,train
53386,train
53389,val
53390,train
53391,train
53392,val
53393,train
53395,train
53396,val
53398,train
53399,train
53401,train
53402,train
53404,train
53405,train
53406,train
53407,train
53409,train
53411,train
53413,val
53414,train
53415,train
53416,train
53417,train
53418,train
53421,train
53422,train
53423,train
53424,train
53425,train
53426,train
53428,train
53429,train
53430,train
53431,train
53434,val
53435,train
53437,train
53439,train
53440,train
53441,train
53442,train
53444,train
53445,train
53446,train
53447,train
53448,train
53449,train
53451,train
53453,train
53454,val
53455,train
53456,train
53458,train
53459,val
53460,val
53461,val
53462,train
53463,train
53464,train
53466,train
53469,val
53470,train
53471,train
53472,train
53473,train
53474,train
53475,val
53476,train
53477,train
53479,train
53481,val
53482,train
53483,train
53486,train
53487,train
53488,train
53489,val
53491,train
53492,train
53493,train
53494,val
53495,val
53496,train
53498,train
53499,train
53500,train
53501,train
53502,train
53503,train
53504,val
53506,train
53507,train
53509,train
53510,train
53512,train
53514,train
53515,train
53516,val
53519,train
53524,train
53525,train
53526,train
53527,val
53528,train
53530,train
53531,train
53532,train
53534,train
53535,train
53536,train
53539,train
53540,val
53541,train
53542,train
53543,train
53544,train
53547,val
53548,train
53550,train
53551,train
53552,train
53555,train
53556,train
53557,val
53558,val
53559,train
53560,train
53562,train
53563,train
53565,train
53566,train
53567,train
53568,val
53569,train
53570,val
53571,train
53572,train
53574,train
53576,train
53577,train
53578,train
53579,train
53580,train
53581,train
53583,train
53585,train
53587,train
53588,train
53590,train
53591,train
53592,train
53593,train
53594,train
53596,train
53597,train
53598,train
53599,train
53600,train
53603,train
53604,train
53605,val
53606,train
53607,val
53608,train
53609,train
53610,val
53611,train
53612,train
53613,train
53615,val
53616,train
53617,train
53618,val
53619,train
53623,train
53624,train
53625,train
53629,train
53630,train
53631,train
53632,train
53633,train
53634,train
53636,train
53637,train
53638,train
53639,train
53640,train
53641,train
53642,val
53644,train
53645,train
53646,train
53648,train
53650,train
53651,train
53652,val
53653,val
53654,train
53655,train
53656,train
53657,train
53661,train
53662,train
53664,train
53665,train
53667,train
53668,train
53669,val
53670,train
53671,train
53673,val
53674,train
53677,val
53678,train
53679,train
53682,train
53683,train
53684,val
53685,train
53687,train
53688,train
53689,train
53690,train
53691,train
53693,train
53694,train
53696,train
53697,train
53698,train
53699,train
53700,train
53701,train
53702,val
53704,train
53707,train
53708,train
53709,val
53712,train
53713,train
53714,train
53715,train
53717,train
53718,train
53719,train
53720,train
53721,train
53722,val
53723,train
53724,train
53725,train
53726,val
53728,train
53729,train
53730,train
53731,val
53732,train
53733,val
53737,train
53739,train
53741,train
53742,train
53746,train
53747,train
53748,val
53749,train
53750,train
53751,train
53754,train
53755,train
53756,train
53758,train
53759,train
53760,train
53761,train
53762,train
53763,train
53764,train
53765,train
53767,train
53768,train
53769,val
53770,train
53771,val
53772,train
53773,train
53774,train
53775,train
53776,train
53777,val
53778,train
53781,train
53782,train
53783,train
53784,train
53786,train
53788,train
53790,val
53791,train
53793,train
53798,val
53799,train
53800,train
53801,train
53802,val
53803,train
53804,train
53805,train
53806,val
53807,val
53808,train
53810,train
53811,train
53812,train
53813,train
53814,train
53815,val
53817,train
53818,train
53819,train
53821,train
53822,val
53823,train
53824,train
53825,val
53828,train
53829,train
53830,val
53831,train
53832,train
53833,train
53834,train
53835,train
53836,train
53837,train
53840,train
53841,train
53843,train
53844,val
53845,train
53846,val
53847,train
53848,train
53849,train
53851,train
53853,train
53854,train
53855,train
53858,train
53859,train
53863,train
53864,train
53865,train
53866,train
53867,val
53868,val
53870,val
53871,val
53873,train
53874,train
53875,train
53876,val
53877,train
53878,train
53880,val
53881,train
53882,train
53883,train
53885,train
53886,val
53887,train
53889,train
53892,train
53894,train
53896,train
53897,train
53900,val
53901,val
53903,val
53905,train
53906,train
53907,train
53908,train
53909,train
53910,train
53913,train
53914,train
53915,train
53916,train
53918,train
53919,train
53920,train
53922,train
53923,train
53925,train
53927,val
53928,train
53929,train
53930,val
53931,train
53932,train
53934,train
53937,val
53938,train
53940,train
53941,train
53942,val
53944,train
53945,train
53946,train
53947,val
53950,train
53951,val
53952,train
53953,train
53954,val
53956,val
53960,train
53961,train
53962,val
53965,train
53966,train
53967,train
53968,val
53969,train
53970,val
53971,train
53972,val
53975,train
53976,train
53978,train
53980,train
53981,train
53983,train
53984,train
53986,train
53987,train
53988,train
53989,val
53990,val
53991,val
53993,train
53994,train
53997,train
53999,train
54000,train
54001,train
54002,train
54003,val
54005,train
54006,val
54007,train
54010,train
54011,val
54012,train
54013,train
54014,val
54015,train
54016,train
54017,train
54018,train
54019,train
54020,val
54022,train
54023,train
54024,train
54025,train
54027,train
54030,train
54031,train
54032,train
54033,val
54034,train
54035,train
54036,val
54037,train
54038,train
54039,train
54040,train
54041,train
54042,train
54043,train
54044,train
54045,val
54046,train
54049,train
54050,val
54051,val
54054,val
54055,train
54056,train
54057,train
54058,train
54060,train
54061,train
54063,train
54064,train
54066,train
54067,train
54068,val
54069,train
54070,train
54072,val
54073,train
54074,val
54075,train
54076,val
54077,train
54078,val
54081,val
54082,val
54083,train
54086,train
54089,train
54090,train
54091,train
54092,train
54093,train
54096,val
54097,train
54098,train
54099,train
54100,val
54101,train
54102,train
54103,train
54104,train
54105,train
54107,train
54108,train
54109,train
54110,val
54111,train
54112,val
54116,train
54117,train
54119,train
54120,train
54121,val
54122,train
54123,val
54124,train
54126,train
54127,train
54130,train
54131,train
54132,train
54133,train
54134,train
54135,train
54136,train
54137,train
54138,train
54140,train
54141,train
54142,train
54143,train
54144,train
54145,val
54147,val
54148,train
54150,train
54151,train
54152,train
54153,train
54154,train
54155,train
54156,train
54158,val
54161,train
54164,train
54165,train
54167,train
54168,train
54171,train
54173,train
54175,train
54176,train
54179,train
54181,train
54182,train
54183,train
54184,train
54185,train
54186,train
54187,train
54188,val
54189,train
54190,train
54192,train
54193,train
54195,train
54197,train
54199,train
54200,train
54201,train
54202,train
54203,train
54204,train
54207,train
54208,train
54209,train
54210,val
54211,train
54212,train
54214,val
54215,train
54217,val
54218,train
54219,train
54220,train
54221,val
54222,train
54223,train
54224,train
54225,train
54226,train
54228,train
54229,train
54230,train
54232,train
54233,train
54234,train
54237,train
54238,train
54241,train
54242,train
54243,train
54244,val
54246,train
54248,train
54249,val
54251,train
54252,train
54253,train
54254,train
54255,train
54256,train
54257,val
54259,val
54264,train
54265,train
54266,train
54267,train
54271,val
54273,train
54274,val
54275,val
54276,val
54277,train
54278,train
54281,train
54282,train
54283,val
54284,train
54285,train
54286,train
54288,train
54289,train
54290,train
54292,train
54293,val
54294,train
54295,train
54296,val
54297,val
54299,train
54300,train
54303,val
54304,train
54305,train
54306,val
54307,train
54308,train
54309,train
54310,train
54311,train
54312,train
54314,train
54316,train
54317,train
54318,train
54319,train
54321,val
54322,train
54323,train
54324,train
54325,val
54326,val
54327,train
54329,train
54330,train
54331,train
54335,val
54336,val
54337,train
54338,train
54339,train
54340,train
54342,train
54343,train
54344,train
54345,train
54346,train
54347,val
54348,train
54349,train
54350,train
54351,train
54353,train
54354,train
54355,train
54357,train
54358,val
54359,train
54360,train
54361,train
54362,train
54363,train
54364,train
54365,train
54366,train
54367,train
54368,train
54369,val
54370,train
54371,train
54372,train
54373,train
54374,train
54375,train
54376,train
54378,train
54379,train
54380,val
54381,train
54382,val
54383,train
54384,train
54385,train
54386,val
54388,train
54389,train
54392,train
54394,train
54395,train
54396,train
54397,train
54399,train
54400,train
54401,val
54402,train
54403,train
54404,train
54405,train
54407,train
54410,train
54412,train
54414,train
54415,train
54416,train
54417,train
54418,train
54419,train
54420,train
54421,train
54422,train
54423,train
54424,val
54425,train
54427,val
54429,val
54431,val
54432,val
54433,train
54435,val
54436,val
54442,train
54443,train
54444,val
54445,train
54446,train
54448,train
54449,val
54450,train
54452,train
54453,train
54455,train
54456,train
54457,train
54459,train
54460,train
54461,val
54462,train
54463,train
54464,train
54465,val
54468,train
54469,train
54470,train
54471,train
54472,train
54475,train
54476,train
54479,train
54480,train
54482,val
54483,val
54484,train
54486,train
54487,train
54488,train
54489,train
54490,train
54493,val
54494,train
54495,val
54496,train
54497,train
54499,val
54500,train
54501,val
54503,val
54504,val
54506,train
54507,train
54510,train
54511,train
54512,val
54513,val
54514,val
54515,train
54516,train
54519,train
54520,val
54521,train
54522,train
54523,train
54526,val
54527,train
54528,train
54529,val
54531,train
54532,train
54533,train
54534,train
54535,train
54538,train
54539,train
54540,train
54541,train
54542,train
54543,train
54545,val
54546,train
54547,train
54548,train
54549,train
54550,train
54552,val
54554,train
54555,val
54556,train
54559,train
54561,train
54562,train
54565,train
54566,train
54567,train
54568,val
54569,train
54570,train
54572,train
54573,train
54574,val
54575,train
54576,val
54577,train
54579,val
54580,val
54581,train
54583,train
54584,val
54585,train
54586,train
54587,train
54588,train
54589,val
54590,train
54591,train
54592,train
54593,train
54594,val
54597,train
54599,train
54601,val
54602,train
54603,val
54605,train
54606,train
54607,train
54608,val
54610,train
54613,train
54614,val
54615,train
54616,train
54617,val
54620,train
54622,train
54624,val
54625,val
54627,train
54629,val
54630,train
54631,train
54632,train
54633,train
54634,train
54635,val
54636,train
54638,val
54640,train
54642,train
54644,train
54645,train
54646,train
54647,train
54648,train
54649,train
54650,train
54651,train
54652,train
54653,train
54655,val
54659,train
54660,train
54661,train
54662,train
54663,train
54664,train
54665,train
54667,val
54668,train
54669,val
54670,train
54671,train
54672,val
54673,train
54674,train
54675,train
54676,train
54677,train
54679,train
54680,train
54681,train
54682,train
54684,val
54685,train
54686,val
54687,train
54688,train
54689,val
54690,train
54692,train
54693,train
54696,train
54697,train
54698,train
54699,train
54700,train
54702,val
54703,train
54704,train
54706,train
54707,train
54708,val
54709,train
54710,train
54712,val
54713,train
54715,val
54716,train
54717,train
54718,train
54719,train
54720,val
54721,train
54723,train
54724,train
54725,train
54727,train
54728,train
54729,val
54730,train
54731,train
54734,train
54735,train
54736,train
54740,train
54741,train
54742,val
54743,train
54744,val
54747,train
54748,val
54749,train
54751,train
54753,train
54754,train
54755,val
54759,train
54760,train
54762,train
54764,train
54765,train
54766,train
54767,train
54768,train
54769,val
54770,val
54771,train
54772,train
54774,train
54775,train
54776,train
54777,train
54778,train
54779,train
54780,val
54781,train
54784,val
54785,train
54786,train
54787,train
54788,train
54789,train
54790,train
54791,train
54792,train
54793,train
54794,train
54795,train
54797,train
54798,train
54799,train
54801,val
54802,val
54803,val
54804,train
54805,train
54806,train
54807,val
54808,val
54809,train
54811,train
54812,val
54814,train
54816,train
54817,train
54818,train
54819,train
54820,train
54821,val
54823,train
54824,val
54825,train
54826,train
54827,train
54828,val
54829,train
54834,val
54836,train
54837,train
54838,train
54839,val
54840,train
54841,train
54842,train
54843,train
54844,train
54845,train
54847,train
54848,val
54851,val
54852,train
54853,train
54854,val
54855,val
54856,train
54857,train
54858,train
54859,train
54860,val
54861,train
54862,train
54863,train
54864,train
54865,val
54867,train
54868,train
54869,val
54870,train
54871,val
54872,train
54873,train
54874,train
54875,train
54876,train
54877,train
54880,train
54881,train
54882,train
54883,train
54884,train
54885,train
54886,train
54887,train
54891,train
54893,train
54894,train
54895,train
54896,val
54897,train
54898,train
54899,val
54900,val
54901,train
54902,train
54903,train
54904,val
54905,train
54906,train
54908,train
54909,train
54910,val
54911,val
54912,val
54914,train
54915,val
54916,train
54917,train
54918,val
54919,train
54920,train
54921,train
54922,train
54926,train
54929,train
54930,train
54932,train
54933,train
54934,train
54935,train
54936,train
54938,val
54939,train
54940,val
54941,val
54942,train
54943,train
54944,train
54946,train
54949,val
54950,train
54953,train
54954,train
54956,train
54958,train
54959,train
54960,val
54961,train
54962,train
54963,val
54964,train
54965,train
54966,train
54968,val
54969,train
54971,train
54973,train
54976,train
54977,train
54978,train
54979,train
54980,train
54981,train
54982,train
54983,train
54984,val
54986,train
54987,train
54988,train
54990,train
54991,train
54993,val
54994,train
54995,val
54996,train
54998,val
55001,train
55002,train
55003,train
55005,train
55006,train
55008,train
55009,train
55010,val
55011,val
55012,train
55013,val
55015,train
55016,train
55017,train
55018,train
55021,train
55022,train
55023,train
55025,val
55027,val
55028,train
55031,train
55032,train
55033,train
55034,train
55035,train
55036,train
55037,train
55038,val
55039,train
55040,train
55041,val
55043,train
55044,train
55045,train
55047,train
55048,train
55050,train
55052,train
55054,val
55055,train
55056,train
55058,train
55059,train
55061,train
55062,train
55063,train
55064,train
55067,train
55068,train
55069,val
55070,train
55071,train
55072,train
55073,train
55074,train
55075,train
55076,train
55077,train
55078,train
55080,train
55082,train
55083,train
55084,train
55086,train
55089,train
55090,train
55091,train
55092,val
55093,train
55094,train
55095,val
55096,train
55097,train
55098,train
55099,val
55100,train
55101,train
55102,val
55103,train
55104,train
55105,train
55107,train
55109,train
55110,val
55111,train
55113,train
55114,train
55116,train
55117,val
55118,val
55122,train
55124,val
55125,train
55131,train
55133,train
55134,train
55135,train
55139,train
55140,train
55141,train
55142,train
55145,train
55146,train
55148,train
55149,train
55150,train
55151,val
55152,train
55154,val
55155,train
55156,train
55157,train
55160,train
55161,train
55163,train
55164,train
55165,train
55166,train
55167,train
55168,val
55169,train
55170,train
55171,train
55172,train
55174,val
55175,train
55178,train
55180,val
55181,val
55182,train
55183,train
55184,train
55186,val
55187,train
55188,train
55189,train
55191,val
55192,train
55193,train
55194,train
55195,val
55197,train
55198,train
55201,train
55202,train
55203,train
55204,train
55205,train
55207,train
55210,train
55211,train
55212,train
55213,train
55214,train
55215,train
55216,train
55217,train
55218,val
55219,train
55222,train
55223,val
55225,train
55226,train
55227,val
55228,train
55230,train
55231,train
55233,train
55234,train
55235,val
55236,train
55237,train
55238,train
55239,val
55240,train
55241,train
55242,train
55243,train
55244,train
55245,train
55247,train
55248,val
55249,train
55250,train
55251,train
55253,train
55254,train
55255,train
55256,train
55257,train
55258,train
55259,train
55260,val
55261,val
55262,val
55264,val
55265,train
55266,val
55267,train
55268,train
55269,train
55271,train
55272,train
55273,val
55274,val
55277,val
55278,train
55281,val
55282,train
55283,train
55284,train
55285,train
55286,train
55288,train
55289,train
55290,train
55291,train
55292,val
55293,train
55294,train
55297,train
55298,train
55299,train
55300,train
55303,val
55304,train
55305,train
55306,train
55307,train
55308,train
55309,train
55310,val
55311,train
55312,train
55313,val
55314,train
55316,train
55317,train
55319,train
55320,train
55321,val
55323,train
55324,train
55326,train
55327,train
55328,train
55329,train
55330,val
55331,train
55332,train
55334,train
55335,train
55336,train
55338,train
55341,train
55342,train
55344,train
55345,train
55346,train
55348,train
55349,train
55350,train
55351,train
55352,train
55353,train
55354,train
55355,train
55356,train
55357,train
55359,train
55360,train
55362,train
55363,train
55364,val
55365,train
55366,train
55368,train
55369,train
55370,val
55371,train
55373,train
55374,val
55375,train
55376,train
55377,train
55378,train
55379,train
55380,train
55384,train
55385,train
55386,train
55387,train
55388,train
55389,train
55390,val
55391,val
55393,train
55394,train
55396,train
55397,train
55399,val
55400,train
55402,train
55403,train
55405,train
55407,val
55408,train
55409,train
55410,val
55411,val
55412,train
55413,val
55414,train
55415,train
55418,train
55419,train
55421,train
55422,train
55423,val
55424,train
55425,train
55426,train
55427,train
55428,val
55429,train
55430,val
55431,train
55432,train
55433,train
55434,train
55435,val
55436,train
55437,train
55438,train
55440,train
55441,train
55443,train
55444,train
55446,train
55447,train
55448,train
55449,train
55450,val
55451,train
55454,val
55456,train
55457,train
55459,train
55460,train
55462,train
55463,train
55464,train
55465,train
55466,train
55467,val
55468,val
55469,train
55470,train
55471,train
55472,train
55473,val
55474,train
55476,train
55477,train
55479,val
55480,train
55481,train
55482,train
55483,val
55485,train
55486,train
55487,val
55489,val
55492,train
55494,val
55495,train
55496,train
55497,val
55498,val
55500,val
55503,train
55504,train
55505,train
55506,val
55507,train
55508,val
55509,train
55510,train
55511,val
55512,train
55514,train
55515,train
55516,train
55517,train
55518,val
55519,train
55520,train
55521,train
55522,train
55523,train
55524,train
55526,train
55527,train
55528,val
55530,train
55532,val
55533,val
55534,train
55535,train
55536,val
55537,val
55538,val
55539,val
55540,train
55541,train
55542,train
55543,train
55544,train
55546,val
55547,train
55548,train
55549,train
55550,val
55552,val
55553,train
55554,train
55555,train
55556,train
55557,train
55558,val
55559,train
55560,train
55561,train
55563,train
55564,train
55565,val
55566,train
55567,train
55568,train
55570,train
55571,train
55572,train
55573,train
55574,train
55575,train
55576,train
55578,train
55579,train
55581,train
55582,train
55583,val
55584,train
55585,train
55587,val
55588,train
55589,train
55590,train
55591,train
55592,train
55594,train
55595,train
55597,train
55598,train
55600,train
55603,train
55605,train
55606,train
55607,val
55609,train
55612,train
55613,train
55614,train
55615,train
55617,train
55619,val
55620,val
55621,train
55624,train
55626,train
55627,val
55628,train
55629,train
55630,train
55631,train
55632,train
55633,train
55634,train
55635,train
55637,train
55638,train
55639,train
55640,train
55641,train
55642,train
55644,train
55645,val
55646,val
55647,train
55648,train
55649,train
55651,val
55652,train
55653,train
55654,train
55655,train
55656,train
55659,train
55660,train
55662,train
55663,train
55664,val
55666,train
55667,train
55669,train
55670,train
55671,val
55672,train
55674,train
55676,train
55679,val
55680,train
55681,train
55682,train
55683,train
55684,val
55685,train
55686,train
55687,train
55689,train
55690,train
55691,val
55693,train
55694,val
55696,train
55697,train
55698,train
55699,train
55700,val
55702,train
55705,train
55708,train
55711,train
55712,train
55714,train
55715,train
55716,train
55718,train
55719,train
55720,val
55721,train
55722,train
55723,train
55724,train
55726,train
55727,train
55728,train
55729,train
55730,train
55732,train
55733,train
55734,val
55736,val
55737,train
55738,train
55739,train
55740,train
55741,train
55743,train
55749,train
55750,train
55751,train
55752,train
55755,train
55756,val
55757,train
55758,train
55760,train
55761,train
55762,train
55764,val
55765,val
55766,train
55767,train
55768,train
55769,train
55770,train
55772,train
55773,train
55774,train
55775,train
55777,train
55778,train
55779,train
55781,train
55782,train
55783,val
55786,train
55787,train
55788,train
55789,train
55793,train
55794,train
55795,train
55796,train
55797,train
55799,train
55802,train
55803,val
55804,train
55805,train
55807,train
55809,train
55811,val
55813,val
55814,val
55815,train
55816,train
55817,train
55819,train
55820,train
55821,train
55822,train
55824,train
55825,val
55826,train
55827,val
55828,val
55829,val
55830,train
55831,train
55832,train
55833,train
55836,train
55837,train
55839,val
55840,train
55841,train
55844,train
55845,train
55846,train
55847,train
55848,train
55849,train
55851,train
55852,train
55858,train
55861,train
55862,train
55864,train
55866,train
55868,val
55869,train
55870,train
55871,train
55873,train
55874,train
55875,train
55876,train
55878,val
55881,val
55882,train
55883,train
55885,train
55886,train
55887,train
55888,train
55889,val
55890,train
55894,train
55895,val
55896,train
55897,train
55898,train
55899,val
55900,train
55901,train
55902,train
55903,train
55904,train
55905,train
55907,train
55908,train
55909,train
55910,train
55913,train
55914,train
55915,train
55916,train
55917,train
55918,train
55919,train
55920,val
55922,train
55923,train
55924,train
55925,train
55926,train
55927,train
55928,val
55933,train
55934,val
55935,train
55936,val
55937,train
55938,train
55939,val
55940,val
55941,train
55945,train
55946,val
55947,train
55949,train
55950,train
55952,train
55953,train
55955,train
55956,train
55958,train
55959,train
55960,train
55961,val
55962,train
55963,train
55964,train
55965,train
55966,train
55970,train
55971,val
55972,train
55973,train
55974,train
55975,train
55977,train
55979,val
55980,train
55981,val
55983,val
55984,train
55985,train
55986,train
55987,train
55989,val
55990,train
55991,train
55992,train
55994,train
55995,train
55996,train
55998,val
55999,train
56000,train
56002,train
56005,train
56006,val
56007,train
56008,train
56009,train
56010,train
56011,train
56013,train
56014,train
56016,train
56017,train
56018,train
56019,train
56021,train
56023,train
56024,train
56027,train
56028,val
56029,train
56031,val
56032,train
56033,train
56034,train
56037,train
56038,train
56039,train
56040,train
56041,val
56042,train
56043,val
56045,val
56046,train
56047,val
56049,train
56051,train
56054,train
56056,train
56059,train
56060,train
56061,train
56062,train
56063,train
56065,val
56066,train
56069,train
56070,train
56071,val
56072,train
56073,val
56074,train
56075,train
56076,train
56077,train
56078,val
56079,val
56080,train
56081,val
56082,val
56083,train
56084,val
56085,val
56086,train
56087,train
56088,val
56090,val
56092,train
56093,train
56094,train
56095,train
56097,train
56098,train
56099,val
56100,train
56101,train
56102,train
56103,train
56105,train
56106,val
56108,train
56109,train
56110,train
56112,train
56113,train
56114,train
56116,train
56117,train
56119,train
56121,train
56122,train
56123,train
56124,train
56125,train
56127,train
56129,train
56131,val
56134,train
56135,train
56136,train
56137,train
56139,train
56140,train
56141,train
56142,val
56143,train
56144,train
56145,val
56147,train
56148,train
56149,train
56150,train
56152,train
56153,train
56154,val
56156,train
56157,train
56163,train
56166,train
56167,train
56169,train
56170,val
56172,val
56173,train
56174,train
56175,train
56177,train
56178,train
56179,val
56180,train
56181,train
56184,train
56187,train
56190,val
56191,train
56192,val
56193,train
56194,train
56195,train
56196,train
56197,train
56198,train
56200,train
56203,train
56204,train
56205,train
56206,train
56208,train
56209,train
56210,train
56211,train
56212,train
56213,train
56214,val
56215,train
56217,train
56219,val
56220,train
56221,train
56222,train
56223,train
56225,train
56226,train
56228,train
56229,train
56231,train
56232,train
56234,train
56235,train
56237,train
56239,val
56240,train
56243,train
56244,train
56245,train
56246,train
56247,train
56249,val
56250,train
56251,train
56252,train
56255,train
56256,train
56258,train
56261,train
56263,train
56265,train
56267,train
56269,train
56270,train
56272,train
56273,train
56274,train
56275,train
56276,train
56277,train
56279,train
56282,val
56283,val
56291,train
56292,train
56293,train
56294,val
56295,train
56296,train
56297,train
56298,val
56299,train
56301,train
56302,train
56303,train
56305,train
56306,train
56307,train
56308,train
56309,train
56310,train
56312,train
56313,train
56314,train
56315,train
56317,train
56318,train
56319,train
56320,train
56321,train
56322,train
56323,val
56324,train
56325,train
56326,train
56327,train
56329,train
56331,train
56333,train
56334,train
56335,train
56336,train
56337,train
56338,train
56340,val
56341,val
56342,train
56344,val
56345,train
56346,train
56350,train
56351,train
56352,train
56353,val
56355,val
56356,train
56358,train
56359,train
56360,train
56361,train
56362,train
56363,train
56364,val
56365,train
56366,val
56367,train
56369,train
56372,train
56373,train
56374,train
56375,train
56376,train
56377,train
56378,train
56379,train
56380,val
56381,train
56382,val
56383,train
56384,train
56385,train
56386,train
56388,train
56389,train
56390,train
56391,train
56393,val
56394,train
56396,train
56398,val
56400,train
56401,train
56402,val
56403,train
56405,train
56406,val
56407,train
56409,train
56411,train
56412,val
56413,val
56414,train
56415,train
56416,train
56417,val
56418,train
56419,train
56421,train
56422,train
56425,train
56426,train
56427,train
56429,train
56430,val
56432,train
56434,train
56435,train
56436,train
56437,train
56438,train
56439,train
56440,train
56444,train
56445,train
56446,train
56448,train
56449,train
56452,train
56453,train
56455,train
56456,train
56458,train
56460,val
56464,val
56465,train
56466,train
56467,train
56468,train
56469,train
56470,train
56472,train
56473,train
56474,train
56475,train
56476,train
56477,train
56478,train
56479,train
56481,val
56482,train
56483,train
56484,train
56486,train
56487,train
56488,val
56490,train
56491,val
56492,train
56493,train
56494,train
56495,val
56498,val
56499,train
56500,train
56502,val
56503,train
56504,train
56505,val
56506,val
56507,train
56508,train
56509,train
56510,val
56511,train
56513,train
56514,train
56515,train
56516,train
56517,train
56518,val
56519,train
56521,train
56524,train
56525,train
56526,train
56530,val
56531,train
56532,train
56533,train
56534,train
56535,train
56536,train
56537,train
56538,val
56539,train
56540,train
56541,train
56546,val
56547,train
56548,val
56549,train
56550,val
56551,train
56552,val
56553,train
56554,train
56555,val
56556,train
56558,train
56559,train
56560,train
56562,val
56563,train
56564,train
56566,train
56568,train
56569,train
56571,train
56572,train
56573,train
56574,train
56575,train
56576,train
56578,train
56580,train
56583,val
56584,val
56585,val
56587,train
56588,val
56589,val
56590,val
56591,train
56592,val
56595,train
56596,train
56597,train
56598,train
56599,train
56600,train
56602,train
56603,train
56606,train
56607,train
56608,train
56609,train
56610,train
56612,val
56613,train
56615,train
56616,train
56617,train
56618,val
56621,train
56622,train
56623,train
56625,train
56628,train
56629,train
56630,train
56633,train
56634,train
56635,train
56636,train
56637,val
56638,train
56640,train
56641,train
56643,val
56644,train
56645,train
56646,val
56647,val
56648,train
56650,train
56651,train
56652,train
56653,train
56654,train
56655,val
56656,train
56657,train
56659,train
56660,val
56663,train
56666,val
56667,train
56669,train
56670,train
56671,train
56672,val
56673,train
56674,train
56675,val
56676,train
56677,train
56678,val
56679,train
56681,val
56683,train
56687,train
56689,train
56690,train
56691,val
56693,train
56694,train
56695,train
56696,train
56697,train
56698,train
56699,train
56700,train
56701,train
56703,train
56704,train
56705,train
56706,val
56707,train
56708,train
56710,train
56713,train
56714,train
56715,train
56716,train
56717,train
56718,train
56720,train
56721,train
56726,train
56727,train
56728,train
56729,val
56730,train
56732,val
56733,train
56734,val
56736,train
56737,train
56738,val
56739,train
56740,train
56741,train
56742,train
56743,train
56744,train
56745,train
56746,val
56747,train
56748,train
56749,train
56751,train
56752,train
56753,train
56754,train
56756,val
56757,val
56758,train
56759,train
56760,train
56761,train
56763,train
56764,val
56766,train
56768,train
56769,val
56774,train
56776,train
56777,val
56778,val
56779,train
56780,train
56781,train
56782,val
56783,train
56784,val
56787,train
56789,train
56791,train
56792,train
56794,train
56796,train
56798,val
56799,train
56800,train
56801,train
56802,train
56803,train
56805,train
56806,train
56807,val
56808,train
56811,train
56812,val
56813,train
56814,val
56815,train
56816,train
56817,train
56818,val
56820,train
56821,train
56824,train
56825,train
56826,train
56827,val
56828,val
56830,val
56831,train
56832,train
56834,train
56835,train
56837,train
56838,train
56839,train
56840,train
56841,train
56843,train
56844,train
56847,train
56848,val
56849,train
56850,train
56852,train
56855,train
56856,train
56858,val
56860,train
56861,train
56862,train
56863,train
56864,train
56865,train
56870,train
56871,train
56873,train
56874,val
56875,train
56876,train
56878,train
56879,train
56881,train
56882,val
56883,train
56884,train
56885,train
56886,train
56887,val
56888,train
56889,train
56890,train
56891,train
56893,train
56894,train
56895,val
56896,train
56897,train
56898,train
56901,val
56902,train
56903,train
56904,train
56905,train
56906,train
56907,train
56908,train
56909,train
56912,train
56913,train
56914,train
56917,train
56919,val
56920,train
56921,val
56922,train
56923,train
56924,train
56926,val
56927,val
56928,train
56930,train
56933,train
56934,train
56935,train
56936,train
56938,val
56939,train
56940,train
56941,train
56942,train
56943,train
56944,train
56946,train
56949,train
56951,train
56952,train
56953,train
56955,train
56957,train
56958,train
56960,train
56961,val
56962,train
56964,train
56966,train
56967,train
56968,val
56969,train
56970,train
56971,train
56972,train
56974,train
56978,train
56979,train
56980,train
56981,train
56982,train
56983,train
56984,train
56985,val
56986,train
56987,train
56988,train
56989,train
56990,train
56992,train
56993,train
56994,train
56996,train
56997,train
56998,train
56999,train
57001,train
57002,train
57003,train
57005,val
57006,train
57008,train
57009,train
57010,val
57012,train
57013,train
57014,train
57015,train
57016,train
57019,train
57020,train
57021,train
57022,val
57023,train
57024,train
57025,train
57026,train
57027,train
57029,train
57030,train
57031,train
57032,train
57033,val
57034,val
57035,train
57036,train
57037,val
57039,train
57040,train
57041,train
57042,train
57043,val
57045,train
57046,val
57047,train
57048,train
57049,train
57051,train
57052,train
57053,val
57054,val
57055,train
57056,val
57059,train
57060,val
57062,val
57063,train
57065,train
57067,val
57068,train
57070,train
57073,train
57074,train
57075,train
57076,val
57077,train
57079,val
57081,train
57082,train
57083,train
57085,val
57086,train
57087,train
57088,train
57089,train
57090,train
57093,train
57094,val
57096,train
57098,train
57099,val
57100,train
57101,train
57102,train
57103,train
57104,train
57105,val
57106,train
57107,val
57109,train
57111,train
57113,train
57115,val
57119,train
57120,val
57121,train
57122,val
57127,train
57129,train
57131,val
57132,train
57133,train
57134,train
57135,train
57136,train
57137,train
57138,train
57141,train
57142,train
57144,train
57145,train
57146,train
57147,train
57148,val
57150,val
57151,train
57152,val
57153,train
57154,train
57155,train
57158,val
57159,val
57160,train
57161,train
57164,train
57165,train
57166,train
57167,train
57168,val
57171,train
57172,train
57174,train
57175,train
57176,val
57179,train
57180,train
57181,train
57182,train
57183,train
57185,train
57186,val
57187,train
57189,train
57190,train
57191,val
57192,train
57194,val
57195,train
57196,train
57197,train
57199,train
57200,train
57203,train
57204,train
57205,train
57206,train
57207,train
57208,train
57209,train
57210,train
57211,train
57212,train
57213,train
57214,train
57215,train
57216,train
57217,train
57219,train
57220,val
57221,train
57222,val
57223,train
57224,train
57225,train
57226,train
57227,train
57228,train
57229,train
57230,train
57231,train
57232,train
57233,train
57235,train
57236,val
57237,val
57238,train
57239,train
57240,val
57241,val
57242,train
57245,train
57247,train
57249,train
57250,train
57251,train
57252,train
57253,train
57254,val
57255,train
57257,train
57259,train
57260,val
57261,train
57262,val
57263,val
57264,val
57265,val
57266,val
57267,val
57268,val
57269,train
57270,train
57271,train
57272,train
57273,train
57274,train
57275,train
57276,train
57277,train
57278,train
57280,train
57281,train
57282,val
57284,train
57285,train
57286,train
57287,train
57288,train
57289,train
57290,train
57291,train
57292,val
57294,train
57295,train
57296,train
57298,train
57299,train
57300,train
57301,train
57302,val
57303,val
57304,train
57305,train
57306,train
57307,train
57308,train
57309,train
57310,train
57311,train
57313,train
57314,train
57315,train
57317,train
57318,train
57320,train
57321,train
57324,train
57325,train
57326,train
57328,train
57329,train
57330,train
57331,train
57333,train
57334,train
57335,val
57336,val
57337,train
57338,train
57339,train
57340,train
57341,train
57342,val
57343,train
57346,train
57348,train
57349,train
57350,train
57351,train
57354,train
57355,train
57357,train
57358,train
57359,train
57360,val
57361,train
57362,train
57364,val
57365,train
57367,val
57370,train
57371,train
57372,train
57373,train
57374,train
57375,train
57376,val
57378,train
57380,train
57382,train
57383,val
57384,train
57385,train
57386,train
57387,train
57389,train
57391,train
57392,train
57393,train
57394,train
57395,train
57396,train
57397,val
57398,train
57400,train
57401,train
57402,val
57404,train
57407,train
57408,val
57409,train
57410,val
57412,val
57413,train
57414,train
57415,train
57417,val
57418,train
57419,train
57420,train
57421,train
57423,val
57424,val
57425,train
57426,train
57427,train
57428,train
57429,train
57430,train
57432,val
57433,train
57434,train
57436,train
57437,train
57438,train
57439,train
57441,train
57443,train
57444,train
57445,val
57447,val
57448,train
57449,train
57451,val
57454,train
57456,train
57457,train
57459,train
57460,train
57461,train
57462,train
57463,train
57464,train
57466,train
57467,train
57469,train
57470,train
57472,train
57473,train
57475,train
57476,train
57477,val
57478,train
57479,train
57480,train
57481,train
57482,train
57484,train
57486,train
57487,train
57490,train
57491,train
57492,train
57493,val
57495,train
57496,train
57499,val
57501,train
57502,train
57503,train
57505,train
57506,train
57507,train
57508,train
57509,val
57511,train
57513,train
57514,val
57516,train
57518,train
57520,train
57521,val
57522,train
57523,train
57524,train
57525,train
57526,val
57527,train
57528,val
57531,train
57532,train
57533,train
57534,train
57535,train
57536,train
57537,val
57538,val
57539,train
57540,train
57541,train
57542,val
57543,train
57544,train
57545,val
57546,val
57547,train
57548,val
57550,train
57551,train
57553,train
57554,train
57555,train
57557,train
57558,train
57561,train
57563,train
57564,train
57565,train
57567,train
57568,train
57569,val
57570,train
57571,val
57572,train
57573,train
57574,train
57575,val
57576,train
57580,train
57581,train
57582,train
57583,train
57585,train
57586,train
57587,train
57589,train
57590,train
57593,train
57594,train
57595,train
57596,train
57597,train
57598,train
57599,train
57600,train
57602,val
57604,val
57607,train
57609,train
57610,train
57612,train
57613,train
57614,train
57616,train
57617,train
57619,train
57620,val
57621,train
57622,train
57624,train
57625,train
57626,train
57628,train
57631,train
57633,val
57634,val
57636,train
57637,train
57638,train
57639,train
57640,train
57644,val
57647,train
57648,val
57649,val
57650,val
57651,val
57652,val
57654,val
57655,train
57657,train
57658,train
57659,train
57660,train
57661,val
57662,train
57663,train
57664,val
57665,train
57666,val
57667,train
57668,train
57670,train
57671,train
57673,train
57674,train
57676,train
57677,val
57678,train
57679,train
57680,train
57682,train
57683,train
57684,train
57685,train
57686,train
57687,val
57688,train
57689,train
57690,train
57691,val
57693,train
57694,train
57695,train
57696,train
57697,train
57700,train
57701,train
57705,train
57707,train
57708,val
57709,val
57710,val
57711,train
57712,train
57715,train
57716,train
57717,train
57718,train
57719,train
57720,val
57721,train
57722,val
57724,train
57726,train
57727,val
57728,train
57729,val
57731,train
57732,train
57733,val
57734,val
57735,train
57736,train
57738,train
57739,train
57740,val
57741,train
57742,train
57743,train
57746,train
57748,train
57749,val
57753,train
57754,train
57756,val
57757,train
57758,val
57759,train
57762,train
57763,train
57765,val
57766,val
57767,val
57768,train
57771,train
57773,train
57777,train
57778,val
57779,train
57780,train
57781,train
57782,train
57783,train
57784,val
57785,train
57786,train
57787,train
57788,train
57789,train
57790,train
57791,train
57793,train
57794,train
57796,train
57797,val
57802,train
57804,val
57805,train
57806,train
57807,train
57808,val
57809,train
57810,train
57814,train
57815,train
57817,train
57818,train
57819,train
57820,val
57821,train
57823,train
57824,train
57826,train
57827,train
57829,val
57830,train
57831,train
57832,train
57834,val
57835,train
57836,train
57837,train
57839,train
57840,train
57841,train
57842,train
57843,train
57844,train
57845,train
57846,train
57847,train
57848,val
57849,train
57851,train
57852,train
57853,val
57855,train
57856,train
57857,train
57858,train
57860,train
57861,train
57862,train
57863,train
57864,train
57865,train
57866,train
57867,train
57868,train
57870,train
57871,train
57872,train
57874,train
57875,val
57876,train
57877,train
57879,val
57880,train
57881,train
57882,val
57883,train
57884,train
57885,val
57886,train
57887,train
57888,train
57890,train
57892,val
57893,train
57894,train
57895,train
57897,train
57899,train
57901,train
57902,train
57903,train
57906,train
57907,val
57908,train
57909,train
57910,train
57911,train
57912,train
57913,val
57915,train
57916,train
57917,train
57919,train
57920,train
57922,train
57923,train
57924,val
57925,train
57926,train
57928,train
57929,train
57931,train
57932,val
57933,train
57934,train
57935,train
57936,val
57937,train
57940,train
57941,train
57942,val
57943,train
57944,val
57945,train
57946,train
57947,train
57948,train
57949,train
57950,train
57952,train
57953,train
57954,train
57955,val
57956,train
57957,train
57959,train
57960,train
57961,train
57964,train
57965,train
57967,val
57968,val
57969,train
57970,train
57971,train
57972,train
57973,train
57974,train
57977,val
57978,val
57979,val
57980,train
57981,train
57983,train
57984,train
57985,train
57988,val
57990,train
57991,train
57992,train
57995,train
57996,train
57997,train
57998,train
57999,train
58000,train
58001,train
58002,train
58004,train
58005,train
58006,val
58007,train
58008,train
58009,train
58010,train
58011,train
58013,val
58014,train
58015,train
58017,train
58018,train
58019,train
58020,train
58021,train
58023,train
58024,train
58025,val
58027,train
58028,train
58029,train
58031,train
58032,train
58033,val
58034,train
58035,train
58036,train
58038,train
58040,val
58041,train
58042,val
58043,train
58044,train
58046,train
58047,train
58049,train
58050,train
58053,train
58055,train
58056,train
58061,train
58062,val
58063,train
58065,train
58066,train
58067,train
58068,val
58069,train
58070,train
58071,val
58072,train
58073,val
58075,train
58076,train
58078,val
58079,train
58080,train
58081,train
58082,train
58084,val
58085,train
58087,train
58088,train
58089,train
58091,train
58092,train
58093,train
58095,val
58096,train
58097,train
58098,train
58099,val
58100,train
58102,train
58105,train
58106,train
58107,train
58108,val
58109,train
58110,train
58113,val
58114,train
58115,train
58119,train
58120,train
58121,val
58122,train
58123,val
58125,train
58126,train
58127,train
58128,train
58129,train
58130,train
58131,train
58133,train
58134,train
58135,train
58138,val
58139,train
58140,train
58141,train
58143,train
58144,train
58145,train
58146,train
58147,train
58148,train
58149,train
58150,val
58152,train
58153,val
58154,train
58155,val
58157,train
58158,train
58159,train
58161,train
58163,train
58164,train
58165,train
58167,train
58168,train
58169,train
58171,train
58173,train
58174,train
58175,train
58177,val
58178,train
58179,train
58181,val
58182,train
58183,train
58184,train
58186,train
58187,train
58188,train
58190,val
58191,train
58193,train
58195,train
58199,train
58201,train
58204,val
58205,val
58206,train
58207,train
58208,train
58209,train
58210,train
58211,val
58212,val
58213,train
58214,train
58215,train
58216,train
58220,train
58221,train
58222,train
58223,val
58224,train
58225,train
58226,val
58227,train
58229,train
58230,train
58231,train
58232,val
58233,train
58234,train
58235,train
58236,train
58237,train
58240,train
58242,train
58244,val
58245,train
58246,train
58247,train
58248,val
58249,val
58250,train
58252,train
58253,val
58254,train
58255,train
58256,train
58257,train
58258,train
58259,train
58260,train
58261,val
58262,train
58268,train
58269,train
58271,train
58272,train
58273,train
58274,train
58275,train
58276,train
58277,train
58278,train
58279,train
58280,train
58281,train
58286,train
58288,train
58289,val
58290,train
58292,train
58295,val
58296,train
58298,train
58299,train
58301,train
58303,val
58305,train
58306,train
58310,train
58311,val
58315,train
58317,train
58318,train
58319,val
58320,val
58321,train
58323,train
58327,train
58329,train
58330,val
58331,train
58332,train
58336,val
58337,train
58339,train
58340,val
58341,train
58342,train
58343,val
58344,train
58345,train
58346,val
58347,train
58349,train
58350,train
58352,val
58356,train
58358,train
58359,train
58360,val
58361,train
58362,train
58363,val
58365,val
58366,train
58367,val
58370,train
58371,val
58372,val
58373,train
58374,val
58375,train
58376,train
58377,train
58378,train
58379,val
58381,train
58382,train
58383,val
58384,train
58385,train
58387,train
58388,train
58390,train
58391,train
58392,train
58393,train
58394,train
58395,train
58396,train
58397,train
58398,train
58400,train
58403,train
58404,train
58405,train
58406,train
58408,train
58409,train
58412,val
58413,train
58414,val
58417,train
58418,train
58419,val
58420,train
58422,val
58423,val
58424,train
58425,train
58426,val
58427,train
58428,train
58429,train
58430,train
58431,train
58432,val
58434,train
58437,train
58438,train
58439,train
58440,val
58441,train
58442,train
58444,val
58445,train
58447,val
58448,train
58449,train
58452,train
58453,train
58454,train
58455,train
58456,train
58457,train
58458,train
58459,val
58460,train
58461,val
58462,train
58463,train
58464,val
58465,train
58466,train
58468,train
58470,train
58471,train
58473,train
58474,train
58475,val
58476,train
58477,val
58478,val
58479,val
58480,train
58481,train
58482,train
58483,val
58484,train
58488,train
58489,train
58490,train
58491,train
58492,train
58493,val
58494,train
58495,val
58496,train
58498,train
58499,train
58500,val
58501,val
58502,train
58503,train
58504,val
58505,train
58506,val
58508,train
58509,val
58510,train
58511,val
58512,train
58513,train
58514,train
58516,train
58517,train
58518,train
58519,train
58520,train
58521,train
58522,val
58523,val
58524,train
58525,train
58527,train
58528,train
58529,train
58530,train
58532,train
58534,train
58535,val
58536,train
58537,train
58538,train
58539,train
58540,train
58543,train
58544,val
58545,train
58546,train
58547,val
58548,val
58550,train
58552,train
58553,train
58554,val
58555,train
58558,train
58559,train
58561,train
58562,train
58563,val
58564,train
58566,val
58567,train
58568,train
58569,train
58570,train
58572,train
58573,train
58574,train
58575,train
58577,train
58578,val
58579,train
58580,train
58582,train
58584,train
58585,train
58586,train
58587,train
58588,train
58590,train
58592,train
58593,train
58594,val
58595,train
58596,val
58597,train
58599,train
58600,train
58601,train
58602,val
58603,train
58604,train
58606,train
58607,train
58608,train
58610,train
58612,train
58613,train
58616,train
58617,train
58618,val
58619,train
58620,train
58621,train
58622,train
58623,train
58625,train
58626,train
58627,train
58630,train
58631,val
58632,train
58635,train
58636,val
58637,train
58638,val
58639,train
58640,train
58642,train
58643,train
58644,train
58645,val
58647,train
58648,val
58651,val
58652,train
58653,train
58656,val
58657,val
58659,train
58661,train
58662,train
58663,val
58665,train
58666,train
58667,train
58668,train
58670,train
58671,train
58673,train
58674,train
58675,val
58676,train
58677,val
58679,train
58681,train
58684,val
58685,train
58686,train
58687,train
58688,train
58689,train
58691,train
58692,train
58694,train
58695,train
58696,train
58697,val
58699,train
58700,train
58701,train
58704,train
58706,train
58708,train
58710,train
58711,val
58712,train
58713,val
58714,val
58715,val
58716,train
58717,val
58718,train
58719,train
58720,train
58722,train
58724,train
58725,val
58726,train
58727,train
58734,train
58735,train
58737,train
58738,val
58740,train
58741,train
58742,train
58743,train
58744,train
58745,train
58746,train
58747,train
58748,train
58749,val
58751,train
58753,val
58755,train
58757,train
58758,train
58759,train
58760,train
58761,train
58762,train
58763,train
58764,train
58766,val
58767,train
58768,train
58769,train
58770,val
58771,val
58772,train
58773,train
58775,train
58776,val
58778,train
58779,train
58781,train
58782,train
58783,train
58784,train
58785,train
58786,val
58787,train
58788,train
58789,train
58791,train
58792,train
58793,train
58794,train
58796,train
58797,train
58798,train
58799,train
58800,train
58803,train
58804,train
58805,train
58807,train
58808,train
58809,train
58811,train
58813,train
58815,train
58816,train
58819,train
58820,train
58821,train
58822,train
58823,train
58824,train
58825,train
58826,train
58827,train
58829,train
58830,train
58831,train
58832,train
58833,train
58834,train
58835,train
58836,train
58837,val
58838,val
58839,val
58840,train
58842,train
58844,train
58846,val
58847,train
58849,train
58850,train
58851,train
58852,train
58853,train
58855,train
58856,train
58857,val
58859,train
58860,train
58862,train
58865,train
58867,train
58868,train
58869,train
58870,train
58871,train
58872,train
58873,train
58874,train
58875,train
58876,train
58877,train
58878,train
58880,val
58881,train
58883,val
58884,val
58885,train
58886,train
58887,val
58888,val
58889,train
58890,train
58891,train
58893,train
58895,train
58896,train
58897,train
58898,train
58900,train
58901,train
58902,val
58903,train
58905,train
58907,train
58908,train
58909,train
58910,train
58911,val
58912,train
58913,train
58914,val
58915,val
58916,train
58917,val
58918,val
58919,train
58920,train
58922,train
58923,train
58924,val
58926,train
58927,train
58929,train
58930,train
58931,train
58932,train
58933,train
58935,val
58936,val
58937,val
58938,train
58939,train
58941,val
58942,val
58944,val
58945,train
58946,train
58948,train
58949,train
58950,train
58951,train
58954,train
58957,train
58958,train
58959,train
58960,train
58961,train
58962,train
58963,train
58964,val
58967,train
58968,train
58970,val
58971,train
58972,train
58973,train
58974,train
58975,val
58976,train
58977,train
58978,train
58979,train
58980,train
58981,train
58982,train
58983,train
58984,train
58985,train
58987,train
58988,val
58989,train
58990,train
58991,train
58993,train
58994,train
58995,train
58996,train
58997,train
58998,train
58999,val
59000,train
59001,train
59003,train
59004,train
59005,train
59007,train
59008,train
59011,train
59013,train
59014,train
59015,val
59017,train
59018,train
59019,val
59020,train
59022,val
59023,train
59024,train
59025,train
59026,val
59027,train
59028,train
59031,train
59032,train
59033,train
59035,train
59036,val
59037,train
59038,train
59041,train
59043,train
59044,val
59046,val
59047,train
59048,train
59049,val
59051,val
59053,val
59054,val
59055,train
59056,train
59057,train
59058,train
59059,train
59060,train
59061,train
59064,train
59065,train
59066,train
59067,train
59068,train
59070,val
59072,val
59074,train
59075,train
59076,train
59077,val
59078,train
59079,train
59080,train
59083,train
59085,train
59086,train
59087,train
59088,train
59089,train
59090,train
59093,train
59095,val
59096,train
59097,train
59100,train
59101,train
59102,train
59104,train
59105,train
59106,train
59107,train
59108,train
59109,train
59110,train
59111,train
59113,train
59116,train
59117,train
59118,train
59119,train
59120,val
59121,train
59125,train
59126,train
59129,train
59130,train
59133,train
59134,train
59136,train
59137,train
59138,train
59139,train
59140,train
59141,train
59142,train
59143,train
59144,train
59145,val
59146,train
59148,train
59149,train
59150,train
59151,train
59152,train
59153,val
59155,train
59156,train
59157,train
59158,train
59159,train
59160,train
59161,train
59162,train
59165,train
59166,train
59167,train
59168,train
59169,train
59170,train
59171,train
59172,train
59174,train
59175,train
59176,val
59177,train
59178,train
59179,train
59180,train
59181,train
59183,train
59184,val
59185,train
59187,train
59190,val
59191,val
59192,train
59193,train
59194,train
59196,train
59197,train
59199,train
59201,train
59202,train
59205,train
59206,train
59207,train
59208,train
59210,train
59211,train
59212,train
59213,train
59214,train
59215,train
59216,train
59218,val
59219,train
59220,train
59221,train
59222,train
59223,train
59224,train
59225,train
59226,train
59228,train
59229,train
59230,train
59232,train
59235,train
59236,train
59237,train
59238,val
59239,train
59240,val
59243,train
59245,val
59247,val
59248,train
59249,train
59250,train
59251,train
59253,train
59255,train
59257,train
59259,train
59261,val
59262,val
59263,train
59264,train
59265,train
59267,val
59269,val
59270,train
59271,train
59272,train
59274,val
59275,val
59278,train
59279,train
59280,train
59281,train
59282,train
59283,train
59284,train
59285,train
59286,train
59287,train
59288,train
59289,train
59291,train
59292,train
59293,train
59294,val
59295,train
59296,val
59297,train
59300,val
59303,train
59304,train
59305,train
59306,train
59307,train
59311,train
59312,val
59314,train
59316,train
59317,train
59318,train
59319,train
59320,train
59321,train
59322,train
59324,val
59325,train
59326,train
59327,train
59329,train
59330,val
59331,train
59332,train
59333,train
59334,train
59335,train
59336,train
59337,train
59338,train
59339,train
59341,train
59342,train
59344,train
59345,train
59347,train
59348,train
59349,train
59351,val
59352,train
59353,train
59354,train
59355,train
59356,train
59357,train
59360,train
59361,train
59364,train
59365,train
59366,val
59367,train
59368,train
59369,train
59370,train
59372,train
59373,train
59374,train
59375,train
59377,val
59379,train
59380,train
59381,train
59382,train
59384,train
59386,val
59387,train
59389,train
59390,train
59391,train
59392,train
59393,train
59394,train
59395,val
59396,train
59397,train
59398,val
59399,train
59402,train
59403,train
59404,train
59407,train
59408,val
59409,val
59412,train
59414,train
59415,val
59416,train
59417,train
59418,train
59419,train
59422,train
59424,train
59425,train
59426,train
59427,train
59428,train
59429,val
59430,train
59431,train
59433,val
59434,train
59436,train
59437,train
59439,train
59440,train
59441,train
59442,train
59443,val
59447,train
59449,val
59451,val
59452,train
59454,train
59456,train
59457,val
59458,train
59460,train
59461,train
59462,train
59465,train
59467,train
59468,val
59469,val
59470,val
59471,val
59472,train
59473,val
59474,train
59476,val
59477,val
59479,train
59480,val
59481,train
59482,train
59486,train
59487,train
59488,train
59489,train
59491,train
59492,train
59494,train
59495,train
59496,train
59497,train
59498,train
59500,train
59502,train
59503,val
59504,val
59505,train
59506,train
59507,train
59509,val
59510,val
59511,train
59512,train
59513,val
59514,train
59515,train
59516,train
59518,val
59519,train
59520,train
59521,train
59522,val
59526,train
59527,val
59528,train
59529,train
59530,train
59532,val
59533,train
59535,train
59536,train
59538,train
59539,train
59540,train
59542,val
59543,train
59544,train
59545,train
59546,train
59547,val
59548,train
59549,train
59550,train
59553,train
59556,train
59561,train
59562,train
59563,val
59564,train
59565,val
59566,train
59567,train
59569,train
59573,train
59574,train
59575,val
59576,train
59577,train
59578,train
59579,train
59580,train
59581,train
59582,train
59583,val
59584,val
59585,train
59586,train
59588,train
59589,train
59590,train
59594,train
59595,train
59596,train
59597,train
59598,train
59599,train
59600,train
59602,train
59603,train
59604,train
59606,train
59609,train
59611,train
59612,train
59615,train
59616,train
59617,train
59619,train
59622,train
59623,val
59624,val
59625,val
59626,train
59628,train
59630,val
59631,train
59632,train
59633,val
59634,train
59635,train
59637,train
59638,train
59639,train
59640,val
59641,train
59642,train
59643,val
59644,train
59646,val
59647,train
59648,val
59649,train
59651,train
59652,train
59654,train
59657,val
59658,train
59659,val
59661,train
59662,val
59663,val
59664,train
59665,train
59666,train
59667,train
59668,train
59669,train
59672,train
59673,train
59674,train
59675,train
59677,train
59678,train
59679,train
59680,train
59681,train
59682,train
59683,train
59685,train
59686,val
59688,val
59689,train
59691,train
59692,train
59693,train
59697,val
59698,val
59699,train
59700,train
59701,val
59703,val
59704,val
59706,train
59707,train
59709,train
59711,train
59712,train
59713,val
59714,train
59715,train
59717,train
59718,train
59719,train
59720,train
59721,train
59724,train
59726,val
59727,train
59728,train
59730,train
59731,train
59732,train
59733,train
59734,val
59735,val
59736,train
59737,train
59738,train
59740,train
59742,val
59743,train
59744,val
59748,val
59750,train
59752,val
59753,train
59755,train
59756,train
59757,train
59759,train
59760,train
59761,val
59762,val
59763,train
59766,train
59767,train
59769,train
59771,train
59772,train
59774,train
59777,val
59779,train
59780,train
59781,train
59783,train
59784,train
59786,train
59789,train
59791,val
59792,val
59794,val
59796,train
59797,val
59799,train
59801,train
59802,train
59803,train
59804,val
59806,train
59807,train
59808,train
59809,val
59810,train
59811,val
59812,train
59813,train
59814,val
59815,train
59816,train
59818,train
59819,train
59820,train
59822,train
59823,train
59824,train
59826,train
59827,train
59828,train
59830,train
59831,train
59832,val
59834,train
59837,val
59839,train
59840,train
59841,train
59842,train
59843,train
59844,train
59845,train
59847,train
59848,val
59849,train
59850,train
59853,train
59854,train
59855,train
59856,train
59857,train
59858,train
59860,train
59861,train
59863,train
59864,train
59865,train
59867,val
59868,train
59870,train
59871,val
59872,train
59873,train
59875,train
59876,val
59877,train
59878,train
59879,val
59880,train
59882,train
59883,train
59884,train
59885,val
59886,val
59889,train
59891,train
59892,train
59893,val
59894,train
59895,train
59896,train
59897,train
59898,train
59900,val
59901,train
59902,train
59903,train
59904,train
59905,train
59906,train
59907,train
59909,val
59911,val
59912,train
59913,train
59914,train
59915,train
59917,train
59918,train
59919,train
59920,train
59921,train
59922,train
59923,train
59925,train
59927,train
59928,train
59929,train
59930,val
59931,val
59932,train
59933,train
59935,train
59936,train
59937,train
59938,train
59939,val
59942,train
59943,val
59944,train
59945,train
59946,train
59947,train
59948,val
59949,train
59950,train
59953,train
59954,train
59955,val
59956,val
59957,train
59958,train
59959,train
59960,train
59961,val
59962,train
59963,train
59964,train
59965,train
59967,train
59968,val
59970,val
59971,train
59972,train
59974,train
59975,train
59976,val
59977,train
59978,train
59979,val
59980,train
59981,train
59982,train
59984,train
59985,train
59987,train
59989,train
59990,train
59991,train
59993,val
59994,train
59995,train
59996,val
59997,train
59998,train
59999,train
60000,train
60002,train
60003,val
60004,train
60005,train
60007,train
60008,val
60011,train
60012,val
60013,train
60014,train
60015,train
60017,val
60018,train
60019,val
60020,train
60022,train
60026,train
60027,train
60028,val
60029,train
60030,train
60031,train
60034,train
60035,train
60036,train
60037,train
60038,train
60039,train
60040,train
60042,train
60043,train
60045,train
60050,train
60051,train
60053,train
60054,train
60055,train
60057,train
60058,train
60059,train
60060,train
60062,val
60063,val
60065,train
60066,train
60067,train
60068,train
60070,train
60071,train
60075,train
60076,train
60077,train
60078,train
60081,train
60082,train
60083,train
60085,train
60086,train
60087,train
60088,train
60089,train
60090,train
60091,train
60092,train
60093,train
60095,train
60096,train
60097,val
60099,train
60100,train
60101,train
60103,train
60104,train
60105,train
60106,train
60107,val
60109,train
60110,train
60111,train
60113,train
60114,train
60115,train
60118,train
60119,train
60120,train
60122,train
60123,train
60125,val
60127,train
60129,train
60130,train
60131,train
60132,train
60133,train
60134,train
60135,train
60136,train
60137,train
60141,val
60142,train
60144,train
60145,train
60146,train
60148,train
60150,train
60151,train
60152,val
60154,val
60155,train
60156,train
60158,train
60159,train
60160,train
60161,train
60164,train
60165,train
60167,train
60168,train
60169,val
60170,train
60171,train
60172,train
60173,train
60174,train
60175,train
60176,val
60177,train
60178,val
60179,train
60180,train
60181,train
60182,train
60183,train
60184,train
60186,train
60187,train
60188,train
60189,val
60190,train
60191,train
60192,train
60193,val
60194,train
60195,train
60196,train
60198,train
60199,train
60203,train
60206,train
60208,train
60209,train
60210,train
60211,train
60212,train
60213,train
60214,train
60215,train
60216,train
60217,train
60218,train
60220,train
60221,train
60222,train
60224,train
60225,train
60226,train
60228,train
60229,train
60231,train
60232,train
60233,train
60234,train
60235,train
60236,train
60237,train
60239,train
60240,train
60241,train
60242,train
60243,train
60244,train
60246,train
60247,val
60248,train
60249,train
60250,train
60251,train
60252,train
60253,train
60254,train
60255,train
60256,train
60258,train
60259,train
60260,val
60262,val
60264,train
60265,train
60267,train
60268,val
60269,train
60272,val
60273,train
60274,train
60275,val
60276,train
60277,train
60279,train
60280,train
60281,val
60283,train
60284,val
60286,train
60287,train
60288,train
60290,train
60293,train
60294,train
60296,val
60297,train
60298,train
60299,train
60301,train
60303,train
60304,train
60306,train
60307,train
60308,train
60310,train
60312,train
60313,val
60315,train
60316,val
60317,val
60318,val
60319,train
60320,train
60321,train
60323,val
60324,train
60325,train
60327,train
60330,train
60334,val
60335,train
60336,train
60337,train
60339,train
60340,train
60341,train
60342,train
60343,train
60345,val
60346,train
60348,train
60349,train
60350,train
60351,val
60352,val
60353,train
60354,train
60357,train
60362,train
60364,train
60366,train
60367,train
60369,val
60370,val
60372,val
60374,train
60375,train
60376,train
60378,train
60379,train
60383,train
60384,val
60385,train
60386,val
60387,train
60388,train
60390,train
60391,train
60394,train
60396,val
60397,train
60398,val
60400,train
60401,train
60402,train
60404,train
60405,val
60406,train
60407,train
60408,train
60409,train
60412,train
60414,train
60415,train
60416,val
60417,train
60418,train
60420,train
60422,train
60423,train
60425,train
60426,train
60427,train
60428,val
60429,train
60430,train
60431,train
60433,train
60434,train
60435,train
60438,train
60439,train
60440,train
60441,train
60442,val
60443,val
60444,train
60445,train
60447,train
60448,train
60449,train
60451,train
60452,val
60453,train
60455,train
60456,train
60457,train
60458,val
60459,train
60460,val
60463,train
60466,train
60467,val
60468,train
60470,train
60471,train
60472,train
60475,train
60476,val
60477,train
60478,train
60479,train
60480,train
60481,train
60482,train
60483,train
60486,train
60487,train
60488,train
60489,val
60490,val
60491,train
60492,train
60496,train
60502,train
60503,train
60504,train
60505,train
60506,train
60507,train
60508,train
60510,train
60511,train
60512,train
60515,train
60518,train
60519,val
60520,train
60522,train
60523,train
60524,train
60526,train
60527,train
60528,train
60529,train
60531,train
60533,train
60534,train
60535,train
60536,train
60538,train
60541,train
60542,val
60543,train
60544,train
60545,train
60547,train
60548,val
60550,val
60551,val
60554,val
60555,train
60556,train
60557,train
60558,train
60560,val
60561,train
60562,train
60563,train
60565,train
60566,train
60567,val
60569,train
60570,train
60571,val
60572,train
60573,train
60574,val
60575,train
60576,train
60577,train
60578,train
60579,val
60580,train
60582,train
60583,train
60584,train
60585,train
60586,train
60590,train
60591,train
60592,train
60593,train
60594,train
60595,train
60598,train
60599,train
60601,train
60602,train
60603,train
60604,train
60605,train
60606,train
60607,train
60608,train
60610,val
60611,train
60612,train
60613,val
60614,train
60616,val
60617,train
60618,train
60619,train
60620,train
60622,train
60623,train
60624,train
60625,train
60626,train
60628,train
60629,val
60630,train
60631,train
60632,train
60633,train
60634,train
60635,train
60636,train
60637,val
60638,train
60639,train
60640,train
60641,train
60642,train
60643,train
60644,val
60645,train
60648,train
60650,train
60651,train
60652,train
60653,val
60655,train
60657,val
60658,train
60659,train
60661,val
60663,train
60664,val
60665,train
60668,train
60669,val
60670,train
60671,train
60672,train
60674,train
60675,train
60676,train
60677,train
60678,val
60679,train
60680,train
60681,val
60683,train
60684,train
60685,train
60686,train
60687,train
60688,train
60690,train
60691,train
60692,train
60693,train
60694,train
60695,train
60696,train
60698,train
60701,train
60702,train
60703,train
60704,train
60705,train
60707,train
60708,val
60711,train
60712,val
60713,train
60714,train
60715,train
60716,train
60717,train
60718,train
60719,train
60722,train
60724,train
60725,train
60726,train
60727,val
60729,train
60730,train
60731,val
60732,train
60733,train
60734,train
60736,train
60737,train
60740,train
60741,train
60744,train
60745,val
60749,train
60750,train
60751,train
60753,train
60754,train
60755,train
60757,train
60762,train
60763,train
60764,val
60765,train
60766,train
60767,train
60768,train
60769,train
60770,train
60771,train
60772,train
60774,train
60776,train
60777,train
60781,val
60782,train
60783,train
60784,val
60785,train
60787,val
60788,train
60789,train
60790,val
60791,train
60792,train
60793,val
60794,train
60795,train
60796,train
60797,val
60799,train
60800,train
60801,val
60804,train
60805,train
60806,train
60807,val
60808,train
60809,train
60811,val
60812,train
60813,train
60814,train
60815,train
60817,train
60818,train
60819,train
60820,train
60821,val
60822,train
60823,val
60825,val
60826,train
60827,train
60830,train
60832,val
60833,train
60835,train
60836,train
60837,val
60838,train
60839,train
60840,train
60841,train
60844,val
60845,val
60846,val
60847,train
60848,val
60850,train
60851,val
60852,train
60853,train
60854,val
60855,train
60856,train
60857,train
60858,val
60860,train
60861,train
60862,train
60865,val
60866,train
60868,val
60870,train
60873,train
60874,train
60875,train
60876,train
60879,val
60880,val
60881,train
60882,train
60884,train
60885,train
60887,train
60889,train
60890,train
60891,val
60895,train
60897,train
60898,train
60899,train
60901,train
60902,train
60903,train
60904,train
60905,train
60906,train
60907,train
60908,train
60909,val
60910,train
60911,val
60914,train
60915,train
60916,val
60917,train
60918,val
60919,train
60920,val
60922,train
60923,train
60924,train
60925,train
60927,train
60929,train
60930,train
60931,val
60932,train
60933,train
60934,train
60936,train
60937,train
60939,train
60940,train
60941,train
60942,train
60943,train
60948,train
60950,train
60951,train
60952,val
60953,train
60954,train
60955,train
60956,train
60958,train
60959,train
60962,train
60963,train
60964,train
60965,train
60966,train
60968,train
60969,train
60970,val
60971,train
60972,train
60973,train
60974,train
60976,train
60977,val
60978,train
60979,train
60980,val
60981,train
60982,train
60984,val
60985,train
60986,train
60987,val
60988,val
60990,train
60991,train
60993,val
60995,train
60996,train
60997,val
60998,train
61001,train
61003,train
61004,val
61005,train
61006,train
61007,val
61008,train
61009,train
61011,val
61012,train
61013,train
61015,train
61016,train
61017,train
61019,train
61022,train
61023,val
61024,train
61026,train
61029,train
61030,val
61032,train
61034,train
61035,val
61038,train
61039,train
61041,train
61042,val
61043,train
61045,train
61046,train
61047,val
61048,train
61049,train
61054,train
61055,train
61056,train
61057,val
61058,train
61059,train
61061,train
61062,train
61063,train
61064,train
61067,val
61068,train
61069,val
61070,train
61071,train
61073,train
61075,val
61076,train
61078,train
61079,train
61080,train
61083,train
61084,train
61085,train
61086,train
61087,train
61088,train
61089,train
61090,val
61093,train
61096,val
61097,train
61098,train
61100,train
61101,train
61102,train
61103,train
61104,train
61105,train
61106,train
61108,train
61109,val
61110,train
61111,train
61112,train
61113,train
61114,train
61116,train
61117,val
61118,train
61119,train
61120,train
61121,train
61122,train
61124,val
61125,val
61126,train
61127,train
61128,train
61129,val
61130,train
61131,train
61132,train
61133,train
61134,train
61135,train
61136,val
61137,train
61138,train
61139,train
61141,val
61143,val
61144,train
61145,val
61146,train
61148,train
61149,train
61150,val
61151,train
61152,train
61153,train
61155,train
61157,train
61158,train
61160,train
61162,train
61163,train
61164,val
61165,train
61167,train
61168,train
61169,train
61170,train
61171,train
61172,train
61173,train
61176,train
61177,train
61178,train
61179,train
61180,train
61182,val
61185,train
61186,val
61187,val
61188,train
61189,val
61191,train
61192,train
61193,train
61195,val
61197,train
61199,train
61201,train
61202,train
61203,train
61205,train
61206,train
61207,train
61208,train
61209,train
61210,train
61211,train
61212,train
61213,train
61214,train
61215,val
61216,train
61217,train
61218,train
61222,train
61223,train
61225,val
61226,val
61228,train
61231,train
61232,train
61233,train
61236,train
61237,val
61238,val
61239,train
61240,train
61241,train
61245,train
61247,train
61249,train
61250,train
61251,train
61252,train
61253,train
61254,train
61255,train
61256,train
61257,train
61259,val
61260,train
61261,train
61262,val
61263,val
61265,train
61266,val
61267,train
61268,train
61269,train
61270,train
61271,train
61272,train
61273,train
61275,train
61276,val
61278,train
61279,train
61281,train
61282,train
61283,train
61284,val
61285,train
61286,train
61287,train
61288,train
61289,train
61290,val
61291,train
61292,train
61293,val
61294,val
61295,train
61296,train
61297,train
61298,train
61299,train
61301,train
61302,train
61303,train
61304,train
61305,val
61307,val
61309,train
61310,val
61311,train
61313,train
61314,train
61316,train
61317,train
61318,train
61320,train
61321,train
61322,val
61323,train
61324,train
61325,val
61326,val
61327,train
61328,train
61329,val
61331,train
61332,train
61333,val
61334,train
61335,val
61336,train
61337,val
61340,train
61341,train
61342,val
61343,train
61344,val
61345,train
61346,train
61350,train
61351,train
61352,train
61353,train
61354,train
61355,val
61356,train
61359,val
61360,train
61361,train
61362,train
61363,train
61364,train
61365,val
61366,train
61367,train
61368,val
61369,train
61370,train
61371,val
61372,train
61375,val
61377,train
61379,train
61381,train
61382,val
61383,train
61384,train
61386,val
61387,train
61389,train
61390,train
61391,train
61392,train
61393,train
61394,train
61395,val
61396,train
61399,train
61400,train
61401,train
61402,train
61403,train
61404,train
61405,train
61406,train
61407,val
61408,train
61410,train
61411,train
61412,val
61413,train
61414,train
61415,train
61416,train
61417,train
61418,val
61419,train
61421,train
61422,train
61423,val
61425,val
61426,train
61427,val
61428,train
61429,val
61430,train
61431,train
61432,train
61433,val
61434,train
61435,train
61438,val
61439,train
61441,train
61442,train
61444,train
61447,train
61449,val
61451,train
61452,train
61453,train
61454,train
61457,train
61458,train
61459,train
61460,train
61461,train
61465,val
61466,train
61467,train
61468,train
61469,train
61470,val
61471,train
61473,val
61474,train
61475,train
61476,train
61477,train
61478,train
61480,train
61481,train
61482,train
61483,train
61484,train
61486,val
61487,val
61488,val
61489,train
61490,train
61491,train
61492,val
61493,val
61494,val
61495,train
61496,train
61497,train
61498,train
61499,train
61500,train
61501,train
61502,val
61503,train
61504,train
61505,train
61508,val
61509,val
61512,val
61513,train
61514,train
61515,train
61516,val
61518,train
61520,train
61521,train
61525,train
61526,train
61527,train
61528,train
61529,train
61530,train
61531,train
61532,val
61533,train
61536,train
61537,train
61538,train
61539,train
61540,train
61541,train
61543,train
61544,train
61545,val
61547,train
61549,train
61550,train
61552,val
61553,val
61554,train
61556,train
61558,train
61559,train
61561,train
61562,train
61564,train
61565,train
61566,train
61571,train
61572,train
61573,train
61574,train
61575,val
61577,train
61578,train
61582,train
61584,train
61587,train
61589,train
61590,train
61591,val
61592,train
61593,val
61594,train
61595,train
61596,train
61597,train
61598,val
61599,train
61600,train
61601,train
61602,train
61603,train
61604,train
61605,train
61607,train
61609,train
61610,train
61611,train
61613,train
61615,train
61616,train
61617,train
61619,val
61620,train
61622,train
61623,train
61624,val
61625,train
61626,train
61627,train
61629,train
61630,train
61631,train
61632,train
61633,train
61635,val
61636,train
61637,train
61639,train
61641,val
61642,val
61643,train
61644,train
61645,train
61647,train
61648,train
61649,train
61650,val
61651,val
61654,train
61655,val
61656,val
61657,train
61658,train
61659,train
61661,train
61662,train
61663,val
61664,val
61667,train
61668,train
61670,train
61671,train
61672,train
61673,train
61674,train
61675,train
61677,train
61678,train
61679,val
61680,val
61681,train
61682,train
61683,train
61684,train
61685,train
61686,val
61687,val
61688,train
61689,val
61690,val
61691,train
61692,train
61694,train
61697,val
61698,val
61701,val
61703,train
61704,train
61705,train
61706,train
61707,train
61708,val
61709,train
61710,train
61711,train
61712,train
61713,train
61714,train
61715,train
61717,train
61718,train
61719,val
61720,train
61722,train
61723,train
61724,train
61726,train
61727,train
61728,train
61730,train
61731,train
61732,train
61734,train
61735,train
61736,train
61737,train
61738,train
61742,val
61744,train
61745,train
61746,train
61747,val
61751,train
61752,val
61754,train
61756,train
61759,train
61760,train
61761,train
61763,train
61767,train
61768,train
61770,train
61772,train
61773,val
61774,train
61777,train
61778,train
61780,train
61782,train
61783,val
61784,train
61785,val
61786,train
61787,train
61788,train
61789,train
61790,train
61791,train
61794,train
61796,train
61798,train
61800,val
61802,val
61803,train
61804,train
61805,train
61806,train
61807,val
61808,train
61809,train
61812,val
61813,train
61819,train
61820,val
61822,train
61823,train
61824,train
61826,train
61828,val
61829,val
61830,train
61831,train
61832,train
61835,train
61836,train
61837,train
61838,train
61840,train
61841,train
61842,val
61843,train
61844,train
61845,val
61846,train
61847,train
61849,train
61851,train
61853,val
61854,train
61855,train
61856,train
61857,val
61859,val
61860,train
61861,train
61863,train
61864,val
61865,val
61866,train
61867,train
61868,train
61869,train
61870,train
61871,train
61872,train
61873,train
61875,train
61876,train
61877,train
61878,train
61879,train
61880,train
61882,train
61883,train
61884,train
61885,train
61886,val
61887,train
61888,val
61889,val
61890,val
61891,train
61892,train
61893,val
61894,val
61895,val
61896,train
61898,val
61899,train
61900,train
61901,train
61903,train
61905,val
61907,train
61908,train
61909,val
61910,train
61911,train
61913,train
61914,val
61916,train
61918,val
61919,train
61920,train
61921,train
61922,train
61923,train
61924,val
61927,train
61928,train
61930,train
61931,train
61935,train
61936,train
61937,train
61938,train
61939,val
61940,train
61941,val
61942,val
61943,val
61944,train
61946,train
61949,val
61950,train
61951,val
61953,train
61954,train
61955,val
61956,train
61957,train
61958,train
61959,train
61961,train
61962,train
61964,train
61965,train
61967,train
61968,train
61973,train
61975,train
61976,train
61977,train
61978,train
61980,val
61981,train
61982,train
61983,train
61984,train
61986,val
61988,train
61990,val
61991,val
61993,val
61994,train
61995,val
61996,train
61997,train
62000,train
62001,val
62002,train
62006,val
62007,train
62008,val
62009,train
62011,train
62013,train
62015,train
62016,train
62017,val
62019,train
62020,train
62021,train
62022,train
62023,train
62025,train
62026,train
62027,val
62028,train
62029,train
62031,train
62033,train
62035,train
62036,val
62037,val
62038,val
62039,train
62040,train
62041,train
62042,train
62043,train
62044,train
62045,val
62046,train
62047,train
62048,train
62050,train
62051,train
62053,val
62056,train
62058,train
62060,train
62062,val
62063,train
62064,train
62068,val
62070,train
62071,train
62072,train
62073,train
62074,train
62075,train
62076,train
62079,val
62080,train
62081,train
62082,val
62083,train
62084,train
62085,val
62086,train
62088,train
62090,train
62092,train
62093,train
62094,train
62095,train
62097,train
62098,train
62099,train
62100,train
62101,train
62105,train
62108,train
62111,val
62112,train
62115,train
62116,val
62117,train
62118,train
62121,train
62126,train
62128,train
62129,train
62130,train
62131,train
62132,val
62133,train
62134,val
62135,val
62136,val
62137,train
62138,train
62139,train
62140,train
62141,train
62143,val
62144,train
62146,train
62147,train
62149,train
62150,train
62151,train
62152,train
62153,train
62154,train
62156,train
62157,train
62159,train
62160,train
62161,train
62163,train
62164,train
62166,val
62167,val
62169,train
62170,train
62171,train
62173,train
62175,train
62176,train
62177,train
62179,train
62180,train
62182,val
62183,train
62184,train
62185,val
62186,train
62187,train
62188,train
62189,train
62190,train
62191,train
62192,train
62194,val
62195,train
62196,val
62197,val
62199,train
62200,train
62201,train
62202,val
62203,train
62204,val
62205,val
62206,val
62207,train
62208,train
62210,train
62213,train
62214,train
62215,train
62216,train
62217,train
62218,train
62219,val
62220,train
62221,train
62222,train
62224,train
62225,val
62226,val
62227,train
62228,val
62229,val
62230,train
62231,train
62232,val
62234,val
62235,train
62236,train
62237,train
62238,train
62239,train
62240,train
62241,train
62243,train
62245,train
62246,train
62249,train
62250,train
62251,train
62253,train
62255,train
62256,train
62257,train
62259,train
62260,train
62261,train
62262,train
62263,train
62264,val
62266,val
62267,val
62268,train
62269,train
62272,train
62273,val
62275,train
62276,train
62277,train
62278,train
62279,train
62280,train
62281,train
62282,train
62284,train
62285,val
62286,train
62287,train
62288,train
62289,train
62291,train
62292,val
62294,val
62296,train
62298,train
62299,val
62300,train
62302,val
62303,train
62305,train
62306,train
62307,train
62308,train
62310,train
62311,val
62314,train
62315,train
62316,val
62317,val
62318,train
62320,train
62322,val
62323,train
62324,train
62325,train
62326,train
62327,train
62328,train
62329,val
62331,train
62332,train
62333,train
62334,train
62335,train
62338,train
62340,train
62341,train
62342,val
62344,train
62345,train
62347,train
62348,train
62349,train
62352,train
62354,val
62355,train
62356,train
62357,val
62358,train
62359,val
62360,train
62361,train
62362,val
62363,val
62364,train
62365,train
62366,train
62367,train
62369,train
62371,train
62372,train
62373,train
62374,train
62376,train
62377,train
62378,val
62379,train
62380,val
62382,train
62383,train
62384,val
62385,train
62387,train
62388,train
62390,val
62391,val
62392,train
62393,train
62394,train
62395,val
62397,train
62398,train
62399,train
62401,train
62402,train
62404,train
62405,train
62406,train
62407,train
62409,train
62410,train
62411,train
62414,val
62415,train
62416,train
62417,train
62418,train
62420,train
62421,train
62422,train
62423,train
62424,train
62425,val
62426,train
62428,train
62429,train
62430,train
62431,train
62432,val
62433,val
62434,val
62437,train
62438,train
62439,train
62441,train
62442,val
62444,train
62445,train
62446,train
62447,train
62448,train
62450,train
62452,train
62453,train
62454,val
62455,train
62456,train
62463,train
62464,train
62465,train
62466,train
62467,val
62468,train
62469,train
62470,train
62471,train
62472,val
62473,val
62475,val
62476,train
62477,val
62479,train
62480,train
62482,train
62483,train
62485,train
62486,train
62488,train
62489,train
62490,train
62491,val
62493,train
62497,train
62498,train
62499,train
62500,train
62501,val
62502,train
62503,train
62504,train
62506,train
62508,val
62509,train
62510,train
62512,val
62513,val
62515,train
62516,val
62517,train
62520,train
62522,train
62523,train
62524,train
62525,train
62526,train
62527,val
62528,train
62529,train
62532,train
62533,train
62535,train
62536,train
62537,train
62538,train
62540,train
62541,train
62543,train
62545,train
62548,val
62549,train
62550,train
62552,train
62553,val
62554,train
62558,train
62559,train
62560,train
62561,val
62562,train
62563,train
62564,val
62565,train
62569,train
62570,train
62571,train
62573,train
62578,train
62581,val
62583,val
62585,train
62586,train
62588,train
62589,train
62590,train
62591,val
62592,train
62593,train
62595,val
62599,train
62600,train
62601,val
62602,train
62603,train
62605,train
62609,train
62610,train
62611,train
62616,train
62617,val
62618,train
62619,train
62620,val
62621,val
62622,train
62624,val
62629,val
62632,train
62633,train
62636,train
62637,train
62640,train
62642,train
62643,train
62644,train
62646,train
62647,train
62648,val
62649,train
62650,train
62651,train
62652,train
62654,train
62655,train
62656,train
62658,train
62661,train
62662,val
62663,train
62664,train
62666,train
62667,train
62670,train
62672,train
62673,train
62674,val
62675,val
62678,val
62679,train
62680,train
62681,train
62682,train
62683,train
62684,train
62686,train
62687,train
62688,train
62690,val
62691,train
62692,train
62693,train
62694,train
62695,train
62696,train
62697,val
62698,train
62699,val
62700,train
62702,train
62703,train
62704,train
62707,train
62709,train
62710,train
62711,train
62713,train
62714,train
62715,train
62717,train
62718,train
62720,train
62721,val
62722,val
62724,train
62725,train
62726,train
62727,train
62728,val
62730,train
62732,train
62733,val
62734,val
62735,train
62736,train
62737,train
62739,train
62740,train
62744,val
62745,train
62746,train
62747,train
62749,train
62750,train
62752,train
62753,train
62754,train
62757,train
62758,train
62759,train
62762,train
62763,val
62764,train
62765,val
62766,train
62767,train
62770,val
62771,train
62772,train
62774,train
62775,train
62776,train
62777,train
62778,train
62779,train
62781,train
62782,train
62783,train
62784,train
62786,train
62787,val
62789,train
62790,train
62791,train
62792,train
62793,train
62794,train
62796,train
62797,val
62799,train
62800,train
62801,train
62804,train
62806,train
62807,val
62808,train
62809,train
62810,train
62811,train
62813,train
62814,val
62815,train
62816,train
62817,train
62818,train
62819,train
62820,train
62821,train
62822,train
62823,train
62824,val
62826,val
62827,train
62829,train
62831,train
62833,train
62835,train
62836,train
62837,train
62838,train
62839,train
62841,train
62842,train
62844,train
62845,train
62847,val
62849,train
62850,train
62854,train
62855,train
62856,val
62857,train
62861,train
62863,train
62864,train
62865,train
62867,train
62868,train
62870,train
62871,val
62872,train
62873,train
62875,val
62877,train
62879,train
62880,train
62881,train
62882,train
62884,train
62885,train
62886,val
62888,train
62889,train
62890,train
62891,val
62892,train
62895,train
62896,train
62897,train
62898,train
62900,train
62901,train
62902,val
62904,train
62905,train
62906,train
62907,train
62908,train
62910,val
62911,train
62912,train
62913,train
62914,val
62915,train
62917,train
62918,train
62920,train
62921,train
62922,train
62923,train
62924,train
62925,train
62926,train
62927,train
62928,train
62929,train
62930,train
62931,train
62933,train
62934,train
62935,val
62937,train
62939,train
62941,train
62942,train
62943,val
62944,train
62945,train
62948,train
62949,train
62950,val
62951,train
62952,train
62953,train
62954,train
62955,val
62957,train
62958,train
62960,train
62961,train
62962,train
62963,train
62964,train
62966,train
62967,train
62969,val
62970,train
62972,val
62973,train
62974,train
62975,val
62977,train
62978,train
62979,train
62980,train
62981,train
62982,train
62983,train
62984,train
62985,train
62986,train
62987,train
62988,train
62990,train
62991,train
62992,train
62993,val
62994,train
62995,train
62996,val
62998,train
63000,train
63001,val
63003,train
63004,train
63005,train
63006,train
63009,train
63010,val
63011,train
63012,train
63013,train
63014,train
63015,train
63016,train
63017,train
63018,train
63019,train
63020,train
63021,train
63022,train
63023,train
63024,train
63025,train
63026,train
63027,val
63028,train
63029,train
63031,train
63032,train
63035,train
63036,val
63037,train
63038,train
63040,train
63041,val
63042,val
63043,val
63045,train
63046,val
63047,train
63048,train
63050,train
63053,train
63054,train
63055,val
63058,train
63059,train
63060,train
63061,train
63062,val
63065,train
63067,train
63068,val
63069,train
63070,train
63071,train
63072,train
63073,train
63074,train
63076,val
63077,val
63079,train
63080,train
63081,train
63082,train
63083,train
63085,train
63086,train
63087,train
63088,train
63089,val
63090,train
63091,val
63092,train
63096,train
63097,train
63098,train
63100,train
63101,val
63102,train
63103,train
63104,train
63106,val
63110,train
63111,val
63112,train
63114,val
63115,val
63116,train
63117,train
63118,val
63119,train
63121,val
63124,train
63127,train
63128,train
63129,val
63130,train
63131,train
63132,train
63133,val
63134,val
63136,train
63137,train
63138,train
63140,train
63141,train
63142,train
63143,train
63144,train
63147,train
63148,train
63150,train
63152,train
63153,train
63154,train
63155,val
63156,train
63157,val
63158,train
63159,val
63161,train
63162,train
63163,train
63164,train
63166,train
63167,train
63169,train
63172,train
63173,train
63175,train
63176,val
63178,val
63179,train
63180,train
63181,train
63182,train
63183,train
63184,train
63185,train
63187,train
63188,train
63189,train
63193,train
63194,train
63196,val
63197,train
63199,train
63200,train
63201,train
63202,train
63203,train
63204,train
63205,train
63207,train
63208,val
63210,train
63211,train
63212,val
63213,val
63215,train
63216,train
63217,train
63219,train
63225,val
63226,train
63227,val
63229,val
63230,train
63232,train
63233,train
63234,train
63236,val
63237,train
63239,train
63240,train
63241,train
63243,train
63244,train
63245,train
63247,train
63248,train
63249,val
63250,train
63251,train
63254,train
63255,val
63256,train
63257,train
63258,train
63263,train
63264,train
63266,train
63267,train
63271,train
63272,train
63273,train
63274,train
63277,train
63278,train
63279,train
63281,train
63282,train
63283,train
63284,val
63286,train
63287,train
63288,train
63289,train
63290,val
63292,train
63294,train
63296,train
63297,train
63300,train
63301,train
63302,val
63303,train
63304,val
63305,train
63306,train
63307,train
63311,val
63313,val
63314,train
63315,train
63316,train
63317,train
63318,train
63321,train
63322,train
63323,train
63324,train
63325,train
63326,train
63329,train
63330,train
63331,val
63332,val
63333,train
63334,train
63335,train
63339,train
63340,train
63342,train
63343,train
63345,train
63346,val
63347,train
63348,train
63349,train
63350,train
63351,train
63352,train
63353,train
63354,val
63355,train
63357,train
63358,train
63359,train
63360,train
63362,train
63363,train
63364,train
63366,train
63368,train
63369,val
63371,train
63372,train
63373,train
63374,train
63377,val
63378,train
63381,train
63382,train
63383,val
63384,train
63385,val
63387,train
63388,train
63389,train
63390,train
63391,val
63392,train
63393,train
63394,train
63395,train
63397,train
63398,train
63399,train
63400,val
63401,train
63403,train
63404,train
63407,train
63408,val
63410,train
63411,train
63412,train
63414,train
63416,train
63417,train
63418,train
63420,train
63421,train
63422,train
63424,train
63429,train
63430,train
63431,train
63432,val
63433,train
63435,train
63438,train
63439,train
63440,train
63444,train
63445,train
63446,val
63447,train
63451,train
63453,train
63454,val
63455,train
63456,train
63457,train
63459,train
63460,val
63461,train
63462,train
63464,train
63466,train
63467,train
63468,train
63469,train
63470,train
63472,train
63474,train
63475,train
63476,train
63477,train
63479,train
63480,train
63481,train
63483,val
63484,val
63486,train
63487,train
63488,val
63490,train
63493,train
63494,train
63495,train
63496,train
63499,val
63501,train
63503,val
63504,val
63506,train
63507,train
63508,train
63509,train
63510,val
63511,val
63513,train
63514,val
63516,val
63517,val
63518,train
63520,train
63521,train
63522,train
63523,train
63524,train
63525,train
63526,train
63528,train
63529,val
63530,train
63531,val
63532,train
63534,train
63535,train
63536,train
63537,val
63538,train
63539,train
63540,val
63541,train
63542,train
63545,train
63546,val
63548,train
63549,train
63550,val
63551,train
63552,train
63554,val
63558,train
63559,train
63560,train
63561,train
63563,train
63564,train
63565,val
63566,train
63569,val
63572,val
63573,train
63575,val
63577,train
63578,train
63579,val
63580,train
63581,train
63582,train
63583,val
63584,train
63585,train
63587,train
63588,train
63589,train
63591,train
63592,train
63593,train
63594,val
63597,train
63598,train
63599,val
63601,train
63602,train
63604,train
63605,train
63606,train
63607,train
63608,train
63609,train
63611,val
63612,train
63613,train
63614,train
63615,train
63616,train
63618,train
63619,train
63620,val
63621,val
63622,train
63623,train
63624,train
63625,train
63626,train
63627,train
63628,train
63629,train
63631,train
63632,train
63634,train
63635,train
63636,train
63637,train
63638,train
63639,train
63640,val
63642,val
63643,train
63644,train
63645,train
63647,train
63648,train
63649,train
63650,train
63651,train
63652,train
63653,train
63654,train
63655,train
63656,train
63657,train
63659,train
63660,train
63661,train
63662,train
63664,val
63669,train
63671,val
63672,val
63673,train
63675,val
63676,train
63678,train
63679,train
63680,val
63681,train
63682,train
63683,train
63684,train
63685,train
63687,train
63688,train
63690,train
63692,val
63693,val
63694,train
63696,train
63697,val
63698,train
63699,train
63700,train
63701,train
63702,train
63703,train
63704,train
63705,train
63706,train
63707,val
63708,train
63709,train
63711,train
63712,train
63716,train
63717,train
63718,train
63719,train
63720,train
63721,train
63723,train
63726,train
63727,train
63728,train
63729,train
63730,train
63733,train
63735,train
63738,train
63740,train
63741,train
63742,train
63743,train
63744,train
63745,train
63746,train
63747,train
63748,train
63749,train
63750,train
63751,train
63752,train
63753,train
63754,val
63757,train
63758,train
63759,train
63760,train
63761,train
63762,train
63764,train
63765,val
63766,val
63768,train
63769,train
63770,train
63771,train
63773,train
63774,val
63775,train
63776,train
63777,train
63778,train
63779,train
63780,val
63782,train
63784,val
63785,train
63786,train
63787,train
63789,val
63790,train
63791,val
63792,train
63793,train
63794,val
63795,val
63796,val
63798,train
63799,train
63800,train
63802,train
63803,train
63805,train
63806,train
63808,train
63809,train
63810,val
63813,train
63814,val
63817,train
63818,val
63819,train
63820,val
63821,train
63822,train
63823,train
63824,val
63825,train
63826,train
63827,val
63828,train
63829,train
63831,val
63832,train
63833,val
63835,train
63836,val
63838,train
63839,train
63840,train
63841,train
63842,train
63843,train
63844,train
63846,val
63850,val
63851,train
63852,train
63853,train
63854,train
63856,train
63858,train
63859,train
63861,train
63862,train
63863,train
63864,train
63865,val
63866,train
63867,train
63868,train
63870,train
63871,val
63872,train
63873,train
63876,train
63877,train
63881,train
63882,val
63883,train
63884,val
63885,train
63886,train
63887,train
63888,val
63889,train
63891,train
63894,val
63895,train
63896,train
63898,train
63899,train
63900,val
63903,train
63904,train
63905,train
63906,train
63907,train
63908,train
63909,train
63910,train
63911,train
63913,train
63914,train
63915,val
63916,train
63917,train
63919,train
63920,train
63921,train
63922,train
63923,val
63924,train
63925,val
63926,val
63928,val
63929,train
63931,train
63932,train
63933,val
63934,train
63937,train
63938,train
63940,val
63942,train
63943,train
63944,train
63946,train
63947,train
63948,train
63949,train
63950,train
63951,train
63952,val
63953,train
63954,train
63955,val
63956,train
63957,train
63958,train
63959,train
63962,train
63964,val
63965,train
63966,train
63967,train
63968,val
63969,val
63971,train
63973,train
63975,train
63976,val
63977,train
63978,train
63979,train
63980,train
63981,train
63982,train
63983,train
63984,val
63985,train
63986,train
63987,train
63988,train
63990,train
63991,train
63992,train
63993,train
63994,train
63995,train
63997,train
63998,val
64000,train
64001,train
64002,val
64003,train
64004,train
64005,val
64007,train
64010,train
64011,train
64012,val
64013,train
64014,train
64015,train
64016,train
64018,val
64019,train
64020,train
64021,train
64022,train
64023,train
64024,train
64025,train
64026,train
64029,train
64030,train
64031,train
64032,train
64034,train
64035,train
64038,train
64039,val
64040,train
64043,train
64044,val
64046,val
64047,train
64048,train
64049,train
64051,train
64053,train
64054,train
64056,val
64057,val
64060,train
64061,val
64062,train
64063,val
64064,train
64065,train
64067,train
64068,train
64069,val
64071,train
64072,train
64073,train
64074,val
64075,train
64076,train
64078,train
64079,train
64080,val
64081,train
64082,train
64085,train
64086,train
64087,train
64089,train
64090,val
64092,train
64094,train
64097,train
64101,train
64104,train
64105,val
64106,train
64108,train
64109,val
64111,train
64112,train
64114,val
64115,train
64116,train
64117,train
64119,train
64120,train
64121,train
64122,train
64123,train
64124,train
64125,train
64126,train
64128,val
64129,train
64130,train
64131,val
64132,train
64133,train
64135,train
64136,train
64137,val
64138,train
64139,train
64140,train
64141,train
64142,train
64143,train
64145,train
64146,val
64148,train
64150,val
64151,train
64152,train
64154,train
64155,val
64156,train
64159,val
64160,val
64161,train
64162,train
64163,train
64164,train
64165,train
64166,train
64167,val
64170,train
64171,train
64172,train
64174,train
64175,train
64176,train
64177,train
64179,train
64180,train
64182,train
64183,train
64184,train
64185,val
64187,train
64188,train
64189,train
64190,train
64191,train
64192,val
64193,train
64194,train
64195,train
64199,val
64200,train
64201,train
64202,train
64203,train
64204,val
64205,train
64206,train
64207,train
64210,train
64212,train
64213,train
64214,val
64215,train
64216,train
64217,train
64220,val
64221,val
64222,train
64223,val
64224,val
64225,train
64226,train
64227,train
64228,train
64231,train
64232,val
64233,train
64234,train
64235,train
64236,val
64237,train
64238,train
64239,train
64240,train
64241,train
64242,train
64244,train
64245,train
64247,train
64248,train
64249,train
64250,train
64251,train
64253,val
64254,train
64255,val
64256,train
64259,train
64260,train
64262,train
64263,val
64264,val
64266,train
64267,train
64268,val
64269,train
64270,train
64271,train
64272,val
64273,val
64275,val
64277,val
64278,val
64280,train
64282,val
64283,train
64284,train
64285,train
64286,train
64287,val
64288,train
64289,train
64290,train
64291,val
64292,train
64293,train
64294,train
64295,train
64298,val
64299,train
64300,train
64301,train
64304,train
64305,train
64306,train
64308,train
64311,train
64315,val
64316,train
64317,train
64318,train
64319,train
64320,train
64321,train
64323,train
64324,train
64325,val
64326,val
64327,val
64328,train
64329,val
64330,train
64332,train
64333,train
64334,train
64335,train
64336,train
64338,train
64339,val
64340,train
64342,train
64343,val
64344,train
64345,train
64346,val
64347,train
64348,train
64349,train
64350,train
64351,train
64352,train
64355,train
64356,train
64358,train
64359,train
64360,val
64361,train
64362,train
64363,train
64364,train
64365,train
64367,train
64368,train
64369,train
64370,train
64371,train
64372,val
64373,train
64374,train
64375,val
64376,train
64378,train
64380,train
64381,train
64383,train
64384,train
64385,train
64386,train
64387,train
64389,val
64390,train
64391,train
64392,train
64393,train
64395,train
64396,train
64397,train
64398,train
64401,train
64402,train
64405,train
64406,train
64408,train
64409,train
64410,train
64411,train
64413,train
64416,train
64417,train
64420,train
64422,train
64423,train
64424,train
64425,train
64427,val
64428,train
64430,train
64431,train
64432,train
64433,train
64434,train
64435,train
64436,train
64437,train
64439,val
64441,train
64442,train
64443,train
64444,train
64445,train
64446,train
64447,train
64448,train
64449,train
64450,train
64451,train
64452,train
64453,train
64456,train
64457,val
64458,train
64460,train
64462,train
64463,train
64464,train
64465,val
64466,train
64468,train
64469,train
64470,train
64472,train
64474,val
64475,train
64476,train
64478,train
64480,train
64481,train
64482,train
64483,val
64484,train
64485,train
64486,train
64488,train
64489,train
64490,train
64491,train
64492,train
64493,train
64494,train
64495,train
64496,train
64499,train
64501,val
64502,val
64503,train
64505,val
64506,val
64508,val
64509,val
64510,train
64511,val
64512,train
64515,val
64516,train
64517,train
64520,train
64522,val
64523,train
64525,train
64526,train
64527,train
64529,train
64530,train
64531,val
64532,train
64535,val
64537,train
64538,val
64539,train
64540,train
64541,train
64542,train
64543,val
64544,val
64545,val
64546,train
64548,train
64550,train
64551,train
64552,train
64553,train
64554,train
64555,train
64556,train
64557,val
64558,train
64559,train
64560,train
64561,train
64562,train
64563,val
64566,train
64567,train
64568,train
64570,train
64571,train
64572,val
64573,train
64574,val
64575,train
64577,train
64578,val
64579,train
64580,train
64583,train
64584,train
64585,train
64586,train
64587,train
64588,train
64589,train
64591,train
64592,train
64593,val
64594,train
64595,train
64596,train
64597,train
64598,val
64599,train
64601,train
64603,train
64604,train
64605,train
64607,train
64608,train
64611,val
64612,train
64613,train
64614,train
64616,train
64619,train
64620,train
64621,train
64623,train
64624,train
64626,val
64629,train
64631,train
64632,val
64633,train
64634,train
64635,train
64636,train
64637,val
64638,train
64639,val
64640,train
64641,train
64642,train
64643,val
64644,train
64645,train
64646,train
64647,train
64649,train
64652,train
64654,train
64655,train
64656,train
64657,val
64659,train
64660,train
64661,train
64662,train
64663,val
64665,train
64666,train
64667,train
64668,train
64669,train
64671,train
64672,train
64673,train
64674,train
64675,train
64677,val
64678,train
64680,train
64681,val
64682,train
64683,train
64684,val
64685,train
64687,train
64688,val
64690,val
64691,train
64692,train
64693,train
64694,train
64695,train
64697,train
64698,val
64699,train
64700,train
64701,train
64702,val
64703,val
64704,train
64707,train
64708,train
64709,train
64710,train
64711,train
64712,train
64713,val
64714,train
64715,train
64716,train
64717,train
64718,train
64719,train
64721,train
64724,train
64725,train
64726,val
64727,train
64728,train
64730,val
64731,train
64732,train
64733,val
64734,train
64735,train
64736,train
64737,train
64738,val
64740,train
64741,train
64742,train
64743,train
64744,train
64745,train
64746,train
64747,train
64748,train
64750,train
64752,train
64753,val
64754,train
64755,train
64756,train
64759,val
64760,train
64761,train
64762,train
64763,train
64764,train
64765,train
64766,train
64769,train
64770,train
64771,train
64772,val
64773,train
64774,train
64775,val
64776,train
64777,train
64778,train
64780,train
64786,train
64787,train
64789,val
64790,train
64791,train
64792,train
64794,train
64795,val
64797,train
64798,train
64799,train
64803,train
64804,train
64805,train
64806,train
64807,train
64808,train
64809,train
64810,val
64811,val
64812,val
64813,train
64814,train
64815,val
64818,train
64819,val
64820,train
64821,train
64822,train
64824,train
64825,train
64826,train
64828,train
64829,val
64830,train
64831,train
64833,train
64834,train
64835,train
64836,train
64837,val
64838,train
64839,train
64840,train
64842,train
64844,train
64845,val
64846,train
64847,train
64851,val
64852,train
64854,train
64855,train
64856,val
64858,train
64859,train
64860,val
64861,val
64862,train
64863,train
64867,train
64868,train
64869,val
64870,train
64871,train
64872,train
64873,train
64874,train
64876,val
64877,train
64878,train
64879,train
64882,train
64883,train
64885,train
64886,val
64888,train
64889,train
64890,train
64891,train
64892,train
64895,train
64896,train
64897,val
64898,val
64899,train
64900,val
64903,train
64904,val
64906,train
64907,train
64909,train
64910,train
64911,train
64912,train
64913,train
64914,train
64915,train
64916,train
64917,val
64919,train
64920,train
64921,train
64922,train
64924,val
64926,train
64927,train
64928,train
64929,train
64930,train
64931,train
64933,train
64935,val
64937,train
64940,val
64942,train
64943,val
64945,train
64946,train
64947,val
64948,val
64949,train
64950,train
64952,train
64953,train
64954,train
64956,train
64958,train
64959,train
64960,train
64962,train
64963,val
64964,train
64967,val
64968,train
64969,val
64972,train
64973,val
64974,val
64976,train
64977,val
64978,train
64979,train
64980,train
64981,train
64983,train
64984,train
64989,train
64990,train
64991,val
64992,train
64993,train
64994,train
64995,train
64996,train
64998,train
65001,val
65005,train
65006,train
65007,train
65010,train
65012,train
65013,train
65014,train
65015,train
65016,train
65017,train
65018,train
65019,val
65020,val
65021,val
65022,train
65023,train
65024,train
65025,train
65026,train
65027,train
65029,train
65030,train
65031,train
65033,train
65034,val
65037,train
65039,train
65040,val
65041,train
65042,train
65044,train
65045,train
65046,train
65048,train
65049,train
65050,train
65052,train
65053,train
65054,train
65056,train
65057,train
65058,train
65059,train
65060,train
65062,train
65064,train
65065,train
65066,val
65069,train
65070,train
65072,train
65075,train
65078,train
65079,val
65080,val
65081,train
65083,train
65085,train
65088,val
65089,train
65090,train
65091,train
65092,train
65093,train
65094,val
65095,train
65097,train
65098,train
65099,val
65100,train
65101,train
65102,val
65104,train
65106,train
65108,train
65110,val
65112,val
65115,train
65116,train
65118,train
65119,train
65120,train
65121,val
65122,train
65125,val
65126,val
65127,train
65128,train
65129,train
65130,train
65132,train
65133,val
65134,train
65136,train
65138,train
65139,train
65140,train
65141,train
65142,val
65145,train
65146,train
65147,train
65148,train
65150,train
65153,train
65155,train
65156,train
65159,train
65160,train
65161,train
65163,train
65164,val
65165,val
65166,train
65167,train
65171,train
65173,train
65174,val
65175,train
65176,train
65179,train
65181,train
65182,train
65183,train
65184,train
65185,train
65186,val
65187,train
65190,train
65192,val
65195,train
65196,train
65198,train
65199,train
65200,train
65201,train
65203,val
65205,val
65206,train
65207,train
65208,train
65209,val
65210,train
65211,train
65212,train
65213,val
65214,train
65215,train
65216,train
65217,train
65218,train
65219,train
65223,train
65224,val
65226,train
65227,val
65228,train
65232,train
65233,val
65235,train
65236,train
65237,train
65238,val
65239,train
65240,train
65241,train
65243,train
65244,train
65245,val
65246,train
65247,train
65248,train
65249,train
65251,train
65252,train
65253,train
65254,train
65256,train
65257,train
65259,train
65260,train
65261,train
65262,train
65263,train
65264,train
65265,train
65266,train
65267,val
65268,train
65270,val
65271,train
65272,train
65274,train
65275,train
65277,train
65278,val
65279,train
65280,train
65281,train
65282,val
65283,train
65284,train
65285,train
65286,val
65287,train
65289,train
65290,train
65291,train
65292,train
65293,train
65295,train
65296,train
65297,train
65299,train
65300,train
65301,val
65302,val
65304,train
65305,train
65306,train
65307,train
65309,train
65310,val
65311,train
65312,train
65313,train
65314,train
65315,val
65316,val
65318,train
65321,train
65322,train
65325,train
65326,train
65328,train
65330,train
65334,train
65335,train
65337,val
65338,train
65340,train
65343,train
65344,val
65345,val
65347,val
65348,train
65349,train
65350,train
65351,train
65353,train
65354,train
65355,val
65358,train
65361,train
65362,val
65364,train
65366,train
65367,val
65368,train
65369,train
65370,train
65371,train
65372,train
65373,train
65375,train
65376,train
65377,train
65379,train
65380,train
65382,train
65383,train
65384,train
65385,val
65386,train
65387,train
65388,train
65389,train
65390,train
65392,val
65393,train
65396,train
65397,train
65398,train
65399,train
65401,train
65403,train
65404,train
65405,val
65406,train
65407,train
65408,val
65410,train
65412,train
65413,val
65414,train
65415,train
65416,train
65418,train
65419,train
65420,train
65421,train
65424,train
65425,val
65426,train
65427,val
65428,train
65429,train
65431,train
65432,val
65433,train
65435,train
65436,train
65440,train
65444,train
65445,train
65446,val
65447,train
65448,train
65449,train
65450,train
65451,val
65453,train
65454,train
65457,val
65458,train
65460,val
65462,train
65464,train
65466,train
65467,val
65468,val
65469,val
65470,train
65471,train
65472,train
65473,train
65474,train
65475,train
65476,train
65478,train
65479,train
65480,train
65483,train
65485,train
65487,val
65490,train
65492,train
65493,train
65494,train
65496,val
65497,train
65498,train
65499,train
65500,train
65501,val
65502,train
65504,train
65505,train
65506,val
65507,train
65508,val
65512,train
65513,train
65514,val
65515,train
65517,train
65518,val
65520,train
65521,train
65522,train
65523,val
65524,train
65525,train
65526,train
65527,train
65528,val
65529,train
65531,val
65532,train
65533,train
65534,val
65535,train
65536,train
65537,train
65538,val
65539,train
65540,train
65541,train
65542,train
65543,val
65544,train
65545,train
65547,val
65548,train
65551,train
65552,val
65553,val
65554,train
65555,train
65557,train
65558,val
65560,train
65561,train
65562,train
65565,train
65566,train
65567,train
65569,train
65571,val
65572,val
65574,train
65575,train
65576,train
65577,train
65578,val
65579,train
65580,train
65581,val
65583,val
65584,train
65585,train
65586,train
65587,train
65588,val
65590,val
65591,train
65592,train
65593,train
65595,train
65597,train
65598,train
65599,train
65600,train
65601,train
65603,train
65605,train
65606,val
65607,train
65608,train
65609,train
65610,train
65611,train
65612,train
65613,val
65614,train
65616,train
65617,val
65619,train
65620,train
65622,val
65623,train
65624,train
65625,train
65628,train
65630,train
65632,train
65633,train
65634,train
65635,train
65636,train
65637,train
65638,train
65639,train
65640,val
65642,val
65643,train
65644,val
65645,val
65646,train
65647,train
65649,val
65650,train
65653,train
65655,train
65656,val
65657,train
65658,val
65659,val
65660,train
65661,train
65662,train
65663,train
65665,train
65667,val
65668,train
65669,train
65670,train
65671,train
65673,val
65674,train
65677,train
65678,train
65679,train
65680,train
65681,train
65682,train
65684,train
65685,train
65687,train
65688,train
65689,train
65692,train
65693,train
65694,train
65695,train
65696,train
65697,train
65698,train
65700,train
65701,train
65702,train
65706,train
65707,train
65708,train
65709,train
65710,train
65711,train
65712,train
65714,train
65715,train
65716,train
65717,train
65718,train
65719,train
65720,train
65721,train
65722,val
65723,train
65726,train
65727,train
65728,train
65729,train
65730,train
65731,train
65732,train
65734,val
65735,train
65736,val
65737,train
65740,train
65742,train
65743,train
65744,val
65745,train
65746,val
65747,train
65748,train
65750,train
65753,train
65754,val
65755,train
65756,train
65757,train
65758,train
65760,train
65761,train
65762,train
65763,train
65764,train
65766,train
65767,train
65769,train
65771,train
65773,val
65774,train
65775,train
65776,train
65777,train
65778,val
65779,train
65780,val
65781,train
65784,train
65785,train
65786,val
65787,train
65788,train
65790,train
65791,train
65793,train
65794,train
65795,val
65797,train
65798,train
65799,train
65800,train
65801,val
65802,train
65803,train
65804,train
65805,val
65806,train
65808,train
65809,val
65810,train
65811,train
65812,train
65813,train
65814,train
65816,train
65817,val
65820,train
65821,val
65823,train
65824,train
65825,val
65826,train
65827,train
65828,train
65833,train
65834,train
65835,train
65836,val
65839,train
65841,val
65843,train
65845,train
65846,train
65847,train
65848,train
65849,train
65850,train
65852,train
65853,train
65854,train
65855,train
65857,train
65858,val
65859,train
65860,train
65861,train
65863,train
65864,train
65865,train
65867,train
65870,train
65871,train
65872,train
65873,train
65874,val
65875,val
65876,val
65878,train
65879,train
65881,train
65882,train
65883,train
65885,train
65887,val
65889,train
65890,train
65891,train
65894,val
65895,train
65896,train
65898,train
65899,train
65900,train
65901,train
65902,train
65905,val
65907,train
65909,train
65911,val
65912,train
65913,train
65915,train
65917,train
65918,train
65919,val
65920,train
65921,val
65922,train
65924,train
65925,train
65926,train
65927,train
65928,val
65929,train
65930,train
65931,train
65932,val
65933,train
65934,val
65935,train
65937,train
65938,train
65939,val
65940,train
65941,train
65942,train
65943,train
65944,val
65946,train
65947,val
65948,train
65949,train
65951,train
65952,train
65956,train
65958,val
65959,train
65960,train
65961,val
65962,train
65963,train
65964,train
65965,train
65966,val
65968,val
65969,train
65970,val
65971,train
65972,train
65974,train
65975,train
65978,val
65979,train
65981,train
65982,train
65983,train
65984,train
65986,train
65988,train
65989,train
65990,train
65991,train
65993,train
65994,train
65995,train
65996,train
65999,val
66000,train
66001,train
66002,train
66003,train
66004,train
66005,train
66008,val
66009,train
66010,train
66013,train
66015,train
66016,val
66021,train
66022,train
66026,train
66027,train
66028,train
66029,train
66031,train
66032,train
66034,val
66035,train
66036,train
66037,val
66038,val
66039,train
66041,train
66042,val
66043,train
66044,train
66045,train
66046,train
66048,train
66049,train
66051,train
66053,train
66054,train
66055,train
66056,train
66057,val
66059,train
66060,val
66061,train
66063,train
66064,train
66065,train
66066,val
66068,train
66069,train
66071,val
66072,train
66073,train
66076,train
66077,val
66079,train
66080,train
66081,train
66083,train
66084,train
66085,val
66087,train
66088,train
66089,val
66090,train
66092,val
66093,val
66094,train
66095,train
66097,train
66098,train
66099,train
66101,train
66102,val
66103,train
66104,train
66105,val
66106,train
66107,train
66108,train
66110,train
66111,train
66115,train
66116,train
66117,train
66119,train
66120,train
66121,train
66122,train
66124,train
66125,train
66126,train
66127,val
66128,train
66129,train
66131,train
66132,train
66133,train
66134,train
66135,val
66136,val
66137,train
66138,val
66139,train
66140,val
66143,train
66144,val
66145,train
66146,val
66147,val
66148,train
66150,train
66153,train
66154,train
66156,train
66157,train
66158,train
66159,train
66160,train
66161,train
66163,train
66165,train
66169,val
66171,train
66172,train
66174,train
66175,val
66176,train
66177,train
66178,train
66180,train
66181,train
66182,train
66184,train
66185,train
66186,train
66187,train
66189,train
66190,val
66191,train
66192,train
66197,train
66199,train
66200,train
66201,train
66202,train
66203,train
66204,val
66206,train
66207,train
66208,train
66209,val
66211,train
66212,train
66213,train
66214,train
66215,train
66216,train
66217,train
66218,train
66219,val
66223,train
66224,train
66225,train
66226,val
66227,val
66229,val
66230,train
66232,train
66236,train
66238,train
66239,val
66240,val
66241,train
66243,train
66244,train
66247,train
66249,train
66250,train
66252,train
66253,train
66254,train
66256,train
66257,train
66258,train
66259,val
66260,train
66264,val
66265,train
66267,train
66268,train
66269,train
66270,val
66271,train
66272,val
66273,train
66274,train
66275,train
66276,train
66277,train
66278,val
66280,val
66281,train
66282,train
66283,train
66284,val
66285,val
66286,train
66287,train
66288,train
66289,train
66290,train
66291,train
66294,val
66296,train
66297,val
66299,train
66300,val
66301,train
66304,val
66305,train
66306,train
66308,train
66309,train
66310,val
66311,train
66312,train
66313,train
66314,train
66315,train
66316,train
66317,train
66320,val
66321,train
66322,val
66323,train
66324,val
66325,val
66326,val
66327,train
66328,train
66329,train
66330,train
66331,val
66332,val
66333,val
66334,train
66335,train
66336,train
66337,train
66338,train
66339,val
66340,train
66341,train
66342,val
66343,val
66344,val
66345,train
66346,train
66347,train
66348,train
66350,train
66351,train
66353,train
66354,train
66355,train
66356,train
66361,train
66362,train
66363,train
66366,val
66367,train
66369,train
66370,train
66371,train
66372,train
66373,train
66374,train
66375,val
66377,val
66378,train
66379,train
66381,val
66382,train
66383,train
66385,train
66386,train
66387,train
66388,val
66389,train
66390,train
66391,train
66392,train
66395,train
66396,val
66397,train
66398,train
66399,train
66400,train
66401,val
66402,train
66403,train
66405,val
66407,train
66411,train
66413,train
66414,train
66415,train
66416,train
66417,train
66418,train
66419,train
66420,train
66421,train
66422,train
66423,train
66424,train
66425,train
66426,train
66427,train
66429,val
66430,train
66431,val
66432,train
66433,train
66436,train
66437,val
66438,train
66439,train
66440,train
66441,train
66443,train
66444,train
66446,train
66447,train
66448,val
66449,train
66450,train
66452,train
66454,train
66456,train
66458,train
66459,train
66460,train
66462,val
66463,train
66464,train
66466,train
66467,train
66468,train
66469,train
66471,train
66472,val
66473,train
66475,train
66476,train
66477,train
66478,train
66479,train
66480,train
66481,train
66482,train
66483,train
66485,train
66486,train
66487,train
66488,train
66490,train
66491,train
66493,train
66494,train
66495,val
66497,train
66499,train
66500,train
66501,val
66502,train
66503,val
66505,train
66507,train
66509,train
66510,val
66511,train
66512,train
66513,train
66515,train
66516,train
66517,train
66518,train
66520,train
66521,train
66522,val
66524,train
66525,train
66526,train
66528,val
66529,val
66530,train
66531,train
66532,train
66534,train
66536,train
66537,train
66538,train
66540,val
66541,train
66542,train
66543,train
66544,train
66545,train
66546,train
66548,train
66549,val
66550,train
66551,val
66553,train
66554,train
66555,train
66556,train
66557,train
66558,train
66559,train
66561,train
66562,val
66563,train
66565,train
66566,train
66567,train
66568,train
66569,val
66570,train
66572,train
66573,train
66575,train
66577,train
66581,train
66583,train
66584,train
66585,train
66587,val
66588,train
66589,val
66590,train
66591,train
66592,val
66593,train
66594,val
66595,train
66597,train
66598,train
66599,train
66601,train
66602,train
66603,train
66605,train
66606,val
66607,train
66608,train
66609,train
66610,train
66611,train
66612,val
66613,train
66614,train
66615,train
66616,train
66618,train
66619,train
66621,val
66623,train
66625,train
66626,train
66627,train
66628,train
66629,train
66632,train
66634,train
66635,train
66637,train
66638,train
66640,train
66641,train
66642,train
66644,train
66645,train
66646,val
66647,val
66648,val
66649,train
66650,val
66651,val
66652,val
66653,val
66654,train
66655,train
66656,val
66659,train
66660,train
66661,val
66662,train
66664,train
66667,val
66668,train
66669,train
66670,train
66672,train
66673,train
66674,train
66676,train
66677,val
66678,train
66681,train
66682,train
66683,train
66684,train
66685,train
66686,val
66687,train
66688,val
66689,val
66690,val
66691,val
66692,train
66693,train
66694,val
66695,train
66696,train
66698,train
66699,train
66700,train
66701,val
66702,train
66703,train
66706,train
66707,train
66709,train
66710,train
66711,train
66712,val
66713,val
66714,train
66715,train
66716,train
66717,train
66718,train
66719,train
66720,train
66721,train
66722,train
66723,train
66724,train
66725,train
66726,val
66727,train
66728,train
66729,train
66730,train
66731,train
66732,train
66733,val
66736,train
66737,train
66739,train
66740,train
66742,train
66743,train
66744,train
66745,train
66746,val
66752,val
66753,train
66755,train
66757,train
66758,train
66759,train
66760,train
66761,val
66762,val
66763,train
66765,train
66768,train
66770,train
66772,train
66774,train
66775,train
66776,train
66777,train
66779,train
66780,val
66781,train
66783,train
66784,val
66785,train
66786,train
66787,train
66788,train
66789,train
66790,train
66791,val
66792,train
66793,train
66795,train
66796,train
66797,train
66798,train
66799,train
66800,val
66802,val
66803,train
66804,train
66805,train
66806,train
66807,train
66809,train
66810,train
66811,train
66812,train
66813,train
66814,train
66816,train
66817,train
66818,train
66819,train
66820,val
66821,train
66822,train
66823,train
66824,train
66826,train
66827,val
66828,train
66830,train
66831,train
66833,val
66834,val
66835,train
66836,train
66837,train
66838,train
66839,val
66840,train
66841,val
66842,train
66843,val
66844,train
66846,train
66847,train
66849,val
66850,train
66851,val
66852,train
66854,val
66855,train
66856,train
66857,train
66858,train
66859,train
66861,train
66862,train
66863,train
66864,train
66865,val
66867,train
66868,train
66869,train
66870,val
66871,train
66872,train
66873,val
66874,train
66876,train
66877,train
66878,train
66880,train
66881,val
66883,train
66884,train
66885,train
66886,val
66888,train
66890,train
66891,train
66892,train
66893,train
66894,train
66895,train
66897,val
66898,train
66899,train
66900,val
66901,train
66902,train
66904,train
66905,val
66907,train
66908,val
66909,val
66910,train
66916,train
66917,train
66919,train
66920,train
66921,val
66922,train
66923,val
66926,train
66927,val
66928,train
66929,train
66930,train
66931,train
66933,train
66934,train
66935,train
66937,train
66938,train
66941,train
66942,train
66943,val
66945,train
66946,train
66947,train
66948,val
66949,train
66950,train
66951,train
66952,train
66953,train
66954,train
66955,val
66956,val
66959,val
66960,val
66962,train
66963,train
66964,train
66965,val
66966,train
66967,val
66968,train
66971,train
66972,train
66974,train
66977,train
66978,val
66979,val
66981,train
66982,train
66983,train
66984,train
66987,train
66988,val
66989,train
66990,train
66991,train
66993,train
66994,train
66997,val
66998,train
67001,train
67002,train
67003,train
67004,train
67005,train
67006,train
67007,train
67008,train
67010,val
67013,train
67014,train
67015,train
67016,train
67017,train
67018,train
67019,val
67020,val
67021,train
67023,val
67024,train
67025,train
67027,train
67028,train
67030,train
67031,train
67032,val
67033,val
67034,train
67036,train
67037,train
67038,train
67039,train
67040,train
67041,train
67042,train
67043,train
67044,train
67045,val
67048,val
67049,train
67051,val
67052,train
67054,val
67055,train
67056,train
67057,val
67058,train
67059,train
67060,val
67061,train
67064,train
67067,train
67068,val
67069,train
67070,train
67071,train
67073,train
67074,train
67075,train
67077,val
67078,val
67079,train
67080,train
67082,val
67084,train
67087,train
67088,train
67089,train
67091,train
67092,train
67093,train
67094,train
67095,train
67096,train
67098,train
67101,train
67103,val
67104,val
67105,train
67106,val
67107,train
67108,train
67109,train
67111,train
67112,train
67113,val
67114,train
67115,val
67116,train
67117,train
67118,train
67119,train
67123,train
67124,train
67125,train
67126,train
67127,train
67128,train
67129,train
67130,train
67131,train
67133,train
67134,train
67135,train
67136,train
67137,train
67138,val
67139,train
67140,train
67141,train
67142,train
67143,val
67145,train
67146,train
67148,train
67149,train
67150,val
67151,train
67152,train
67153,train
67154,train
67156,train
67157,train
67158,val
67159,val
67160,train
67163,val
67164,train
67165,train
67166,train
67168,train
67170,val
67171,val
67173,train
67175,train
67176,val
67178,val
67179,train
67180,train
67181,train
67182,train
67183,train
67184,train
67186,train
67188,train
67189,train
67190,train
67191,val
67192,train
67193,train
67194,val
67195,train
67196,train
67198,train
67199,train
67200,train
67201,train
67202,val
67203,train
67204,train
67205,train
67206,train
67207,train
67208,train
67209,train
67211,val
67213,train
67214,train
67216,val
67217,train
67219,val
67221,train
67224,train
67225,train
67226,val
67227,val
67228,train
67229,train
67230,train
67231,train
67232,val
67233,train
67235,train
67236,train
67237,train
67238,train
67242,train
67243,train
67244,train
67245,train
67247,train
67248,train
67250,train
67251,val
67254,train
67255,train
67256,train
67259,train
67260,train
67262,train
67263,train
67264,train
67265,train
67266,train
67268,val
67269,val
67270,val
67271,train
67272,val
67273,train
67275,train
67276,train
67277,train
67278,train
67279,train
67281,train
67283,train
67284,train
67285,train
67287,train
67289,train
67290,train
67291,train
67293,train
67294,train
67295,train
67296,train
67297,train
67298,train
67299,train
67302,train
67303,train
67305,train
67306,train
67307,train
67308,train
67309,train
67310,train
67311,train
67312,train
67313,val
67314,train
67315,val
67317,train
67318,train
67319,val
67321,train
67322,val
67324,val
67325,train
67326,train
67327,train
67328,val
67331,train
67333,train
67336,train
67337,train
67339,train
67340,train
67341,train
67342,train
67343,train
67345,train
67347,train
67349,train
67350,train
67353,train
67354,train
67355,train
67356,train
67357,val
67358,val
67359,train
67361,val
67362,train
67363,val
67364,train
67365,train
67366,train
67367,val
67368,train
67369,train
67370,train
67371,train
67372,train
67375,train
67376,train
67378,train
67381,train
67382,train
67383,train
67384,train
67386,val
67388,train
67389,train
67390,val
67391,train
67392,train
67393,train
67394,train
67395,train
67396,val
67399,train
67400,train
67402,val
67403,val
67405,train
67406,train
67407,train
67409,train
67410,train
67411,train
67412,val
67413,val
67414,train
67415,train
67416,train
67417,val
67418,train
67420,train
67421,train
67422,train
67423,train
67424,val
67425,train
67426,train
67427,train
67428,train
67429,train
67431,train
67432,train
67433,train
67434,train
67435,train
67436,train
67438,train
67439,val
67441,train
67442,train
67443,val
67445,train
67446,train
67447,train
67448,val
67449,train
67450,train
67451,val
67452,train
67454,train
67456,train
67457,train
67458,train
67459,train
67460,train
67461,train
67462,val
67463,train
67464,train
67466,train
67467,val
67469,train
67470,train
67471,train
67473,train
67474,train
67475,train
67476,train
67477,train
67480,train
67481,val
67482,train
67483,train
67484,train
67485,train
67486,train
67487,train
67488,train
67489,val
67490,val
67491,train
67492,train
67493,train
67494,train
67495,train
67496,train
67498,train
67499,val
67500,train
67501,train
67502,train
67503,train
67504,train
67505,train
67506,train
67508,train
67509,train
67510,train
67511,train
67512,train
67513,val
67514,train
67515,train
67516,val
67517,train
67518,train
67519,train
67520,train
67521,train
67522,train
67523,val
67524,train
67525,train
67526,val
67527,val
67528,train
67529,train
67531,train
67533,train
67534,train
67535,train
67536,train
67538,train
67539,train
67542,train
67543,train
67544,train
67545,train
67546,train
67547,train
67548,train
67549,val
67551,val
67552,train
67553,train
67554,train
67555,val
67556,train
67557,train
67558,train
67559,val
67561,train
67562,train
67563,train
67565,train
67566,train
67567,train
67568,train
67569,train
67571,train
67573,val
67574,train
67575,train
67577,train
67578,val
67579,train
67580,train
67581,train
67582,train
67583,train
67584,val
67586,train
67588,train
67589,train
67590,val
67591,train
67592,train
67593,train
67595,val
67596,train
67599,train
67602,train
67603,val
67604,train
67605,train
67606,train
67607,train
67609,train
67610,train
67611,train
67612,train
67613,train
67616,train
67619,train
67621,train
67623,train
67624,train
67626,val
67627,train
67630,train
67631,val
67632,val
67633,train
67634,train
67635,train
67636,train
67637,train
67639,train
67640,val
67642,train
67643,train
67645,train
67646,train
67647,train
67648,train
67649,train
67651,val
67654,train
67655,train
67656,train
67657,train
67658,train
67659,train
67662,train
67663,val
67664,train
67665,train
67668,train
67672,train
67673,val
67674,train
67675,train
67676,train
67677,val
67678,val
67679,train
67680,train
67681,train
67683,train
67685,train
67686,train
67687,train
67688,train
67689,train
67691,train
67692,train
67693,train
67694,train
67695,train
67696,train
67697,train
67698,train
67699,train
67700,train
67702,train
67703,train
67706,train
67707,train
67708,train
67709,train
67710,val
67711,train
67712,train
67713,train
67715,val
67717,train
67718,train
67719,train
67721,train
67722,train
67726,train
67728,train
67729,train
67730,train
67731,train
67732,val
67733,train
67734,train
67735,train
67737,train
67739,train
67740,train
67742,train
67743,train
67745,train
67747,train
67749,train
67750,train
67752,val
67753,train
67754,val
67755,train
67756,train
67757,train
67759,val
67760,val
67761,train
67762,train
67763,val
67764,train
67765,train
67766,train
67767,train
67768,train
67770,val
67771,train
67772,val
67773,train
67774,train
67775,val
67776,val
67777,train
67779,train
67780,train
67782,train
67783,val
67784,train
67785,train
67786,train
67787,train
67788,val
67789,val
67790,train
67791,train
67792,train
67793,train
67794,train
67795,train
67796,train
67799,train
67800,train
67802,train
67804,train
67806,train
67807,train
67808,val
67809,train
67812,train
67814,train
67815,train
67816,val
67817,train
67818,train
67819,train
67821,train
67822,train
67825,train
67826,train
67828,train
67829,train
67830,train
67831,train
67832,train
67833,train
67836,train
67837,train
67842,val
67844,train
67846,train
67848,train
67849,train
67850,train
67851,train
67852,train
67854,train
67856,train
67857,train
67858,train
67859,val
67860,train
67864,train
67865,train
67867,val
67869,train
67870,train
67871,train
67872,train
67873,train
67874,train
67875,train
67876,val
67877,train
67879,train
67880,val
67881,train
67882,train
67883,val
67884,train
67886,train
67888,train
67889,train
67892,val
67893,train
67894,train
67895,val
67897,val
67898,val
67900,train
67901,train
67902,train
67903,train
67904,train
67905,train
67906,train
67907,train
67908,val
67909,train
67911,train
67912,train
67913,train
67916,train
67917,train
67918,train
67920,train
67921,train
67923,train
67924,train
67927,val
67928,train
67930,train
67935,train
67936,val
67937,train
67938,val
67939,val
67944,val
67947,val
67949,train
67950,train
67951,val
67952,train
67953,val
67954,train
67955,train
67957,train
67959,train
67961,train
67962,train
67968,val
67969,train
67970,train
67971,train
67972,val
67973,val
67974,train
67975,train
67976,train
67978,train
67979,train
67980,train
67981,train
67982,train
67984,train
67986,train
67987,train
67988,train
67989,train
67990,val
67991,val
67992,train
67993,train
67994,train
67995,train
67996,train
67997,train
67998,val
67999,train
68000,train
68001,train
68002,train
68003,train
68004,train
68005,val
68006,val
68008,train
68010,train
68013,train
68014,train
68015,train
68016,train
68020,train
68021,val
68024,train
68025,train
68026,train
68027,train
68029,train
68030,train
68031,train
68032,train
68035,train
68036,train
68037,train
68038,train
68039,train
68040,train
68042,train
68043,train
68045,train
68046,train
68047,train
68048,train
68049,train
68050,train
68052,train
68053,val
68054,train
68055,train
68056,train
68057,train
68058,train
68059,train
68060,train
68061,train
68063,val
68064,train
68066,train
68067,val
68068,val
68071,train
68072,train
68073,train
68075,train
68076,train
68077,train
68079,train
68080,train
68081,train
68082,train
68083,val
68084,train
68086,train
68088,train
68089,train
68091,train
68093,train
68094,train
68095,train
68096,train
68097,train
68098,train
68100,val
68102,train
68103,train
68104,train
68105,train
68106,train
68107,train
68108,train
68109,train
68111,train
68114,train
68116,val
68117,val
68118,val
68119,train
68120,train
68121,train
68122,train
68123,train
68124,train
68127,train
68128,train
68130,val
68131,train
68132,train
68133,train
68134,train
68135,train
68137,train
68138,train
68140,train
68142,train
68143,train
68144,val
68145,train
68147,train
68148,val
68149,train
68150,val
68151,train
68153,train
68154,train
68155,train
68156,val
68157,train
68158,train
68159,val
68164,train
68165,train
68166,val
68167,train
68169,train
68170,train
68171,train
68172,train
68173,train
68175,val
68177,train
68178,train
68179,train
68180,train
68181,val
68182,train
68183,train
68184,val
68185,train
68187,train
68188,val
68190,train
68191,train
68192,train
68193,train
68194,train
68197,train
68198,val
68199,val
68201,train
68203,train
68204,train
68205,train
68206,val
68208,train
68209,val
68210,train
68211,train
68212,train
68214,val
68215,train
68216,train
68217,val
68218,train
68220,train
68222,train
68223,train
68224,train
68225,train
68226,train
68227,train
68228,train
68229,val
68230,train
68232,train
68233,train
68236,val
68237,train
68238,train
68240,train
68242,val
68243,train
68245,val
68246,train
68247,val
68248,train
68250,val
68251,train
68253,train
68254,val
68255,train
68256,val
68257,val
68258,train
68259,val
68261,train
68262,train
68263,train
68265,train
68266,train
68268,train
68269,val
68270,val
68271,train
68272,train
68274,train
68275,val
68277,train
68278,train
68280,train
68282,train
68283,val
68284,train
68285,train
68286,train
68287,train
68288,train
68291,train
68292,val
68293,train
68295,train
68296,val
68297,train
68299,train
68300,train
68301,train
68302,train
68303,train
68304,train
68305,val
68306,train
68308,train
68309,train
68310,train
68312,train
68313,train
68314,train
68316,train
68317,train
68319,val
68321,train
68323,train
68325,train
68326,train
68328,train
68329,train
68330,train
68331,train
68332,train
68335,train
68338,train
68339,train
68340,train
68341,train
68342,train
68343,train
68344,train
68345,train
68346,train
68348,train
68349,train
68350,train
68351,train
68352,train
68353,val
68354,train
68355,train
68357,train
68358,val
68359,val
68361,train
68362,train
68365,train
68366,val
68367,train
68368,train
68369,train
68370,train
68371,train
68372,train
68373,train
68375,train
68376,train
68378,train
68379,train
68381,train
68384,val
68385,val
68387,val
68390,train
68391,train
68392,train
68393,train
68394,train
68395,train
68397,train
68398,train
68399,train
68400,train
68401,train
68402,train
68403,val
68404,train
68406,train
68407,train
68408,train
68409,train
68410,train
68411,train
68413,val
68414,val
68415,val
68416,train
68417,train
68418,val
68419,val
68420,train
68421,train
68424,train
68425,train
68426,train
68427,train
68428,train
68430,train
68431,train
68432,train
68433,train
68434,val
68435,train
68436,val
68438,train
68439,train
68440,train
68441,train
68442,train
68443,val
68444,train
68446,val
68447,train
68448,train
68450,train
68451,val
68452,train
68453,val
68454,val
68456,val
68457,train
68459,train
68460,train
68461,train
68462,train
68463,train
68464,train
68465,train
68467,train
68468,val
68470,train
68471,train
68472,train
68473,train
68474,train
68475,train
68476,val
68477,train
68478,train
68481,train
68482,val
68483,train
68484,val
68486,train
68487,val
68488,train
68489,train
68490,train
68491,train
68492,val
68493,train
68495,train
68497,train
68498,train
68500,val
68501,train
68502,val
68503,train
68504,train
68505,val
68506,train
68507,train
68508,train
68510,train
68511,train
68512,train
68514,train
68515,train
68516,train
68517,train
68518,train
68519,train
68520,train
68522,train
68523,train
68525,val
68526,train
68527,train
68528,train
68529,train
68530,train
68531,train
68532,train
68534,train
68535,val
68538,val
68539,train
68540,train
68541,train
68543,val
68545,val
68547,val
68548,train
68550,train
68551,train
68552,train
68553,val
68554,train
68555,train
68558,train
68560,train
68561,train
68564,train
68565,train
68566,train
68568,train
68569,train
68570,train
68573,train
68574,train
68578,train
68579,train
68582,train
68583,train
68584,train
68585,val
68586,val
68588,train
68589,train
68591,train
68592,val
68593,train
68594,train
68595,train
68596,val
68598,train
68599,train
68600,train
68601,train
68602,train
68604,val
68606,train
68607,train
68608,train
68609,train
68610,train
68612,train
68613,val
68615,train
68616,train
68617,train
68619,train
68620,train
68621,train
68622,train
68623,train
68624,train
68625,train
68626,train
68627,train
68628,train
68629,train
68631,train
68632,train
68633,train
68634,train
68635,train
68638,train
68640,train
68641,train
68642,val
68643,val
68644,train
68645,train
68647,train
68649,train
68650,val
68651,train
68652,train
68654,train
68656,train
68658,train
68659,train
68660,train
68661,val
68662,train
68663,train
68664,train
68665,train
68666,val
68667,val
68668,val
68669,train
68670,train
68671,train
68672,train
68673,train
68674,train
68675,train
68677,val
68678,train
68680,val
68681,train
68682,train
68683,val
68685,train
68686,train
68687,train
68688,train
68689,train
68690,train
68691,train
68692,train
68693,train
68694,val
68695,train
68696,val
68697,val
68698,train
68699,train
68700,val
68702,val
68705,train
68706,val
68707,train
68708,train
68709,train
68710,val
68712,train
68713,train
68714,train
68715,val
68717,train
68719,train
68720,train
68721,val
68722,train
68724,train
68725,val
68726,train
68727,train
68728,train
68730,train
68733,train
68734,train
68735,train
68736,train
68737,train
68738,train
68739,train
68741,train
68742,train
68743,train
68744,val
68745,train
68746,train
68747,train
68748,val
68749,train
68750,train
68751,val
68752,train
68755,val
68756,train
68757,train
68758,train
68759,train
68760,train
68761,train
68763,train
68764,train
68765,val
68766,train
68767,train
68768,train
68769,train
68772,train
68774,train
68775,train
68776,val
68777,train
68778,train
68779,train
68780,train
68783,train
68784,train
68786,train
68787,train
68788,train
68790,train
68793,train
68794,val
68795,train
68797,train
68798,train
68799,train
68800,train
68801,train
68802,train
68803,train
68804,train
68805,train
68806,train
68807,val
68809,train
68811,train
68813,train
68814,train
68815,train
68816,train
68817,val
68818,train
68819,train
68822,val
68823,train
68826,train
68827,train
68828,train
68829,val
68830,train
68831,train
68833,train
68834,train
68835,train
68836,train
68837,train
68842,val
68843,val
68844,train
68845,train
68846,train
68847,train
68850,train
68851,train
68853,train
68856,train
68859,train
68860,train
68861,train
68862,train
68866,train
68868,train
68869,val
68870,train
68872,train
68873,train
68876,train
68877,train
68879,val
68880,val
68882,train
68883,train
68884,train
68885,train
68886,val
68887,train
68888,train
68889,val
68890,train
68891,train
68892,train
68893,val
68896,train
68897,val
68898,train
68899,train
68900,train
68901,train
68903,train
68904,val
68905,train
68906,train
68907,val
68909,train
68910,train
68912,train
68913,train
68915,train
68917,train
68921,val
68922,val
68923,train
68924,train
68925,train
68926,train
68927,train
68928,train
68929,train
68930,train
68931,val
68932,val
68933,train
68934,train
68935,train
68936,val
68937,val
68938,train
68939,train
68941,train
68942,train
68943,train
68944,train
68945,train
68946,train
68949,train
68950,train
68951,train
68952,train
68953,train
68954,train
68955,val
68956,val
68957,val
68958,train
68959,train
68960,train
68963,train
68964,train
68965,train
68966,train
68967,train
68968,train
68970,train
68971,train
68972,train
68974,train
68975,train
68977,val
68978,train
68979,train
68980,val
68981,train
68982,val
68983,val
68984,train
68988,train
68989,train
68990,train
68991,train
68992,train
68994,val
68995,train
68997,train
68998,train
68999,train
69000,train
69001,train
69002,train
69003,train
69006,val
69007,train
69008,train
69009,train
69014,train
69016,train
69017,train
69018,val
69019,train
69020,train
69021,train
69022,train
69023,train
69025,train
69026,val
69027,train
69028,train
69032,val
69034,train
69035,train
69036,train
69038,train
69041,train
69042,train
69043,train
69044,train
69047,train
69049,train
69050,train
69051,train
69053,val
69054,train
69055,val
69056,val
69057,train
69058,val
69059,train
69061,train
69063,train
69066,train
69067,val
69068,train
69069,train
69070,train
69072,train
69073,train
69074,train
69075,train
69076,train
69077,train
69079,train
69081,train
69082,val
69083,train
69084,train
69085,train
69086,train
69087,train
69088,val
69090,train
69091,train
69092,val
69093,train
69096,train
69098,train
69099,train
69101,train
69102,train
69103,val
69104,train
69105,val
69106,train
69107,train
69109,train
69110,train
69111,train
69112,train
69113,train
69114,train
69115,train
69117,train
69118,val
69120,val
69121,train
69123,train
69124,train
69125,train
69126,train
69127,val
69129,train
69131,train
69132,train
69133,val
69134,train
69136,train
69137,train
69138,train
69140,train
69141,train
69142,train
69144,train
69145,train
69147,train
69148,train
69149,train
69150,train
69152,train
69153,train
69154,train
69155,train
69156,train
69157,train
69158,train
69159,train
69160,train
69162,train
69164,train
69165,val
69166,train
69169,train
69171,train
69172,train
69174,val
69175,train
69176,train
69177,train
69178,train
69179,train
69180,train
69182,train
69183,train
69185,train
69186,train
69187,train
69188,val
69189,train
69190,train
69192,train
69193,train
69196,val
69198,train
69199,val
69200,train
69202,train
69203,train
69205,val
69206,train
69207,val
69208,train
69209,train
69210,val
69211,train
69212,train
69214,val
69215,train
69216,train
69218,train
69220,train
69221,train
69222,train
69223,val
69224,val
69225,train
69226,train
69227,train
69228,train
69229,train
69230,train
69231,train
69232,train
69233,train
69234,train
69235,train
69236,train
69237,train
69238,train
69239,train
69240,val
69241,train
69243,train
69244,train
69245,train
69246,val
69247,train
69248,train
69249,train
69250,train
69252,train
69253,train
69256,train
69257,train
69258,train
69259,train
69260,train
69261,train
69262,train
69263,val
69264,train
69265,train
69266,train
69267,train
69269,train
69271,train
69272,val
69274,val
69275,train
69276,train
69277,train
69278,train
69282,train
69283,train
69284,train
69285,train
69286,train
69287,val
69288,train
69290,train
69291,train
69292,val
69296,val
69298,val
69299,train
69300,train
69301,train
69302,train
69303,train
69304,train
69305,train
69306,train
69309,train
69310,train
69311,train
69312,train
69313,train
69314,train
69317,train
69318,train
69320,train
69321,val
69322,train
69324,train
69325,train
69326,train
69327,val
69328,train
69329,train
69330,train
69331,train
69332,train
69333,train
69334,val
69335,train
69336,train
69339,train
69340,train
69341,train
69342,train
69345,train
69347,train
69348,train
69349,val
69351,train
69352,train
69353,train
69354,train
69355,train
69356,val
69357,train
69358,train
69359,val
69360,train
69362,train
69363,train
69364,val
69365,train
69366,val
69367,train
69369,train
69370,val
69371,train
69372,val
69373,val
69374,train
69375,train
69377,train
69380,train
69381,train
69387,train
69388,train
69389,train
69390,train
69391,val
69395,val
69396,train
69397,train
69398,train
69399,train
69400,train
69401,train
69403,val
69405,train
69406,train
69409,train
69411,train
69412,train
69413,train
69414,train
69415,train
69416,train
69417,val
69418,train
69420,train
69421,train
69424,train
69426,val
69427,train
69428,train
69429,train
69431,train
69432,train
69433,val
69435,train
69436,train
69437,train
69438,train
69439,train
69440,train
69441,train
69442,train
69443,train
69444,val
69445,train
69446,val
69447,train
69449,train
69450,train
69451,train
69453,train
69454,val
69455,val
69456,val
69457,train
69458,train
69459,train
69460,train
69461,train
69463,train
69464,val
69465,train
69466,train
69468,val
69469,train
69470,train
69471,train
69472,train
69473,train
69474,train
69475,val
69477,train
69478,val
69479,val
69480,val
69482,train
69483,train
69484,train
69485,train
69487,train
69489,train
69490,train
69491,train
69492,train
69496,train
69497,train
69498,train
69499,train
69500,train
69501,train
69502,train
69503,train
69504,val
69505,train
69506,train
69507,train
69508,val
69509,train
69510,val
69511,train
69512,train
69513,train
69515,train
69516,train
69519,train
69520,train
69522,train
69523,val
69525,train
69527,train
69529,train
69530,train
69531,train
69532,val
69533,train
69534,train
69535,train
69536,train
69537,train
69540,val
69541,val
69543,train
69545,train
69548,train
69549,val
69550,train
69551,train
69552,train
69553,train
69554,train
69555,train
69556,val
69557,train
69558,train
69559,val
69561,train
69562,train
69563,train
69564,train
69568,train
69569,train
69570,val
69572,train
69573,train
69574,train
69576,train
69577,val
69578,train
69579,val
69580,train
69581,train
69582,train
69583,train
69584,val
69585,train
69586,train
69588,train
69589,val
69592,val
69593,train
69594,train
69597,train
69600,train
69601,train
69602,val
69604,train
69606,train
69607,train
69608,val
69609,train
69610,train
69611,val
69612,train
69613,train
69614,train
69616,train
69618,train
69619,train
69620,val
69621,train
69622,train
69625,train
69626,train
69627,train
69628,train
69629,train
69630,val
69631,train
69632,train
69633,val
69634,train
69635,train
69637,train
69638,train
69639,train
69641,train
69642,val
69643,val
69644,train
69646,train
69647,train
69648,train
69650,train
69651,train
69652,train
69654,train
69655,train
69657,train
69658,train
69659,train
69660,train
69662,val
69664,train
69665,train
69666,val
69667,train
69668,val
69669,train
69671,train
69672,train
69673,val
69675,train
69678,val
69679,train
69680,val
69681,train
69682,train
69683,train
69685,train
69686,train
69687,train
69688,train
69689,train
69690,train
69691,train
69693,train
69694,val
69695,train
69696,train
69697,train
69698,val
69699,val
69700,train
69701,train
69703,train
69705,train
69707,val
69708,train
69709,train
69710,train
69711,train
69712,train
69714,val
69716,train
69718,val
69719,train
69721,val
69723,train
69725,val
69726,train
69727,train
69728,val
69729,train
69730,val
69731,train
69732,train
69733,val
69734,train
69735,train
69737,train
69739,train
69741,train
69742,train
69743,train
69745,train
69746,val
69747,val
69749,val
69750,train
69752,train
69753,train
69754,train
69755,train
69757,train
69759,train
69760,train
69761,train
69762,train
69763,train
69764,val
69765,val
69767,train
69770,train
69771,train
69772,train
69773,train
69774,train
69775,train
69776,train
69778,train
69780,val
69782,train
69783,val
69784,train
69785,val
69786,train
69787,train
69788,train
69790,train
69791,val
69792,train
69793,train
69794,train
69796,train
69797,train
69798,train
69799,train
69800,train
69801,train
69802,train
69803,train
69804,train
69805,val
69806,train
69807,train
69808,val
69811,train
69812,train
69815,train
69816,train
69817,train
69818,train
69819,train
69821,train
69822,train
69823,train
69824,train
69825,train
69828,train
69831,val
69833,train
69834,train
69835,train
69836,train
69837,train
69838,train
69839,train
69840,val
69841,train
69842,train
69843,train
69846,train
69848,train
69849,train
69850,train
69851,train
69852,train
69854,train
69856,train
69857,train
69858,train
69859,train
69860,val
69862,train
69863,train
69864,train
69865,train
69866,train
69869,train
69871,train
69873,train
69874,train
69876,val
69877,val
69878,val
69880,train
69881,train
69882,val
69883,train
69884,train
69885,val
69886,train
69887,train
69888,train
69889,train
69891,val
69892,train
69893,train
69894,train
69896,train
69897,train
69898,train
69899,train
69901,train
69902,train
69906,train
69908,train
69909,train
69911,train
69916,train
69917,train
69919,train
69920,train
69922,train
69923,train
69924,val
69926,train
69927,train
69928,train
69930,train
69931,train
69935,val
69936,train
69939,train
69940,train
69942,val
69943,train
69944,train
69945,train
69946,train
69948,train
69949,val
69950,train
69951,train
69952,train
69953,train
69955,train
69956,train
69959,train
69960,val
69961,train
69962,train
69963,train
69964,train
69965,train
69966,train
69967,train
69968,val
69969,train
69970,train
69971,train
69972,train
69973,train
69974,train
69976,train
69977,train
69978,train
69979,train
69980,train
69981,train
69983,val
69984,val
69986,train
69987,train
69988,train
69989,val
69991,train
69994,train
69995,train
69998,val
69999,train
70000,val
70001,train
70002,train
70003,train
70004,train
70005,train
70006,train
70007,train
70008,train
70009,train
70010,train
70011,train
70012,train
70014,train
70017,train
70019,train
70020,train
70021,train
70022,train
70023,train
70026,val
70027,train
70028,train
70029,train
70030,train
70031,train
70033,train
70035,train
70036,train
70037,train
70038,train
70039,train
70040,train
70041,train
70042,val
70043,train
70044,train
70046,train
70047,val
70049,train
70050,train
70052,val
70053,train
70054,train
70055,train
70056,train
70057,val
70058,val
70059,train
70060,val
70061,val
70062,train
70063,train
70064,train
70067,val
70068,train
70069,train
70071,train
70072,train
70073,train
70074,train
70076,train
70077,train
70078,train
70079,train
70080,val
70081,train
70082,val
70083,train
70084,train
70086,train
70087,val
70088,train
70089,train
70090,train
70091,train
70092,val
70094,train
70095,train
70096,val
70097,train
70099,train
70100,val
70101,train
70103,val
70105,val
70106,train
70107,train
70108,train
70109,val
70110,train
70111,train
70113,train
70114,train
70115,val
70116,train
70117,val
70119,train
70120,val
70121,train
70122,train
70124,train
70125,val
70126,train
70128,train
70129,train
70130,val
70131,train
70132,train
70134,val
70135,val
70136,train
70138,train
70139,val
70142,train
70143,val
70144,train
70145,val
70147,train
70148,train
70149,train
70150,val
70152,val
70153,train
70154,train
70155,train
70157,train
70158,train
70159,train
70160,train
70163,val
70164,train
70165,train
70167,train
70168,train
70169,val
70170,train
70171,train
70172,train
70173,val
70174,train
70175,train
70176,train
70177,val
70178,train
70179,train
70181,train
70183,train
70184,train
70185,train
70186,train
70188,val
70189,train
70190,train
70191,train
70193,val
70194,train
70195,train
70196,train
70197,train
70198,train
70199,train
70200,val
70201,train
70202,train
70203,train
70204,train
70205,train
70206,train
70207,train
70208,train
70209,train
70210,train
70212,train
70213,train
70214,train
70215,train
70216,train
70217,train
70218,train
70221,train
70222,train
70223,val
70224,train
70225,train
70226,train
70227,train
70229,train
70230,train
70232,train
70233,train
70235,train
70236,val
70237,train
70239,train
70240,val
70242,train
70243,val
70244,train
70245,train
70246,train
70248,train
70249,train
70250,train
70253,train
70254,train
70255,train
70258,val
70259,train
70261,train
70262,train
70263,train
70264,val
70266,train
70270,train
70271,val
70272,val
70273,train
70275,train
70276,train
70278,val
70279,train
70280,val
70281,train
70282,train
70284,val
70285,train
70286,train
70287,train
70288,train
70289,train
70290,val
70291,val
70292,train
70293,train
70295,train
70296,train
70297,val
70298,train
70299,train
70300,val
70301,train
70302,val
70303,val
70305,train
70307,train
70308,val
70310,train
70311,train
70314,train
70315,train
70316,train
70317,train
70318,train
70319,train
70320,val
70321,train
70322,train
70323,train
70324,train
70325,train
70326,train
70328,train
70329,train
70330,train
70332,val
70335,train
70336,train
70338,val
70339,val
70340,train
70344,train
70351,train
70352,train
70357,train
70358,val
70359,train
70361,train
70363,train
70365,train
70366,val
70367,train
70368,train
70369,train
70370,val
70371,train
70373,train
70374,train
70375,train
70376,train
70379,train
70380,train
70383,train
70385,train
70386,train
70387,train
70388,train
70389,train
70390,train
70391,train
70394,val
70395,train
70396,train
70397,train
70398,train
70399,val
70401,train
70402,train
70403,train
70404,train
70405,train
70406,train
70407,train
70409,train
70411,train
70412,train
70413,train
70417,train
70419,train
70420,train
70421,train
70422,val
70423,train
70424,train
70425,val
70426,train
70427,val
70428,train
70429,train
70430,val
70431,train
70433,train
70435,val
70436,train
70438,val
70440,train
70441,val
70442,train
70443,train
70444,val
70446,train
70447,train
70449,train
70450,train
70451,val
70453,train
70455,train
70458,train
70459,train
70460,train
70462,val
70463,train
70464,train
70465,train
70466,train
70467,train
70470,train
70471,train
70472,train
70473,train
70474,train
70476,train
70477,train
70478,train
70479,train
70480,train
70482,train
70484,train
70485,train
70486,train
70487,train
70488,train
70493,train
70494,val
70495,train
70497,train
70498,train
70500,train
70501,train
70503,train
70504,train
70505,train
70508,train
70509,train
70510,train
70514,train
70515,train
70516,val
70517,train
70518,train
70519,train
70520,val
70521,train
70522,train
70524,train
70525,train
70526,val
70527,train
70529,train
70531,train
70532,train
70533,train
70534,val
70535,val
70536,train
70538,val
70539,val
70543,train
70544,train
70546,train
70549,train
70550,train
70551,val
70552,train
70553,train
70554,train
70556,train
70557,train
70558,train
70560,train
70561,train
70562,train
70563,train
70564,train
70565,train
70567,val
70568,train
70569,train
70572,train
70573,train
70574,val
70575,train
70576,val
70577,train
70578,train
70579,train
70580,val
70584,train
70585,train
70588,val
70589,train
70590,train
70591,train
70592,train
70593,train
70595,val
70597,train
70598,train
70599,val
70600,train
70601,train
70602,train
70603,train
70604,val
70605,train
70609,train
70610,train
70611,train
70612,val
70613,train
70615,train
70616,train
70617,train
70618,train
70621,train
70622,train
70623,train
70624,val
70626,val
70627,train
70629,train
70630,train
70632,train
70633,train
70634,train
70635,train
70636,val
70637,train
70638,val
70639,train
70644,train
70645,val
70646,train
70647,val
70648,val
70651,train
70653,train
70654,train
70656,train
70657,train
70658,val
70659,val
70660,val
70662,train
70663,train
70665,val
70667,train
70668,train
70669,val
70670,train
70672,train
70673,train
70674,val
70675,train
70676,train
70677,train
70678,train
70679,train
70680,train
70681,val
70682,train
70683,train
70684,val
70685,train
70686,val
70687,train
70691,val
70692,train
70693,train
70694,train
70695,train
70698,val
70699,train
70700,val
70702,train
70703,val
70704,train
70705,val
70706,train
70707,train
70708,train
70710,train
70711,train
70712,train
70716,train
70717,val
70718,train
70719,train
70720,train
70723,train
70724,train
70725,train
70727,val
70728,val
70729,train
70730,train
70731,train
70734,train
70735,train
70736,val
70738,train
70739,train
70740,train
70741,train
70742,train
70743,train
70744,train
70746,val
70747,train
70748,train
70749,train
70750,train
70751,train
70752,train
70753,val
70754,train
70756,train
70757,train
70759,train
70760,train
70761,train
70762,train
70763,val
70764,train
70766,val
70767,train
70769,train
70771,train
70773,train
70775,train
70776,val
70778,train
70779,train
70780,train
70781,train
70782,train
70784,val
70785,val
70786,train
70788,train
70789,val
70790,train
70791,train
70792,val
70793,train
70794,val
70797,train
70798,train
70799,train
70800,train
70801,train
70802,train
70803,train
70804,train
70805,val
70806,train
70807,train
70809,train
70813,val
70815,train
70817,train
70818,train
70819,train
70820,train
70821,train
70823,train
70824,train
70825,train
70826,train
70827,val
70828,train
70829,train
70831,train
70832,train
70833,train
70834,val
70835,val
70836,train
70837,train
70838,train
70840,train
70842,train
70843,train
70845,train
70846,val
70847,train
70848,train
70849,train
70850,val
70851,val
70852,train
70853,train
70854,train
70857,val
70858,train
70859,train
70860,train
70862,train
70864,val
70865,train
70867,val
70868,train
70870,train
70872,train
70873,train
70874,val
70875,train
70876,train
70877,train
70878,train
70881,val
70882,val
70883,train
70884,train
70885,train
70886,train
70889,train
70890,train
70891,train
70892,train
70893,train
70894,val
70895,train
70896,train
70897,train
70898,train
70899,train
70900,train
70904,train
70905,train
70906,train
70907,train
70908,train
70909,train
70910,train
70913,train
70914,train
70915,train
70916,train
70918,train
70920,val
70921,train
70922,val
70924,train
70926,train
70927,train
70928,val
70929,val
70930,train
70931,train
70932,train
70933,train
70934,val
70935,train
70936,val
70937,train
70938,train
70939,train
70940,train
70941,train
70943,train
70944,train
70946,val
70947,train
70948,train
70950,train
70952,train
70953,val
70954,val
70955,train
70956,train
70957,train
70958,val
70961,train
70962,train
70963,train
70964,train
70965,train
70967,train
70968,train
70971,train
70972,train
70973,val
70974,train
70976,train
70977,val
70978,train
70979,train
70980,train
70981,val
70982,train
70985,train
70986,train
70987,train
70988,train
70989,train
70990,train
70991,train
70992,train
70993,train
70994,train
70996,train
70999,train
71000,train
71001,train
71002,val
71003,train
71005,train
71006,val
71007,train
71008,train
71009,train
71010,train
71011,train
71013,val
71014,train
71015,val
71017,train
71018,train
71019,train
71020,train
71023,train
71026,train
71028,train
71029,train
71030,train
71031,train
71032,train
71033,train
71034,val
71035,train
71036,train
71037,train
71038,train
71039,train
71041,train
71042,train
71043,train
71044,train
71045,train
71046,train
71049,train
71050,train
71051,train
71053,val
71054,train
71055,train
71056,train
71060,train
71061,train
71062,train
71063,val
71064,train
71067,train
71068,train
71070,train
71071,train
71072,train
71073,val
71074,train
71075,train
71076,train
71080,train
71081,train
71084,train
71085,val
71086,train
71087,train
71088,train
71090,val
71091,train
71092,train
71094,train
71095,train
71096,train
71097,train
71098,train
71099,val
71100,train
71101,train
71102,train
71103,val
71104,train
71105,train
71106,train
71107,val
71108,train
71109,train
71110,val
71111,train
71112,train
71115,train
71117,val
71118,train
71120,train
71122,train
71123,val
71125,train
71126,train
71128,val
71129,train
71130,train
71132,train
71133,train
71134,train
71135,train
71136,train
71138,val
71139,train
71140,train
71141,train
71142,train
71143,train
71144,train
71145,val
71146,train
71148,train
71150,train
71152,val
71153,train
71154,train
71155,val
71156,train
71157,train
71158,train
71159,train
71160,train
71161,val
71162,train
71164,val
71165,train
71166,val
71168,train
71169,val
71170,train
71171,train
71172,train
71174,train
71176,train
71179,train
71181,val
71182,train
71183,train
71184,train
71185,train
71187,train
71188,train
71191,train
71192,train
71193,train
71195,train
71196,train
71197,train
71198,train
71199,val
71200,train
71201,val
71203,val
71205,train
71206,val
71207,train
71208,val
71210,train
71212,train
71213,train
71214,train
71215,train
71217,train
71218,train
71219,train
71220,train
71221,train
71225,train
71226,train
71227,train
71228,train
71229,val
71230,train
71231,train
71233,train
71234,train
71236,train
71237,train
71238,train
71239,train
71240,train
71241,train
71242,train
71244,train
71246,train
71247,train
71249,train
71250,val
71251,train
71252,val
71254,train
71255,train
71257,train
71258,train
71259,train
71260,val
71261,val
71262,train
71263,train
71264,train
71265,val
71266,val
71268,train
71269,train
71271,train
71272,train
71273,train
71274,train
71276,train
71277,train
71278,train
71279,train
71280,train
71282,train
71283,val
71285,train
71286,val
71287,train
71288,train
71289,train
71290,train
71291,train
71293,val
71294,train
71295,train
71298,train
71299,train
71302,train
71303,train
71306,train
71307,train
71309,train
71310,train
71311,train
71314,train
71315,train
71316,train
71317,train
71318,train
71322,train
71323,train
71325,val
71326,train
71327,val
71328,train
71329,train
71330,val
71331,train
71332,val
71334,train
71335,train
71336,train
71338,val
71340,train
71341,val
71343,train
71345,train
71347,train
71348,train
71349,train
71350,val
71351,train
71352,val
71353,train
71354,train
71355,train
71357,train
71358,train
71359,train
71360,train
71361,val
71362,val
71363,train
71364,val
71365,train
71366,train
71367,train
71368,val
71369,train
71370,val
71373,train
71374,val
71375,train
71376,train
71377,train
71378,train
71379,train
71380,train
71383,train
71385,val
71386,train
71387,train
71388,train
71389,train
71390,train
71391,train
71392,val
71393,train
71395,train
71397,train
71398,train
71399,train
71400,train
71401,train
71402,val
71403,train
71404,val
71405,train
71406,train
71408,train
71410,train
71412,train
71413,train
71416,train
71417,train
71418,train
71419,train
71421,train
71422,train
71423,train
71424,train
71426,train
71427,train
71428,val
71429,val
71431,val
71432,train
71433,train
71434,train
71435,val
71436,train
71437,train
71438,train
71439,val
71440,train
71442,train
71443,train
71444,train
71445,train
71446,val
71447,train
71448,val
71450,train
71451,train
71452,train
71453,train
71454,val
71455,train
71456,train
71459,val
71462,train
71464,val
71467,train
71469,train
71471,train
71474,train
71475,train
71476,train
71478,train
71479,train
71480,train
71481,train
71482,train
71483,train
71484,train
71486,train
71487,val
71488,train
71489,train
71491,train
71492,val
71493,train
71495,train
71496,train
71497,train
71498,val
71499,train
71500,train
71501,train
71502,train
71503,train
71504,train
71506,val
71507,train
71508,train
71509,train
71511,train
71512,train
71514,train
71516,train
71517,train
71518,train
71519,train
71521,train
71522,val
71523,train
71524,val
71525,train
71526,train
71528,train
71529,val
71531,train
71532,train
71535,train
71536,train
71538,val
71540,train
71541,train
71542,train
71543,train
71544,val
71545,val
71546,train
71547,train
71548,train
71549,train
71551,train
71552,train
71553,train
71554,val
71555,train
71557,train
71559,train
71560,val
71561,val
71562,train
71563,train
71564,train
71565,train
71566,train
71567,train
71568,train
71569,train
71570,train
71571,train
71572,train
71573,train
71575,train
71576,train
71577,val
71578,train
71580,train
71581,train
71582,val
71583,val
71584,train
71585,train
71586,train
71587,val
71590,train
71591,train
71593,train
71594,train
71596,train
71597,train
71598,train
71600,train
71601,train
71602,val
71603,val
71607,train
71608,train
71610,train
71611,train
71612,train
71613,train
71614,train
71615,train
71618,train
71619,val
71621,train
71623,train
71624,train
71627,train
71628,train
71630,train
71631,train
71632,train
71633,train
71635,val
71637,train
71638,train
71639,train
71640,train
71642,train
71643,train
71645,train
71646,val
71647,train
71649,train
71650,train
71652,train
71655,train
71656,val
71658,val
71659,train
71663,val
71666,val
71667,train
71668,train
71669,train
71670,train
71672,train
71673,train
71675,train
71676,train
71677,train
71678,val
71679,train
71680,train
71681,train
71682,train
71683,train
71684,train
71685,train
71686,train
71688,train
71693,train
71694,train
71695,train
71696,train
71698,train
71699,train
71700,train
71701,train
71702,train
71703,train
71705,train
71706,train
71708,train
71711,train
71713,train
71714,val
71715,train
71716,train
71717,train
71718,train
71720,train
71721,train
71722,train
71724,train
71725,train
71728,val
71729,train
71730,val
71732,train
71734,train
71735,train
71736,train
71737,train
71738,val
71739,train
71740,train
71741,train
71742,train
71743,val
71745,train
71747,train
71748,train
71750,train
71751,train
71752,train
71756,val
71757,train
71758,train
71761,train
71762,train
71763,val
71764,train
71765,train
71766,train
71767,train
71768,train
71769,train
71770,train
71771,val
71774,train
71776,val
71777,val
71780,train
71781,train
71783,train
71784,train
71785,train
71786,val
71787,train
71788,train
71789,train
71791,train
71792,train
71794,val
71795,val
71796,train
71800,val
71801,val
71802,train
71803,train
71804,train
71805,train
71806,train
71807,train
71808,train
71809,val
71810,train
71811,train
71812,val
71813,train
71814,train
71815,train
71816,val
71817,val
71820,val
71821,train
71822,val
71823,train
71824,train
71826,train
71827,train
71828,val
71829,train
71830,train
71834,train
71835,train
71839,train
71840,train
71841,train
71842,train
71843,train
71845,train
71848,val
71849,val
71850,train
71851,train
71853,val
71854,train
71856,val
71857,train
71859,val
71860,train
71861,train
71863,train
71865,train
71866,train
71868,train
71869,train
71870,train
71871,val
71872,train
71873,train
71874,train
71875,val
71876,train
71879,train
71880,train
71881,train
71883,train
71884,train
71887,train
71889,train
71893,train
71894,train
71895,train
71896,val
71899,train
71900,train
71901,val
71903,train
71904,train
71905,train
71906,train
71907,train
71908,train
71909,train
71910,train
71912,train
71913,train
71914,val
71915,train
71916,train
71917,val
71918,val
71919,train
71921,val
71922,train
71923,val
71924,train
71925,val
71927,val
71929,train
71930,train
71931,train
71932,train
71933,train
71934,val
71935,val
71936,train
71937,train
71938,train
71939,val
71940,train
71941,train
71942,train
71943,train
71944,val
71945,train
71947,val
71948,train
71949,train
71950,train
71951,train
71952,train
71953,train
71954,train
71955,train
71957,train
71961,val
71962,val
71963,val
71964,train
71965,train
71966,val
71967,train
71969,train
71970,train
71971,train
71973,train
71974,train
71975,train
71976,val
71978,train
71979,train
71980,val
71981,val
71985,train
71986,val
71987,train
71988,train
71989,val
71990,train
71991,train
71992,train
71993,train
71994,train
71995,train
71996,train
71999,train
72000,val
72002,train
72003,train
72006,train
72007,train
72009,train
72010,train
72011,train
72012,train
72013,val
72014,train
72016,train
72017,train
72018,train
72019,train
72020,train
72023,train
72024,train
72027,train
72028,train
72029,val
72030,train
72032,train
72033,train
72034,train
72035,train
72036,val
72038,train
72039,train
72042,train
72044,val
72045,val
72047,train
72048,train
72050,train
72051,train
72052,train
72054,train
72056,val
72058,val
72059,train
72060,val
72061,train
72062,train
72063,val
72064,train
72065,train
72066,train
72067,train
72069,train
72070,train
72072,train
72073,train
72074,val
72076,val
72077,train
72078,train
72079,val
72080,train
72081,train
72082,train
72083,val
72085,train
72086,train
72087,train
72090,val
72091,train
72092,train
72093,train
72096,train
72097,train
72098,train
72099,train
72100,train
72102,val
72103,val
72104,train
72107,train
72108,val
72109,val
72113,train
72114,train
72115,train
72116,val
72117,val
72118,train
72119,train
72123,train
72124,train
72125,train
72126,train
72127,train
72128,train
72129,val
72130,train
72131,train
72132,val
72133,train
72135,val
72136,train
72137,val
72138,train
72139,val
72140,train
72141,val
72142,train
72147,train
72148,val
72149,val
72150,train
72151,train
72153,val
72155,train
72156,train
72157,val
72158,train
72161,val
72163,train
72165,train
72166,val
72168,train
72169,train
72170,train
72172,train
72173,train
72174,train
72175,train
72177,train
72179,train
72180,train
72181,train
72183,val
72184,train
72185,train
72188,val
72189,train
72191,train
72192,train
72193,train
72195,train
72197,val
72198,val
72199,train
72200,train
72201,train
72203,train
72204,val
72205,train
72207,train
72208,train
72209,train
72210,train
72211,train
72212,train
72213,train
72214,train
72215,train
72216,train
72218,train
72219,train
72224,train
72226,train
72227,train
72228,train
72229,train
72231,train
72232,train
72233,train
72235,train
72237,train
72238,train
72240,train
72241,train
72242,train
72246,val
72248,train
72250,val
72251,val
72252,train
72253,train
72254,train
72255,train
72261,train
72262,val
72264,val
72265,train
72266,train
72267,train
72269,train
72270,train
72272,train
72273,train
72274,train
72275,train
72277,train
72278,train
72281,train
72282,train
72283,train
72285,train
72286,val
72288,train
72289,val
72291,train
72292,train
72293,val
72294,val
72295,train
72296,train
72297,train
72298,train
72299,train
72300,val
72301,train
72302,train
72303,train
72304,train
72305,train
72306,train
72307,train
72308,train
72309,train
72312,train
72313,val
72314,train
72315,train
72316,train
72317,train
72318,train
72319,train
72322,train
72323,train
72324,train
72325,train
72326,train
72327,val
72328,train
72329,val
72330,train
72331,train
72332,train
72333,train
72334,val
72335,train
72337,train
72338,train
72339,train
72340,train
72341,train
72342,train
72343,train
72345,val
72347,train
72348,train
72349,train
72351,train
72352,val
72353,train
72354,train
72356,train
72358,train
72361,train
72362,train
72363,train
72364,train
72365,train
72367,train
72370,train
72371,train
72372,train
72373,val
72375,train
72376,train
72377,train
72378,train
72381,train
72382,train
72383,train
72384,train
72387,train
72388,val
72389,train
72393,val
72394,train
72395,val
72396,train
72397,train
72398,train
72400,train
72402,train
72403,val
72405,train
72406,val
72407,train
72408,train
72409,val
72410,train
72411,train
72413,train
72414,val
72415,train
72416,val
72417,train
72418,train
72419,train
72421,val
72423,val
72424,train
72426,val
72427,train
72428,train
72430,train
72431,val
72433,train
72434,train
72435,val
72436,train
72437,train
72438,train
72439,train
72440,val
72441,train
72443,train
72444,train
72446,train
72447,train
72448,val
72449,train
72450,val
72451,train
72452,train
72453,train
72454,train
72458,train
72459,val
72460,train
72461,val
72463,train
72465,train
72466,val
72467,train
72468,train
72470,train
72471,train
72472,val
72473,train
72475,val
72476,val
72477,train
72478,train
72479,train
72480,val
72481,val
72482,train
72483,train
72484,train
72486,train
72487,val
72488,train
72490,train
72491,val
72492,train
72494,train
72495,train
72496,val
72497,train
72498,train
72499,train
72500,train
72501,val
72502,train
72503,train
72507,train
72508,train
72509,train
72511,val
72512,train
72513,val
72514,train
72517,val
72521,train
72522,val
72523,train
72525,train
72526,train
72527,train
72528,val
72529,train
72530,train
72531,train
72532,val
72533,train
72534,train
72535,train
72537,val
72538,train
72539,train
72540,val
72541,train
72542,train
72543,train
72544,train
72545,train
72546,train
72547,train
72549,train
72550,train
72551,train
72553,val
72555,train
72556,val
72560,train
72561,train
72562,train
72563,train
72564,train
72565,train
72567,train
72568,train
72569,train
72572,train
72573,train
72574,val
72575,val
72576,train
72577,train
72578,train
72579,val
72580,train
72581,train
72582,train
72583,train
72584,train
72585,train
72586,val
72587,train
72588,train
72589,train
72591,train
72592,train
72593,train
72594,train
72596,val
72597,train
72598,train
72599,train
72600,train
72601,train
72602,train
72603,train
72604,train
72605,train
72606,train
72607,train
72609,train
72610,train
72611,train
72612,val
72613,val
72614,train
72615,train
72616,train
72617,train
72618,train
72620,train
72621,train
72624,train
72626,train
72627,train
72632,train
72634,train
72635,train
72637,train
72638,val
72639,train
72640,train
72641,train
72642,train
72643,train
72644,train
72646,train
72648,val
72649,train
72652,train
72653,train
72654,train
72655,train
72656,val
72658,train
72660,train
72661,train
72662,train
72663,train
72664,train
72666,train
72668,val
72669,train
72671,train
72672,train
72676,train
72678,train
72679,train
72680,train
72681,train
72682,train
72685,train
72686,train
72687,train
72688,val
72689,train
72690,train
72691,train
72692,train
72694,val
72695,val
72696,train
72697,train
72698,val
72699,train
72700,val
72701,train
72702,train
72703,train
72704,train
72705,train
72707,train
72708,val
72709,train
72710,val
72712,train
72713,val
72715,train
72717,train
72718,train
72719,train
72720,val
72722,train
72724,train
72726,train
72727,train
72729,train
72730,train
72731,train
72733,train
72735,train
72736,train
72737,train
72738,train
72740,val
72741,train
72742,train
72743,train
72745,val
72746,val
72748,train
72749,train
72750,train
72753,val
72754,train
72755,train
72756,val
72758,train
72760,val
72762,val
72763,train
72764,train
72765,train
72766,train
72767,train
72768,train
72769,val
72772,val
72773,train
72774,val
72775,train
72776,train
72778,train
72779,train
72782,train
72783,train
72785,train
72786,val
72787,train
72788,val
72789,train
72790,train
72792,val
72793,train
72794,val
72795,train
72796,train
72798,train
72799,train
72801,train
72802,train
72803,train
72804,train
72805,val
72806,train
72807,train
72808,val
72809,train
72810,train
72811,train
72812,val
72813,train
72814,train
72815,train
72816,train
72817,train
72818,train
72819,train
72820,train
72821,val
72822,val
72824,train
72825,val
72826,train
72829,train
72831,train
72834,val
72835,train
72836,train
72837,train
72838,val
72839,val
72840,train
72841,train
72842,train
72844,val
72845,val
72846,train
72847,val
72851,train
72852,train
72853,train
72854,val
72855,train
72857,val
72858,train
72859,train
72861,train
72862,val
72864,train
72865,val
72866,train
72868,train
72869,train
72870,train
72871,train
72872,train
72873,val
72874,train
72875,train
72877,val
72878,train
72880,val
72881,train
72882,train
72883,train
72884,train
72885,train
72886,val
72887,train
72888,train
72889,train
72890,train
72891,train
72892,train
72893,train
72894,val
72895,train
72896,train
72898,train
72899,train
72901,train
72903,train
72904,train
72907,train
72910,train
72911,train
72912,train
72913,train
72916,val
72918,train
72919,train
72921,train
72923,train
72924,val
72926,train
72927,train
72928,train
72929,train
72930,val
72931,train
72932,train
72933,val
72934,train
72935,val
72937,train
72939,train
72940,val
72941,train
72944,train
72945,train
72946,train
72948,train
72950,train
72951,train
72953,train
72954,train
72955,train
72957,val
72958,train
72959,val
72961,train
72962,train
72963,train
72965,train
72966,train
72967,train
72968,train
72970,train
72973,train
72974,val
72976,train
72977,train
72978,train
72980,val
72981,train
72983,train
72984,train
72986,train
72987,val
72988,train
72989,val
72990,train
72991,train
72992,train
72994,val
72995,train
72996,train
72998,val
72999,train
73001,train
73002,val
73003,train
73004,val
73006,train
73007,train
73009,train
73010,val
73011,train
73012,train
73013,train
73014,train
73015,train
73016,val
73017,train
73019,val
73020,val
73021,train
73023,train
73024,train
73025,train
73026,train
73027,train
73028,train
73030,train
73031,train
73033,train
73035,val
73036,train
73037,train
73038,train
73040,val
73041,train
73044,train
73046,train
73048,train
73049,train
73051,train
73054,train
73055,train
73057,train
73058,val
73061,train
73062,train
73064,train
73066,train
73067,train
73068,train
73070,val
73071,train
73072,val
73073,train
73075,val
73076,train
73077,train
73078,train
73080,train
73082,train
73083,train
73085,train
73088,train
73089,val
73093,val
73094,train
73096,train
73097,train
73098,val
73099,train
73102,train
73103,train
73104,train
73105,train
73106,train
73108,train
73109,train
73112,train
73114,train
73115,train
73116,train
73117,train
73118,val
73121,train
73122,train
73123,train
73124,train
73127,train
73128,train
73129,val
73131,val
73132,train
73133,train
73134,train
73135,train
73136,train
73139,train
73141,val
73142,train
73144,val
73146,val
73147,train
73149,val
73150,train
73151,train
73152,val
73153,train
73155,train
73156,train
73157,train
73158,train
73159,train
73160,train
73161,train
73162,train
73163,train
73164,train
73165,val
73166,train
73168,train
73170,val
73171,train
73173,train
73174,train
73175,train
73176,val
73177,train
73178,train
73179,val
73180,train
73181,val
73185,train
73186,train
73187,train
73188,train
73189,train
73192,train
73194,train
73195,train
73197,val
73198,val
73199,train
73200,train
73203,train
73205,val
73206,train
73207,val
73208,train
73209,train
73210,train
73211,train
73212,train
73213,train
73214,train
73216,train
73217,train
73219,train
73222,train
73223,val
73224,train
73225,train
73226,train
73227,train
73228,train
73229,train
73230,val
73231,train
73232,train
73233,train
73235,train
73236,val
73237,train
73238,val
73240,train
73242,train
73243,train
73246,train
73247,train
73249,train
73251,train
73252,val
73256,train
73257,train
73260,train
73261,val
73262,train
73263,train
73266,train
73267,train
73268,train
73269,train
73270,train
73271,val
73272,train
73273,train
73274,train
73276,val
73278,train
73279,train
73280,train
73284,val
73285,train
73288,train
73289,train
73290,train
73291,train
73293,train
73294,train
73295,train
73296,val
73297,train
73298,val
73300,train
73301,train
73303,train
73304,train
73305,train
73306,train
73307,val
73308,train
73309,train
73310,train
73311,train
73312,train
73313,val
73315,train
73317,train
73318,val
73319,val
73320,train
73321,train
73323,val
73324,train
73325,train
73327,train
73328,val
73329,train
73332,train
73333,train
73334,train
73335,val
73336,train
73337,train
73338,train
73340,train
73341,val
73342,train
73343,train
73344,train
73345,train
73346,train
73347,train
73350,train
73351,train
73353,train
73354,val
73355,train
73357,train
73358,train
73359,val
73360,val
73361,train
73362,val
73363,train
73366,train
73367,train
73368,train
73369,train
73372,train
73373,train
73374,train
73375,train
73376,train
73377,train
73378,train
73379,train
73380,train
73381,train
73382,val
73384,train
73385,train
73386,train
73388,train
73390,train
73391,train
73393,train
73395,train
73396,val
73397,train
73398,val
73399,train
73400,train
73402,train
73403,train
73404,train
73405,train
73406,train
73407,train
73408,train
73409,train
73410,train
73411,train
73413,train
73414,train
73416,val
73418,train
73419,train
73420,train
73421,val
73423,train
73424,train
73425,train
73426,val
73428,train
73429,train
73430,train
73431,train
73432,train
73433,train
73434,train
73435,train
73436,train
73437,train
73438,train
73439,train
73441,train
73442,train
73444,train
73445,train
73446,train
73447,train
73448,train
73449,train
73450,train
73451,train
73452,train
73453,train
73455,train
73456,train
73458,train
73459,train
73460,train
73461,val
73463,train
73464,train
73466,val
73467,train
73468,train
73469,train
73470,val
73471,val
73473,train
73474,train
73476,train
73477,val
73479,train
73480,train
73481,train
73482,train
73483,train
73484,train
73486,train
73487,train
73488,train
73489,train
73491,val
73492,train
73493,train
73494,train
73495,val
73496,train
73498,train
73500,train
73501,val
73502,val
73503,train
73504,val
73506,train
73507,train
73508,train
73509,train
73510,train
73512,train
73513,train
73514,train
73515,train
73516,train
73518,train
73519,train
73520,train
73521,train
73522,train
73523,val
73524,val
73525,train
73526,train
73527,train
73528,train
73530,train
73532,train
73534,train
73535,train
73536,train
73537,train
73538,train
73539,val
73542,train
73543,train
73544,train
73545,val
73546,val
73547,val
73548,train
73549,train
73551,train
73552,train
73553,train
73554,val
73555,train
73557,train
73558,train
73559,train
73561,train
73562,train
73563,val
73564,train
73565,train
73566,train
73567,train
73569,train
73570,val
73571,train
73573,train
73574,train
73575,train
73576,train
73578,train
73579,val
73580,train
73581,train
73582,val
73583,val
73586,train
73587,train
73588,train
73589,train
73590,val
73592,train
73593,val
73594,val
73598,train
73600,train
73601,train
73602,train
73603,train
73604,train
73606,train
73607,train
73608,train
73609,train
73612,train
73614,val
73615,train
73616,train
73617,train
73618,train
73619,val
73620,train
73621,train
73623,train
73624,train
73625,train
73626,train
73627,train
73629,train
73630,train
73631,train
73632,train
73633,train
73635,train
73636,train
73637,train
73638,train
73639,train
73640,train
73641,val
73642,val
73643,val
73644,train
73645,val
73647,train
73648,train
73650,val
73652,train
73653,val
73654,train
73655,val
73656,train
73657,train
73658,train
73659,train
73660,train
73663,train
73664,train
73665,train
73666,train
73668,train
73669,train
73670,train
73671,train
73672,train
73673,train
73674,val
73676,val
73678,train
73679,val
73680,train
73681,train
73685,val
73686,train
73687,train
73689,train
73690,train
73692,train
73693,train
73694,train
73695,train
73697,train
73698,train
73699,train
73700,train
73702,train
73703,train
73704,val
73706,train
73707,train
73708,train
73710,train
73713,train
73714,train
73715,train
73716,train
73717,val
73721,train
73726,train
73727,train
73732,val
73734,train
73736,train
73737,train
73738,train
73739,train
73740,train
73741,train
73742,train
73745,train
73746,train
73747,train
73748,train
73749,val
73752,train
73755,train
73757,train
73758,train
73760,train
73762,train
73763,train
73764,train
73765,train
73766,train
73769,train
73770,val
73772,train
73774,train
73775,val
73776,train
73777,train
73779,train
73780,train
73783,train
73784,train
73785,train
73787,train
73788,train
73789,train
73790,val
73791,train
73792,train
73794,val
73795,train
73797,train
73798,train
73799,train
73800,train
73801,val
73802,train
73803,val
73804,train
73806,val
73809,train
73810,train
73812,train
73813,train
73814,train
73815,train
73817,train
73819,train
73821,train
73822,train
73823,train
73824,train
73825,train
73826,train
73828,val
73829,train
73830,train
73832,val
73833,val
73834,train
73835,train
73836,train
73837,train
73838,train
73839,train
73842,val
73843,train
73844,train
73845,train
73846,train
73847,train
73848,train
73849,train
73850,val
73851,train
73852,train
73853,val
73855,train
73856,train
73858,train
73859,train
73861,val
73862,train
73863,train
73866,val
73867,train
73870,train
73871,train
73872,train
73873,val
73875,train
73878,train
73880,val
73882,train
73883,train
73884,train
73885,train
73886,train
73887,val
73888,val
73890,train
73891,val
73894,train
73895,train
73896,train
73898,train
73899,train
73903,train
73904,train
73906,val
73907,train
73908,val
73910,train
73911,train
73914,train
73917,train
73918,train
73919,val
73920,train
73921,val
73922,val
73923,train
73924,val
73925,train
73927,train
73933,train
73935,train
73936,train
73937,train
73938,train
73939,val
73940,train
73942,val
73943,train
73944,train
73945,train
73946,train
73947,train
73949,train
73950,val
73951,train
73952,train
73956,train
73957,train
73958,val
73959,train
73960,val
73961,val
73962,train
73963,val
73964,train
73965,train
73966,train
73967,val
73969,val
73971,train
73973,train
73974,train
73975,train
73976,train
73977,train
73980,train
73981,train
73983,train
73984,train
73985,val
73986,train
73987,train
73988,train
73989,train
73991,val
73992,train
73993,train
73994,train
73995,train
73996,train
73997,train
73998,train
73999,train
74001,train
74002,train
74004,train
74005,train
74007,train
74008,val
74009,val
74010,train
74011,train
74012,train
74014,val
74015,train
74016,train
74017,train
74019,train
74020,train
74021,train
74022,train
74023,train
74025,train
74026,train
74027,train
74028,val
74029,train
74030,train
74031,train
74033,train
74034,train
74035,val
74036,train
74038,val
74039,train
74040,train
74041,train
74042,train
74045,train
74047,train
74049,train
74050,train
74053,train
74054,train
74055,val
74056,train
74060,train
74061,train
74063,train
74064,train
74066,val
74067,val
74068,train
74071,train
74072,train
74076,train
74077,train
74078,train
74079,train
74080,train
74084,train
74085,val
74086,train
74087,train
74088,train
74090,train
74092,train
74093,train
74094,train
74095,train
74096,train
74098,train
74099,train
74100,train
74101,train
74102,train
74103,train
74104,train
74105,train
74106,train
74107,train
74108,train
74109,train
74110,train
74111,train
74112,train
74113,train
74115,train
74117,train
74118,train
74120,train
74121,train
74122,train
74124,val
74126,train
74127,train
74128,train
74130,val
74132,train
74133,train
74134,val
74137,train
74138,train
74140,train
74143,val
74144,train
74145,val
74146,train
74147,train
74148,train
74149,train
74150,train
74151,train
74152,val
74154,val
74155,train
74156,val
74157,val
74160,train
74163,val
74164,train
74165,train
74166,val
74167,train
74169,train
74170,train
74171,val
74172,train
74173,train
74174,train
74176,train
74177,train
74178,train
74179,train
74180,val
74181,train
74182,train
74183,train
74184,train
74186,train
74187,train
74189,train
74190,train
74191,train
74193,train
74197,val
74198,train
74199,train
74200,train
74201,val
74202,val
74203,train
74204,train
74205,train
74206,train
74208,train
74209,train
74210,train
74211,val
74212,train
74213,train
74214,train
74216,train
74217,train
74218,train
74219,val
74220,train
74221,train
74223,train
74224,train
74227,val
74230,train
74232,val
74233,train
74234,train
74235,val
74236,train
74237,train
74238,train
74239,train
74241,train
74242,val
74243,train
74244,train
74246,train
74247,train
74250,train
74252,val
74255,train
74256,train
74257,train
74258,train
74259,train
74260,train
74261,train
74262,val
74263,train
74264,train
74267,train
74268,train
74269,train
74270,val
74272,train
74273,train
74274,train
74275,train
74276,train
74278,train
74279,train
74282,train
74284,train
74286,train
74290,train
74291,train
74292,train
74293,train
74294,train
74296,train
74297,val
74298,train
74299,train
74300,train
74301,train
74306,train
74307,train
74308,train
74310,train
74311,train
74312,train
74313,train
74314,train
74315,train
74316,train
74317,val
74318,train
74319,train
74320,train
74323,train
74324,train
74325,train
74326,train
74327,val
74328,train
74329,train
74330,train
74331,train
74335,train
74336,train
74337,train
74338,train
74339,train
74340,train
74341,train
74342,train
74343,val
74344,train
74345,train
74347,val
74348,train
74349,train
74350,train
74353,val
74354,train
74355,train
74358,train
74359,train
74360,train
74361,train
74362,train
74365,train
74366,train
74368,train
74369,train
74370,train
74371,train
74372,train
74373,val
74374,train
74375,train
74376,train
74377,val
74382,train
74383,train
74384,train
74385,train
74388,train
74389,train
74390,train
74392,val
74393,train
74394,val
74395,val
74396,train
74397,train
74398,val
74400,train
74401,val
74402,train
74403,train
74404,train
74407,val
74409,train
74410,train
74411,train
74412,val
74413,val
74414,train
74415,train
74416,train
74417,train
74418,train
74420,train
74422,train
74425,train
74426,train
74428,val
74430,train
74431,train
74432,train
74433,train
74434,train
74435,train
74437,val
74438,train
74439,train
74440,train
74441,train
74442,val
74444,train
74445,train
74446,val
74447,train
74448,val
74449,train
74450,train
74451,train
74452,val
74453,train
74454,train
74457,train
74458,val
74459,train
74460,train
74461,train
74462,val
74463,train
74464,val
74465,train
74466,train
74467,train
74468,train
74470,train
74472,val
74473,train
74474,train
74477,train
74478,train
74479,val
74480,val
74481,train
74482,train
74483,val
74484,train
74485,train
74486,val
74487,train
74489,train
74490,train
74492,train
74493,val
74494,val
74495,train
74497,train
74498,train
74499,train
74500,train
74501,train
74503,val
74505,train
74507,train
74508,train
74509,train
74510,train
74511,train
74512,train
74514,train
74518,train
74519,val
74520,train
74521,val
74523,train
74524,train
74525,val
74526,train
74527,val
74528,val
74531,train
74532,train
74533,val
74534,train
74535,train
74536,train
74538,train
74540,train
74542,train
74543,train
74545,val
74546,val
74547,train
74548,train
74550,train
74552,val
74553,train
74554,train
74557,val
74559,train
74562,train
74563,val
74564,val
74566,train
74567,train
74568,val
74570,train
74571,val
74572,train
74573,val
74575,train
74576,train
74577,val
74578,val
74579,train
74581,val
74582,val
74583,val
74584,train
74585,train
74587,train
74589,val
74591,train
74592,val
74593,train
74594,train
74595,train
74596,train
74598,train
74599,train
74600,val
74601,train
74602,train
74603,val
74605,train
74606,train
74607,train
74608,train
74609,train
74610,train
74611,train
74613,train
74614,val
74616,train
74617,train
74619,train
74620,train
74622,train
74624,train
74626,val
74627,train
74629,train
74630,train
74632,train
74633,train
74634,train
74635,val
74636,val
74637,train
74638,train
74639,train
74640,train
74641,train
74643,train
74644,train
74645,train
74646,train
74649,train
74651,train
74652,train
74653,val
74654,train
74656,train
74657,train
74658,train
74659,train
74660,train
74661,train
74663,train
74666,train
74668,val
74669,train
74670,train
74671,train
74672,train
74674,train
74675,train
74677,train
74679,train
74680,train
74681,train
74685,train
74686,train
74687,train
74690,train
74692,train
74693,train
74694,train
74695,train
74698,val
74699,train
74701,val
74702,train
74703,val
74704,train
74705,val
74706,val
74707,train
74708,train
74711,train
74716,train
74717,train
74721,train
74724,train
74725,train
74726,train
74727,val
74728,train
74729,train
74730,train
74732,val
74733,train
74734,val
74735,train
74739,train
74740,train
74742,val
74743,train
74744,train
74745,train
74746,train
74747,train
74749,train
74751,val
74752,train
74753,train
74755,train
74756,train
74759,train
74760,train
74761,train
74762,train
74763,train
74764,val
74765,train
74767,train
74768,val
74769,train
74770,train
74771,train
74773,train
74774,val
74775,train
74776,train
74777,train
74784,train
74785,val
74786,val
74787,train
74788,train
74789,train
74790,train
74791,train
74792,train
74794,val
74796,train
74797,train
74798,train
74801,train
74802,train
74803,train
74804,train
74805,train
74806,train
74807,val
74809,train
74810,val
74812,train
74814,train
74815,val
74816,train
74817,train
74819,train
74820,val
74821,train
74822,train
74823,val
74824,val
74825,train
74826,train
74827,train
74828,train
74829,train
74831,train
74832,train
74833,train
74834,train
74835,val
74836,val
74837,train
74838,train
74841,val
74842,train
74843,train
74844,val
74845,train
74846,train
74847,train
74848,train
74849,train
74855,train
74856,train
74857,train
74858,train
74859,train
74860,train
74863,train
74864,train
74865,train
74867,val
74869,val
74870,train
74872,train
74873,train
74875,train
74876,train
74877,train
74878,train
74880,train
74881,train
74882,train
74883,val
74884,train
74885,val
74886,val
74889,train
74891,train
74892,train
74898,train
74899,train
74900,val
74901,train
74903,train
74904,train
74905,train
74907,train
74909,val
74911,train
74913,train
74914,train
74915,train
74916,train
74917,val
74918,train
74919,train
74920,train
74922,train
74923,val
74924,train
74925,train
74926,train
74927,val
74929,train
74930,train
74931,train
74932,train
74933,train
74934,train
74935,val
74937,val
74939,train
74940,train
74941,train
74942,train
74943,train
74944,train
74945,train
74946,train
74947,val
74948,train
74949,train
74950,train
74951,train
74952,train
74953,val
74954,train
74955,val
74956,train
74957,val
74958,val
74959,train
74960,train
74961,train
74962,train
74963,train
74965,train
74966,val
74967,val
74968,train
74970,train
74972,train
74973,train
74974,val
74976,train
74977,train
74978,train
74979,train
74980,train
74981,train
74982,val
74983,train
74984,train
74986,train
74987,train
74988,train
74989,train
74990,train
74991,train
74992,val
74993,train
74994,train
74995,train
74996,train
74997,train
74999,train
75000,train
75005,train
75007,train
75008,train
75010,train
75011,train
75015,train
75016,train
75018,train
75019,train
75020,train
75023,val
75024,train
75025,train
75026,train
75027,train
75028,train
75029,val
75030,train
75031,train
75033,train
75035,train
75036,train
75037,train
75038,train
75039,train
75040,train
75041,train
75043,train
75044,train
75046,train
75047,train
75048,train
75049,train
75050,train
75051,train
75052,train
75053,train
75054,train
75055,train
75056,val
75058,train
75059,train
75060,train
75062,train
75063,val
75064,train
75067,train
75068,train
75069,train
75071,train
75072,train
75073,train
75075,train
75077,train
75078,train
75079,train
75080,train
75082,train
75083,train
75084,train
75085,train
75087,train
75089,train
75090,train
75091,train
75092,train
75094,train
75095,train
75096,train
75097,train
75099,train
75100,val
75105,train
75106,train
75107,val
75108,train
75109,train
75110,val
75111,train
75112,train
75113,train
75115,train
75117,train
75118,train
75119,train
75120,val
75123,val
75124,train
75125,train
75126,train
75127,train
75128,train
75129,train
75131,train
75132,train
75138,train
75139,train
75140,train
75141,val
75142,val
75143,train
75145,train
75146,val
75147,train
75148,train
75149,train
75150,train
75153,train
75154,val
75155,train
75156,train
75158,val
75159,train
75161,train
75162,train
75163,train
75167,train
75168,val
75170,train
75171,train
75172,train
75173,train
75174,train
75176,train
75177,train
75178,train
75179,train
75182,train
75184,val
75186,train
75187,train
75188,train
75192,train
75193,train
75194,train
75195,val
75196,val
75197,train
75198,train
75199,val
75200,train
75201,train
75203,val
75204,train
75205,train
75206,train
75207,val
75209,train
75210,train
75212,train
75214,train
75215,train
75216,train
75217,val
75220,train
75221,train
75222,train
75223,train
75224,train
75225,val
75226,train
75227,train
75228,train
75229,train
75230,train
75231,val
75233,train
75235,train
75237,train
75238,val
75239,val
75240,train
75242,train
75243,train
75244,train
75245,train
75247,train
75248,train
75249,train
75250,train
75251,val
75252,train
75253,train
75254,train
75256,val
75257,train
75258,train
75259,train
75260,train
75262,train
75263,train
75264,train
75265,val
75266,train
75267,val
75268,train
75269,train
75270,train
75271,val
75273,train
75274,train
75275,train
75276,train
75277,train
75278,train
75279,train
75281,train
75283,val
75284,val
75286,val
75287,train
75288,train
75289,train
75290,train
75291,train
75293,train
75294,train
75295,val
75296,train
75297,train
75300,train
75302,train
75304,train
75305,train
75306,train
75307,val
75308,train
75309,train
75311,train
75313,train
75314,train
75315,val
75316,val
75317,train
75318,train
75319,train
75320,train
75321,train
75322,val
75323,train
75324,train
75325,val
75326,train
75328,train
75329,train
75330,train
75331,val
75333,train
75335,train
75339,train
75340,train
75341,train
75342,train
75343,val
75345,train
75346,train
75347,train
75350,train
75351,train
75352,val
75355,val
75356,train
75357,train
75360,train
75362,train
75363,train
75364,train
75365,train
75366,train
75368,train
75369,train
75370,val
75371,val
75372,val
75373,train
75374,train
75376,train
75377,train
75378,train
75379,train
75380,val
75381,val
75382,train
75383,train
75385,train
75386,val
75387,train
75388,val
75389,train
75390,train
75391,train
75394,train
75395,train
75397,train
75398,train
75399,train
75400,train
75403,train
75405,train
75406,val
75407,train
75408,train
75410,train
75411,train
75412,train
75413,val
75414,train
75415,train
75416,train
75417,train
75418,train
75420,train
75421,train
75422,train
75424,train
75425,train
75426,train
75427,train
75429,train
75430,train
75431,train
75432,val
75433,train
75434,train
75435,train
75438,val
75441,train
75442,train
75444,train
75445,val
75447,train
75448,train
75449,train
75450,train
75451,train
75453,train
75454,train
75455,train
75456,train
75457,val
75458,train
75459,val
75461,train
75462,val
75464,train
75465,train
75466,train
75467,train
75470,val
75471,val
75472,train
75473,train
75475,val
75476,train
75479,train
75480,train
75481,train
75482,val
75483,train
75484,train
75487,train
75489,train
75490,train
75491,train
75492,train
75493,train
75494,train
75496,train
75498,train
75501,train
75502,val
75503,train
75504,train
75505,train
75506,val
75507,train
75508,train
75509,train
75510,train
75511,val
75512,train
75513,train
75514,train
75515,val
75516,train
75517,train
75518,train
75519,train
75520,train
75521,train
75522,train
75523,val
75524,train
75525,train
75526,train
75527,train
75532,val
75533,train
75535,train
75536,val
75539,train
75540,val
75544,train
75545,val
75546,train
75548,train
75550,train
75551,train
75553,train
75556,train
75558,train
75559,train
75560,train
75561,train
75564,train
75565,train
75567,train
75570,val
75571,train
75572,train
75573,train
75574,train
75575,train
75576,train
75577,train
75578,train
75581,val
75582,train
75584,train
75586,val
75587,train
75588,train
75590,train
75591,val
75593,train
75594,val
75595,train
75596,val
75597,train
75598,val
75599,train
75600,train
75601,train
75602,train
75603,train
75604,val
75605,train
75606,train
75607,train
75608,val
75609,train
75610,train
75611,train
75612,val
75614,val
75616,train
75617,val
75620,train
75622,val
75623,val
75624,train
75625,val
75626,train
75627,train
75628,train
75629,val
75630,train
75631,train
75633,train
75634,train
75635,val
75636,train
75639,val
75640,train
75641,train
75642,val
75644,train
75645,val
75646,train
75647,train
75648,train
75649,train
75651,train
75652,val
75653,train
75655,train
75657,val
75658,train
75659,train
75660,train
75661,train
75662,val
75664,train
75665,train
75666,train
75667,train
75670,val
75671,train
75673,train
75674,val
75675,train
75676,train
75679,train
75680,train
75681,train
75682,train
75683,train
75684,train
75685,train
75687,train
75688,train
75689,train
75690,val
75691,train
75692,train
75693,train
75695,val
75696,train
75697,train
75698,train
75700,train
75701,train
75702,train
75703,train
75704,train
75705,train
75706,train
75708,train
75709,val
75710,train
75711,train
75712,train
75713,train
75714,train
75716,train
75717,train
75720,train
75721,val
75722,train
75724,train
75726,train
75727,train
75728,val
75729,train
75731,train
75733,val
75734,train
75735,train
75736,val
75737,val
75738,train
75739,train
75740,train
75741,train
75742,train
75743,train
75745,val
75746,train
75748,train
75749,train
75750,val
75751,train
75752,train
75753,val
75754,train
75755,train
75756,train
75757,train
75758,train
75759,val
75760,train
75762,train
75763,val
75764,val
75765,val
75766,train
75767,train
75768,train
75769,train
75770,train
75771,val
75773,train
75774,train
75775,val
75776,train
75778,train
75779,train
75782,train
75783,train
75784,train
75785,train
75786,train
75787,train
75788,train
75789,train
75791,val
75793,train
75794,train
75795,train
75796,train
75797,train
75798,train
75800,train
75803,train
75805,train
75806,train
75807,val
75808,train
75811,train
75812,train
75813,train
75814,train
75817,train
75818,val
75820,train
75821,train
75822,val
75823,train
75824,val
75826,train
75828,train
75829,val
75830,train
75832,train
75835,val
75836,train
75837,val
75839,train
75841,train
75843,train
75845,train
75847,train
75848,val
75850,train
75851,train
75852,train
75854,train
75855,val
75856,train
75857,train
75858,val
75859,train
75861,val
75862,train
75864,val
75866,train
75867,train
75869,train
75870,val
75871,train
75872,val
75873,train
75874,train
75875,train
75876,train
75877,train
75878,train
75879,train
75880,train
75881,train
75882,train
75883,train
75884,train
75885,train
75886,train
75887,train
75888,train
75889,train
75892,train
75893,val
75894,train
75897,train
75898,train
75899,train
75900,val
75902,train
75904,train
75905,train
75906,train
75907,train
75908,train
75909,train
75912,train
75913,train
75914,train
75915,train
75917,train
75918,train
75919,train
75920,train
75921,train
75922,train
75926,val
75928,val
75929,train
75930,train
75931,val
75932,train
75933,val
75934,val
75936,train
75938,val
75941,train
75944,train
75945,val
75947,train
75948,train
75949,train
75950,train
75951,train
75953,train
75955,train
75956,train
75957,train
75959,val
75960,val
75961,train
75962,train
75965,train
75968,train
75970,train
75971,train
75972,val
75973,val
75974,val
75975,train
75977,train
75978,train
75979,train
75980,train
75981,val
75982,val
75984,val
75985,train
75986,train
75988,val
75989,train
75990,train
75991,train
75993,train
75994,val
75995,train
75996,val
75997,val
75998,train
75999,train
76000,train
76001,train
76002,val
76003,val
76004,train
76005,train
76006,train
76007,train
76008,train
76009,train
76010,val
76011,val
76013,train
76014,train
76015,train
76016,train
76017,train
76020,train
76021,train
76022,train
76023,train
76025,train
76026,train
76028,train
76031,train
76033,train
76034,train
76036,train
76037,val
76038,train
76039,train
76040,train
76041,train
76042,train
76043,train
76044,train
76046,train
76047,train
76048,train
76049,train
76050,train
76051,train
76052,train
76054,train
76055,train
76056,train
76057,train
76059,train
76060,train
76061,train
76062,train
76063,train
76064,train
76065,train
76066,val
76067,train
76068,train
76069,train
76070,train
76071,train
76072,train
76074,val
76075,train
76078,train
76079,train
76080,train
76081,train
76082,train
76083,train
76084,val
76085,val
76086,val
76087,train
76088,train
76089,train
76093,train
76094,val
76096,train
76099,train
76100,train
76101,train
76104,train
76106,val
76107,val
76109,train
76111,train
76112,train
76113,val
76114,train
76115,train
76119,train
76120,val
76121,train
76123,train
76124,train
76125,train
76126,train
76128,train
76129,val
76130,val
76131,train
76132,train
76133,train
76134,train
76135,val
76136,val
76137,train
76138,train
76139,train
76140,train
76142,train
76143,train
76144,train
76146,val
76147,val
76148,train
76149,val
76151,train
76154,val
76155,train
76156,train
76158,train
76159,train
76160,train
76161,train
76162,val
76163,train
76165,train
76166,val
76167,train
76168,val
76169,train
76171,val
76172,train
76173,train
76174,train
76176,val
76177,train
76178,train
76179,train
76180,train
76181,train
76182,train
76184,train
76185,train
76186,train
76187,train
76190,train
76193,val
76194,train
76196,train
76197,train
76198,train
76199,val
76200,train
76201,train
76202,train
76203,train
76204,train
76205,train
76206,train
76207,train
76208,val
76209,train
76210,train
76213,train
76214,val
76215,train
76216,train
76218,train
76220,train
76221,train
76223,train
76225,train
76226,train
76227,train
76228,val
76230,train
76231,train
76233,val
76236,train
76237,train
76240,train
76243,train
76244,val
76246,train
76248,train
76249,train
76250,val
76251,val
76253,train
76254,val
76255,train
76256,train
76257,train
76258,val
76261,val
76262,train
76264,train
76265,train
76267,train
76268,train
76269,train
76271,train
76273,val
76274,train
76275,train
76276,train
76277,train
76278,train
76279,train
76280,train
76281,train
76282,val
76283,train
76284,train
76285,val
76286,train
76287,train
76288,train
76289,train
76290,val
76291,train
76292,val
76293,train
76294,train
76295,val
76296,train
76297,train
76298,train
76299,val
76300,train
76301,train
76302,train
76303,train
76304,train
76305,train
76307,train
76308,train
76310,val
76311,train
76312,train
76314,train
76318,val
76319,train
76320,val
76321,train
76322,train
76323,train
76324,train
76327,train
76329,val
76330,train
76331,train
76332,train
76334,train
76335,val
76337,train
76338,train
76339,train
76340,val
76341,train
76342,train
76344,val
76345,train
76346,train
76347,train
76348,train
76349,train
76350,val
76351,val
76352,train
76353,train
76354,val
76355,val
76356,train
76358,train
76359,val
76360,train
76361,val
76362,train
76365,train
76366,train
76367,train
76368,train
76369,train
76370,train
76374,val
76375,train
76376,val
76377,train
76379,train
76380,train
76381,val
76382,train
76384,train
76385,train
76386,train
76387,train
76388,val
76389,train
76390,train
76391,train
76392,val
76393,val
76394,val
76396,train
76398,train
76399,train
76400,train
76401,train
76403,val
76404,train
76405,train
76406,train
76407,train
76408,train
76409,val
76410,train
76412,train
76413,val
76414,train
76415,train
76416,train
76417,train
76418,train
76419,val
76420,train
76421,train
76422,train
76424,train
76425,train
76426,train
76427,val
76428,train
76431,train
76432,train
76433,train
76434,train
76436,val
76439,val
76441,val
76443,train
76444,train
76446,val
76447,val
76448,val
76449,train
76450,train
76451,train
76452,train
76454,train
76455,train
76457,train
76458,train
76459,train
76461,train
76462,train
76463,train
76464,train
76465,train
76466,train
76467,train
76468,val
76469,train
76470,train
76471,train
76472,train
76474,train
76476,train
76477,train
76478,train
76479,val
76480,train
76481,train
76485,train
76486,val
76487,val
76488,train
76489,train
76491,train
76493,train
76494,train
76496,train
76497,train
76499,train
76501,train
76502,train
76503,val
76504,train
76505,train
76507,train
76508,val
76510,train
76512,val
76514,train
76516,train
76517,train
76518,train
76520,val
76521,val
76522,train
76523,train
76524,train
76525,train
76527,train
76528,train
76529,train
76531,train
76534,val
76535,train
76536,train
76537,train
76538,train
76541,train
76544,val
76545,val
76546,val
76547,train
76549,train
76550,train
76551,train
76554,train
76555,train
76556,train
76561,train
76562,train
76563,train
76564,train
76565,train
76566,train
76567,train
76568,train
76569,val
76570,train
76573,train
76577,train
76578,val
76579,train
76582,train
76584,train
76585,train
76589,train
76591,train
76592,train
76593,train
76594,train
76596,train
76597,val
76600,val
76601,val
76602,train
76603,val
76604,val
76605,train
76606,train
76607,train
76608,train
76609,train
76610,train
76611,train
76614,train
76615,train
76616,train
76617,train
76618,train
76619,train
76621,train
76622,val
76624,train
76625,train
76626,train
76627,train
76628,train
76631,train
76634,train
76635,train
76636,val
76637,train
76639,train
76640,train
76641,val
76642,train
76643,train
76644,train
76645,train
76647,train
76648,train
76649,val
76651,val
76652,train
76653,train
76654,train
76655,train
76656,train
76658,train
76660,val
76661,train
76662,train
76664,val
76666,train
76667,train
76670,train
76671,train
76672,train
76673,val
76674,train
76675,val
76677,train
76678,train
76679,train
76682,train
76685,val
76686,train
76687,val
76688,train
76689,val
76690,train
76691,train
76692,train
76694,train
76695,train
76696,train
76697,train
76698,val
76699,train
76701,train
76702,train
76703,train
76704,train
76705,train
76706,train
76708,train
76710,val
76711,val
76712,train
76713,train
76714,train
76715,train
76719,train
76721,train
76722,val
76723,train
76725,train
76730,train
76731,train
76732,train
76733,train
76736,train
76737,train
76739,train
76740,train
76741,train
76742,train
76743,train
76744,train
76745,train
76746,train
76748,val
76749,train
76750,train
76751,train
76754,train
76755,train
76757,train
76760,train
76761,train
76762,train
76763,train
76764,val
76765,train
76766,train
76767,train
76768,train
76769,train
76770,train
76771,train
76773,train
76775,val
76776,train
76777,val
76778,train
76780,val
76781,val
76782,train
76785,train
76786,train
76787,val
76788,val
76792,train
76793,train
76794,train
76795,val
76797,val
76799,train
76800,val
76801,train
76802,train
76803,train
76804,val
76805,train
76806,val
76807,train
76808,val
76809,train
76810,val
76811,train
76812,train
76813,val
76814,train
76815,train
76816,val
76818,val
76820,train
76821,train
76822,train
76824,train
76825,train
76826,train
76827,train
76828,train
76829,train
76830,train
76832,train
76833,train
76834,val
76835,train
76836,train
76837,train
76838,val
76839,train
76840,val
76841,train
76842,val
76847,train
76849,train
76851,train
76852,train
76853,val
76854,train
76855,train
76856,train
76857,train
76858,train
76859,train
76861,train
76862,val
76863,train
76864,train
76867,train
76868,train
76869,train
76870,train
76871,train
76872,train
76873,val
76874,train
76875,train
76876,val
76877,train
76880,train
76881,train
76882,train
76884,train
76885,train
76886,train
76887,train
76888,train
76889,train
76890,train
76892,val
76894,train
76895,train
76896,train
76897,train
76899,train
76901,train
76904,train
76905,train
76906,train
76907,train
76908,train
76909,val
76910,train
76911,train
76912,train
76913,val
76914,train
76915,train
76916,val
76917,train
76918,train
76921,train
76923,val
76924,train
76925,train
76926,val
76928,train
76929,train
76930,train
76931,val
76933,train
76934,val
76935,train
76936,train
76937,train
76940,val
76942,train
76943,train
76944,train
76947,train
76948,train
76950,train
76951,train
76953,train
76954,val
76955,train
76957,train
76958,train
76960,train
76961,val
76962,train
76963,train
76964,train
76965,val
76966,val
76967,train
76968,train
76969,train
76971,val
76972,train
76973,train
76974,val
76975,train
76976,train
76977,train
76978,train
76979,val
76980,train
76983,train
76984,val
76985,train
76986,train
76988,train
76990,train
76991,val
76996,train
76998,train
77000,train
77001,train
77002,train
77004,train
77005,train
77006,train
77008,train
77009,val
77011,train
77012,train
77013,train
77016,val
77019,train
77020,train
77021,train
77022,train
77023,train
77024,train
77025,val
77026,train
77028,train
77030,val
77031,train
77032,train
77033,train
77034,train
77035,train
77036,train
77037,train
77038,train
77040,train
77041,train
77042,train
77043,train
77044,train
77046,train
77047,val
77049,train
77050,val
77051,train
77052,train
77056,train
77057,train
77058,train
77059,train
77060,train
77061,train
77063,val
77064,train
77065,train
77066,train
77067,train
77068,train
77069,train
77070,train
77071,train
77073,train
77076,train
77079,train
77080,train
77081,train
77084,val
77085,train
77086,train
77087,train
77088,train
77089,val
77090,train
77091,train
77092,train
77094,train
77095,val
77097,train
77098,train
77099,train
77102,train
77103,val
77104,val
77105,train
77106,train
77107,train
77108,val
77109,train
77110,train
77111,train
77112,train
77113,train
77114,train
77115,train
77116,train
77117,val
77118,train
77119,train
77120,train
77121,train
77122,train
77124,train
77125,train
77126,train
77127,train
77128,train
77129,train
77134,train
77135,train
77137,train
77138,val
77139,train
77140,train
77141,train
77142,train
77143,train
77148,train
77149,train
77151,train
77153,val
77155,val
77156,train
77157,train
77158,val
77159,train
77160,train
77161,train
77162,train
77164,train
77165,train
77166,train
77167,train
77168,val
77169,train
77170,train
77171,val
77173,train
77174,train
77175,train
77177,train
77178,train
77179,train
77181,train
77182,val
77183,train
77184,train
77186,val
77188,train
77189,val
77190,val
77191,train
77192,train
77195,train
77196,val
77198,train
77199,train
77200,train
77202,train
77203,train
77204,train
77205,val
77206,train
77209,train
77210,train
77211,train
77214,train
77216,train
77218,train
77219,train
77220,train
77222,train
77223,train
77224,train
77225,train
77226,train
77228,train
77230,train
77232,val
77233,val
77234,val
77235,train
77236,train
77238,train
77239,train
77240,train
77241,val
77242,val
77243,train
77246,train
77247,train
77249,train
77250,val
77252,val
77256,train
77257,train
77258,train
77260,train
77262,train
77263,train
77264,train
77265,train
77267,train
77268,train
77270,train
77271,val
77273,train
77274,train
77275,train
77277,train
77278,train
77279,val
77281,train
77282,train
77284,val
77285,train
77287,val
77288,train
77289,train
77290,train
77292,train
77294,train
77295,train
77296,train
77297,train
77300,train
77301,train
77302,val
77303,train
77307,train
77309,train
77311,train
77313,val
77315,train
77316,train
77317,train
77318,train
77321,train
77322,val
77324,train
77325,train
77326,train
77327,val
77330,train
77331,train
77332,train
77333,train
77336,train
77337,train
77339,train
77340,train
77342,train
77343,val
77344,train
77346,train
77347,train
77349,train
77350,train
77351,train
77352,train
77354,val
77355,train
77358,train
77359,train
77360,train
77361,train
77364,train
77369,val
77370,train
77371,train
77373,train
77374,train
77375,train
77377,train
77378,train
77379,train
77380,train
77381,train
77382,train
77384,train
77385,train
77386,train
77387,train
77388,train
77390,train
77391,train
77392,val
77394,train
77395,train
77396,train
77397,train
77398,val
77399,train
77401,train
77402,train
77404,train
77407,train
77408,train
77409,train
77410,train
77412,train
77413,train
77414,val
77415,train
77416,train
77417,val
77418,train
77419,train
77420,train
77421,train
77422,train
77423,train
77424,train
77425,train
77426,train
77427,train
77428,train
77429,train
77430,train
77432,train
77435,train
77436,train
77438,train
77439,train
77440,train
77442,train
77443,train
77445,train
77447,train
77449,train
77450,train
77451,train
77453,val
77454,train
77457,val
77459,train
77460,train
77461,train
77462,train
77464,train
77465,train
77466,train
77467,train
77468,train
77469,val
77471,train
77473,val
77474,train
77475,train
77477,val
77478,train
77479,train
77480,train
77482,train
77485,train
77490,train
77491,val
77493,train
77496,val
77497,train
77498,val
77499,train
77500,val
77501,train
77502,train
77503,train
77504,train
77505,train
77506,val
77507,val
77510,train
77514,train
77517,train
77518,val
77519,train
77521,train
77523,train
77525,train
77526,train
77527,train
77528,train
77529,train
77530,train
77532,val
77533,train
77534,train
77535,val
77536,train
77537,train
77538,val
77539,train
77540,train
77541,train
77542,train
77544,train
77545,train
77546,train
77548,train
77549,val
77550,train
77553,val
77555,train
77557,train
77558,train
77559,train
77560,val
77561,train
77562,train
77563,val
77564,train
77566,val
77569,train
77570,train
77571,train
77573,train
77574,val
77575,val
77576,val
77577,train
77578,train
77579,train
77580,val
77583,val
77584,val
77585,train
77586,train
77587,val
77589,train
77591,train
77592,train
77593,train
77596,val
77597,train
77598,val
77599,train
77600,train
77601,train
77603,val
77604,train
77605,train
77606,train
77607,train
77609,train
77610,train
77611,train
77613,train
77615,train
77616,val
77617,train
77619,train
77620,val
77621,val
77622,train
77623,val
77625,train
77626,val
77627,train
77630,train
77631,train
77632,train
77633,val
77634,val
77639,train
77640,train
77641,train
77642,train
77643,train
77644,val
77645,train
77646,val
77648,val
77652,train
77653,val
77654,train
77655,train
77656,val
77657,val
77658,train
77660,train
77661,train
77662,val
77664,train
77665,train
77666,val
77667,val
77671,train
77672,train
77673,train
77674,train
77675,val
77676,train
77677,train
77679,train
77680,train
77681,train
77683,train
77685,train
77686,train
77687,train
77688,train
77689,val
77690,train
77691,train
77692,train
77693,train
77695,train
77696,train
77697,train
77698,train
77699,train
77700,train
77701,train
77703,train
77705,val
77706,train
77707,train
77709,train
77710,train
77712,train
77715,train
77716,train
77718,train
77719,train
77721,train
77722,val
77725,train
77727,train
77728,val
77730,train
77732,val
77733,val
77735,train
77737,train
77738,train
77739,train
77742,train
77743,val
77744,train
77745,val
77746,val
77747,train
77752,train
77753,train
77754,train
77755,val
77756,val
77757,train
77758,train
77760,train
77761,val
77762,train
77763,train
77764,val
77765,train
77766,train
77767,train
77768,train
77769,train
77770,train
77772,train
77773,train
77774,train
77776,train
77777,val
77778,train
77780,val
77781,train
77782,train
77784,train
77785,train
77786,train
77787,train
77788,train
77789,train
77790,val
77791,train
77792,val
77793,train
77796,train
77797,train
77798,train
77799,val
77800,train
77801,train
77802,train
77804,train
77805,train
77807,val
77808,val
77812,train
77813,train
77814,train
77816,train
77817,val
77818,train
77820,train
77821,val
77822,train
77823,train
77824,train
77826,train
77827,train
77828,train
77829,train
77831,train
77832,train
77835,train
77836,train
77838,val
77839,train
77840,train
77841,train
77843,val
77844,train
77845,train
77846,train
77848,train
77850,train
77853,train
77854,train
77856,val
77857,train
77858,train
77859,train
77860,train
77864,train
77867,train
77868,val
77869,train
77871,train
77872,val
77873,train
77875,train
77876,train
77877,train
77878,train
77880,train
77881,train
77882,val
77885,train
77886,val
77887,train
77888,train
77890,train
77891,val
77893,train
77896,train
77897,train
77898,train
77899,train
77900,train
77901,train
77906,train
77907,train
77910,val
77911,val
77912,train
77914,train
77915,train
77916,train
77918,val
77919,train
77920,train
77922,train
77923,val
77924,train
77925,train
77926,train
77929,val
77930,train
77931,train
77932,train
77933,train
77934,val
77935,train
77936,val
77937,train
77938,train
77939,train
77940,train
77941,train
77943,train
77944,train
77945,val
77946,train
77950,train
77952,train
77954,train
77955,train
77956,train
77957,train
77958,train
77960,train
77961,train
77962,train
77964,val
77966,train
77967,train
77968,train
77969,train
77970,train
77972,train
77973,train
77974,val
77975,train
77976,train
77977,train
77979,train
77980,train
77981,train
77982,train
77984,train
77985,train
77987,train
77988,val
77989,train
77990,train
77991,val
77992,train
77993,train
77994,train
77995,train
77996,train
77999,train
78000,train
78001,train
78003,val
78004,train
78005,train
78007,train
78008,train
78009,val
78010,val
78011,val
78013,train
78014,train
78015,train
78017,val
78018,train
78019,train
78020,train
78022,val
78023,train
78025,val
78027,train
78028,train
78029,train
78030,train
78031,train
78032,train
78035,train
78036,train
78037,train
78038,train
78039,train
78041,val
78042,train
78044,val
78045,val
78046,train
78047,train
78048,val
78049,train
78050,train
78051,train
78052,train
78053,train
78054,train
78056,train
78057,train
78058,train
78061,val
78062,train
78064,val
78065,val
78066,val
78067,train
78068,train
78069,train
78071,val
78073,val
78074,val
78075,train
78076,train
78077,val
78078,train
78080,train
78081,train
78082,train
78083,val
78084,train
78085,train
78086,val
78087,train
78088,train
78089,val
78090,train
78091,train
78092,train
78095,train
78098,train
78099,train
78100,train
78102,train
78103,val
78104,train
78105,train
78106,train
78107,val
78108,train
78109,val
78110,train
78112,train
78114,train
78115,val
78116,val
78117,train
78119,train
78121,train
78122,train
78123,val
78125,train
78126,val
78127,train
78128,train
78129,train
78130,val
78131,train
78132,train
78134,train
78135,val
78137,train
78139,train
78140,train
78141,train
78142,train
78143,train
78146,train
78149,train
78151,train
78153,train
78154,train
78156,val
78158,train
78162,train
78163,train
78164,train
78165,val
78168,train
78169,val
78171,train
78172,train
78173,train
78174,train
78175,train
78176,train
78178,train
78179,train
78180,val
78181,train
78182,train
78184,val
78185,train
78186,train
78187,train
78188,train
78189,train
78190,val
78191,train
78194,val
78195,train
78196,train
78198,train
78199,train
78200,val
78201,train
78202,train
78206,train
78207,train
78209,train
78211,train
78212,val
78213,train
78214,train
78215,train
78216,train
78218,train
78222,train
78223,val
78224,train
78226,train
78227,val
78229,train
78230,val
78231,train
78232,train
78233,train
78236,val
78237,train
78239,train
78240,train
78241,train
78242,train
78243,train
78244,train
78247,train
78249,val
78250,train
78251,val
78252,train
78253,train
78255,val
78258,train
78259,val
78261,train
78263,train
78264,val
78266,train
78267,val
78268,train
78270,train
78271,train
78272,train
78273,train
78274,val
78275,train
78276,train
78277,train
78278,train
78279,train
78280,train
78281,train
78282,train
78283,train
78284,train
78285,train
78288,train
78289,train
78292,val
78294,train
78295,train
78297,val
78298,train
78299,train
78301,train
78302,train
78303,train
78305,train
78306,val
78307,train
78308,val
78309,train
78311,val
78312,train
78313,val
78314,train
78315,train
78317,train
78320,train
78322,train
78323,train
78324,train
78325,train
78327,train
78329,train
78330,train
78331,train
78333,train
78334,train
78335,train
78336,train
78337,val
78338,train
78339,train
78341,train
78344,train
78346,train
78347,train
78348,train
78349,train
78350,train
78351,train
78354,train
78355,train
78356,train
78357,train
78359,train
78360,train
78361,val
78362,train
78363,train
78364,val
78365,train
78367,train
78368,val
78369,train
78370,train
78371,train
78372,train
78373,train
78374,train
78375,train
78377,val
78379,val
78380,train
78381,train
78384,val
78385,val
78386,train
78387,train
78388,train
78391,train
78392,train
78393,train
78395,val
78396,train
78397,train
78399,train
78401,train
78402,train
78403,val
78404,val
78405,train
78407,train
78409,train
78412,train
78413,train
78414,train
78415,train
78417,train
78419,train
78420,train
78421,train
78422,train
78425,train
78427,train
78428,train
78430,val
78432,val
78433,train
78434,train
78435,train
78436,train
78437,train
78438,train
78440,train
78441,train
78442,train
78443,train
78445,val
78446,val
78447,train
78448,val
78451,train
78455,train
78457,train
78458,train
78460,train
78461,train
78462,train
78463,val
78464,val
78465,train
78466,val
78467,train
78468,train
78469,val
78470,train
78471,train
78472,train
78474,train
78475,train
78476,train
78477,train
78478,train
78479,val
78480,train
78481,train
78483,val
78484,train
78485,train
78486,train
78487,val
78488,train
78489,train
78490,train
78491,train
78492,val
78493,train
78494,train
78495,val
78496,val
78498,train
78499,train
78500,train
78501,train
78502,train
78503,train
78505,train
78506,train
78507,train
78508,train
78509,train
78511,train
78512,train
78513,val
78514,train
78515,train
78517,train
78518,train
78519,train
78520,train
78524,val
78525,train
78526,val
78528,val
78529,val
78530,train
78532,train
78533,train
78536,train
78539,val
78540,val
78542,train
78546,train
78547,train
78548,train
78549,val
78550,train
78552,train
78553,train
78554,train
78555,train
78556,train
78557,train
78559,val
78560,val
78561,train
78562,val
78565,train
78568,train
78569,val
78570,train
78571,val
78572,train
78573,train
78574,train
78575,train
78576,train
78578,train
78579,train
78580,train
78581,train
78582,train
78583,train
78585,train
78588,val
78591,train
78592,train
78593,train
78594,train
78596,val
78597,train
78598,train
78599,train
78601,train
78602,train
78603,train
78604,train
78605,train
78606,val
78608,train
78609,train
78610,train
78611,train
78613,train
78614,val
78615,train
78616,train
78617,train
78619,val
78621,train
78622,train
78623,train
78624,train
78626,val
78627,train
78628,train
78629,train
78632,train
78633,train
78634,val
78635,train
78636,val
78637,val
78642,val
78643,train
78644,train
78645,train
78646,train
78647,train
78649,train
78650,val
78653,train
78654,val
78655,train
78656,train
78657,train
78658,train
78659,train
78660,train
78661,train
78662,train
78663,val
78664,val
78670,train
78671,train
78673,train
78675,train
78676,train
78677,val
78679,train
78680,train
78681,train
78683,train
78684,train
78686,train
78688,train
78689,train
78690,train
78691,train
78692,train
78693,train
78694,train
78695,train
78696,train
78697,train
78700,val
78701,train
78702,train
78703,train
78705,train
78706,train
78708,train
78709,val
78710,val
78711,train
78712,train
78714,val
78716,train
78718,train
78719,train
78720,train
78722,train
78723,train
78724,val
78728,train
78729,val
78730,val
78731,train
78732,train
78734,train
78736,val
78737,train
78739,train
78740,train
78741,train
78742,train
78743,train
78744,train
78746,train
78747,train
78748,train
78750,val
78751,train
78752,train
78753,train
78755,train
78756,train
78759,train
78760,train
78761,train
78762,val
78763,train
78765,val
78766,train
78767,train
78769,train
78770,train
78771,train
78772,train
78773,val
78774,train
78775,train
78776,train
78778,train
78779,train
78780,val
78782,train
78783,val
78784,train
78785,train
78786,train
78787,train
78788,val
78789,val
78790,val
78791,train
78792,train
78793,train
78794,val
78797,train
78798,train
78799,val
78800,train
78801,train
78802,train
78803,train
78805,train
78806,train
78807,train
78810,train
78811,train
78812,val
78813,train
78814,train
78815,train
78816,train
78817,train
78818,train
78819,train
78820,val
78821,val
78822,train
78823,train
78824,train
78825,val
78826,train
78827,train
78828,train
78829,train
78831,train
78832,train
78834,train
78835,train
78837,val
78838,train
78839,train
78841,train
78842,val
78843,train
78844,train
78845,val
78846,val
78849,train
78850,train
78851,train
78852,train
78853,train
78854,train
78856,train
78858,val
78859,train
78860,train
78861,train
78862,train
78863,train
78864,train
78865,val
78866,train
78870,val
78871,train
78872,train
78873,train
78874,train
78875,train
78876,train
78877,val
78878,train
78879,val
78880,train
78882,train
78883,train
78884,train
78885,train
78886,train
78887,train
78890,train
78891,val
78892,train
78893,train
78894,train
78895,train
78897,train
78899,train
78900,train
78901,train
78902,train
78903,train
78904,train
78905,train
78906,train
78907,train
78910,train
78911,val
78912,train
78913,train
78915,train
78916,train
78917,train
78918,val
78919,val
78920,val
78921,train
78922,train
78923,val
78926,val
78927,train
78928,train
78929,val
78930,train
78931,train
78932,val
78933,train
78934,val
78935,val
78936,train
78937,train
78938,train
78939,train
78940,train
78941,train
78942,train
78943,train
78944,train
78945,train
78946,train
78947,val
78948,train
78951,train
78953,train
78954,train
78955,train
78956,train
78957,train
78960,val
78961,train
78962,train
78963,train
78964,train
78965,train
78966,train
78967,train
78968,train
78969,train
78970,val
78971,train
78972,train
78973,train
78974,train
78976,val
78979,train
78980,train
78981,train
78982,train
78983,train
78984,train
78985,train
78987,train
78988,val
78989,train
78990,train
78991,train
78993,train
78994,val
78995,train
78996,train
78997,val
78998,train
78999,train
79000,train
79001,val
79002,val
79003,train
79005,train
79006,train
79008,train
79009,train
79010,val
79011,train
79012,train
79013,train
79014,train
79015,train
79016,train
79017,val
79018,train
79019,train
79021,train
79023,val
79024,train
79025,train
79026,train
79029,train
79030,train
79032,train
79033,train
79034,train
79036,train
79037,train
79039,train
79040,train
79041,val
79042,train
79043,train
79044,train
79045,val
79046,train
79049,train
79050,train
79052,train
79053,train
79055,train
79056,train
79057,train
79058,train
79059,train
79061,train
79062,train
79063,train
79066,train
79068,train
79069,train
79070,train
79074,train
79075,train
79076,train
79077,train
79078,train
79079,train
79081,train
79082,train
79086,val
79087,train
79088,train
79090,train
79091,train
79092,val
79094,train
79095,train
79096,train
79097,val
79098,train
79100,val
79101,val
79103,val
79104,train
79105,train
79106,val
79107,train
79108,train
79109,train
79110,val
79111,train
79112,train
79113,train
79114,train
79115,train
79116,train
79117,val
79118,train
79119,train
79120,train
79121,train
79122,val
79123,train
79124,train
79126,train
79127,train
79128,train
79130,train
79131,train
79132,train
79133,train
79134,train
79135,val
79136,train
79137,train
79138,train
79139,val
79140,train
79141,train
79142,train
79143,train
79144,train
79145,train
79146,train
